split,fold,seg_uid,label,state,n_windows,n_cal_seg,min_p_seg,s_seg_caution,p_seg_caution,s_seg_alarm,p_seg_alarm,n_cal_win,min_p_win,p_win_min_caution,p_win_min_alarm
group_kfold_seg,0,normal_1,0,0.0,6,105,0.009433962264150943,0.46136440797127126,0.1792452830188679,0.24664875832566172,0.10377358490566038,652,0.0015313935681470138,0.06125574272588055,0.05359877488514548
group_kfold_seg,0,normal_16,0,0.0,9,105,0.009433962264150943,0.58872069531103,0.07547169811320754,0.251276791851085,0.09433962264150944,652,0.0015313935681470138,0.02450229709035222,0.05053598774885146
group_kfold_seg,0,normal_24,0,0.0,6,105,0.009433962264150943,0.25843444961551304,0.8773584905660378,0.2170459004656891,0.16981132075471697,652,0.0015313935681470138,0.5252679938744257,0.08116385911179173
group_kfold_seg,0,normal_26,0,1.0,1,105,0.009433962264150943,0.2993423581353255,0.6886792452830188,0.09654049512288637,0.7452830188679245,652,0.0015313935681470138,0.3215926493108729,0.3231240428790199
group_kfold_seg,0,normal_27,0,1.0,9,105,0.009433962264150943,0.5826468522271814,0.08490566037735849,0.142467925036783,0.4056603773584906,652,0.0015313935681470138,0.027565084226646247,0.1669218989280245
group_kfold_seg,0,normal_28,0,1.0,9,105,0.009433962264150943,0.43476742242030275,0.20754716981132076,0.1609856281920159,0.33962264150943394,652,0.0015313935681470138,0.07197549770290965,0.14701378254211334
group_kfold_seg,0,normal_35,0,1.0,6,105,0.009433962264150943,0.3412140829293248,0.44339622641509435,0.2013190239794113,0.20754716981132076,652,0.0015313935681470138,0.19142419601837674,0.09647779479326186
group_kfold_seg,0,normal_38,0,0.0,1,105,0.009433962264150943,0.24356590388653965,0.8962264150943396,0.24356590388653965,0.12264150943396226,652,0.0015313935681470138,0.6064318529862175,0.05666156202143951
group_kfold_seg,0,normal_44,0,0.0,4,105,0.009433962264150943,0.2623848197484433,0.8773584905660378,0.157497255726004,0.3584905660377358,652,0.0015313935681470138,0.5053598774885145,0.15160796324655437
group_kfold_seg,0,normal_51,0,1.0,9,105,0.009433962264150943,0.7258302084106787,0.03773584905660377,0.2963394118363956,0.07547169811320754,652,0.0015313935681470138,0.015313935681470138,0.033690658499234305
group_kfold_seg,0,normal_52,0,0.0,9,105,0.009433962264150943,1.621552464091577,0.018867924528301886,0.5712810898705939,0.018867924528301886,652,0.0015313935681470138,0.0030627871362940277,0.0030627871362940277
group_kfold_seg,0,normal_57,0,1.0,9,105,0.009433962264150943,0.3536897564845516,0.3867924528301887,0.11506386145895041,0.6037735849056604,652,0.0015313935681470138,0.16539050535987748,0.24808575803981622
group_kfold_seg,0,normal_58,0,1.0,9,105,0.009433962264150943,0.6564122517607175,0.05660377358490566,0.17876097695851226,0.3018867924528302,652,0.0015313935681470138,0.019908116385911178,0.13169984686064318
group_kfold_seg,0,normal_61,0,1.0,9,105,0.009433962264150943,0.43103929576411865,0.22641509433962265,0.308336889273401,0.07547169811320754,652,0.0015313935681470138,0.07656967840735068,0.02909647779479326
group_kfold_seg,0,normal_62,0,0.0,9,105,0.009433962264150943,0.5375180973239517,0.09433962264150944,0.29824496607406176,0.07547169811320754,652,0.0015313935681470138,0.03215926493108729,0.03215926493108729
group_kfold_seg,0,normal_65,0,0.0,9,105,0.009433962264150943,0.4988317645774527,0.12264150943396226,0.26400338010146834,0.09433962264150944,652,0.0015313935681470138,0.039816232771822356,0.04747320061255743
group_kfold_seg,0,normal_73,0,1.0,9,105,0.009433962264150943,2.2523494937442243,0.009433962264150943,0.14513095333642362,0.3867924528301887,652,0.0015313935681470138,0.0015313935681470138,0.1638591117917305
group_kfold_seg,0,normal_76,0,0.0,9,105,0.009433962264150943,0.4354510072884815,0.20754716981132076,0.27844917769479033,0.09433962264150944,652,0.0015313935681470138,0.07197549770290965,0.042879019908116385
group_kfold_seg,0,normal_77,0,1.0,1,105,0.009433962264150943,0.308213358072296,0.6320754716981132,0.1172461443491141,0.5849056603773585,652,0.0015313935681470138,0.28637059724349156,0.2327718223583461
group_kfold_seg,0,normal_82,0,0.0,2,105,0.009433962264150943,0.3086087374405741,0.6226415094339622,0.3086087374405741,0.07547169811320754,652,0.0015313935681470138,0.2833078101071976,0.02909647779479326
group_kfold_seg,0,normal_85,0,1.0,8,105,0.009433962264150943,0.3910472391124561,0.2830188679245283,0.12697340887731465,0.5094339622641509,652,0.0015313935681470138,0.11026033690658499,0.20367534456355282
group_kfold_seg,0,normal_86,0,1.0,5,105,0.009433962264150943,0.5882234467208527,0.07547169811320754,0.11108367538999957,0.6226415094339622,652,0.0015313935681470138,0.026033690658499236,0.2679938744257274
group_kfold_seg,0,normal_101,0,0.0,9,105,0.009433962264150943,0.38586009916290137,0.3018867924528302,0.38586009916290137,0.03773584905660377,652,0.0015313935681470138,0.11332312404287902,0.009188361408882083
group_kfold_seg,0,normal_109,0,1.0,6,105,0.009433962264150943,0.5521414991560039,0.09433962264150944,0.19552688495657128,0.2358490566037736,652,0.0015313935681470138,0.02909647779479326,0.10719754977029096
group_kfold_seg,0,normal_122,0,0.0,4,105,0.009433962264150943,0.7979155543977401,0.03773584905660377,0.29204242840987554,0.08490566037735849,652,0.0015313935681470138,0.01225114854517611,0.039816232771822356
group_kfold_seg,0,normal_123,0,1.0,2,105,0.009433962264150943,0.29089688520982615,0.7358490566037735,0.17265718308028216,0.330188679245283,652,0.0015313935681470138,0.3614088820826952,0.14088820826952528
group_kfold_seg,0,normal_132,0,1.0,8,105,0.009433962264150943,0.2933632080065474,0.7358490566037735,0.21580867066780626,0.1792452830188679,652,0.0015313935681470138,0.3552833078101072,0.08422664624808576
group_kfold_seg,0,normal_138,0,1.0,8,105,0.009433962264150943,0.8044490046576829,0.03773584905660377,0.12491440827109301,0.5188679245283019,652,0.0015313935681470138,0.01225114854517611,0.20980091883614088
group_kfold_seg,0,normal_146,0,1.0,7,105,0.009433962264150943,0.47698754294916323,0.14150943396226415,0.16164035227677073,0.33962264150943394,652,0.0015313935681470138,0.04747320061255743,0.14701378254211334
group_kfold_seg,0,normal_148,0,1.0,4,105,0.009433962264150943,0.40376035283839845,0.25471698113207547,0.1043226932060409,0.6698113207547169,652,0.0015313935681470138,0.09494640122511486,0.29709035222052066
group_kfold_seg,0,normal_154,0,1.0,8,105,0.009433962264150943,0.37739748100757964,0.32075471698113206,0.37739748100757964,0.03773584905660377,652,0.0015313935681470138,0.12863705972434916,0.010719754977029096
group_kfold_seg,0,normal_156,0,1.0,2,105,0.009433962264150943,0.3882959297342189,0.3018867924528302,0.10955485155450873,0.6415094339622641,652,0.0015313935681470138,0.11332312404287902,0.2787136294027565
group_kfold_seg,0,normal_162,0,1.0,1,105,0.009433962264150943,0.4316262142018427,0.22641509433962265,0.09716243376650265,0.7264150943396226,652,0.0015313935681470138,0.07503828483920368,0.31852986217457885
group_kfold_seg,0,normal_172,0,0.0,4,105,0.009433962264150943,0.37871849794701545,0.32075471698113206,0.33838883569785566,0.04716981132075472,652,0.0015313935681470138,0.12557427258805512,0.018376722817764167
group_kfold_seg,0,normal_178,0,0.0,5,105,0.009433962264150943,1.889943413347447,0.009433962264150943,1.3324018199774195,0.009433962264150943,652,0.0015313935681470138,0.0015313935681470138,0.0015313935681470138
group_kfold_seg,0,normal_203,0,1.0,9,105,0.009433962264150943,0.5698352782522967,0.09433962264150944,0.16753329813488502,0.330188679245283,652,0.0015313935681470138,0.02909647779479326,0.1439509954058193
group_kfold_seg,0,normal_215,0,1.0,1,105,0.009433962264150943,0.505946682304749,0.12264150943396226,0.04101161886565007,0.9716981132075472,652,0.0015313935681470138,0.039816232771822356,0.9341500765696784
group_kfold_seg,0,normal_216,0,0.0,9,105,0.009433962264150943,0.6097426662745667,0.07547169811320754,0.6097426662745667,0.009433962264150943,652,0.0015313935681470138,0.022970903522205207,0.0015313935681470138
group_kfold_seg,0,normal_227,0,0.0,9,105,0.009433962264150943,0.652758411092718,0.05660377358490566,0.5033065626489193,0.02830188679245283,652,0.0015313935681470138,0.019908116385911178,0.004594180704441042
group_kfold_seg,0,normal_230,0,1.0,5,105,0.009433962264150943,0.46948213244959325,0.1509433962264151,0.07384276200553637,0.8490566037735849,652,0.0015313935681470138,0.05206738131699847,0.4885145482388974
group_kfold_seg,0,normal_231,0,0.0,2,105,0.009433962264150943,0.8260755268547473,0.03773584905660377,0.12870851155136662,0.5094339622641509,652,0.0015313935681470138,0.01225114854517611,0.1990811638591118
group_kfold_seg,0,normal_233,0,1.0,9,105,0.009433962264150943,0.44706146881484093,0.20754716981132076,0.15580855071115285,0.3584905660377358,652,0.0015313935681470138,0.06738131699846861,0.15160796324655437
group_kfold_seg,0,normal_234,0,1.0,9,105,0.009433962264150943,0.2873760518312928,0.7452830188679245,0.14735346385463446,0.36792452830188677,652,0.0015313935681470138,0.37978560490045943,0.16079632465543645
group_kfold_seg,0,normal_237,0,1.0,2,105,0.009433962264150943,0.3563194336279698,0.37735849056603776,0.09910757553201092,0.7264150943396226,652,0.0015313935681470138,0.15926493108728942,0.3169984686064318
group_kfold_seg,0,normal_243,0,1.0,2,105,0.009433962264150943,0.3474481268305465,0.41509433962264153,0.12518793557282643,0.5188679245283019,652,0.0015313935681470138,0.17457886676875958,0.20980091883614088
group_kfold_seg,0,normal_246,0,0.0,9,105,0.009433962264150943,0.38919998774379044,0.3018867924528302,0.21165680973083603,0.1792452830188679,652,0.0015313935681470138,0.11332312404287902,0.08728943338437979
group_kfold_seg,0,normal_247,0,1.0,9,105,0.009433962264150943,0.4723197317678362,0.14150943396226415,0.3121219342575853,0.07547169811320754,652,0.0015313935681470138,0.04747320061255743,0.02909647779479326
group_kfold_seg,0,normal_251,0,0.0,9,105,0.009433962264150943,0.6357990159659367,0.05660377358490566,0.28318837515020484,0.09433962264150944,652,0.0015313935681470138,0.019908116385911178,0.04134762633996937
group_kfold_seg,0,normal_254,0,0.0,4,105,0.009433962264150943,0.5720062470385027,0.09433962264150944,0.35386493377920514,0.04716981132075472,652,0.0015313935681470138,0.02909647779479326,0.018376722817764167
group_kfold_seg,0,normal_255,0,1.0,1,105,0.009433962264150943,0.2454456687985509,0.8962264150943396,0.06118022789122494,0.9245283018867925,652,0.0015313935681470138,0.5972434915773354,0.6493108728943339
group_kfold_seg,0,normal_272,0,1.0,7,105,0.009433962264150943,0.7135597625737184,0.03773584905660377,0.12394362013902681,0.5188679245283019,652,0.0015313935681470138,0.015313935681470138,0.20980091883614088
group_kfold_seg,0,normal_280,0,0.0,9,105,0.009433962264150943,0.5505700982896865,0.09433962264150944,0.38636498853939716,0.03773584905660377,652,0.0015313935681470138,0.030627871362940276,0.009188361408882083
group_kfold_seg,0,normal_292,0,0.0,9,105,0.009433962264150943,0.4963711186271443,0.1320754716981132,0.403233101248118,0.03773584905660377,652,0.0015313935681470138,0.04134762633996937,0.007656967840735069
group_kfold_seg,0,normal_298,0,0.0,9,105,0.009433962264150943,0.4732931081524733,0.14150943396226415,0.306834725065907,0.07547169811320754,652,0.0015313935681470138,0.04747320061255743,0.030627871362940276
group_kfold_seg,0,normal_310,0,0.0,9,105,0.009433962264150943,0.3969059875777133,0.27358490566037735,0.3734365384813366,0.04716981132075472,652,0.0015313935681470138,0.10413476263399694,0.013782542113323124
group_kfold_seg,0,normal_316,0,0.0,9,105,0.009433962264150943,0.2793746480598451,0.8113207547169812,0.26040946248974295,0.09433962264150944,652,0.0015313935681470138,0.4119448698315467,0.04900459418070444
group_kfold_seg,0,normal_318,0,1.0,5,105,0.009433962264150943,0.35396523132474433,0.3867924528301887,0.10587952394832671,0.6509433962264151,652,0.0015313935681470138,0.16539050535987748,0.29249617151607965
group_kfold_seg,0,normal_324,0,1.0,7,105,0.009433962264150943,0.323670314872779,0.5660377358490566,0.20020146593637278,0.20754716981132076,652,0.0015313935681470138,0.23736600306278713,0.09647779479326186
group_kfold_seg,0,normal_331,0,0.0,5,105,0.009433962264150943,1.5666811297632486,0.018867924528301886,0.9813389653471142,0.009433962264150943,652,0.0015313935681470138,0.0030627871362940277,0.0015313935681470138
group_kfold_seg,0,normal_341,0,1.0,9,105,0.009433962264150943,0.37213464712201433,0.3490566037735849,0.16618353438465208,0.330188679245283,652,0.0015313935681470138,0.13782542113323124,0.1439509954058193
group_kfold_seg,0,normal_351,0,0.0,2,105,0.009433962264150943,0.3792397758189195,0.32075471698113206,0.29261290218212443,0.07547169811320754,652,0.0015313935681470138,0.12404287901990811,0.03828483920367534
group_kfold_seg,0,normal_353,0,1.0,9,105,0.009433962264150943,0.4166594524947031,0.2358490566037736,0.15738030839895514,0.3584905660377358,652,0.0015313935681470138,0.08728943338437979,0.15160796324655437
group_kfold_seg,0,normal_355,0,1.0,8,105,0.009433962264150943,0.4280779306027135,0.22641509433962265,0.2545772845963033,0.09433962264150944,652,0.0015313935681470138,0.0781010719754977,0.05053598774885146
group_kfold_seg,0,normal_359,0,0.0,9,105,0.009433962264150943,0.9615690602361522,0.018867924528301886,0.4491279027505589,0.02830188679245283,652,0.0015313935681470138,0.007656967840735069,0.004594180704441042
group_kfold_seg,0,normal_372,0,0.0,9,105,0.009433962264150943,0.40198933664566605,0.25471698113207547,0.40198933664566605,0.03773584905660377,652,0.0015313935681470138,0.09647779479326186,0.007656967840735069
group_kfold_seg,0,normal_380,0,0.0,4,105,0.009433962264150943,0.28634091881781054,0.7452830188679245,0.22852068816137294,0.16037735849056603,652,0.0015313935681470138,0.37978560490045943,0.06738131699846861
group_kfold_seg,0,normal_381,0,1.0,1,105,0.009433962264150943,0.4118409921925184,0.2358490566037736,0.13055134441544475,0.4716981132075472,652,0.0015313935681470138,0.0888208269525268,0.18989280245022971
group_kfold_seg,0,normal_384,0,1.0,9,105,0.009433962264150943,0.4258205789562841,0.22641509433962265,0.11483936240738146,0.6037735849056604,652,0.0015313935681470138,0.07963246554364471,0.25114854517611024
group_kfold_seg,0,normal_400,0,0.0,9,105,0.009433962264150943,0.373661190857536,0.3490566037735849,0.329382324673183,0.05660377358490566,652,0.0015313935681470138,0.13782542113323124,0.021439509954058193
group_kfold_seg,0,normal_403,0,0.0,3,105,0.009433962264150943,0.6740975045812145,0.05660377358490566,0.4533169965357754,0.02830188679245283,652,0.0015313935681470138,0.018376722817764167,0.004594180704441042
group_kfold_seg,0,normal_404,0,1.0,1,105,0.009433962264150943,0.40567184714418997,0.25471698113207547,0.1381134230914301,0.4339622641509434,652,0.0015313935681470138,0.09341500765696784,0.17611026033690658
group_kfold_seg,0,normal_405,0,0.0,9,105,0.009433962264150943,0.32992693035119025,0.5188679245283019,0.32992693035119025,0.05660377358490566,652,0.0015313935681470138,0.21439509954058192,0.021439509954058193
group_kfold_seg,0,normal_413,0,0.0,4,105,0.009433962264150943,2.2132218650620303,0.009433962264150943,0.8082651123681049,0.009433962264150943,652,0.0015313935681470138,0.0015313935681470138,0.0015313935681470138
group_kfold_seg,0,normal_415,0,0.0,1,105,0.009433962264150943,0.46896828518443934,0.1509433962264151,0.08350019166395324,0.7924528301886793,652,0.0015313935681470138,0.05206738131699847,0.40735068912710565
group_kfold_seg,0,normal_421,0,1.0,1,105,0.009433962264150943,0.4553151668643778,0.1792452830188679,0.36489368541985323,0.04716981132075472,652,0.0015313935681470138,0.06125574272588055,0.016845329249617153
group_kfold_seg,0,normal_423,0,1.0,8,105,0.009433962264150943,0.4298629842423817,0.22641509433962265,0.1829747093959116,0.29245283018867924,652,0.0015313935681470138,0.0781010719754977,0.12404287901990811
group_kfold_seg,0,normal_427,0,0.0,9,105,0.009433962264150943,0.36737849765516223,0.3584905660377358,0.28446564429510757,0.09433962264150944,652,0.0015313935681470138,0.14548238897396631,0.04134762633996937
group_kfold_seg,0,normal_435,0,0.0,6,105,0.009433962264150943,0.4684936733232313,0.1509433962264151,0.3476216942274154,0.04716981132075472,652,0.0015313935681470138,0.05206738131699847,0.018376722817764167
group_kfold_seg,0,normal_437,0,1.0,1,105,0.009433962264150943,0.852908002066622,0.02830188679245283,0.08168718173308534,0.8113207547169812,652,0.0015313935681470138,0.009188361408882083,0.42572741194486985
group_kfold_seg,0,normal_441,0,0.0,2,105,0.009433962264150943,0.7099884867416628,0.03773584905660377,0.2961095928835792,0.07547169811320754,652,0.0015313935681470138,0.015313935681470138,0.033690658499234305
group_kfold_seg,0,normal_444,0,0.0,9,105,0.009433962264150943,0.4388591490949547,0.20754716981132076,0.360784441994693,0.04716981132075472,652,0.0015313935681470138,0.07044410413476264,0.016845329249617153
group_kfold_seg,0,normal_446,0,1.0,5,105,0.009433962264150943,0.3435373954018597,0.44339622641509435,0.2118512833859168,0.1792452830188679,652,0.0015313935681470138,0.18529862174578868,0.08728943338437979
group_kfold_seg,0,normal_450,0,0.0,8,105,0.009433962264150943,0.5052000006938469,0.12264150943396226,0.44536106315674234,0.02830188679245283,652,0.0015313935681470138,0.039816232771822356,0.004594180704441042
group_kfold_seg,0,normal_454,0,1.0,9,105,0.009433962264150943,0.4122468757887631,0.2358490566037736,0.17220689069001377,0.330188679245283,652,0.0015313935681470138,0.0888208269525268,0.14088820826952528
group_kfold_seg,0,normal_460,0,0.0,9,105,0.009433962264150943,0.8286963898511845,0.03773584905660377,0.800705365279406,0.009433962264150943,652,0.0015313935681470138,0.01225114854517611,0.0015313935681470138
group_kfold_seg,0,normal_462,0,1.0,5,105,0.009433962264150943,0.7227839460460929,0.03773584905660377,0.19603689870159727,0.22641509433962265,652,0.0015313935681470138,0.015313935681470138,0.10413476263399694
group_kfold_seg,0,normal_463,0,1.0,5,105,0.009433962264150943,0.40534233072672476,0.25471698113207547,0.40534233072672476,0.03773584905660377,652,0.0015313935681470138,0.09341500765696784,0.006125574272588055
group_kfold_seg,0,normal_470,0,1.0,3,105,0.009433962264150943,0.3966343255770538,0.27358490566037735,0.13045539882190169,0.4716981132075472,652,0.0015313935681470138,0.10413476263399694,0.18989280245022971
group_kfold_seg,0,normal_476,0,1.0,1,105,0.009433962264150943,0.17523410278939908,0.9905660377358491,0.07564119926953564,0.8301886792452831,652,0.0015313935681470138,0.9096477794793262,0.47473200612557426
group_kfold_seg,0,normal_479,0,1.0,9,105,0.009433962264150943,0.3471272552532651,0.41509433962264153,0.0826298282372444,0.8018867924528302,652,0.0015313935681470138,0.17611026033690658,0.41500765696784075
group_kfold_seg,0,normal_480,0,1.0,9,105,0.009433962264150943,0.3057930425472848,0.6509433962264151,0.1090034598436358,0.6415094339622641,652,0.0015313935681470138,0.29402756508422667,0.28024502297090353
group_kfold_seg,0,normal_481,0,1.0,7,105,0.009433962264150943,0.3577907096672008,0.37735849056603776,0.1630649786495664,0.33962264150943394,652,0.0015313935681470138,0.15773353751914243,0.14701378254211334
group_kfold_seg,0,normal_487,0,1.0,6,105,0.009433962264150943,0.2872967961426303,0.7452830188679245,0.12124994616658066,0.5471698113207547,652,0.0015313935681470138,0.37978560490045943,0.21745788667687596
group_kfold_seg,0,normal_488,0,1.0,3,105,0.009433962264150943,0.2156974396816939,0.9245283018867925,0.15387727357305117,0.3584905660377358,652,0.0015313935681470138,0.7274119448698315,0.15160796324655437
group_kfold_seg,0,normal_507,0,1.0,4,105,0.009433962264150943,0.33502746359548685,0.4811320754716981,0.15099561230740233,0.36792452830188677,652,0.0015313935681470138,0.2006125574272588,0.15926493108728942
group_kfold_seg,0,normal_509,0,1.0,9,105,0.009433962264150943,0.30546543051272834,0.6509433962264151,0.13257757172954193,0.4716981132075472,652,0.0015313935681470138,0.2986217457886677,0.1883614088820827
group_kfold_seg,0,normal_510,0,1.0,9,105,0.009433962264150943,0.4093277190625074,0.2358490566037736,0.12140201400747155,0.5471698113207547,652,0.0015313935681470138,0.0888208269525268,0.21745788667687596
group_kfold_seg,0,normal_511,0,1.0,6,105,0.009433962264150943,0.3457561455409378,0.42452830188679247,0.14212169422506524,0.4056603773584906,652,0.0015313935681470138,0.17917304747320062,0.1669218989280245
group_kfold_seg,0,normal_521,0,1.0,6,105,0.009433962264150943,0.3729772362588606,0.3490566037735849,0.16212830699526873,0.33962264150943394,652,0.0015313935681470138,0.13782542113323124,0.14701378254211334
group_kfold_seg,0,normal_528,0,1.0,4,105,0.009433962264150943,0.38562823942311975,0.3018867924528302,0.06421971809514374,0.9150943396226415,652,0.0015313935681470138,0.11332312404287902,0.6171516079632465
group_kfold_seg,0,normal_540,0,1.0,1,105,0.009433962264150943,0.20221744047350032,0.9716981132075472,0.04892502200693949,0.9528301886792453,652,0.0015313935681470138,0.7886676875957122,0.8468606431852986
group_kfold_seg,0,normal_545,0,1.0,3,105,0.009433962264150943,0.29715081858671083,0.7075471698113207,0.06733703442676506,0.9056603773584906,652,0.0015313935681470138,0.332312404287902,0.5758039816232772
group_kfold_seg,0,normal_558,0,1.0,5,105,0.009433962264150943,0.4298184348018503,0.22641509433962265,0.12139689346382318,0.5471698113207547,652,0.0015313935681470138,0.0781010719754977,0.21745788667687596
group_kfold_seg,0,normal_565,0,1.0,2,105,0.009433962264150943,0.3983502332955038,0.27358490566037735,0.10391571411641307,0.6698113207547169,652,0.0015313935681470138,0.10413476263399694,0.29709035222052066
group_kfold_seg,0,normal_567,0,0.0,9,105,0.009433962264150943,0.4088994823708068,0.2358490566037736,0.2883361780819834,0.08490566037735849,652,0.0015313935681470138,0.0903522205206738,0.039816232771822356
group_kfold_seg,0,normal_574,0,0.0,9,105,0.009433962264150943,0.5015207099183582,0.12264150943396226,0.19733675891053187,0.2169811320754717,652,0.0015313935681470138,0.039816232771822356,0.09800918836140889
group_kfold_seg,0,normal_578,0,0.0,6,105,0.009433962264150943,0.35740158664693744,0.37735849056603776,0.30442266852197897,0.07547169811320754,652,0.0015313935681470138,0.15926493108728942,0.030627871362940276
group_kfold_seg,0,normal_595,0,1.0,3,105,0.009433962264150943,0.2710457473696032,0.8584905660377359,0.08138196324389439,0.8113207547169812,652,0.0015313935681470138,0.4563552833078101,0.42879019908116384
group_kfold_seg,0,normal_598,0,1.0,7,105,0.009433962264150943,0.5311132930228994,0.10377358490566038,0.09402916186842211,0.7641509433962265,652,0.0015313935681470138,0.03522205206738132,0.3430321592649311
group_kfold_seg,0,outlier_1,1,,9,105,0.009433962264150943,92.42770487183716,0.009433962264150943,74.0817246624331,0.009433962264150943,652,0.0015313935681470138,0.0015313935681470138,0.0015313935681470138
group_kfold_seg,0,outlier_2,1,,8,105,0.009433962264150943,52.77637134246371,0.009433962264150943,48.76244312014497,0.009433962264150943,652,0.0015313935681470138,0.0015313935681470138,0.0015313935681470138
group_kfold_seg,0,outlier_4,1,,2,105,0.009433962264150943,87.4440731070928,0.009433962264150943,40.92206976302616,0.009433962264150943,652,0.0015313935681470138,0.0015313935681470138,0.0015313935681470138
group_kfold_seg,0,outlier_15,1,,9,105,0.009433962264150943,56.881665886289284,0.009433962264150943,56.881665886289284,0.009433962264150943,652,0.0015313935681470138,0.0015313935681470138,0.0015313935681470138
group_kfold_seg,0,outlier_19,1,,1,105,0.009433962264150943,13.665427936396723,0.009433962264150943,4.403138291912882,0.009433962264150943,652,0.0015313935681470138,0.0015313935681470138,0.0015313935681470138
group_kfold_seg,1,normal_2,0,1.0,3,107,0.009259259259259259,0.5098932911598046,0.06481481481481481,0.08662113386293309,0.7685185185185185,659,0.0015151515151515152,0.015151515151515152,0.3878787878787879
group_kfold_seg,1,normal_3,0,0.0,1,107,0.009259259259259259,0.17684395182318194,0.9351851851851852,0.17684395182318194,0.2962962962962963,659,0.0015151515151515152,0.7515151515151515,0.14242424242424243
group_kfold_seg,1,normal_14,0,1.0,1,107,0.009259259259259259,0.07237078007673867,1.0,0.03782216287105775,0.9722222222222222,659,0.0015151515151515152,1.0,0.9606060606060606
group_kfold_seg,1,normal_15,0,0.0,9,107,0.009259259259259259,0.31287146503036367,0.32407407407407407,0.31287146503036367,0.10185185185185185,659,0.0015151515151515152,0.11969696969696969,0.03636363636363636
group_kfold_seg,1,normal_19,0,1.0,3,107,0.009259259259259259,0.4681856074044812,0.08333333333333333,0.1435319341109506,0.4074074074074074,659,0.0015151515151515152,0.021212121212121213,0.19696969696969696
group_kfold_seg,1,normal_36,0,0.0,6,107,0.009259259259259259,0.4874076452677722,0.07407407407407407,0.2577015835535987,0.12037037037037036,659,0.0015151515151515152,0.016666666666666666,0.05909090909090909
group_kfold_seg,1,normal_41,0,1.0,9,107,0.009259259259259259,0.4829625445401188,0.07407407407407407,0.16422527260810618,0.3333333333333333,659,0.0015151515151515152,0.016666666666666666,0.16666666666666666
group_kfold_seg,1,normal_42,0,1.0,9,107,0.009259259259259259,0.3738857920782831,0.19444444444444445,0.15345206686946733,0.37037037037037035,659,0.0015151515151515152,0.05757575757575758,0.17575757575757575
group_kfold_seg,1,normal_48,0,1.0,9,107,0.009259259259259259,0.3602339757256897,0.19444444444444445,0.20278264055420073,0.2222222222222222,659,0.0015151515151515152,0.06515151515151515,0.10909090909090909
group_kfold_seg,1,normal_49,0,0.0,7,107,0.009259259259259259,0.5645776764924486,0.027777777777777776,0.35535587062866797,0.07407407407407407,659,0.0015151515151515152,0.007575757575757576,0.024242424242424242
group_kfold_seg,1,normal_60,0,1.0,9,107,0.009259259259259259,0.29313733130173414,0.4166666666666667,0.15667497156855517,0.3611111111111111,659,0.0015151515151515152,0.1712121212121212,0.17424242424242425
group_kfold_seg,1,normal_63,0,0.0,9,107,0.009259259259259259,0.4178504264645675,0.12962962962962962,0.37732014442174583,0.05555555555555555,659,0.0015151515151515152,0.03484848484848485,0.015151515151515152
group_kfold_seg,1,normal_67,0,0.0,9,107,0.009259259259259259,1.509322631962482,0.009259259259259259,0.2598036683306183,0.12037037037037036,659,0.0015151515151515152,0.0015151515151515152,0.05606060606060606
group_kfold_seg,1,normal_68,0,0.0,9,107,0.009259259259259259,0.37377593417853394,0.19444444444444445,0.34485350723582375,0.07407407407407407,659,0.0015151515151515152,0.05757575757575758,0.025757575757575757
group_kfold_seg,1,normal_74,0,0.0,9,107,0.009259259259259259,0.24785646304949924,0.6574074074074074,0.24785646304949924,0.12962962962962962,659,0.0015151515151515152,0.3212121212121212,0.06212121212121212
group_kfold_seg,1,normal_90,0,0.0,8,107,0.009259259259259259,0.3102795255619226,0.35185185185185186,0.22522462038777505,0.18518518518518517,659,0.0015151515151515152,0.12878787878787878,0.08484848484848485
group_kfold_seg,1,normal_94,0,0.0,9,107,0.009259259259259259,1.5350108306765666,0.009259259259259259,0.6455255794757083,0.018518518518518517,659,0.0015151515151515152,0.0015151515151515152,0.0030303030303030303
group_kfold_seg,1,normal_97,0,0.0,4,107,0.009259259259259259,0.4712693772076968,0.08333333333333333,0.29022198001703853,0.1111111111111111,659,0.0015151515151515152,0.021212121212121213,0.045454545454545456
group_kfold_seg,1,normal_112,0,1.0,9,107,0.009259259259259259,0.5528264112916665,0.046296296296296294,0.11808595032865497,0.5555555555555556,659,0.0015151515151515152,0.010606060606060607,0.27424242424242423
group_kfold_seg,1,normal_128,0,0.0,6,107,0.009259259259259259,0.48947264793376205,0.07407407407407407,0.4349055700225976,0.037037037037037035,659,0.0015151515151515152,0.016666666666666666,0.007575757575757576
group_kfold_seg,1,normal_136,0,0.0,9,107,0.009259259259259259,0.2698338278925561,0.5833333333333334,0.20883026738344398,0.2037037037037037,659,0.0015151515151515152,0.23939393939393938,0.10606060606060606
group_kfold_seg,1,normal_137,0,1.0,8,107,0.009259259259259259,0.3603109922554027,0.19444444444444445,0.13808775136009488,0.4351851851851852,659,0.0015151515151515152,0.06515151515151515,0.20909090909090908
group_kfold_seg,1,normal_140,0,0.0,3,107,0.009259259259259259,0.25415065896783334,0.6481481481481481,0.25415065896783334,0.12037037037037036,659,0.0015151515151515152,0.296969696969697,0.05909090909090909
group_kfold_seg,1,normal_153,0,1.0,9,107,0.009259259259259259,0.3357351433986574,0.25925925925925924,0.16160139598507572,0.3425925925925926,659,0.0015151515151515152,0.09393939393939393,0.1696969696969697
group_kfold_seg,1,normal_158,0,0.0,9,107,0.009259259259259259,0.2606171284904694,0.6388888888888888,0.21595513733286759,0.19444444444444445,659,0.0015151515151515152,0.27121212121212124,0.09393939393939393
group_kfold_seg,1,normal_160,0,0.0,6,107,0.009259259259259259,0.4158706697556874,0.12962962962962962,0.4158706697556874,0.046296296296296294,659,0.0015151515151515152,0.03484848484848485,0.010606060606060607
group_kfold_seg,1,normal_169,0,1.0,9,107,0.009259259259259259,0.6311236379382942,0.027777777777777776,0.23059823060836815,0.17592592592592593,659,0.0015151515151515152,0.006060606060606061,0.0803030303030303
group_kfold_seg,1,normal_183,0,1.0,5,107,0.009259259259259259,0.4532521921669975,0.09259259259259259,0.10267791083574816,0.6666666666666666,659,0.0015151515151515152,0.022727272727272728,0.3181818181818182
group_kfold_seg,1,normal_184,0,1.0,5,107,0.009259259259259259,0.4471103120301439,0.09259259259259259,0.1009764845846791,0.6944444444444444,659,0.0015151515151515152,0.022727272727272728,0.3333333333333333
group_kfold_seg,1,normal_190,0,1.0,4,107,0.009259259259259259,0.8711434878233093,0.009259259259259259,0.08363675611158679,0.7870370370370371,659,0.0015151515151515152,0.0015151515151515152,0.4106060606060606
group_kfold_seg,1,normal_193,0,0.0,9,107,0.009259259259259259,0.3783548869113847,0.18518518518518517,0.29035628241640626,0.1111111111111111,659,0.0015151515151515152,0.051515151515151514,0.045454545454545456
group_kfold_seg,1,normal_199,0,0.0,8,107,0.009259259259259259,0.2618993948148703,0.6388888888888888,0.254515133734651,0.12037037037037036,659,0.0015151515151515152,0.26666666666666666,0.05909090909090909
group_kfold_seg,1,normal_209,0,0.0,9,107,0.009259259259259259,0.4775604503155669,0.07407407407407407,0.4726932856875635,0.018518518518518517,659,0.0015151515151515152,0.019696969696969695,0.004545454545454545
group_kfold_seg,1,normal_210,0,1.0,9,107,0.009259259259259259,0.31437788041734605,0.32407407407407407,0.14461747857234108,0.39814814814814814,659,0.0015151515151515152,0.11969696969696969,0.19242424242424241
group_kfold_seg,1,normal_211,0,0.0,9,107,0.009259259259259259,0.29875701349325035,0.4074074074074074,0.2801025311561213,0.1111111111111111,659,0.0015151515151515152,0.15757575757575756,0.04696969696969697
group_kfold_seg,1,normal_212,0,0.0,6,107,0.009259259259259259,0.3892820562867499,0.1574074074074074,0.3892820562867499,0.05555555555555555,659,0.0015151515151515152,0.04393939393939394,0.012121212121212121
group_kfold_seg,1,normal_213,0,1.0,3,107,0.009259259259259259,0.2925592812680406,0.4166666666666667,0.12447900915218492,0.5185185185185185,659,0.0015151515151515152,0.1712121212121212,0.2515151515151515
group_kfold_seg,1,normal_218,0,1.0,6,107,0.009259259259259259,0.3337575493828867,0.26851851851851855,0.19855519368642777,0.23148148148148148,659,0.0015151515151515152,0.09696969696969697,0.11818181818181818
group_kfold_seg,1,normal_242,0,0.0,4,107,0.009259259259259259,0.3662688948966957,0.19444444444444445,0.3662688948966957,0.06481481481481481,659,0.0015151515151515152,0.06363636363636363,0.01818181818181818
group_kfold_seg,1,normal_264,0,0.0,9,107,0.009259259259259259,0.5096548504784453,0.06481481481481481,0.4687721733272349,0.027777777777777776,659,0.0015151515151515152,0.015151515151515152,0.006060606060606061
group_kfold_seg,1,normal_275,0,1.0,8,107,0.009259259259259259,0.22189280850245297,0.8518518518518519,0.14667135665660355,0.39814814814814814,659,0.0015151515151515152,0.47424242424242424,0.19090909090909092
group_kfold_seg,1,normal_276,0,0.0,5,107,0.009259259259259259,0.3280645310313472,0.2777777777777778,0.24518526763325366,0.1388888888888889,659,0.0015151515151515152,0.10151515151515152,0.06515151515151515
group_kfold_seg,1,normal_284,0,1.0,1,107,0.009259259259259259,0.28978768130832455,0.4351851851851852,0.11887948852394062,0.5555555555555556,659,0.0015151515151515152,0.17727272727272728,0.27121212121212124
group_kfold_seg,1,normal_288,0,1.0,6,107,0.009259259259259259,0.22894539061684974,0.8148148148148148,0.12321632198831904,0.5185185185185185,659,0.0015151515151515152,0.4303030303030303,0.2545454545454545
group_kfold_seg,1,normal_299,0,1.0,8,107,0.009259259259259259,0.24818116521338154,0.6574074074074074,0.21754185149867145,0.19444444444444445,659,0.0015151515151515152,0.3212121212121212,0.09242424242424242
group_kfold_seg,1,normal_309,0,1.0,9,107,0.009259259259259259,0.5773118018538622,0.027777777777777776,0.40611636746821184,0.046296296296296294,659,0.0015151515151515152,0.007575757575757576,0.010606060606060607
group_kfold_seg,1,normal_315,0,1.0,9,107,0.009259259259259259,0.35359549363066967,0.2222222222222222,0.2869149853660537,0.1111111111111111,659,0.0015151515151515152,0.07424242424242425,0.04696969696969697
group_kfold_seg,1,normal_317,0,0.0,7,107,0.009259259259259259,0.44293516407492944,0.09259259259259259,0.3986856595860819,0.05555555555555555,659,0.0015151515151515152,0.022727272727272728,0.012121212121212121
group_kfold_seg,1,normal_319,0,1.0,2,107,0.009259259259259259,0.30188054426339966,0.4074074074074074,0.09377796419266443,0.7222222222222222,659,0.0015151515151515152,0.15454545454545454,0.35454545454545455
group_kfold_seg,1,normal_322,0,0.0,9,107,0.009259259259259259,0.474313610181138,0.07407407407407407,0.4292538764160018,0.046296296296296294,659,0.0015151515151515152,0.019696969696969695,0.00909090909090909
group_kfold_seg,1,normal_332,0,0.0,1,107,0.009259259259259259,0.24161852089597485,0.7592592592592593,0.24161852089597485,0.1388888888888889,659,0.0015151515151515152,0.35909090909090907,0.06666666666666667
group_kfold_seg,1,normal_340,0,1.0,9,107,0.009259259259259259,0.42995905210960605,0.10185185185185185,0.1267311863879757,0.49074074074074076,659,0.0015151515151515152,0.025757575757575757,0.24242424242424243
group_kfold_seg,1,normal_344,0,1.0,3,107,0.009259259259259259,0.3350421320034017,0.25925925925925924,0.0976970325094579,0.7037037037037037,659,0.0015151515151515152,0.09393939393939393,0.3409090909090909
group_kfold_seg,1,normal_348,0,0.0,9,107,0.009259259259259259,0.34919083210158736,0.24074074074074073,0.34919083210158736,0.07407407407407407,659,0.0015151515151515152,0.07878787878787878,0.024242424242424242
group_kfold_seg,1,normal_349,0,1.0,7,107,0.009259259259259259,0.34414524221850895,0.25,0.10317062147628972,0.6666666666666666,659,0.0015151515151515152,0.08484848484848485,0.31666666666666665
group_kfold_seg,1,normal_354,0,0.0,9,107,0.009259259259259259,0.5714871142542579,0.027777777777777776,0.5714871142542579,0.018518518518518517,659,0.0015151515151515152,0.007575757575757576,0.004545454545454545
group_kfold_seg,1,normal_365,0,1.0,9,107,0.009259259259259259,0.4010203276124952,0.12962962962962962,0.10874355275077205,0.6296296296296297,659,0.0015151515151515152,0.03939393939393939,0.29393939393939394
group_kfold_seg,1,normal_368,0,1.0,4,107,0.009259259259259259,0.43445239358521265,0.09259259259259259,0.14337884044676022,0.4074074074074074,659,0.0015151515151515152,0.022727272727272728,0.19696969696969696
group_kfold_seg,1,normal_369,0,0.0,2,107,0.009259259259259259,0.28873187334799744,0.4351851851851852,0.28873187334799744,0.1111111111111111,659,0.0015151515151515152,0.1787878787878788,0.045454545454545456
group_kfold_seg,1,normal_383,0,0.0,9,107,0.009259259259259259,0.3930327329534033,0.14814814814814814,0.3291466378565958,0.08333333333333333,659,0.0015151515151515152,0.04242424242424243,0.031818181818181815
group_kfold_seg,1,normal_386,0,0.0,4,107,0.009259259259259259,0.5547092041650036,0.037037037037037035,0.5547092041650036,0.018518518518518517,659,0.0015151515151515152,0.00909090909090909,0.004545454545454545
group_kfold_seg,1,normal_387,0,1.0,2,107,0.009259259259259259,0.22365842255905669,0.8425925925925926,0.18159914894017243,0.2962962962962963,659,0.0015151515151515152,0.4636363636363636,0.1393939393939394
group_kfold_seg,1,normal_393,0,0.0,1,107,0.009259259259259259,0.45944211754320663,0.09259259259259259,0.45944211754320663,0.037037037037037035,659,0.0015151515151515152,0.022727272727272728,0.007575757575757576
group_kfold_seg,1,normal_396,0,1.0,7,107,0.009259259259259259,0.45216256793122817,0.09259259259259259,0.3344604976896967,0.08333333333333333,659,0.0015151515151515152,0.022727272727272728,0.030303030303030304
group_kfold_seg,1,normal_397,0,0.0,5,107,0.009259259259259259,0.7017788923533905,0.009259259259259259,0.3766042419045963,0.05555555555555555,659,0.0015151515151515152,0.0015151515151515152,0.015151515151515152
group_kfold_seg,1,normal_401,0,0.0,8,107,0.009259259259259259,0.3673559089026,0.19444444444444445,0.28497999858728057,0.1111111111111111,659,0.0015151515151515152,0.06060606060606061,0.04696969696969697
group_kfold_seg,1,normal_407,0,1.0,6,107,0.009259259259259259,0.33601167505030594,0.25,0.1528030064070121,0.37037037037037035,659,0.0015151515151515152,0.09090909090909091,0.17575757575757575
group_kfold_seg,1,normal_417,0,0.0,9,107,0.009259259259259259,0.3150517893280443,0.32407407407407407,0.3150517893280443,0.09259259259259259,659,0.0015151515151515152,0.11969696969696969,0.03484848484848485
group_kfold_seg,1,normal_420,0,0.0,3,107,0.009259259259259259,0.455145803530031,0.09259259259259259,0.455145803530031,0.037037037037037035,659,0.0015151515151515152,0.022727272727272728,0.007575757575757576
group_kfold_seg,1,normal_422,0,0.0,9,107,0.009259259259259259,0.528736900906217,0.06481481481481481,0.528736900906217,0.018518518518518517,659,0.0015151515151515152,0.015151515151515152,0.004545454545454545
group_kfold_seg,1,normal_425,0,0.0,3,107,0.009259259259259259,0.29672067371953725,0.4166666666666667,0.29672067371953725,0.1111111111111111,659,0.0015151515151515152,0.1621212121212121,0.045454545454545456
group_kfold_seg,1,normal_426,0,1.0,1,107,0.009259259259259259,0.23024261118320413,0.8148148148148148,0.10137758033000928,0.6851851851851852,659,0.0015151515151515152,0.4257575757575758,0.33181818181818185
group_kfold_seg,1,normal_433,0,1.0,9,107,0.009259259259259259,0.42967438016610204,0.10185185185185185,0.38840337709779216,0.05555555555555555,659,0.0015151515151515152,0.025757575757575757,0.013636363636363636
group_kfold_seg,1,normal_449,0,0.0,9,107,0.009259259259259259,0.5710758029829344,0.027777777777777776,0.35276177945601866,0.07407407407407407,659,0.0015151515151515152,0.007575757575757576,0.024242424242424242
group_kfold_seg,1,normal_451,0,1.0,6,107,0.009259259259259259,0.268053258824886,0.6018518518518519,0.1377817626288544,0.4351851851851852,659,0.0015151515151515152,0.24242424242424243,0.2106060606060606
group_kfold_seg,1,normal_453,0,0.0,1,107,0.009259259259259259,0.5400841430637431,0.06481481481481481,0.5400841430637431,0.018518518518518517,659,0.0015151515151515152,0.013636363636363636,0.004545454545454545
group_kfold_seg,1,normal_455,0,0.0,9,107,0.009259259259259259,0.4987265368954241,0.07407407407407407,0.3784764738075641,0.05555555555555555,659,0.0015151515151515152,0.016666666666666666,0.015151515151515152
group_kfold_seg,1,normal_466,0,1.0,9,107,0.009259259259259259,0.414549147927148,0.12962962962962962,0.2191205889296772,0.19444444444444445,659,0.0015151515151515152,0.03484848484848485,0.09090909090909091
group_kfold_seg,1,normal_485,0,1.0,7,107,0.009259259259259259,0.27936779742540574,0.49074074074074076,0.10015329004262984,0.6944444444444444,659,0.0015151515151515152,0.20303030303030303,0.33484848484848484
group_kfold_seg,1,normal_489,0,1.0,3,107,0.009259259259259259,0.16055318692828233,0.9814814814814815,0.14022218151619514,0.42592592592592593,659,0.0015151515151515152,0.8393939393939394,0.20454545454545456
group_kfold_seg,1,normal_494,0,1.0,4,107,0.009259259259259259,0.35859634871716434,0.19444444444444445,0.05738940048145862,0.9537037037037037,659,0.0015151515151515152,0.06666666666666667,0.7151515151515152
group_kfold_seg,1,normal_497,0,1.0,9,107,0.009259259259259259,0.22924693491248577,0.8148148148148148,0.18339730981700497,0.2777777777777778,659,0.0015151515151515152,0.4303030303030303,0.13636363636363635
group_kfold_seg,1,normal_500,0,1.0,6,107,0.009259259259259259,0.30369553828336426,0.4074074074074074,0.09112640094118421,0.75,659,0.0015151515151515152,0.15454545454545454,0.3696969696969697
group_kfold_seg,1,normal_502,0,1.0,1,107,0.009259259259259259,0.264777579259748,0.6111111111111112,0.039761148491762065,0.9722222222222222,659,0.0015151515151515152,0.25757575757575757,0.9454545454545454
group_kfold_seg,1,normal_503,0,1.0,1,107,0.009259259259259259,0.16502965957351415,0.9722222222222222,0.07029248564076,0.8888888888888888,659,0.0015151515151515152,0.8136363636363636,0.5318181818181819
group_kfold_seg,1,normal_514,0,1.0,9,107,0.009259259259259259,0.25163301494854595,0.6574074074074074,0.1285650251099862,0.49074074074074076,659,0.0015151515151515152,0.30757575757575756,0.23484848484848486
group_kfold_seg,1,normal_515,0,1.0,9,107,0.009259259259259259,0.273803049318819,0.5462962962962963,0.1792708731920042,0.2962962962962963,659,0.0015151515151515152,0.22272727272727272,0.1409090909090909
group_kfold_seg,1,normal_517,0,1.0,4,107,0.009259259259259259,0.2326349102636062,0.7962962962962963,0.12673546544839281,0.49074074074074076,659,0.0015151515151515152,0.4121212121212121,0.24242424242424243
group_kfold_seg,1,normal_522,0,1.0,4,107,0.009259259259259259,0.18169980925877185,0.9351851851851852,0.05656946661973131,0.9537037037037037,659,0.0015151515151515152,0.7212121212121212,0.7227272727272728
group_kfold_seg,1,normal_525,0,1.0,9,107,0.009259259259259259,0.20000990119313816,0.8981481481481481,0.10290097695613705,0.6666666666666666,659,0.0015151515151515152,0.6166666666666667,0.3181818181818182
group_kfold_seg,1,normal_529,0,1.0,1,107,0.009259259259259259,0.27526584500535795,0.5185185185185185,0.055830624703454554,0.9537037037037037,659,0.0015151515151515152,0.21666666666666667,0.7303030303030303
group_kfold_seg,1,normal_531,0,1.0,9,107,0.009259259259259259,0.23195904589516608,0.8055555555555556,0.08551307992186094,0.7777777777777778,659,0.0015151515151515152,0.41515151515151516,0.4
group_kfold_seg,1,normal_544,0,1.0,6,107,0.009259259259259259,0.2644928031584283,0.6203703703703703,0.12805477618049532,0.49074074074074076,659,0.0015151515151515152,0.2590909090909091,0.23787878787878788
group_kfold_seg,1,normal_551,0,1.0,8,107,0.009259259259259259,0.3410298605661911,0.25,0.14406049297458123,0.39814814814814814,659,0.0015151515151515152,0.08636363636363636,0.19242424242424241
group_kfold_seg,1,normal_552,0,1.0,5,107,0.009259259259259259,0.2255435890031355,0.8425925925925926,0.12515975590691045,0.5,659,0.0015151515151515152,0.45,0.24848484848484848
group_kfold_seg,1,normal_557,0,1.0,8,107,0.009259259259259259,0.259941958472403,0.6388888888888888,0.12005973617099445,0.5462962962962963,659,0.0015151515151515152,0.27424242424242423,0.2696969696969697
group_kfold_seg,1,normal_559,0,1.0,2,107,0.009259259259259259,0.14367265112031033,0.9907407407407407,0.10816711313833591,0.6481481481481481,659,0.0015151515151515152,0.9106060606060606,0.29848484848484846
group_kfold_seg,1,normal_561,0,1.0,9,107,0.009259259259259259,0.28219302499798044,0.49074074074074076,0.1079213999585654,0.6481481481481481,659,0.0015151515151515152,0.19696969696969696,0.29848484848484846
group_kfold_seg,1,normal_563,0,0.0,7,107,0.009259259259259259,0.3444942104189085,0.25,0.15536995185169586,0.3611111111111111,659,0.0015151515151515152,0.08484848484848485,0.17424242424242425
group_kfold_seg,1,normal_569,0,0.0,7,107,0.009259259259259259,1.3860822726387645,0.009259259259259259,0.2769904398922102,0.1111111111111111,659,0.0015151515151515152,0.0015151515151515152,0.048484848484848485
group_kfold_seg,1,normal_572,0,0.0,3,107,0.009259259259259259,0.303507935997075,0.4074074074074074,0.1500924971851716,0.39814814814814814,659,0.0015151515151515152,0.15454545454545454,0.18636363636363637
group_kfold_seg,1,normal_577,0,1.0,6,107,0.009259259259259259,0.5115264858603614,0.06481481481481481,0.11543105156743502,0.5833333333333334,659,0.0015151515151515152,0.015151515151515152,0.2787878787878788
group_kfold_seg,1,normal_590,0,1.0,2,107,0.009259259259259259,0.3226410607271149,0.2962962962962963,0.17400206909090804,0.3055555555555556,659,0.0015151515151515152,0.10757575757575757,0.15
group_kfold_seg,1,normal_593,0,1.0,8,107,0.009259259259259259,0.6873412182089212,0.018518518518518517,0.10319394753341933,0.6666666666666666,659,0.0015151515151515152,0.0030303030303030303,0.31666666666666665
group_kfold_seg,1,outlier_6,1,,9,107,0.009259259259259259,81.7217437061457,0.009259259259259259,75.77972855572388,0.009259259259259259,659,0.0015151515151515152,0.0015151515151515152,0.0015151515151515152
group_kfold_seg,1,outlier_14,1,,2,107,0.009259259259259259,18.280175424508837,0.009259259259259259,18.280175424508837,0.009259259259259259,659,0.0015151515151515152,0.0015151515151515152,0.0015151515151515152
group_kfold_seg,1,outlier_17,1,,6,107,0.009259259259259259,55.58835068316185,0.009259259259259259,6.773541201187295,0.009259259259259259,659,0.0015151515151515152,0.0015151515151515152,0.0015151515151515152
group_kfold_seg,1,outlier_20,1,,2,107,0.009259259259259259,10.626476982636575,0.009259259259259259,5.7448062912158475,0.009259259259259259,659,0.0015151515151515152,0.0015151515151515152,0.0015151515151515152
group_kfold_seg,2,normal_4,0,1.0,9,107,0.009259259259259259,0.3309004564385829,0.21296296296296297,0.20449126458118536,0.24074074074074073,664,0.0015037593984962407,0.081203007518797,0.08421052631578947
group_kfold_seg,2,normal_23,0,1.0,9,107,0.009259259259259259,0.47218775057301027,0.09259259259259259,0.2702160891159559,0.09259259259259259,664,0.0015037593984962407,0.02706766917293233,0.03308270676691729
group_kfold_seg,2,normal_29,0,1.0,7,107,0.009259259259259259,0.2820489497022714,0.4074074074074074,0.15700607868302677,0.4537037037037037,664,0.0015037593984962407,0.16541353383458646,0.15789473684210525
group_kfold_seg,2,normal_37,0,1.0,3,107,0.009259259259259259,0.3301993833746743,0.21296296296296297,0.14445978474428348,0.5648148148148148,664,0.0015037593984962407,0.081203007518797,0.2
group_kfold_seg,2,normal_43,0,0.0,7,107,0.009259259259259259,0.3092487711240709,0.2777777777777778,0.22307447109489975,0.18518518518518517,664,0.0015037593984962407,0.10526315789473684,0.06917293233082707
group_kfold_seg,2,normal_45,0,1.0,2,107,0.009259259259259259,0.2271196910320591,0.7777777777777778,0.22617361295971705,0.18518518518518517,664,0.0015037593984962407,0.3879699248120301,0.061654135338345864
group_kfold_seg,2,normal_56,0,1.0,9,107,0.009259259259259259,0.45055696174706855,0.10185185185185185,0.18551091383294005,0.26851851851851855,664,0.0015037593984962407,0.031578947368421054,0.09924812030075188
group_kfold_seg,2,normal_69,0,1.0,9,107,0.009259259259259259,0.34125269797388424,0.18518518518518517,0.164253336736011,0.42592592592592593,664,0.0015037593984962407,0.06917293233082707,0.14285714285714285
group_kfold_seg,2,normal_79,0,0.0,9,107,0.009259259259259259,0.36948898717070844,0.14814814814814814,0.36948898717070844,0.037037037037037035,664,0.0015037593984962407,0.05263157894736842,0.007518796992481203
group_kfold_seg,2,normal_84,0,0.0,9,107,0.009259259259259259,0.3447953498354084,0.17592592592592593,0.23194824012262147,0.17592592592592593,664,0.0015037593984962407,0.06616541353383458,0.058646616541353384
group_kfold_seg,2,normal_87,0,0.0,3,107,0.009259259259259259,0.34379579649204467,0.17592592592592593,0.34379579649204467,0.046296296296296294,664,0.0015037593984962407,0.06616541353383458,0.012030075187969926
group_kfold_seg,2,normal_88,0,1.0,1,107,0.009259259259259259,0.28561604649678046,0.39814814814814814,0.1351441480883017,0.6296296296296297,664,0.0015037593984962407,0.1593984962406015,0.23759398496240602
group_kfold_seg,2,normal_92,0,0.0,3,107,0.009259259259259259,0.233520670488337,0.7314814814814815,0.233520670488337,0.16666666666666666,664,0.0015037593984962407,0.3518796992481203,0.05714285714285714
group_kfold_seg,2,normal_98,0,1.0,3,107,0.009259259259259259,0.3976034065847782,0.12037037037037036,0.16031823683611493,0.4351851851851852,664,0.0015037593984962407,0.042105263157894736,0.15037593984962405
group_kfold_seg,2,normal_103,0,1.0,5,107,0.009259259259259259,0.42905736720448984,0.1111111111111111,0.1280829465661576,0.6944444444444444,664,0.0015037593984962407,0.03308270676691729,0.27669172932330827
group_kfold_seg,2,normal_107,0,1.0,9,107,0.009259259259259259,0.35990036005421755,0.1574074074074074,0.1828987310945575,0.28703703703703703,664,0.0015037593984962407,0.05714285714285714,0.1037593984962406
group_kfold_seg,2,normal_110,0,1.0,3,107,0.009259259259259259,0.4969010177884675,0.07407407407407407,0.11711780868943938,0.7407407407407407,664,0.0015037593984962407,0.02406015037593985,0.32781954887218046
group_kfold_seg,2,normal_114,0,0.0,7,107,0.009259259259259259,0.3654639378067353,0.14814814814814814,0.24877236308902423,0.1388888888888889,664,0.0015037593984962407,0.05263157894736842,0.04661654135338346
group_kfold_seg,2,normal_115,0,1.0,4,107,0.009259259259259259,0.24800891789555612,0.6759259259259259,0.21454950646344204,0.2037037037037037,664,0.0015037593984962407,0.2857142857142857,0.07669172932330827
group_kfold_seg,2,normal_116,0,0.0,4,107,0.009259259259259259,0.32605970420420327,0.23148148148148148,0.15493246974486213,0.46296296296296297,664,0.0015037593984962407,0.08571428571428572,0.16390977443609023
group_kfold_seg,2,normal_119,0,0.0,9,107,0.009259259259259259,0.3395465545733074,0.18518518518518517,0.24657969872220845,0.1388888888888889,664,0.0015037593984962407,0.07218045112781955,0.0481203007518797
group_kfold_seg,2,normal_121,0,1.0,7,107,0.009259259259259259,0.260870661327235,0.5555555555555556,0.15576956285746504,0.46296296296296297,664,0.0015037593984962407,0.22857142857142856,0.16390977443609023
group_kfold_seg,2,normal_125,0,0.0,9,107,0.009259259259259259,0.3696050815379518,0.14814814814814814,0.32580242823881245,0.046296296296296294,664,0.0015037593984962407,0.05263157894736842,0.013533834586466165
group_kfold_seg,2,normal_139,0,1.0,6,107,0.009259259259259259,0.3651920858054062,0.14814814814814814,0.2023695528641398,0.24074074074074073,664,0.0015037593984962407,0.05263157894736842,0.08721804511278196
group_kfold_seg,2,normal_141,0,1.0,1,107,0.009259259259259259,0.2606558305365634,0.5648148148148148,0.1013924282331663,0.8240740740740741,664,0.0015037593984962407,0.23007518796992482,0.4180451127819549
group_kfold_seg,2,normal_145,0,0.0,9,107,0.009259259259259259,0.5343608971564716,0.046296296296296294,0.29934394875584003,0.06481481481481481,664,0.0015037593984962407,0.01804511278195489,0.019548872180451128
group_kfold_seg,2,normal_147,0,0.0,4,107,0.009259259259259259,0.3536355065200818,0.1574074074074074,0.3083446229614148,0.05555555555555555,664,0.0015037593984962407,0.061654135338345864,0.016541353383458645
group_kfold_seg,2,normal_159,0,1.0,9,107,0.009259259259259259,0.36197157222293447,0.14814814814814814,0.22766331625744274,0.17592592592592593,664,0.0015037593984962407,0.05413533834586466,0.06015037593984962
group_kfold_seg,2,normal_164,0,1.0,9,107,0.009259259259259259,0.5319920679946294,0.046296296296296294,0.19874448937822384,0.25,664,0.0015037593984962407,0.01804511278195489,0.09022556390977443
group_kfold_seg,2,normal_166,0,0.0,5,107,0.009259259259259259,0.34853634331353417,0.1574074074074074,0.1647324423793689,0.4166666666666667,664,0.0015037593984962407,0.06315789473684211,0.14135338345864662
group_kfold_seg,2,normal_176,0,0.0,9,107,0.009259259259259259,0.3956285635417799,0.12037037037037036,0.3956285635417799,0.037037037037037035,664,0.0015037593984962407,0.042105263157894736,0.007518796992481203
group_kfold_seg,2,normal_177,0,1.0,8,107,0.009259259259259259,0.424759754928309,0.1111111111111111,0.21026917695260114,0.2037037037037037,664,0.0015037593984962407,0.03458646616541353,0.07669172932330827
group_kfold_seg,2,normal_189,0,0.0,6,107,0.009259259259259259,0.3276666307468306,0.2222222222222222,0.264141873750499,0.09259259259259259,664,0.0015037593984962407,0.08270676691729323,0.03308270676691729
group_kfold_seg,2,normal_191,0,0.0,1,107,0.009259259259259259,0.20221645579246028,0.8703703703703703,0.20221645579246028,0.24074074074074073,664,0.0015037593984962407,0.5473684210526316,0.08721804511278196
group_kfold_seg,2,normal_198,0,0.0,9,107,0.009259259259259259,0.42766620544603623,0.1111111111111111,0.4226867426736823,0.037037037037037035,664,0.0015037593984962407,0.03308270676691729,0.007518796992481203
group_kfold_seg,2,normal_205,0,1.0,5,107,0.009259259259259259,0.24454647982852104,0.6759259259259259,0.1248663944506384,0.6944444444444444,664,0.0015037593984962407,0.29473684210526313,0.2857142857142857
group_kfold_seg,2,normal_207,0,0.0,1,107,0.009259259259259259,0.24713662486420862,0.6759259259259259,0.21218890508536584,0.2037037037037037,664,0.0015037593984962407,0.2857142857142857,0.07669172932330827
group_kfold_seg,2,normal_221,0,0.0,9,107,0.009259259259259259,0.3787216960021723,0.1388888888888889,0.3787216960021723,0.037037037037037035,664,0.0015037593984962407,0.04661654135338346,0.007518796992481203
group_kfold_seg,2,normal_224,0,0.0,4,107,0.009259259259259259,0.3355447816670925,0.19444444444444445,0.20571461122100354,0.23148148148148148,664,0.0015037593984962407,0.07518796992481203,0.08270676691729323
group_kfold_seg,2,normal_225,0,0.0,2,107,0.009259259259259259,0.6552629821694241,0.018518518518518517,0.5675920426268979,0.018518518518518517,664,0.0015037593984962407,0.007518796992481203,0.0030075187969924814
group_kfold_seg,2,normal_229,0,0.0,7,107,0.009259259259259259,0.3819236289793036,0.12962962962962962,0.28183729250398365,0.09259259259259259,664,0.0015037593984962407,0.045112781954887216,0.03007518796992481
group_kfold_seg,2,normal_239,0,1.0,9,107,0.009259259259259259,0.31064401614395415,0.26851851851851855,0.1371363687982361,0.6111111111111112,664,0.0015037593984962407,0.1037593984962406,0.22255639097744362
group_kfold_seg,2,normal_241,0,0.0,7,107,0.009259259259259259,0.2795295975771941,0.4074074074074074,0.2795295975771941,0.09259259259259259,664,0.0015037593984962407,0.17142857142857143,0.03007518796992481
group_kfold_seg,2,normal_245,0,1.0,9,107,0.009259259259259259,0.2450924080124423,0.6759259259259259,0.23339134710202838,0.16666666666666666,664,0.0015037593984962407,0.29172932330827067,0.05714285714285714
group_kfold_seg,2,normal_252,0,1.0,9,107,0.009259259259259259,0.2641777537978089,0.5277777777777778,0.15166716910400327,0.4722222222222222,664,0.0015037593984962407,0.22105263157894736,0.17142857142857143
group_kfold_seg,2,normal_257,0,1.0,9,107,0.009259259259259259,0.3476317110951301,0.1574074074074074,0.1463198123371086,0.5462962962962963,664,0.0015037593984962407,0.06315789473684211,0.19398496240601504
group_kfold_seg,2,normal_260,0,1.0,2,107,0.009259259259259259,0.39789265282216296,0.12037037037037036,0.26712528905272453,0.09259259259259259,664,0.0015037593984962407,0.0406015037593985,0.03308270676691729
group_kfold_seg,2,normal_266,0,1.0,6,107,0.009259259259259259,0.46077474126637097,0.10185185185185185,0.3531549942006786,0.046296296296296294,664,0.0015037593984962407,0.02857142857142857,0.012030075187969926
group_kfold_seg,2,normal_268,0,0.0,2,107,0.009259259259259259,0.36678709324462194,0.14814814814814814,0.36678709324462194,0.037037037037037035,664,0.0015037593984962407,0.05263157894736842,0.007518796992481203
group_kfold_seg,2,normal_274,0,1.0,9,107,0.009259259259259259,0.4623042137730936,0.10185185185185185,0.2887786480211095,0.07407407407407407,664,0.0015037593984962407,0.02857142857142857,0.02556390977443609
group_kfold_seg,2,normal_281,0,1.0,8,107,0.009259259259259259,0.32110858303244944,0.24074074074074073,0.32110858303244944,0.046296296296296294,664,0.0015037593984962407,0.09022556390977443,0.013533834586466165
group_kfold_seg,2,normal_282,0,1.0,5,107,0.009259259259259259,0.3065160390307741,0.2777777777777778,0.25644446375299906,0.09259259259259259,664,0.0015037593984962407,0.11278195488721804,0.03609022556390978
group_kfold_seg,2,normal_283,0,0.0,3,107,0.009259259259259259,0.344875386727923,0.17592592592592593,0.344875386727923,0.046296296296296294,664,0.0015037593984962407,0.06616541353383458,0.012030075187969926
group_kfold_seg,2,normal_286,0,0.0,9,107,0.009259259259259259,0.2946917831902262,0.35185185185185186,0.2946917831902262,0.07407407407407407,664,0.0015037593984962407,0.1368421052631579,0.022556390977443608
group_kfold_seg,2,normal_287,0,1.0,9,107,0.009259259259259259,0.37199325155737456,0.14814814814814814,0.17416800658628273,0.3333333333333333,664,0.0015037593984962407,0.04962406015037594,0.11428571428571428
group_kfold_seg,2,normal_290,0,1.0,1,107,0.009259259259259259,0.3524749354856987,0.1574074074074074,0.1203865303562096,0.7314814814814815,664,0.0015037593984962407,0.061654135338345864,0.3142857142857143
group_kfold_seg,2,normal_293,0,1.0,9,107,0.009259259259259259,0.2787749068625117,0.4074074074074074,0.20461245199389666,0.24074074074074073,664,0.0015037593984962407,0.17142857142857143,0.08421052631578947
group_kfold_seg,2,normal_306,0,1.0,6,107,0.009259259259259259,0.4659292911241643,0.10185185185185185,0.4527230995571697,0.027777777777777776,664,0.0015037593984962407,0.02857142857142857,0.006015037593984963
group_kfold_seg,2,normal_311,0,1.0,6,107,0.009259259259259259,0.42694862830729935,0.1111111111111111,0.16284785736113047,0.4351851851851852,664,0.0015037593984962407,0.03308270676691729,0.1443609022556391
group_kfold_seg,2,normal_312,0,1.0,3,107,0.009259259259259259,0.1834438598974743,0.8981481481481481,0.16467950288169778,0.4166666666666667,664,0.0015037593984962407,0.6646616541353384,0.14135338345864662
group_kfold_seg,2,normal_334,0,0.0,9,107,0.009259259259259259,0.2919560791934885,0.3611111111111111,0.2919560791934885,0.07407407407407407,664,0.0015037593984962407,0.13834586466165413,0.022556390977443608
group_kfold_seg,2,normal_338,0,1.0,3,107,0.009259259259259259,0.6952499592981516,0.018518518518518517,0.09442701333202305,0.8425925925925926,664,0.0015037593984962407,0.007518796992481203,0.4766917293233083
group_kfold_seg,2,normal_347,0,1.0,9,107,0.009259259259259259,0.6823754678856715,0.018518518518518517,0.3117467542197224,0.05555555555555555,664,0.0015037593984962407,0.007518796992481203,0.016541353383458645
group_kfold_seg,2,normal_371,0,1.0,9,107,0.009259259259259259,0.42999903426664654,0.1111111111111111,0.22557548493185153,0.18518518518518517,664,0.0015037593984962407,0.03308270676691729,0.06315789473684211
group_kfold_seg,2,normal_373,0,0.0,7,107,0.009259259259259259,0.3449751248261257,0.17592592592592593,0.3449751248261257,0.046296296296296294,664,0.0015037593984962407,0.06616541353383458,0.012030075187969926
group_kfold_seg,2,normal_374,0,1.0,5,107,0.009259259259259259,0.501859460975538,0.07407407407407407,0.501859460975538,0.018518518518518517,664,0.0015037593984962407,0.02406015037593985,0.004511278195488722
group_kfold_seg,2,normal_375,0,0.0,3,107,0.009259259259259259,0.21214864144322088,0.8518518518518519,0.21214864144322088,0.2037037037037037,664,0.0015037593984962407,0.48270676691729325,0.07669172932330827
group_kfold_seg,2,normal_390,0,0.0,9,107,0.009259259259259259,0.51850374352288,0.06481481481481481,0.23434175723693865,0.1574074074074074,664,0.0015037593984962407,0.021052631578947368,0.05413533834586466
group_kfold_seg,2,normal_391,0,1.0,6,107,0.009259259259259259,0.25284329227245883,0.6388888888888888,0.25284329227245883,0.1111111111111111,664,0.0015037593984962407,0.26766917293233083,0.042105263157894736
group_kfold_seg,2,normal_392,0,0.0,4,107,0.009259259259259259,0.2597533607558292,0.5648148148148148,0.2597533607558292,0.09259259259259259,664,0.0015037593984962407,0.23308270676691728,0.03609022556390978
group_kfold_seg,2,normal_402,0,1.0,5,107,0.009259259259259259,0.43212256221146883,0.1111111111111111,0.13054489190553162,0.6759259259259259,664,0.0015037593984962407,0.03308270676691729,0.2571428571428571
group_kfold_seg,2,normal_412,0,1.0,7,107,0.009259259259259259,0.33622264716926603,0.19444444444444445,0.20174656853928483,0.24074074074074073,664,0.0015037593984962407,0.07518796992481203,0.08721804511278196
group_kfold_seg,2,normal_418,0,1.0,9,107,0.009259259259259259,0.3963931676988017,0.12037037037037036,0.20495635138795854,0.23148148148148148,664,0.0015037593984962407,0.042105263157894736,0.08270676691729323
group_kfold_seg,2,normal_439,0,1.0,8,107,0.009259259259259259,0.43533336690804797,0.10185185185185185,0.2580506739062083,0.09259259259259259,664,0.0015037593984962407,0.031578947368421054,0.03609022556390978
group_kfold_seg,2,normal_443,0,1.0,9,107,0.009259259259259259,0.49439907977233655,0.07407407407407407,0.141445137217389,0.6018518518518519,664,0.0015037593984962407,0.02406015037593985,0.21052631578947367
group_kfold_seg,2,normal_447,0,0.0,3,107,0.009259259259259259,0.32937959886124935,0.21296296296296297,0.32937959886124935,0.046296296296296294,664,0.0015037593984962407,0.081203007518797,0.013533834586466165
group_kfold_seg,2,normal_456,0,1.0,6,107,0.009259259259259259,0.3588289806315395,0.1574074074074074,0.0867639067333395,0.8888888888888888,664,0.0015037593984962407,0.058646616541353384,0.5533834586466165
group_kfold_seg,2,normal_468,0,0.0,6,107,0.009259259259259259,0.3767947435432463,0.1388888888888889,0.20688861802684733,0.23148148148148148,664,0.0015037593984962407,0.04661654135338346,0.08270676691729323
group_kfold_seg,2,normal_473,0,1.0,9,107,0.009259259259259259,0.23617866514253957,0.7129629629629629,0.17624623146665885,0.32407407407407407,664,0.0015037593984962407,0.3368421052631579,0.11278195488721804
group_kfold_seg,2,normal_475,0,1.0,4,107,0.009259259259259259,0.1893974327690598,0.8888888888888888,0.1454603093074438,0.5462962962962963,664,0.0015037593984962407,0.6360902255639098,0.19699248120300752
group_kfold_seg,2,normal_483,0,1.0,7,107,0.009259259259259259,0.26074603542044494,0.5648148148148148,0.07921678961845974,0.9351851851851852,664,0.0015037593984962407,0.23007518796992482,0.631578947368421
group_kfold_seg,2,normal_498,0,1.0,9,107,0.009259259259259259,0.23528071937578815,0.7222222222222222,0.22231017948608112,0.19444444444444445,664,0.0015037593984962407,0.34135338345864663,0.07067669172932331
group_kfold_seg,2,normal_499,0,1.0,9,107,0.009259259259259259,0.22414616382487798,0.7777777777777778,0.1306985308249343,0.6759259259259259,664,0.0015037593984962407,0.4,0.2571428571428571
group_kfold_seg,2,normal_508,0,1.0,1,107,0.009259259259259259,0.15771268787611054,0.9629629629629629,0.052882343476788794,0.9814814814814815,664,0.0015037593984962407,0.793984962406015,0.9172932330827067
group_kfold_seg,2,normal_513,0,1.0,1,107,0.009259259259259259,0.3607600534798671,0.1574074074074074,0.1368945171455114,0.6111111111111112,664,0.0015037593984962407,0.05714285714285714,0.22556390977443608
group_kfold_seg,2,normal_518,0,1.0,1,107,0.009259259259259259,0.22213464846432696,0.7962962962962963,0.09093992931832313,0.8888888888888888,664,0.0015037593984962407,0.4105263157894737,0.5067669172932331
group_kfold_seg,2,normal_519,0,1.0,9,107,0.009259259259259259,0.29745463547986883,0.32407407407407407,0.12895123045055093,0.6851851851851852,664,0.0015037593984962407,0.13233082706766916,0.26917293233082706
group_kfold_seg,2,normal_523,0,1.0,1,107,0.009259259259259259,0.16031397208075296,0.9444444444444444,0.06229277799204859,0.9722222222222222,664,0.0015037593984962407,0.7849624060150376,0.8330827067669173
group_kfold_seg,2,normal_526,0,1.0,8,107,0.009259259259259259,0.26427750461986965,0.5277777777777778,0.17125668100670713,0.3425925925925926,664,0.0015037593984962407,0.22105263157894736,0.11879699248120301
group_kfold_seg,2,normal_542,0,1.0,9,107,0.009259259259259259,0.23754706721074448,0.7037037037037037,0.1748239620418511,0.3333333333333333,664,0.0015037593984962407,0.3293233082706767,0.11428571428571428
group_kfold_seg,2,normal_543,0,1.0,9,107,0.009259259259259259,0.23723961868226304,0.7037037037037037,0.15950295598463618,0.4444444444444444,664,0.0015037593984962407,0.3308270676691729,0.1548872180451128
group_kfold_seg,2,normal_550,0,1.0,8,107,0.009259259259259259,0.21352046338517652,0.8425925925925926,0.13166873283210065,0.6666666666666666,664,0.0015037593984962407,0.47368421052631576,0.2556390977443609
group_kfold_seg,2,normal_553,0,1.0,2,107,0.009259259259259259,0.20143775343685455,0.8796296296296297,0.09551695020451081,0.8425925925925926,664,0.0015037593984962407,0.556390977443609,0.46766917293233085
group_kfold_seg,2,normal_555,0,1.0,9,107,0.009259259259259259,0.2546700617257313,0.6203703703703703,0.13941641358565218,0.6111111111111112,664,0.0015037593984962407,0.2586466165413534,0.21954887218045113
group_kfold_seg,2,normal_562,0,1.0,9,107,0.009259259259259259,0.2689101979512742,0.4722222222222222,0.2689101979512742,0.09259259259259259,664,0.0015037593984962407,0.19699248120300752,0.03308270676691729
group_kfold_seg,2,normal_571,0,0.0,5,107,0.009259259259259259,0.39526136842221943,0.12037037037037036,0.35321696481050147,0.046296296296296294,664,0.0015037593984962407,0.042105263157894736,0.012030075187969926
group_kfold_seg,2,normal_575,0,0.0,9,107,0.009259259259259259,0.44578259163629347,0.10185185185185185,0.44578259163629347,0.027777777777777776,664,0.0015037593984962407,0.031578947368421054,0.006015037593984963
group_kfold_seg,2,normal_580,0,0.0,1,107,0.009259259259259259,0.2130441037848447,0.8425925925925926,0.1887507037518003,0.26851851851851855,664,0.0015037593984962407,0.4766917293233083,0.09924812030075188
group_kfold_seg,2,normal_584,0,1.0,4,107,0.009259259259259259,0.29554619578919133,0.3333333333333333,0.1386479645197239,0.6111111111111112,664,0.0015037593984962407,0.13383458646616542,0.22105263157894736
group_kfold_seg,2,normal_585,0,1.0,1,107,0.009259259259259259,0.3989559321435807,0.12037037037037036,0.18815391497555886,0.26851851851851855,664,0.0015037593984962407,0.0406015037593985,0.09924812030075188
group_kfold_seg,2,normal_589,0,0.0,4,107,0.009259259259259259,0.35245079507279736,0.1574074074074074,0.3097945754745293,0.05555555555555555,664,0.0015037593984962407,0.061654135338345864,0.016541353383458645
group_kfold_seg,2,normal_594,0,0.0,6,107,0.009259259259259259,0.47068451350867824,0.09259259259259259,0.4027053527865182,0.037037037037037035,664,0.0015037593984962407,0.02706766917293233,0.007518796992481203
group_kfold_seg,2,outlier_7,1,,7,107,0.009259259259259259,41.098920875712324,0.009259259259259259,30.40543753520756,0.009259259259259259,664,0.0015037593984962407,0.0015037593984962407,0.0015037593984962407
group_kfold_seg,2,outlier_13,1,,4,107,0.009259259259259259,69.2074686914465,0.009259259259259259,21.147775792534766,0.009259259259259259,664,0.0015037593984962407,0.0015037593984962407,0.0015037593984962407
group_kfold_seg,3,normal_6,0,1.0,9,105,0.009433962264150943,0.46596104466738486,0.07547169811320754,0.13351626455821758,0.3867924528301887,626,0.001594896331738437,0.025518341307814992,0.17065390749601275
group_kfold_seg,3,normal_7,0,0.0,7,105,0.009433962264150943,0.24850433742800826,0.5943396226415094,0.24850433742800826,0.09433962264150944,626,0.001594896331738437,0.2902711323763955,0.051036682615629984
group_kfold_seg,3,normal_8,0,0.0,4,105,0.009433962264150943,0.21048259811632977,0.8584905660377359,0.14551843580710924,0.3490566037735849,626,0.001594896331738437,0.48963317384370014,0.15311004784688995
group_kfold_seg,3,normal_9,0,1.0,1,105,0.009433962264150943,0.16231554043637658,0.9339622641509434,0.06304769246020213,0.8962264150943396,626,0.001594896331738437,0.7783094098883573,0.5901116427432217
group_kfold_seg,3,normal_13,0,0.0,4,105,0.009433962264150943,0.3039056607046548,0.3113207547169811,0.3039056607046548,0.08490566037735849,626,0.001594896331738437,0.13078149920255183,0.03189792663476874
group_kfold_seg,3,normal_17,0,1.0,6,105,0.009433962264150943,0.4676666071449002,0.07547169811320754,0.2265884979000678,0.12264150943396226,626,0.001594896331738437,0.025518341307814992,0.0685805422647528
group_kfold_seg,3,normal_20,0,1.0,3,105,0.009433962264150943,0.7033666791461067,0.018867924528301886,0.14740601465140163,0.330188679245283,626,0.001594896331738437,0.007974481658692184,0.14832535885167464
group_kfold_seg,3,normal_21,0,1.0,1,105,0.009433962264150943,0.22144022813398848,0.7641509433962265,0.05826266660313868,0.9150943396226415,626,0.001594896331738437,0.4178628389154705,0.6570972886762361
group_kfold_seg,3,normal_22,0,1.0,9,105,0.009433962264150943,0.3078816472790425,0.3113207547169811,0.1808832611040988,0.2169811320754717,626,0.001594896331738437,0.12280701754385964,0.11483253588516747
group_kfold_seg,3,normal_25,0,1.0,4,105,0.009433962264150943,0.2444839507885737,0.6226415094339622,0.08711809295991771,0.7641509433962265,626,0.001594896331738437,0.3094098883572568,0.3588516746411483
group_kfold_seg,3,normal_30,0,0.0,4,105,0.009433962264150943,0.22133326389869104,0.7641509433962265,0.22133326389869104,0.14150943396226415,626,0.001594896331738437,0.4178628389154705,0.07496012759170653
group_kfold_seg,3,normal_39,0,1.0,1,105,0.009433962264150943,0.1095418680872797,1.0,0.05228415947813396,0.9528301886792453,626,0.001594896331738437,0.9968102073365231,0.748006379585327
group_kfold_seg,3,normal_54,0,1.0,9,105,0.009433962264150943,0.29242960427345055,0.37735849056603776,0.15347263313549095,0.3018867924528302,626,0.001594896331738437,0.15789473684210525,0.14035087719298245
group_kfold_seg,3,normal_64,0,1.0,9,105,0.009433962264150943,0.5685279938970849,0.04716981132075472,0.1670336554955567,0.25471698113207547,626,0.001594896331738437,0.019138755980861243,0.12759170653907495
group_kfold_seg,3,normal_66,0,0.0,9,105,0.009433962264150943,0.4604897284441283,0.08490566037735849,0.38544238122605184,0.04716981132075472,626,0.001594896331738437,0.02711323763955343,0.011164274322169059
group_kfold_seg,3,normal_70,0,1.0,9,105,0.009433962264150943,0.32533837853342845,0.24528301886792453,0.15119892028980852,0.3113207547169811,626,0.001594896331738437,0.10207336523125997,0.14354066985645933
group_kfold_seg,3,normal_71,0,0.0,9,105,0.009433962264150943,0.3924375384249799,0.14150943396226415,0.38552022479981984,0.04716981132075472,626,0.001594896331738437,0.04784688995215311,0.011164274322169059
group_kfold_seg,3,normal_81,0,1.0,5,105,0.009433962264150943,0.37784915394819013,0.1509433962264151,0.14890309434574772,0.330188679245283,626,0.001594896331738437,0.049441786283891544,0.14832535885167464
group_kfold_seg,3,normal_99,0,0.0,1,105,0.009433962264150943,0.3503068148300574,0.19811320754716982,0.3503068148300574,0.0660377358490566,626,0.001594896331738437,0.07017543859649122,0.02073365231259968
group_kfold_seg,3,normal_113,0,0.0,9,105,0.009433962264150943,0.23916603381183613,0.6320754716981132,0.2306840047256544,0.11320754716981132,626,0.001594896331738437,0.3253588516746411,0.06539074960127592
group_kfold_seg,3,normal_117,0,1.0,2,105,0.009433962264150943,0.36310691683365315,0.16981132075471697,0.051483248252965505,0.9528301886792453,626,0.001594896331738437,0.05741626794258373,0.7575757575757576
group_kfold_seg,3,normal_120,0,1.0,9,105,0.009433962264150943,0.27695150612336483,0.42452830188679247,0.1550796181565312,0.2830188679245283,626,0.001594896331738437,0.189792663476874,0.1371610845295056
group_kfold_seg,3,normal_129,0,1.0,3,105,0.009433962264150943,0.4090138742309709,0.11320754716981132,0.39097859938055746,0.04716981132075472,626,0.001594896331738437,0.03508771929824561,0.011164274322169059
group_kfold_seg,3,normal_131,0,1.0,9,105,0.009433962264150943,0.2566938407885427,0.5566037735849056,0.24600771326495072,0.09433962264150944,626,0.001594896331738437,0.25996810207336524,0.05263157894736842
group_kfold_seg,3,normal_152,0,1.0,9,105,0.009433962264150943,0.39909082976109767,0.12264150943396226,0.18592595400229997,0.19811320754716982,626,0.001594896331738437,0.04146730462519936,0.10685805422647528
group_kfold_seg,3,normal_155,0,0.0,5,105,0.009433962264150943,0.25074114269985964,0.5943396226415094,0.25074114269985964,0.09433962264150944,626,0.001594896331738437,0.28548644338118023,0.051036682615629984
group_kfold_seg,3,normal_161,0,0.0,4,105,0.009433962264150943,0.32402294389143743,0.24528301886792453,0.20692257999749478,0.16037735849056603,626,0.001594896331738437,0.10207336523125997,0.08293460925039872
group_kfold_seg,3,normal_165,0,0.0,7,105,0.009433962264150943,0.5852993609511494,0.04716981132075472,0.3202628131188676,0.07547169811320754,626,0.001594896331738437,0.01594896331738437,0.02711323763955343
group_kfold_seg,3,normal_175,0,0.0,9,105,0.009433962264150943,1.1142302746611303,0.018867924528301886,0.4145183056001677,0.04716981132075472,626,0.001594896331738437,0.004784688995215311,0.009569377990430622
group_kfold_seg,3,normal_179,0,0.0,3,105,0.009433962264150943,0.30256049711437943,0.3113207547169811,0.30256049711437943,0.08490566037735849,626,0.001594896331738437,0.1339712918660287,0.03189792663476874
group_kfold_seg,3,normal_187,0,1.0,9,105,0.009433962264150943,0.3236069972747225,0.24528301886792453,0.19370516189345732,0.18867924528301888,626,0.001594896331738437,0.10207336523125997,0.10047846889952153
group_kfold_seg,3,normal_188,0,0.0,9,105,0.009433962264150943,0.33545590907183764,0.2169811320754717,0.33545590907183764,0.0660377358490566,626,0.001594896331738437,0.0861244019138756,0.02073365231259968
group_kfold_seg,3,normal_194,0,0.0,7,105,0.009433962264150943,0.4603054063559652,0.08490566037735849,0.28585113926712175,0.08490566037735849,626,0.001594896331738437,0.02711323763955343,0.03668261562998405
group_kfold_seg,3,normal_196,0,0.0,2,105,0.009433962264150943,0.28656326032210144,0.42452830188679247,0.25253942590259626,0.09433962264150944,626,0.001594896331738437,0.17384370015948963,0.051036682615629984
group_kfold_seg,3,normal_206,0,1.0,3,105,0.009433962264150943,0.2264575268461646,0.7452830188679245,0.11405793927468848,0.5566037735849056,626,0.001594896331738437,0.3923444976076555,0.23604465709728867
group_kfold_seg,3,normal_214,0,1.0,1,105,0.009433962264150943,0.14646518060330607,0.9811320754716981,0.08819368978972432,0.7641509433962265,626,0.001594896331738437,0.8740031897926634,0.34768740031897927
group_kfold_seg,3,normal_217,0,1.0,9,105,0.009433962264150943,0.4004143760582039,0.12264150943396226,0.2180930703000231,0.14150943396226415,626,0.001594896331738437,0.03987240829346093,0.07655502392344497
group_kfold_seg,3,normal_222,0,1.0,9,105,0.009433962264150943,0.2859484761665774,0.42452830188679247,0.2859484761665774,0.08490566037735849,626,0.001594896331738437,0.17543859649122806,0.03668261562998405
group_kfold_seg,3,normal_228,0,0.0,9,105,0.009433962264150943,0.23064807716735827,0.7358490566037735,0.23064807716735827,0.11320754716981132,626,0.001594896331738437,0.3700159489633174,0.06539074960127592
group_kfold_seg,3,normal_236,0,1.0,4,105,0.009433962264150943,0.2814024157060364,0.42452830188679247,0.13335707766032387,0.39622641509433965,626,0.001594896331738437,0.18181818181818182,0.17384370015948963
group_kfold_seg,3,normal_240,0,1.0,9,105,0.009433962264150943,0.3695178015009418,0.16037735849056603,0.24194430781420603,0.09433962264150944,626,0.001594896331738437,0.05263157894736842,0.05741626794258373
group_kfold_seg,3,normal_249,0,0.0,3,105,0.009433962264150943,0.2577878036979449,0.5471698113207547,0.2577878036979449,0.09433962264150944,626,0.001594896331738437,0.2583732057416268,0.04784688995215311
group_kfold_seg,3,normal_258,0,0.0,8,105,0.009433962264150943,0.34101611362870715,0.2169811320754717,0.20631849010217843,0.16037735849056603,626,0.001594896331738437,0.08133971291866028,0.08293460925039872
group_kfold_seg,3,normal_259,0,0.0,5,105,0.009433962264150943,0.29920640281562355,0.33962264150943394,0.2647163227243689,0.08490566037735849,626,0.001594896331738437,0.1419457735247209,0.044657097288676235
group_kfold_seg,3,normal_265,0,0.0,9,105,0.009433962264150943,0.4125628268813612,0.10377358490566038,0.3017456992593728,0.08490566037735849,626,0.001594896331738437,0.03349282296650718,0.03189792663476874
group_kfold_seg,3,normal_267,0,0.0,4,105,0.009433962264150943,0.32415947309982296,0.24528301886792453,0.32415947309982296,0.07547169811320754,626,0.001594896331738437,0.10207336523125997,0.02711323763955343
group_kfold_seg,3,normal_270,0,0.0,9,105,0.009433962264150943,0.4361734347279526,0.10377358490566038,0.4054591839301499,0.04716981132075472,626,0.001594896331738437,0.030303030303030304,0.011164274322169059
group_kfold_seg,3,normal_277,0,1.0,3,105,0.009433962264150943,0.3468335195720502,0.20754716981132076,0.3468335195720502,0.0660377358490566,626,0.001594896331738437,0.07496012759170653,0.02073365231259968
group_kfold_seg,3,normal_285,0,1.0,9,105,0.009433962264150943,0.5566179770444698,0.04716981132075472,0.2564084547328876,0.09433962264150944,626,0.001594896331738437,0.019138755980861243,0.049441786283891544
group_kfold_seg,3,normal_289,0,0.0,3,105,0.009433962264150943,0.26732939087034896,0.4811320754716981,0.26732939087034896,0.08490566037735849,626,0.001594896331738437,0.22169059011164274,0.044657097288676235
group_kfold_seg,3,normal_294,0,1.0,7,105,0.009433962264150943,0.3133582985124913,0.2641509433962264,0.1296535974538493,0.41509433962264153,626,0.001594896331738437,0.11004784688995216,0.18022328548644337
group_kfold_seg,3,normal_296,0,1.0,3,105,0.009433962264150943,0.19413168490497637,0.8773584905660378,0.0737432157124631,0.8490566037735849,626,0.001594896331738437,0.5901116427432217,0.45773524720893144
group_kfold_seg,3,normal_303,0,0.0,9,105,0.009433962264150943,0.32521952483985084,0.24528301886792453,0.32521952483985084,0.07547169811320754,626,0.001594896331738437,0.10207336523125997,0.02711323763955343
group_kfold_seg,3,normal_305,0,1.0,6,105,0.009433962264150943,0.39709574882347703,0.1320754716981132,0.13227155910582858,0.39622641509433965,626,0.001594896331738437,0.0430622009569378,0.17384370015948963
group_kfold_seg,3,normal_307,0,1.0,3,105,0.009433962264150943,0.5351439881620936,0.05660377358490566,0.17588746914781125,0.2358490566037736,626,0.001594896331738437,0.02073365231259968,0.12280701754385964
group_kfold_seg,3,normal_313,0,0.0,2,105,0.009433962264150943,0.34828198399181454,0.20754716981132076,0.34828198399181454,0.0660377358490566,626,0.001594896331738437,0.07496012759170653,0.02073365231259968
group_kfold_seg,3,normal_323,0,1.0,9,105,0.009433962264150943,0.6374664391608829,0.04716981132075472,0.17323562966454117,0.2358490566037736,626,0.001594896331738437,0.014354066985645933,0.12280701754385964
group_kfold_seg,3,normal_335,0,1.0,8,105,0.009433962264150943,0.6131380134039479,0.04716981132075472,0.25435211107423217,0.09433962264150944,626,0.001594896331738437,0.014354066985645933,0.049441786283891544
group_kfold_seg,3,normal_336,0,1.0,5,105,0.009433962264150943,0.9650862080047787,0.018867924528301886,0.18902040486972596,0.19811320754716982,626,0.001594896331738437,0.006379585326953748,0.10685805422647528
group_kfold_seg,3,normal_342,0,0.0,8,105,0.009433962264150943,0.38319627473842405,0.14150943396226415,0.2732414231358342,0.08490566037735849,626,0.001594896331738437,0.04784688995215311,0.03987240829346093
group_kfold_seg,3,normal_343,0,1.0,5,105,0.009433962264150943,0.2994698352301348,0.33962264150943394,0.12035045209510653,0.5283018867924528,626,0.001594896331738437,0.1419457735247209,0.22009569377990432
group_kfold_seg,3,normal_350,0,1.0,4,105,0.009433962264150943,0.3468956046561743,0.20754716981132076,0.23631902369149083,0.11320754716981132,626,0.001594896331738437,0.07496012759170653,0.06220095693779904
group_kfold_seg,3,normal_357,0,0.0,3,105,0.009433962264150943,0.4031640235395897,0.12264150943396226,0.4031640235395897,0.04716981132075472,626,0.001594896331738437,0.03827751196172249,0.011164274322169059
group_kfold_seg,3,normal_360,0,1.0,9,105,0.009433962264150943,0.3324880759272184,0.2169811320754717,0.2626718366876347,0.09433962264150944,626,0.001594896331738437,0.08771929824561403,0.046251993620414676
group_kfold_seg,3,normal_361,0,0.0,9,105,0.009433962264150943,0.5406712363738021,0.05660377358490566,0.38349113244788896,0.04716981132075472,626,0.001594896331738437,0.02073365231259968,0.011164274322169059
group_kfold_seg,3,normal_363,0,1.0,3,105,0.009433962264150943,0.24273485994208943,0.6226415094339622,0.17150999775096493,0.24528301886792453,626,0.001594896331738437,0.3157894736842105,0.12440191387559808
group_kfold_seg,3,normal_366,0,0.0,9,105,0.009433962264150943,0.8760376635512689,0.018867924528301886,0.49039648163128435,0.018867924528301886,626,0.001594896331738437,0.007974481658692184,0.004784688995215311
group_kfold_seg,3,normal_367,0,0.0,6,105,0.009433962264150943,0.3609235447392514,0.1792452830188679,0.32020889993172336,0.07547169811320754,626,0.001594896331738437,0.06060606060606061,0.02711323763955343
group_kfold_seg,3,normal_377,0,1.0,9,105,0.009433962264150943,0.2708618442546674,0.46226415094339623,0.25180904258695547,0.09433962264150944,626,0.001594896331738437,0.20893141945773525,0.051036682615629984
group_kfold_seg,3,normal_378,0,1.0,9,105,0.009433962264150943,0.4986685182592446,0.05660377358490566,0.11160688698374599,0.5943396226415094,626,0.001594896331738437,0.022328548644338118,0.24561403508771928
group_kfold_seg,3,normal_389,0,0.0,9,105,0.009433962264150943,0.43822632585706756,0.10377358490566038,0.27287556250700007,0.08490566037735849,626,0.001594896331738437,0.030303030303030304,0.03987240829346093
group_kfold_seg,3,normal_408,0,0.0,4,105,0.009433962264150943,0.23147538177888383,0.7169811320754716,0.23147538177888383,0.11320754716981132,626,0.001594896331738437,0.3652312599681021,0.06539074960127592
group_kfold_seg,3,normal_409,0,0.0,1,105,0.009433962264150943,0.41943525028043194,0.10377358490566038,0.19505576967958854,0.18867924528301888,626,0.001594896331738437,0.03349282296650718,0.10047846889952153
group_kfold_seg,3,normal_410,0,0.0,9,105,0.009433962264150943,0.6744049287131123,0.018867924528301886,0.3929428680137299,0.04716981132075472,626,0.001594896331738437,0.007974481658692184,0.011164274322169059
group_kfold_seg,3,normal_411,0,0.0,9,105,0.009433962264150943,0.3816319693586303,0.14150943396226415,0.3522732653669687,0.0660377358490566,626,0.001594896331738437,0.04784688995215311,0.02073365231259968
group_kfold_seg,3,normal_424,0,1.0,6,105,0.009433962264150943,0.23178351350003984,0.7169811320754716,0.14154335156603268,0.3490566037735849,626,0.001594896331738437,0.3652312599681021,0.15629984051036683
group_kfold_seg,3,normal_429,0,1.0,6,105,0.009433962264150943,0.3103559885740888,0.2830188679245283,0.19670478706569738,0.16981132075471697,626,0.001594896331738437,0.11642743221690591,0.09250398724082935
group_kfold_seg,3,normal_431,0,1.0,4,105,0.009433962264150943,0.41685150087632517,0.10377358490566038,0.1555827738192371,0.2830188679245283,626,0.001594896331738437,0.03349282296650718,0.13556618819776714
group_kfold_seg,3,normal_434,0,1.0,8,105,0.009433962264150943,0.2964838488124683,0.37735849056603776,0.14574554417552063,0.3490566037735849,626,0.001594896331738437,0.14992025518341306,0.15311004784688995
group_kfold_seg,3,normal_436,0,1.0,3,105,0.009433962264150943,0.6748016143199124,0.018867924528301886,0.15408044574975543,0.3018867924528302,626,0.001594896331738437,0.007974481658692184,0.14035087719298245
group_kfold_seg,3,normal_438,0,0.0,9,105,0.009433962264150943,0.4136320283460865,0.10377358490566038,0.18644553077724596,0.19811320754716982,626,0.001594896331738437,0.03349282296650718,0.10685805422647528
group_kfold_seg,3,normal_440,0,0.0,5,105,0.009433962264150943,0.3553428750928205,0.18867924528301888,0.3553428750928205,0.05660377358490566,626,0.001594896331738437,0.06539074960127592,0.019138755980861243
group_kfold_seg,3,normal_445,0,0.0,7,105,0.009433962264150943,0.4656858452201478,0.08490566037735849,0.23882421798945833,0.10377358490566038,626,0.001594896331738437,0.02711323763955343,0.06060606060606061
group_kfold_seg,3,normal_457,0,1.0,4,105,0.009433962264150943,0.296173796015252,0.37735849056603776,0.1408679866947697,0.3490566037735849,626,0.001594896331738437,0.15151515151515152,0.15629984051036683
group_kfold_seg,3,normal_458,0,0.0,2,105,0.009433962264150943,0.2883471104556649,0.41509433962264153,0.19283980951904064,0.18867924528301888,626,0.001594896331738437,0.16905901116427433,0.10047846889952153
group_kfold_seg,3,normal_461,0,1.0,8,105,0.009433962264150943,0.526596368827231,0.05660377358490566,0.12168364968520372,0.5,626,0.001594896331738437,0.02073365231259968,0.21052631578947367
group_kfold_seg,3,normal_467,0,0.0,8,105,0.009433962264150943,0.2480639451184008,0.6037735849056604,0.2480639451184008,0.09433962264150944,626,0.001594896331738437,0.291866028708134,0.051036682615629984
group_kfold_seg,3,normal_471,0,1.0,1,105,0.009433962264150943,0.09029972494302473,1.0,0.03486269638934161,0.9905660377358491,626,0.001594896331738437,1.0,0.9665071770334929
group_kfold_seg,3,normal_472,0,1.0,9,105,0.009433962264150943,0.33361116336892904,0.2169811320754717,0.2896646513262642,0.08490566037735849,626,0.001594896331738437,0.08771929824561403,0.03668261562998405
group_kfold_seg,3,normal_477,0,1.0,9,105,0.009433962264150943,0.3735353896765961,0.16037735849056603,0.09007588191720453,0.7641509433962265,626,0.001594896331738437,0.05263157894736842,0.3397129186602871
group_kfold_seg,3,normal_482,0,1.0,9,105,0.009433962264150943,0.24791196281044553,0.6037735849056604,0.17040266347719232,0.24528301886792453,626,0.001594896331738437,0.291866028708134,0.12440191387559808
group_kfold_seg,3,normal_486,0,1.0,7,105,0.009433962264150943,0.25094169186282006,0.5943396226415094,0.06872489703705441,0.8584905660377359,626,0.001594896331738437,0.2838915470494418,0.5055821371610846
group_kfold_seg,3,normal_491,0,1.0,9,105,0.009433962264150943,0.2487085064496757,0.5943396226415094,0.10263094472438174,0.6415094339622641,626,0.001594896331738437,0.2886762360446571,0.27910685805422647
group_kfold_seg,3,normal_493,0,1.0,6,105,0.009433962264150943,0.2076424659889348,0.8679245283018868,0.10887004974998947,0.6132075471698113,626,0.001594896331738437,0.5087719298245614,0.2551834130781499
group_kfold_seg,3,normal_505,0,1.0,9,105,0.009433962264150943,0.23569737737445823,0.6415094339622641,0.11191559368092069,0.5943396226415094,626,0.001594896331738437,0.33811802232854865,0.24401913875598086
group_kfold_seg,3,normal_506,0,1.0,6,105,0.009433962264150943,0.20671548167961118,0.8679245283018868,0.09338052891256238,0.7452830188679245,626,0.001594896331738437,0.518341307814992,0.3253588516746411
group_kfold_seg,3,normal_512,0,1.0,4,105,0.009433962264150943,0.2574484555431229,0.5566037735849056,0.06681015688537767,0.8679245283018868,626,0.001594896331738437,0.25996810207336524,0.5374800637958532
group_kfold_seg,3,normal_527,0,1.0,6,105,0.009433962264150943,0.23522139740338247,0.6415094339622641,0.07024787236420378,0.8584905660377359,626,0.001594896331738437,0.34290271132376393,0.49282296650717705
group_kfold_seg,3,normal_532,0,1.0,9,105,0.009433962264150943,0.256918748661523,0.5566037735849056,0.15544584249019716,0.2830188679245283,626,0.001594896331738437,0.25996810207336524,0.1371610845295056
group_kfold_seg,3,normal_533,0,1.0,6,105,0.009433962264150943,0.18675475526772845,0.8962264150943396,0.08144391895301327,0.7924528301886793,626,0.001594896331738437,0.6379585326953748,0.39553429027113235
group_kfold_seg,3,normal_534,0,1.0,4,105,0.009433962264150943,0.25863116755864934,0.5471698113207547,0.07690392092331287,0.8207547169811321,626,0.001594896331738437,0.2567783094098884,0.4258373205741627
group_kfold_seg,3,normal_535,0,1.0,1,105,0.009433962264150943,0.2093554088151749,0.8584905660377359,0.06471991541297527,0.8773584905660378,626,0.001594896331738437,0.49760765550239233,0.5725677830940988
group_kfold_seg,3,normal_537,0,1.0,9,105,0.009433962264150943,0.20926897555827365,0.8584905660377359,0.11754980307886502,0.5377358490566038,626,0.001594896331738437,0.49920255183413076,0.22488038277511962
group_kfold_seg,3,normal_568,0,1.0,9,105,0.009433962264150943,0.2607777092370906,0.5283018867924528,0.18304839969332212,0.20754716981132076,626,0.001594896331738437,0.24561403508771928,0.11164274322169059
group_kfold_seg,3,normal_570,0,1.0,7,105,0.009433962264150943,0.29069174495812,0.3867924528301887,0.17990017135117836,0.2169811320754717,626,0.001594896331738437,0.16267942583732056,0.11483253588516747
group_kfold_seg,3,normal_583,0,0.0,6,105,0.009433962264150943,0.5301609762191338,0.05660377358490566,0.29884064067685046,0.08490566037735849,626,0.001594896331738437,0.02073365231259968,0.03349282296650718
group_kfold_seg,3,normal_586,0,0.0,9,105,0.009433962264150943,0.18507655377420984,0.8962264150943396,0.18507655377420984,0.19811320754716982,626,0.001594896331738437,0.6443381180223285,0.10685805422647528
group_kfold_seg,3,normal_587,0,1.0,9,105,0.009433962264150943,0.3458681992224914,0.20754716981132076,0.15545838848406826,0.2830188679245283,626,0.001594896331738437,0.07655502392344497,0.1371610845295056
group_kfold_seg,3,normal_592,0,0.0,9,105,0.009433962264150943,0.26301563334842903,0.5188679245283019,0.21026323995845747,0.16037735849056603,626,0.001594896331738437,0.23604465709728867,0.08133971291866028
group_kfold_seg,3,normal_597,0,0.0,9,105,0.009433962264150943,0.2779963272802754,0.42452830188679247,0.2305014897197179,0.11320754716981132,626,0.001594896331738437,0.18660287081339713,0.06539074960127592
group_kfold_seg,3,outlier_8,1,,4,105,0.009433962264150943,26.498741636374557,0.009433962264150943,26.498741636374557,0.009433962264150943,626,0.001594896331738437,0.001594896331738437,0.001594896331738437
group_kfold_seg,3,outlier_11,1,,9,105,0.009433962264150943,22.556647074065673,0.009433962264150943,16.892073431061586,0.009433962264150943,626,0.001594896331738437,0.001594896331738437,0.001594896331738437
group_kfold_seg,3,outlier_16,1,,9,105,0.009433962264150943,37.97393678673864,0.009433962264150943,37.97393678673864,0.009433962264150943,626,0.001594896331738437,0.001594896331738437,0.001594896331738437
group_kfold_seg,4,normal_0,0,0.0,7,106,0.009345794392523364,0.3410273504778493,0.19626168224299065,0.3349350503250949,0.06542056074766354,636,0.0015698587127158557,0.07221350078492936,0.023547880690737835
group_kfold_seg,4,normal_5,0,0.0,9,106,0.009345794392523364,0.3431356535785081,0.19626168224299065,0.25509572537418557,0.11214953271028037,636,0.0015698587127158557,0.06907378335949764,0.05023547880690738
group_kfold_seg,4,normal_10,0,0.0,9,106,0.009345794392523364,0.2962109155641218,0.2897196261682243,0.2953596778478503,0.08411214953271028,636,0.0015698587127158557,0.12872841444270017,0.03610675039246468
group_kfold_seg,4,normal_11,0,1.0,9,106,0.009345794392523364,0.4764667245054915,0.06542056074766354,0.2249170522757626,0.14953271028037382,636,0.0015698587127158557,0.02040816326530612,0.07849293563579278
group_kfold_seg,4,normal_12,0,0.0,7,106,0.009345794392523364,0.3852288849407439,0.12149532710280374,0.2934853038151562,0.08411214953271028,636,0.0015698587127158557,0.04395604395604396,0.03610675039246468
group_kfold_seg,4,normal_18,0,1.0,6,106,0.009345794392523364,0.2431975108748089,0.616822429906542,0.0753899974120683,0.6635514018691588,636,0.0015698587127158557,0.2653061224489796,0.34222919937205654
group_kfold_seg,4,normal_31,0,0.0,1,106,0.009345794392523364,0.18979605491925539,0.8691588785046729,0.10299307674624042,0.42990654205607476,636,0.0015698587127158557,0.5808477237048666,0.24332810047095763
group_kfold_seg,4,normal_33,0,0.0,9,106,0.009345794392523364,0.7573744682004522,0.018691588785046728,0.5557895669061962,0.018691588785046728,636,0.0015698587127158557,0.007849293563579277,0.004709576138147566
group_kfold_seg,4,normal_34,0,0.0,9,106,0.009345794392523364,0.40562416530957124,0.102803738317757,0.30874866034747755,0.07476635514018691,636,0.0015698587127158557,0.03296703296703297,0.0282574568288854
group_kfold_seg,4,normal_47,0,0.0,9,106,0.009345794392523364,0.34060184410325883,0.19626168224299065,0.34060184410325883,0.06542056074766354,636,0.0015698587127158557,0.07221350078492936,0.023547880690737835
group_kfold_seg,4,normal_50,0,0.0,3,106,0.009345794392523364,0.29489184943179925,0.2897196261682243,0.29489184943179925,0.08411214953271028,636,0.0015698587127158557,0.130298273155416,0.03610675039246468
group_kfold_seg,4,normal_53,0,0.0,9,106,0.009345794392523364,0.3649304718192588,0.14953271028037382,0.3649304718192588,0.06542056074766354,636,0.0015698587127158557,0.05023547880690738,0.015698587127158554
group_kfold_seg,4,normal_55,0,0.0,9,106,0.009345794392523364,0.432654571330884,0.102803738317757,0.432654571330884,0.037383177570093455,636,0.0015698587127158557,0.029827315541601257,0.007849293563579277
group_kfold_seg,4,normal_59,0,0.0,9,106,0.009345794392523364,0.1983185225845499,0.8598130841121495,0.1983185225845499,0.17757009345794392,636,0.0015698587127158557,0.5149136577708007,0.0989010989010989
group_kfold_seg,4,normal_72,0,1.0,9,106,0.009345794392523364,0.4221147504735713,0.102803738317757,0.34062668467078094,0.06542056074766354,636,0.0015698587127158557,0.029827315541601257,0.023547880690737835
group_kfold_seg,4,normal_75,0,0.0,9,106,0.009345794392523364,0.30944576417960973,0.2616822429906542,0.189431223448213,0.17757009345794392,636,0.0015698587127158557,0.10518053375196232,0.10832025117739404
group_kfold_seg,4,normal_78,0,1.0,9,106,0.009345794392523364,0.28793372968493625,0.29906542056074764,0.10359998840355451,0.4205607476635514,636,0.0015698587127158557,0.13500784929356358,0.24175824175824176
group_kfold_seg,4,normal_80,0,1.0,7,106,0.009345794392523364,0.35710239008834443,0.16822429906542055,0.09029061361657216,0.514018691588785,636,0.0015698587127158557,0.054945054945054944,0.2794348508634223
group_kfold_seg,4,normal_89,0,0.0,9,106,0.009345794392523364,0.3136243731187168,0.2523364485981308,0.3136243731187168,0.06542056074766354,636,0.0015698587127158557,0.0989010989010989,0.026687598116169546
group_kfold_seg,4,normal_91,0,1.0,6,106,0.009345794392523364,0.377715479562457,0.14018691588785046,0.12311184270017465,0.35514018691588783,636,0.0015698587127158557,0.04866562009419152,0.20408163265306123
group_kfold_seg,4,normal_95,0,0.0,9,106,0.009345794392523364,0.3895385253634086,0.12149532710280374,0.330154366546561,0.06542056074766354,636,0.0015698587127158557,0.04081632653061224,0.023547880690737835
group_kfold_seg,4,normal_96,0,1.0,6,106,0.009345794392523364,0.3031238840356975,0.27102803738317754,0.1968669487331953,0.17757009345794392,636,0.0015698587127158557,0.1130298273155416,0.0989010989010989
group_kfold_seg,4,normal_100,0,1.0,9,106,0.009345794392523364,0.3711730263748917,0.14018691588785046,0.13482597228272045,0.308411214953271,636,0.0015698587127158557,0.04866562009419152,0.18681318681318682
group_kfold_seg,4,normal_102,0,1.0,8,106,0.009345794392523364,0.28215843468575236,0.3644859813084112,0.1852523203685515,0.18691588785046728,636,0.0015698587127158557,0.15855572998430142,0.11145996860282574
group_kfold_seg,4,normal_104,0,1.0,5,106,0.009345794392523364,0.39115317094732194,0.12149532710280374,0.14627485846901084,0.24299065420560748,636,0.0015698587127158557,0.04081632653061224,0.16483516483516483
group_kfold_seg,4,normal_105,0,1.0,3,106,0.009345794392523364,0.24626547931254092,0.5794392523364486,0.0515174167198161,0.8878504672897196,636,0.0015698587127158557,0.25588697017268447,0.5510204081632653
group_kfold_seg,4,normal_108,0,0.0,9,106,0.009345794392523364,0.2983069761162603,0.2897196261682243,0.2983069761162603,0.08411214953271028,636,0.0015698587127158557,0.12087912087912088,0.03453689167974882
group_kfold_seg,4,normal_111,0,0.0,1,106,0.009345794392523364,0.2489751695725426,0.5514018691588785,0.2489751695725426,0.12149532710280374,636,0.0015698587127158557,0.23861852433281006,0.05337519623233909
group_kfold_seg,4,normal_126,0,1.0,9,106,0.009345794392523364,0.36912455376774916,0.14018691588785046,0.13665091450055702,0.2897196261682243,636,0.0015698587127158557,0.04866562009419152,0.18053375196232338
group_kfold_seg,4,normal_127,0,0.0,8,106,0.009345794392523364,0.8152727517542399,0.018691588785046728,0.48377186509573594,0.018691588785046728,636,0.0015698587127158557,0.007849293563579277,0.004709576138147566
group_kfold_seg,4,normal_133,0,0.0,6,106,0.009345794392523364,0.27708249416863673,0.3925233644859813,0.27708249416863673,0.102803738317757,636,0.0015698587127158557,0.1664050235478807,0.0423861852433281
group_kfold_seg,4,normal_134,0,1.0,3,106,0.009345794392523364,0.2549723674108531,0.4672897196261682,0.05904100656188466,0.8130841121495327,636,0.0015698587127158557,0.2150706436420722,0.45054945054945056
group_kfold_seg,4,normal_144,0,0.0,9,106,0.009345794392523364,0.5755835451381005,0.037383177570093455,0.5755835451381005,0.018691588785046728,636,0.0015698587127158557,0.0141287284144427,0.0031397174254317113
group_kfold_seg,4,normal_149,0,0.0,2,106,0.009345794392523364,1.069598841352584,0.018691588785046728,0.32547296818502514,0.06542056074766354,636,0.0015698587127158557,0.006279434850863423,0.02511773940345369
group_kfold_seg,4,normal_167,0,1.0,2,106,0.009345794392523364,0.6329470454514055,0.037383177570093455,0.099789324536895,0.4766355140186916,636,0.0015698587127158557,0.01098901098901099,0.25745682888540034
group_kfold_seg,4,normal_170,0,0.0,7,106,0.009345794392523364,0.7364527546241291,0.018691588785046728,0.42807812043825455,0.037383177570093455,636,0.0015698587127158557,0.007849293563579277,0.007849293563579277
group_kfold_seg,4,normal_171,0,0.0,4,106,0.009345794392523364,0.3394471675863922,0.19626168224299065,0.24234801234275505,0.1308411214953271,636,0.0015698587127158557,0.07378335949764521,0.061224489795918366
group_kfold_seg,4,normal_173,0,0.0,1,106,0.009345794392523364,0.3680810067292839,0.14018691588785046,0.3622372283892334,0.06542056074766354,636,0.0015698587127158557,0.04866562009419152,0.015698587127158554
group_kfold_seg,4,normal_181,0,0.0,9,106,0.009345794392523364,0.24075763232779654,0.616822429906542,0.24075763232779654,0.1308411214953271,636,0.0015698587127158557,0.28100470957613816,0.06279434850863422
group_kfold_seg,4,normal_182,0,1.0,8,106,0.009345794392523364,0.3092770077701163,0.2616822429906542,0.08440671479175818,0.5887850467289719,636,0.0015698587127158557,0.10675039246467818,0.3108320251177394
group_kfold_seg,4,normal_185,0,1.0,3,106,0.009345794392523364,0.2926975925769201,0.2897196261682243,0.09353280377770141,0.4953271028037383,636,0.0015698587127158557,0.130298273155416,0.271585557299843
group_kfold_seg,4,normal_192,0,1.0,9,106,0.009345794392523364,0.3680109171185574,0.14018691588785046,0.30696833576063143,0.07476635514018691,636,0.0015698587127158557,0.04866562009419152,0.0282574568288854
group_kfold_seg,4,normal_195,0,1.0,4,106,0.009345794392523364,0.4920329213132934,0.06542056074766354,0.1289242987264946,0.3364485981308411,636,0.0015698587127158557,0.02040816326530612,0.1946624803767661
group_kfold_seg,4,normal_200,0,1.0,5,106,0.009345794392523364,0.20360267418530667,0.8317757009345794,0.172025365316002,0.205607476635514,636,0.0015698587127158557,0.4803767660910518,0.12401883830455258
group_kfold_seg,4,normal_201,0,0.0,3,106,0.009345794392523364,0.9954683952363321,0.018691588785046728,0.4669541898657063,0.018691588785046728,636,0.0015698587127158557,0.006279434850863423,0.004709576138147566
group_kfold_seg,4,normal_204,0,0.0,8,106,0.009345794392523364,0.2923126687570841,0.2897196261682243,0.2923126687570841,0.08411214953271028,636,0.0015698587127158557,0.130298273155416,0.03610675039246468
group_kfold_seg,4,normal_208,0,0.0,1,106,0.009345794392523364,0.19357643119404422,0.8691588785046729,0.08348728276360147,0.6074766355140186,636,0.0015698587127158557,0.5510204081632653,0.3139717425431711
group_kfold_seg,4,normal_219,0,0.0,3,106,0.009345794392523364,0.30933325401019296,0.2616822429906542,0.30933325401019296,0.07476635514018691,636,0.0015698587127158557,0.10675039246467818,0.0282574568288854
group_kfold_seg,4,normal_220,0,1.0,1,106,0.009345794392523364,0.2875722218661279,0.29906542056074764,0.030352354581328025,0.9719626168224299,636,0.0015698587127158557,0.13500784929356358,0.9183673469387755
group_kfold_seg,4,normal_223,0,1.0,7,106,0.009345794392523364,0.5942246955205076,0.037383177570093455,0.15704066279484916,0.2336448598130841,636,0.0015698587127158557,0.01098901098901099,0.15698587127158556
group_kfold_seg,4,normal_235,0,0.0,7,106,0.009345794392523364,0.37954452893479373,0.14018691588785046,0.37954452893479373,0.056074766355140186,636,0.0015698587127158557,0.04709576138147567,0.012558869701726845
group_kfold_seg,4,normal_248,0,0.0,6,106,0.009345794392523364,0.2664988145012899,0.411214953271028,0.2664988145012899,0.102803738317757,636,0.0015698587127158557,0.18524332810047095,0.04709576138147567
group_kfold_seg,4,normal_253,0,0.0,6,106,0.009345794392523364,0.42729792238590414,0.102803738317757,0.251506278513124,0.12149532710280374,636,0.0015698587127158557,0.029827315541601257,0.05180533751962323
group_kfold_seg,4,normal_261,0,0.0,3,106,0.009345794392523364,0.3120968563909327,0.2616822429906542,0.3120968563909327,0.06542056074766354,636,0.0015698587127158557,0.10204081632653061,0.026687598116169546
group_kfold_seg,4,normal_271,0,0.0,9,106,0.009345794392523364,0.33073849900058677,0.205607476635514,0.33073849900058677,0.06542056074766354,636,0.0015698587127158557,0.07692307692307693,0.023547880690737835
group_kfold_seg,4,normal_273,0,0.0,8,106,0.009345794392523364,0.3554103252478282,0.16822429906542055,0.1433954320178394,0.2523364485981308,636,0.0015698587127158557,0.054945054945054944,0.17111459968602827
group_kfold_seg,4,normal_295,0,0.0,4,106,0.009345794392523364,0.3100490066146955,0.2616822429906542,0.3100490066146955,0.07476635514018691,636,0.0015698587127158557,0.10361067503924647,0.0282574568288854
group_kfold_seg,4,normal_300,0,0.0,6,106,0.009345794392523364,0.4993919665723416,0.06542056074766354,0.46531794071163024,0.028037383177570093,636,0.0015698587127158557,0.02040816326530612,0.006279434850863423
group_kfold_seg,4,normal_301,0,0.0,3,106,0.009345794392523364,0.400708579065393,0.11214953271028037,0.3582400840598268,0.06542056074766354,636,0.0015698587127158557,0.03453689167974882,0.01726844583987441
group_kfold_seg,4,normal_304,0,1.0,9,106,0.009345794392523364,0.8455189378696378,0.018691588785046728,0.12980591435414288,0.3364485981308411,636,0.0015698587127158557,0.007849293563579277,0.1946624803767661
group_kfold_seg,4,normal_325,0,0.0,5,106,0.009345794392523364,0.24447618158721252,0.6074766355140186,0.24447618158721252,0.1308411214953271,636,0.0015698587127158557,0.2621664050235479,0.058084772370486655
group_kfold_seg,4,normal_326,0,1.0,2,106,0.009345794392523364,0.24962863232223106,0.5420560747663551,0.07191304936908684,0.7009345794392523,636,0.0015698587127158557,0.23547880690737832,0.36106750392464676
group_kfold_seg,4,normal_328,0,0.0,9,106,0.009345794392523364,0.47115895481553927,0.07476635514018691,0.47115895481553927,0.018691588785046728,636,0.0015698587127158557,0.02197802197802198,0.004709576138147566
group_kfold_seg,4,normal_329,0,0.0,9,106,0.009345794392523364,0.33264919347403865,0.205607476635514,0.33264919347403865,0.06542056074766354,636,0.0015698587127158557,0.07535321821036106,0.023547880690737835
group_kfold_seg,4,normal_330,0,1.0,7,106,0.009345794392523364,0.415252234082871,0.102803738317757,0.14445382614171023,0.2523364485981308,636,0.0015698587127158557,0.029827315541601257,0.16797488226059654
group_kfold_seg,4,normal_337,0,1.0,5,106,0.009345794392523364,0.2393937296078084,0.6261682242990654,0.13381538919541358,0.3177570093457944,636,0.0015698587127158557,0.29513343799058084,0.18838304552590268
group_kfold_seg,4,normal_345,0,0.0,1,106,0.009345794392523364,0.3276028209215231,0.22429906542056074,0.3276028209215231,0.06542056074766354,636,0.0015698587127158557,0.0847723704866562,0.02511773940345369
group_kfold_seg,4,normal_356,0,1.0,5,106,0.009345794392523364,0.24156193186947253,0.616822429906542,0.07467968611220896,0.6728971962616822,636,0.0015698587127158557,0.2731554160125589,0.3469387755102041
group_kfold_seg,4,normal_362,0,0.0,5,106,0.009345794392523364,0.39067225673503647,0.12149532710280374,0.27435336502701635,0.102803738317757,636,0.0015698587127158557,0.04081632653061224,0.04395604395604396
group_kfold_seg,4,normal_379,0,0.0,7,106,0.009345794392523364,0.39200741992297894,0.12149532710280374,0.39200741992297894,0.04672897196261682,636,0.0015698587127158557,0.03924646781789639,0.01098901098901099
group_kfold_seg,4,normal_385,0,1.0,7,106,0.009345794392523364,0.4551334425781384,0.08411214953271028,0.09658148269524335,0.48598130841121495,636,0.0015698587127158557,0.023547880690737835,0.26373626373626374
group_kfold_seg,4,normal_395,0,0.0,9,106,0.009345794392523364,0.4148930650637951,0.102803738317757,0.2723280175881014,0.102803738317757,636,0.0015698587127158557,0.029827315541601257,0.04395604395604396
group_kfold_seg,4,normal_398,0,0.0,3,106,0.009345794392523364,0.2884178087025903,0.29906542056074764,0.1770847289950775,0.18691588785046728,636,0.0015698587127158557,0.13500784929356358,0.11930926216640503
group_kfold_seg,4,normal_406,0,0.0,9,106,0.009345794392523364,0.28369234177838826,0.3364485981308411,0.24694000621604656,0.12149532710280374,636,0.0015698587127158557,0.14913657770800628,0.054945054945054944
group_kfold_seg,4,normal_414,0,0.0,2,106,0.009345794392523364,0.5129631988390265,0.06542056074766354,0.5129631988390265,0.018691588785046728,636,0.0015698587127158557,0.02040816326530612,0.004709576138147566
group_kfold_seg,4,normal_419,0,0.0,6,106,0.009345794392523364,0.43934538247742166,0.102803738317757,0.43934538247742166,0.037383177570093455,636,0.0015698587127158557,0.029827315541601257,0.007849293563579277
group_kfold_seg,4,normal_428,0,0.0,9,106,0.009345794392523364,0.30075451618232424,0.27102803738317754,0.16984512400798904,0.205607476635514,636,0.0015698587127158557,0.11773940345368916,0.12558869701726844
group_kfold_seg,4,normal_430,0,0.0,4,106,0.009345794392523364,0.23839673261591457,0.6261682242990654,0.23839673261591457,0.1308411214953271,636,0.0015698587127158557,0.29984301412872844,0.06593406593406594
group_kfold_seg,4,normal_432,0,0.0,1,106,0.009345794392523364,0.20761962977610207,0.8037383177570093,0.20761962977610207,0.17757009345794392,636,0.0015698587127158557,0.4489795918367347,0.09419152276295134
group_kfold_seg,4,normal_452,0,0.0,3,106,0.009345794392523364,0.48869448154792383,0.06542056074766354,0.2626750702294821,0.11214953271028037,636,0.0015698587127158557,0.02040816326530612,0.05023547880690738
group_kfold_seg,4,normal_464,0,1.0,3,106,0.009345794392523364,0.3482335315254011,0.19626168224299065,0.0627479630922075,0.7850467289719626,636,0.0015698587127158557,0.06593406593406594,0.4175824175824176
group_kfold_seg,4,normal_469,0,0.0,6,106,0.009345794392523364,0.45391081282178275,0.08411214953271028,0.45391081282178275,0.028037383177570093,636,0.0015698587127158557,0.023547880690737835,0.006279434850863423
group_kfold_seg,4,normal_474,0,1.0,6,106,0.009345794392523364,0.32982291855662427,0.205607476635514,0.05934897345347572,0.8037383177570093,636,0.0015698587127158557,0.07849293563579278,0.44583987441130296
group_kfold_seg,4,normal_478,0,1.0,9,106,0.009345794392523364,0.2578429759411239,0.45794392523364486,0.09781899695145722,0.48598130841121495,636,0.0015698587127158557,0.20722135007849293,0.2621664050235479
group_kfold_seg,4,normal_484,0,1.0,7,106,0.009345794392523364,0.21988941026425393,0.7383177570093458,0.07350065596065107,0.6822429906542056,636,0.0015698587127158557,0.37676609105180536,0.35478806907378335
group_kfold_seg,4,normal_492,0,1.0,9,106,0.009345794392523364,0.28308435166618323,0.3644859813084112,0.13745183162220515,0.2803738317757009,636,0.0015698587127158557,0.15698587127158556,0.17896389324960754
group_kfold_seg,4,normal_495,0,1.0,2,106,0.009345794392523364,0.172192961771702,0.9065420560747663,0.046110987831748225,0.9158878504672897,636,0.0015698587127158557,0.6907378335949764,0.640502354788069
group_kfold_seg,4,normal_496,0,1.0,1,106,0.009345794392523364,0.2445263920873125,0.6074766355140186,0.01730378336551872,1.0,636,0.0015698587127158557,0.2621664050235479,0.9968602825745683
group_kfold_seg,4,normal_501,0,1.0,3,106,0.009345794392523364,0.23527167688123612,0.6355140186915887,0.07928120893495194,0.6448598130841121,636,0.0015698587127158557,0.3108320251177394,0.3281004709576138
group_kfold_seg,4,normal_504,0,1.0,9,106,0.009345794392523364,0.24425979540639525,0.6074766355140186,0.0816896514931113,0.616822429906542,636,0.0015698587127158557,0.2621664050235479,0.31868131868131866
group_kfold_seg,4,normal_516,0,1.0,7,106,0.009345794392523364,0.22385618818185776,0.7102803738317757,0.09393304535443071,0.4953271028037383,636,0.0015698587127158557,0.3563579277864992,0.271585557299843
group_kfold_seg,4,normal_520,0,1.0,9,106,0.009345794392523364,0.16323761625750555,0.9065420560747663,0.07588292180013381,0.6635514018691588,636,0.0015698587127158557,0.7441130298273155,0.34065934065934067
group_kfold_seg,4,normal_524,0,1.0,9,106,0.009345794392523364,0.20738778072718228,0.8037383177570093,0.09129757117340737,0.514018691588785,636,0.0015698587127158557,0.4489795918367347,0.2778649921507064
group_kfold_seg,4,normal_536,0,1.0,9,106,0.009345794392523364,0.22573200640699062,0.6822429906542056,0.08378328332455784,0.5981308411214953,636,0.0015698587127158557,0.34379905808477235,0.31240188383045525
group_kfold_seg,4,normal_538,0,1.0,6,106,0.009345794392523364,0.2262027715482416,0.6822429906542056,0.13818753083630447,0.2803738317757009,636,0.0015698587127158557,0.34222919937205654,0.17896389324960754
group_kfold_seg,4,normal_539,0,1.0,3,106,0.009345794392523364,0.2082033663980374,0.8037383177570093,0.09156870041714328,0.514018691588785,636,0.0015698587127158557,0.44427001569858715,0.2778649921507064
group_kfold_seg,4,normal_548,0,1.0,9,106,0.009345794392523364,0.28345129758233967,0.3364485981308411,0.15858492053527498,0.2336448598130841,636,0.0015698587127158557,0.14913657770800628,0.152276295133438
group_kfold_seg,4,normal_549,0,1.0,8,106,0.009345794392523364,0.30269263844603594,0.27102803738317754,0.048671560754986874,0.8878504672897196,636,0.0015698587127158557,0.1130298273155416,0.5855572998430141
group_kfold_seg,4,normal_556,0,1.0,9,106,0.009345794392523364,0.26084371695976294,0.42990654205607476,0.10283868788240887,0.42990654205607476,636,0.0015698587127158557,0.1946624803767661,0.24489795918367346
group_kfold_seg,4,normal_564,0,0.0,5,106,0.009345794392523364,0.22300664625455632,0.719626168224299,0.22300664625455632,0.14953271028037382,636,0.0015698587127158557,0.35949764521193095,0.08006279434850863
group_kfold_seg,4,normal_576,0,1.0,8,106,0.009345794392523364,0.30112848111330187,0.27102803738317754,0.19673084452217746,0.17757009345794392,636,0.0015698587127158557,0.11616954474097331,0.0989010989010989
group_kfold_seg,4,normal_579,0,1.0,3,106,0.009345794392523364,0.26137042093970925,0.4205607476635514,0.1392908535608663,0.2803738317757009,636,0.0015698587127158557,0.19152276295133439,0.17896389324960754
group_kfold_seg,4,normal_581,0,1.0,9,106,0.009345794392523364,0.28766626476439255,0.29906542056074764,0.06660740979504913,0.7663551401869159,636,0.0015698587127158557,0.13500784929356358,0.39717425431711145
group_kfold_seg,4,normal_582,0,1.0,9,106,0.009345794392523364,0.635673500799248,0.028037383177570093,0.09052782265806371,0.514018691588785,636,0.0015698587127158557,0.009419152276295133,0.2794348508634223
group_kfold_seg,4,normal_588,0,1.0,7,106,0.009345794392523364,0.2901284926729196,0.2897196261682243,0.060864322528038604,0.794392523364486,636,0.0015698587127158557,0.13343799058084774,0.4317111459968603
group_kfold_seg,4,outlier_3,1,,5,106,0.009345794392523364,43.81536298058465,0.009345794392523364,33.32248005921325,0.009345794392523364,636,0.0015698587127158557,0.0015698587127158557,0.0015698587127158557
group_kfold_seg,4,outlier_12,1,,7,106,0.009345794392523364,39.98315823867711,0.009345794392523364,39.98315823867711,0.009345794392523364,636,0.0015698587127158557,0.0015698587127158557,0.0015698587127158557
group_kfold_seg,4,outlier_18,1,,3,106,0.009345794392523364,58.33588620006546,0.009345794392523364,38.95173450728829,0.009345794392523364,636,0.0015698587127158557,0.0015698587127158557,0.0015698587127158557
time_block,1,normal_120,0,1.0,9,28,0.034482758620689655,0.2775729015030932,0.8275862068965517,0.26711509978485476,0.4482758620689655,169,0.0058823529411764705,0.47058823529411764,0.12352941176470589
time_block,1,normal_121,0,1.0,7,28,0.034482758620689655,0.25046612153074505,0.9310344827586207,0.20427875282285987,0.7931034482758621,169,0.0058823529411764705,0.5588235294117647,0.32941176470588235
time_block,1,normal_122,0,0.0,4,28,0.034482758620689655,0.6336109304440969,0.06896551724137931,0.4382172993490781,0.06896551724137931,169,0.0058823529411764705,0.029411764705882353,0.01764705882352941
time_block,1,normal_123,0,1.0,2,28,0.034482758620689655,0.22497933302367806,1.0,0.17681906110987924,0.896551724137931,169,0.0058823529411764705,0.711764705882353,0.40588235294117647
time_block,1,normal_125,0,0.0,9,28,0.034482758620689655,0.40964346049190403,0.3103448275862069,0.32974755065630224,0.2413793103448276,169,0.0058823529411764705,0.09411764705882353,0.07058823529411765
time_block,1,normal_126,0,1.0,9,28,0.034482758620689655,0.39391413198746666,0.3448275862068966,0.2331439448291153,0.6206896551724138,169,0.0058823529411764705,0.11764705882352941,0.20588235294117646
time_block,1,normal_127,0,0.0,8,28,0.034482758620689655,0.9281298517850499,0.06896551724137931,0.5752784074466298,0.06896551724137931,169,0.0058823529411764705,0.023529411764705882,0.01764705882352941
time_block,1,normal_128,0,0.0,6,28,0.034482758620689655,0.43071455564007627,0.1724137931034483,0.3894981484099051,0.10344827586206896,169,0.0058823529411764705,0.07058823529411765,0.023529411764705882
time_block,1,normal_129,0,1.0,3,28,0.034482758620689655,0.4054235358620146,0.3448275862068966,0.3810029474939575,0.10344827586206896,169,0.0058823529411764705,0.10588235294117647,0.023529411764705882
time_block,1,normal_131,0,1.0,9,28,0.034482758620689655,0.2633047836947503,0.8620689655172413,0.2528702216407864,0.5172413793103449,169,0.0058823529411764705,0.5058823529411764,0.14705882352941177
time_block,1,normal_132,0,1.0,8,28,0.034482758620689655,0.21476098786137188,1.0,0.19080044646532401,0.896551724137931,169,0.0058823529411764705,0.7647058823529411,0.37058823529411766
time_block,1,normal_133,0,0.0,6,28,0.034482758620689655,0.3251844239193594,0.7241379310344828,0.23310791902551595,0.6206896551724138,169,0.0058823529411764705,0.3058823529411765,0.20588235294117646
time_block,1,normal_134,0,1.0,3,28,0.034482758620689655,0.2632193904932893,0.8620689655172413,0.15256093871031803,0.896551724137931,169,0.0058823529411764705,0.5058823529411764,0.5647058823529412
time_block,1,normal_136,0,0.0,9,28,0.034482758620689655,0.2803138636443348,0.8275862068965517,0.2077542936752909,0.7931034482758621,169,0.0058823529411764705,0.47058823529411764,0.3176470588235294
time_block,1,normal_137,0,1.0,8,28,0.034482758620689655,0.3468956406687695,0.6551724137931034,0.22858170253785828,0.6896551724137931,169,0.0058823529411764705,0.23529411764705882,0.22941176470588234
time_block,1,normal_138,0,1.0,8,28,0.034482758620689655,0.6032921820982657,0.06896551724137931,0.2031100393789434,0.7931034482758621,169,0.0058823529411764705,0.03529411764705882,0.32941176470588235
time_block,1,normal_139,0,1.0,6,28,0.034482758620689655,0.3437410729603875,0.6896551724137931,0.23563418533082306,0.6206896551724138,169,0.0058823529411764705,0.2411764705882353,0.20588235294117646
time_block,1,normal_140,0,0.0,3,28,0.034482758620689655,0.2901873027548925,0.7931034482758621,0.2721596311114481,0.41379310344827586,169,0.0058823529411764705,0.4470588235294118,0.11764705882352941
time_block,1,normal_141,0,1.0,1,28,0.034482758620689655,0.2571447006015671,0.8620689655172413,0.11742777545276153,0.896551724137931,169,0.0058823529411764705,0.5117647058823529,0.7058823529411765
time_block,1,normal_144,0,0.0,9,28,0.034482758620689655,0.5687023303927194,0.06896551724137931,0.5687023303927194,0.06896551724137931,169,0.0058823529411764705,0.03529411764705882,0.01764705882352941
time_block,1,normal_145,0,0.0,9,28,0.034482758620689655,0.5868460558719093,0.06896551724137931,0.34200377101520435,0.2413793103448276,169,0.0058823529411764705,0.03529411764705882,0.058823529411764705
time_block,1,normal_146,0,1.0,7,28,0.034482758620689655,0.3606338437692822,0.5862068965517241,0.25130404014401614,0.5517241379310345,169,0.0058823529411764705,0.2,0.1588235294117647
time_block,1,normal_147,0,0.0,4,28,0.034482758620689655,0.3821579556692863,0.41379310344827586,0.33648188828559933,0.2413793103448276,169,0.0058823529411764705,0.12941176470588237,0.07058823529411765
time_block,1,normal_148,0,1.0,4,28,0.034482758620689655,0.3143499393840105,0.7586206896551724,0.19648392277885662,0.8620689655172413,169,0.0058823529411764705,0.3411764705882353,0.35294117647058826
time_block,1,normal_149,0,0.0,2,28,0.034482758620689655,1.1670545027049593,0.06896551724137931,0.37756660694146815,0.10344827586206896,169,0.0058823529411764705,0.01764705882352941,0.023529411764705882
time_block,1,normal_152,0,1.0,9,28,0.034482758620689655,0.38426665909960955,0.3793103448275862,0.2873163549087424,0.3793103448275862,169,0.0058823529411764705,0.12352941176470589,0.11176470588235295
time_block,1,normal_153,0,1.0,9,28,0.034482758620689655,0.2930427141188768,0.7931034482758621,0.1810329873073469,0.896551724137931,169,0.0058823529411764705,0.43529411764705883,0.38823529411764707
time_block,1,normal_154,0,1.0,8,28,0.034482758620689655,0.2956514749322599,0.7931034482758621,0.2956514749322599,0.3448275862068966,169,0.0058823529411764705,0.4294117647058823,0.1
time_block,1,normal_155,0,0.0,5,28,0.034482758620689655,0.3126443216563778,0.7586206896551724,0.3126443216563778,0.2413793103448276,169,0.0058823529411764705,0.34705882352941175,0.07647058823529412
time_block,1,normal_156,0,1.0,2,28,0.034482758620689655,0.28953564710490215,0.7931034482758621,0.13625974339988464,0.896551724137931,169,0.0058823529411764705,0.4470588235294118,0.6294117647058823
time_block,1,normal_158,0,0.0,9,28,0.034482758620689655,0.2266457894429922,1.0,0.2239562663625246,0.7586206896551724,169,0.0058823529411764705,0.711764705882353,0.25882352941176473
time_block,1,normal_159,0,1.0,9,28,0.034482758620689655,0.35764933492662304,0.5862068965517241,0.22333572081207828,0.7586206896551724,169,0.0058823529411764705,0.2,0.25882352941176473
time_block,1,normal_160,0,0.0,6,28,0.034482758620689655,0.4480298241569371,0.1724137931034483,0.4480298241569371,0.06896551724137931,169,0.0058823529411764705,0.058823529411764705,0.01764705882352941
time_block,1,normal_161,0,0.0,4,28,0.034482758620689655,0.32573528404364893,0.7241379310344828,0.32573528404364893,0.2413793103448276,169,0.0058823529411764705,0.3058823529411765,0.07647058823529412
time_block,1,normal_162,0,1.0,1,28,0.034482758620689655,0.34123790084469546,0.6896551724137931,0.15345328481963186,0.896551724137931,169,0.0058823529411764705,0.2529411764705882,0.5647058823529412
time_block,1,normal_164,0,1.0,9,28,0.034482758620689655,0.5142580149855936,0.06896551724137931,0.23473650920899444,0.6206896551724138,169,0.0058823529411764705,0.03529411764705882,0.20588235294117646
time_block,1,normal_165,0,0.0,7,28,0.034482758620689655,0.6079012713551041,0.06896551724137931,0.3207405350321167,0.2413793103448276,169,0.0058823529411764705,0.03529411764705882,0.07647058823529412
time_block,1,normal_166,0,0.0,5,28,0.034482758620689655,0.34160593189889843,0.6896551724137931,0.2816379408219684,0.3793103448275862,169,0.0058823529411764705,0.2529411764705882,0.11176470588235295
time_block,1,normal_167,0,1.0,2,28,0.034482758620689655,0.6207439187672426,0.06896551724137931,0.29559577846875085,0.3448275862068966,169,0.0058823529411764705,0.03529411764705882,0.1
time_block,1,normal_169,0,1.0,9,28,0.034482758620689655,0.5819686578877901,0.06896551724137931,0.2543536418655119,0.5172413793103449,169,0.0058823529411764705,0.03529411764705882,0.14705882352941177
time_block,1,normal_170,0,0.0,7,28,0.034482758620689655,0.877409126859554,0.06896551724137931,0.4270124643510946,0.06896551724137931,169,0.0058823529411764705,0.023529411764705882,0.01764705882352941
time_block,1,normal_171,0,0.0,4,28,0.034482758620689655,0.37342650800745764,0.5517241379310345,0.28235629230954074,0.3793103448275862,169,0.0058823529411764705,0.16470588235294117,0.11176470588235295
time_block,1,normal_172,0,0.0,4,28,0.034482758620689655,0.3192418611644127,0.7241379310344828,0.3192418611644127,0.2413793103448276,169,0.0058823529411764705,0.3176470588235294,0.07647058823529412
time_block,1,normal_173,0,0.0,1,28,0.034482758620689655,0.356666792993892,0.5862068965517241,0.3261709989298564,0.2413793103448276,169,0.0058823529411764705,0.2,0.07647058823529412
time_block,1,normal_175,0,0.0,9,28,0.034482758620689655,1.243382917901729,0.06896551724137931,0.4152516620075076,0.10344827586206896,169,0.0058823529411764705,0.01764705882352941,0.023529411764705882
time_block,1,normal_176,0,0.0,9,28,0.034482758620689655,0.4303408203840316,0.1724137931034483,0.4303408203840316,0.06896551724137931,169,0.0058823529411764705,0.07058823529411765,0.01764705882352941
time_block,1,normal_177,0,1.0,8,28,0.034482758620689655,0.40863138850986536,0.3448275862068966,0.2714164561806464,0.4482758620689655,169,0.0058823529411764705,0.1,0.12352941176470589
time_block,1,normal_178,0,0.0,5,28,0.034482758620689655,1.5121427565117993,0.06896551724137931,1.5121427565117993,0.034482758620689655,169,0.0058823529411764705,0.01764705882352941,0.0058823529411764705
time_block,1,normal_179,0,0.0,3,28,0.034482758620689655,0.35197323365304517,0.6206896551724138,0.35197323365304517,0.20689655172413793,169,0.0058823529411764705,0.21764705882352942,0.052941176470588235
time_block,1,normal_181,0,0.0,9,28,0.034482758620689655,0.31420240221299206,0.7586206896551724,0.31420240221299206,0.2413793103448276,169,0.0058823529411764705,0.3411764705882353,0.07647058823529412
time_block,1,normal_182,0,1.0,8,28,0.034482758620689655,0.3124009797767482,0.7586206896551724,0.17558470615150368,0.896551724137931,169,0.0058823529411764705,0.34705882352941175,0.43529411764705883
time_block,1,normal_183,0,1.0,5,28,0.034482758620689655,0.4123510970937157,0.3103448275862069,0.1534866817421717,0.896551724137931,169,0.0058823529411764705,0.09411764705882353,0.5647058823529412
time_block,1,normal_184,0,1.0,5,28,0.034482758620689655,0.43661336888595853,0.1724137931034483,0.22436403602015872,0.7586206896551724,169,0.0058823529411764705,0.06470588235294118,0.25882352941176473
time_block,1,normal_185,0,1.0,3,28,0.034482758620689655,0.34493874528048923,0.6896551724137931,0.13266205921210286,0.896551724137931,169,0.0058823529411764705,0.2411764705882353,0.6411764705882353
time_block,1,normal_187,0,1.0,9,28,0.034482758620689655,0.3099385376044167,0.7586206896551724,0.24706308417590117,0.5862068965517241,169,0.0058823529411764705,0.3588235294117647,0.16470588235294117
time_block,1,normal_188,0,0.0,9,28,0.034482758620689655,0.37129814045370974,0.5517241379310345,0.37129814045370974,0.13793103448275862,169,0.0058823529411764705,0.16470588235294117,0.029411764705882353
time_block,1,normal_189,0,0.0,6,28,0.034482758620689655,0.3318091790616488,0.7241379310344828,0.2805947077580273,0.41379310344827586,169,0.0058823529411764705,0.27647058823529413,0.11764705882352941
time_block,1,normal_190,0,1.0,4,28,0.034482758620689655,0.8037892990244225,0.06896551724137931,0.13609231054469223,0.896551724137931,169,0.0058823529411764705,0.023529411764705882,0.6294117647058823
time_block,1,normal_191,0,0.0,1,28,0.034482758620689655,0.25894211112987775,0.8620689655172413,0.25894211112987775,0.4482758620689655,169,0.0058823529411764705,0.5117647058823529,0.12941176470588237
time_block,1,normal_192,0,1.0,9,28,0.034482758620689655,0.37847065055866375,0.5172413793103449,0.31590529526957106,0.2413793103448276,169,0.0058823529411764705,0.14705882352941177,0.07647058823529412
time_block,1,normal_193,0,0.0,9,28,0.034482758620689655,0.43339297608097227,0.1724137931034483,0.3285581008999376,0.2413793103448276,169,0.0058823529411764705,0.06470588235294118,0.07058823529411765
time_block,1,normal_194,0,0.0,7,28,0.034482758620689655,0.4881505535590207,0.1724137931034483,0.28436538107058346,0.3793103448275862,169,0.0058823529411764705,0.058823529411764705,0.11176470588235295
time_block,1,normal_195,0,1.0,4,28,0.034482758620689655,0.5219349241404133,0.06896551724137931,0.4184762208938488,0.10344827586206896,169,0.0058823529411764705,0.03529411764705882,0.023529411764705882
time_block,1,normal_196,0,0.0,2,28,0.034482758620689655,0.32255825571131475,0.7241379310344828,0.23476633251652737,0.6206896551724138,169,0.0058823529411764705,0.3176470588235294,0.20588235294117646
time_block,1,normal_198,0,0.0,9,28,0.034482758620689655,0.5040138045526708,0.06896551724137931,0.5040138045526708,0.06896551724137931,169,0.0058823529411764705,0.03529411764705882,0.01764705882352941
time_block,1,normal_199,0,0.0,8,28,0.034482758620689655,0.24540735388072019,0.9655172413793104,0.23664980817640657,0.6206896551724138,169,0.0058823529411764705,0.5941176470588235,0.19411764705882353
time_block,1,normal_200,0,1.0,5,28,0.034482758620689655,0.21470254593410137,1.0,0.19047893889902942,0.896551724137931,169,0.0058823529411764705,0.7647058823529411,0.37058823529411766
time_block,1,normal_201,0,0.0,3,28,0.034482758620689655,1.0722965324081242,0.06896551724137931,0.4102487445232763,0.10344827586206896,169,0.0058823529411764705,0.01764705882352941,0.023529411764705882
time_block,1,normal_203,0,1.0,9,28,0.034482758620689655,0.4672161394479174,0.1724137931034483,0.3021315429364639,0.27586206896551724,169,0.0058823529411764705,0.058823529411764705,0.08823529411764706
time_block,1,normal_204,0,0.0,8,28,0.034482758620689655,0.34726188643502504,0.6551724137931034,0.34726188643502504,0.20689655172413793,169,0.0058823529411764705,0.23529411764705882,0.052941176470588235
time_block,1,normal_205,0,1.0,5,28,0.034482758620689655,0.22428398898149882,1.0,0.17596859901083683,0.896551724137931,169,0.0058823529411764705,0.7235294117647059,0.4235294117647059
time_block,1,normal_206,0,1.0,3,28,0.034482758620689655,0.22118660917396601,1.0,0.20815364469562633,0.7931034482758621,169,0.0058823529411764705,0.7529411764705882,0.3176470588235294
time_block,1,normal_207,0,0.0,1,28,0.034482758620689655,0.2815568543215502,0.8275862068965517,0.1905979214178755,0.896551724137931,169,0.0058823529411764705,0.4647058823529412,0.37058823529411766
time_block,1,normal_208,0,0.0,1,28,0.034482758620689655,0.21877850144818375,1.0,0.0940158015055889,0.9310344827586207,169,0.0058823529411764705,0.7529411764705882,0.8
time_block,1,normal_209,0,0.0,9,28,0.034482758620689655,0.50983337065685,0.06896551724137931,0.50983337065685,0.06896551724137931,169,0.0058823529411764705,0.03529411764705882,0.01764705882352941
time_block,1,normal_210,0,1.0,9,28,0.034482758620689655,0.30177875500806,0.7931034482758621,0.1908777007921004,0.896551724137931,169,0.0058823529411764705,0.4117647058823529,0.37058823529411766
time_block,1,normal_211,0,0.0,9,28,0.034482758620689655,0.3167294480705528,0.7586206896551724,0.27106540152139763,0.4482758620689655,169,0.0058823529411764705,0.3352941176470588,0.12352941176470589
time_block,1,normal_212,0,0.0,6,28,0.034482758620689655,0.40769295285166657,0.3448275862068966,0.40769295285166657,0.10344827586206896,169,0.0058823529411764705,0.1,0.023529411764705882
time_block,1,normal_213,0,1.0,3,28,0.034482758620689655,0.3012713928392588,0.7931034482758621,0.18732202867783368,0.896551724137931,169,0.0058823529411764705,0.4176470588235294,0.37058823529411766
time_block,1,normal_214,0,1.0,1,28,0.034482758620689655,0.14508639415486624,1.0,0.14508639415486624,0.896551724137931,169,0.0058823529411764705,0.9764705882352941,0.6176470588235294
time_block,1,normal_215,0,1.0,1,28,0.034482758620689655,0.4115139234951328,0.3103448275862069,0.08336682225321489,0.9310344827586207,169,0.0058823529411764705,0.09411764705882353,0.8647058823529412
time_block,1,normal_216,0,0.0,9,28,0.034482758620689655,0.5457657389700608,0.06896551724137931,0.5457657389700608,0.06896551724137931,169,0.0058823529411764705,0.03529411764705882,0.01764705882352941
time_block,1,normal_217,0,1.0,9,28,0.034482758620689655,0.4033640864696361,0.3448275862068966,0.2663910869691019,0.4482758620689655,169,0.0058823529411764705,0.10588235294117647,0.12941176470588237
time_block,1,normal_218,0,1.0,6,28,0.034482758620689655,0.31071941105419093,0.7586206896551724,0.20778292718569402,0.7931034482758621,169,0.0058823529411764705,0.3588235294117647,0.3176470588235294
time_block,1,normal_219,0,0.0,3,28,0.034482758620689655,0.3754787662689055,0.5517241379310345,0.3754787662689055,0.13793103448275862,169,0.0058823529411764705,0.1588235294117647,0.029411764705882353
time_block,1,normal_220,0,1.0,1,28,0.034482758620689655,0.2802375105385133,0.8275862068965517,0.047657349824500636,1.0,169,0.0058823529411764705,0.47058823529411764,0.9882352941176471
time_block,1,normal_221,0,0.0,9,28,0.034482758620689655,0.4148605947153707,0.3103448275862069,0.4148605947153707,0.10344827586206896,169,0.0058823529411764705,0.09411764705882353,0.023529411764705882
time_block,1,normal_222,0,1.0,9,28,0.034482758620689655,0.3106780315302732,0.7586206896551724,0.28799983266632734,0.3793103448275862,169,0.0058823529411764705,0.3588235294117647,0.11176470588235295
time_block,1,normal_223,0,1.0,7,28,0.034482758620689655,0.591280214865976,0.06896551724137931,0.2844191664646886,0.3793103448275862,169,0.0058823529411764705,0.03529411764705882,0.11176470588235295
time_block,1,normal_224,0,0.0,4,28,0.034482758620689655,0.41388400662369684,0.3103448275862069,0.18078878305967905,0.896551724137931,169,0.0058823529411764705,0.09411764705882353,0.38823529411764707
time_block,1,normal_225,0,0.0,2,28,0.034482758620689655,0.7080352136942768,0.06896551724137931,0.6702078158095692,0.034482758620689655,169,0.0058823529411764705,0.029411764705882353,0.0058823529411764705
time_block,1,normal_227,0,0.0,9,28,0.034482758620689655,0.5501384236085776,0.06896551724137931,0.5501384236085776,0.06896551724137931,169,0.0058823529411764705,0.03529411764705882,0.01764705882352941
time_block,1,normal_228,0,0.0,9,28,0.034482758620689655,0.30265613211860787,0.7586206896551724,0.282457793877394,0.3793103448275862,169,0.0058823529411764705,0.4,0.11176470588235295
time_block,1,normal_229,0,0.0,7,28,0.034482758620689655,0.40401607191559535,0.3448275862068966,0.35997297266717676,0.1724137931034483,169,0.0058823529411764705,0.10588235294117647,0.047058823529411764
time_block,1,normal_230,0,1.0,5,28,0.034482758620689655,0.3644514309426306,0.5862068965517241,0.1350486622221455,0.896551724137931,169,0.0058823529411764705,0.2,0.6411764705882353
time_block,1,normal_231,0,0.0,2,28,0.034482758620689655,0.6574521593455946,0.06896551724137931,0.17839384546934015,0.896551724137931,169,0.0058823529411764705,0.029411764705882353,0.4
time_block,1,normal_233,0,1.0,9,28,0.034482758620689655,0.3715093980190886,0.5517241379310345,0.25407262831317834,0.5172413793103449,169,0.0058823529411764705,0.16470588235294117,0.14705882352941177
time_block,1,normal_234,0,1.0,9,28,0.034482758620689655,0.21982606563560672,1.0,0.18340795827338624,0.896551724137931,169,0.0058823529411764705,0.7529411764705882,0.38235294117647056
time_block,1,normal_235,0,0.0,7,28,0.034482758620689655,0.43413344287968353,0.1724137931034483,0.43413344287968353,0.06896551724137931,169,0.0058823529411764705,0.06470588235294118,0.01764705882352941
time_block,1,normal_236,0,1.0,4,28,0.034482758620689655,0.26923650620615247,0.8620689655172413,0.19331062431626267,0.896551724137931,169,0.0058823529411764705,0.5,0.36470588235294116
time_block,1,normal_237,0,1.0,2,28,0.034482758620689655,0.23687205546406234,1.0,0.14916543883499228,0.896551724137931,169,0.0058823529411764705,0.6588235294117647,0.5941176470588235
time_block,1,normal_239,0,1.0,9,28,0.034482758620689655,0.2951738210812463,0.7931034482758621,0.22389633575616844,0.7586206896551724,169,0.0058823529411764705,0.4294117647058823,0.25882352941176473
time_block,1,outlier_1,1,,9,28,0.034482758620689655,68.35702577409111,0.034482758620689655,61.29198756267794,0.034482758620689655,169,0.0058823529411764705,0.0058823529411764705,0.0058823529411764705
time_block,1,outlier_2,1,,8,28,0.034482758620689655,41.23838697816597,0.034482758620689655,36.602690692478134,0.034482758620689655,169,0.0058823529411764705,0.0058823529411764705,0.0058823529411764705
time_block,1,outlier_3,1,,5,28,0.034482758620689655,41.220807531205935,0.034482758620689655,22.830887479666583,0.034482758620689655,169,0.0058823529411764705,0.0058823529411764705,0.0058823529411764705
time_block,1,outlier_4,1,,2,28,0.034482758620689655,68.21398650098799,0.034482758620689655,32.91181059392824,0.034482758620689655,169,0.0058823529411764705,0.0058823529411764705,0.0058823529411764705
time_block,1,outlier_6,1,,9,28,0.034482758620689655,81.72568169817045,0.034482758620689655,55.49115744756027,0.034482758620689655,169,0.0058823529411764705,0.0058823529411764705,0.0058823529411764705
time_block,1,outlier_7,1,,7,28,0.034482758620689655,37.03815971991637,0.034482758620689655,28.58245863035545,0.034482758620689655,169,0.0058823529411764705,0.0058823529411764705,0.0058823529411764705
time_block,1,outlier_8,1,,4,28,0.034482758620689655,26.470629049595196,0.034482758620689655,26.470629049595196,0.034482758620689655,169,0.0058823529411764705,0.0058823529411764705,0.0058823529411764705
time_block,1,outlier_11,1,,9,28,0.034482758620689655,23.090550715783934,0.034482758620689655,15.944487879054268,0.034482758620689655,169,0.0058823529411764705,0.0058823529411764705,0.0058823529411764705
time_block,1,outlier_12,1,,7,28,0.034482758620689655,41.152480753473505,0.034482758620689655,24.76559077951672,0.034482758620689655,169,0.0058823529411764705,0.0058823529411764705,0.0058823529411764705
time_block,1,outlier_13,1,,4,28,0.034482758620689655,72.3005887631407,0.034482758620689655,20.500592596712007,0.034482758620689655,169,0.0058823529411764705,0.0058823529411764705,0.0058823529411764705
time_block,1,outlier_14,1,,2,28,0.034482758620689655,17.04737836785609,0.034482758620689655,17.04737836785609,0.034482758620689655,169,0.0058823529411764705,0.0058823529411764705,0.0058823529411764705
time_block,1,outlier_15,1,,9,28,0.034482758620689655,42.22649549396025,0.034482758620689655,42.22649549396025,0.034482758620689655,169,0.0058823529411764705,0.0058823529411764705,0.0058823529411764705
time_block,1,outlier_16,1,,9,28,0.034482758620689655,36.55888855239802,0.034482758620689655,36.55888855239802,0.034482758620689655,169,0.0058823529411764705,0.0058823529411764705,0.0058823529411764705
time_block,1,outlier_17,1,,6,28,0.034482758620689655,47.00714315772529,0.034482758620689655,5.76716043091305,0.034482758620689655,169,0.0058823529411764705,0.0058823529411764705,0.0058823529411764705
time_block,1,outlier_18,1,,3,28,0.034482758620689655,65.61844172691023,0.034482758620689655,54.24003266017639,0.034482758620689655,169,0.0058823529411764705,0.0058823529411764705,0.0058823529411764705
time_block,1,outlier_19,1,,1,28,0.034482758620689655,10.141148585214768,0.034482758620689655,5.736709170980331,0.034482758620689655,169,0.0058823529411764705,0.0058823529411764705,0.0058823529411764705
time_block,1,outlier_20,1,,2,28,0.034482758620689655,9.638476419191878,0.034482758620689655,4.840889980225611,0.034482758620689655,169,0.0058823529411764705,0.0058823529411764705,0.0058823529411764705
time_block,2,normal_240,0,1.0,9,54,0.01818181818181818,0.3284365532992637,0.4727272727272727,0.22103601520042887,0.509090909090909,314,0.0031746031746031746,0.16507936507936508,0.2698412698412698
time_block,2,normal_241,0,0.0,7,54,0.01818181818181818,0.27290825378039607,0.7090909090909091,0.27290825378039607,0.3090909090909091,314,0.0031746031746031746,0.3238095238095238,0.12380952380952381
time_block,2,normal_242,0,0.0,4,54,0.01818181818181818,0.32830784046054795,0.4727272727272727,0.32830784046054795,0.2,314,0.0031746031746031746,0.16507936507936508,0.06031746031746032
time_block,2,normal_243,0,1.0,2,54,0.01818181818181818,0.24810370278122945,0.8,0.15873251768656577,0.7272727272727273,314,0.0031746031746031746,0.44126984126984126,0.4603174603174603
time_block,2,normal_245,0,1.0,9,54,0.01818181818181818,0.23272547160696305,0.8545454545454545,0.22098362689541773,0.509090909090909,314,0.0031746031746031746,0.5238095238095238,0.2698412698412698
time_block,2,normal_246,0,0.0,9,54,0.01818181818181818,0.25018274585647854,0.7818181818181819,0.23828864755390727,0.45454545454545453,314,0.0031746031746031746,0.4222222222222222,0.21587301587301588
time_block,2,normal_247,0,1.0,9,54,0.01818181818181818,0.3170822627483468,0.4909090909090909,0.3170822627483468,0.2,314,0.0031746031746031746,0.17777777777777778,0.06349206349206349
time_block,2,normal_248,0,0.0,6,54,0.01818181818181818,0.2846958634952961,0.6545454545454545,0.2795027873238476,0.3090909090909091,314,0.0031746031746031746,0.2698412698412698,0.11746031746031746
time_block,2,normal_249,0,0.0,3,54,0.01818181818181818,0.24503964283586782,0.8181818181818182,0.24503964283586782,0.45454545454545453,314,0.0031746031746031746,0.45396825396825397,0.19365079365079366
time_block,2,normal_251,0,0.0,9,54,0.01818181818181818,0.4760641235069727,0.12727272727272726,0.36597433508654387,0.16363636363636364,314,0.0031746031746031746,0.0380952380952381,0.047619047619047616
time_block,2,normal_252,0,1.0,9,54,0.01818181818181818,0.2407751717999061,0.8181818181818182,0.14121453304207365,0.7636363636363637,314,0.0031746031746031746,0.4793650793650794,0.5301587301587302
time_block,2,normal_253,0,0.0,6,54,0.01818181818181818,0.43103431914973556,0.2,0.2441927480079083,0.45454545454545453,314,0.0031746031746031746,0.06349206349206349,0.19682539682539682
time_block,2,normal_254,0,0.0,4,54,0.01818181818181818,0.4338248478555215,0.2,0.37923379954274544,0.12727272727272726,314,0.0031746031746031746,0.06349206349206349,0.03492063492063492
time_block,2,normal_255,0,1.0,1,54,0.01818181818181818,0.1814033127923912,0.9818181818181818,0.077129010136657,0.9636363636363636,314,0.0031746031746031746,0.8285714285714286,0.7968253968253968
time_block,2,normal_257,0,1.0,9,54,0.01818181818181818,0.331593912194709,0.45454545454545453,0.16428770035050394,0.6909090909090909,314,0.0031746031746031746,0.15555555555555556,0.4507936507936508
time_block,2,normal_258,0,0.0,8,54,0.01818181818181818,0.31322155697925935,0.509090909090909,0.17889070991891753,0.6363636363636364,314,0.0031746031746031746,0.1873015873015873,0.4095238095238095
time_block,2,normal_259,0,0.0,5,54,0.01818181818181818,0.3082569225090034,0.5272727272727272,0.2725786767142408,0.3090909090909091,314,0.0031746031746031746,0.20317460317460317,0.12380952380952381
time_block,2,normal_260,0,1.0,2,54,0.01818181818181818,0.37882911379689,0.2909090909090909,0.24363809543269757,0.45454545454545453,314,0.0031746031746031746,0.09841269841269841,0.19682539682539682
time_block,2,normal_261,0,0.0,3,54,0.01818181818181818,0.2811310834177061,0.6909090909090909,0.26539387670640047,0.36363636363636365,314,0.0031746031746031746,0.2857142857142857,0.13968253968253969
time_block,2,normal_264,0,0.0,9,54,0.01818181818181818,0.4724310325043843,0.14545454545454545,0.41000528838617817,0.12727272727272726,314,0.0031746031746031746,0.04126984126984127,0.02857142857142857
time_block,2,normal_265,0,0.0,9,54,0.01818181818181818,0.3913470283365031,0.2727272727272727,0.3041713881781753,0.23636363636363636,314,0.0031746031746031746,0.09523809523809523,0.08888888888888889
time_block,2,normal_266,0,1.0,6,54,0.01818181818181818,0.4300844597614245,0.2,0.330724252993975,0.18181818181818182,314,0.0031746031746031746,0.06349206349206349,0.05714285714285714
time_block,2,normal_267,0,0.0,4,54,0.01818181818181818,0.29631039933395564,0.5818181818181818,0.29631039933395564,0.23636363636363636,314,0.0031746031746031746,0.24444444444444444,0.09841269841269841
time_block,2,normal_268,0,0.0,2,54,0.01818181818181818,0.37116957608947515,0.32727272727272727,0.37116957608947515,0.16363636363636364,314,0.0031746031746031746,0.10793650793650794,0.047619047619047616
time_block,2,normal_270,0,0.0,9,54,0.01818181818181818,0.4375807710436522,0.2,0.4375807710436522,0.10909090909090909,314,0.0031746031746031746,0.06031746031746032,0.022222222222222223
time_block,2,normal_271,0,0.0,9,54,0.01818181818181818,0.30542877609526164,0.5454545454545454,0.30542877609526164,0.23636363636363636,314,0.0031746031746031746,0.20952380952380953,0.08888888888888889
time_block,2,normal_272,0,1.0,7,54,0.01818181818181818,0.495035697159084,0.12727272727272726,0.16824605055857184,0.6727272727272727,314,0.0031746031746031746,0.02857142857142857,0.4380952380952381
time_block,2,normal_273,0,0.0,8,54,0.01818181818181818,0.33798920355079176,0.43636363636363634,0.14735123883568335,0.7636363636363637,314,0.0031746031746031746,0.1365079365079365,0.49523809523809526
time_block,2,normal_274,0,1.0,9,54,0.01818181818181818,0.4270854168916125,0.2,0.26963864270481497,0.32727272727272727,314,0.0031746031746031746,0.06349206349206349,0.13333333333333333
time_block,2,normal_275,0,1.0,8,54,0.01818181818181818,0.20298197336425491,0.9454545454545454,0.1520986704357697,0.7454545454545455,314,0.0031746031746031746,0.7301587301587301,0.47619047619047616
time_block,2,normal_276,0,0.0,5,54,0.01818181818181818,0.32527897437549025,0.4727272727272727,0.23671126661424358,0.45454545454545453,314,0.0031746031746031746,0.16825396825396827,0.21587301587301588
time_block,2,normal_277,0,1.0,3,54,0.01818181818181818,0.3269737190177696,0.4727272727272727,0.3269737190177696,0.2,314,0.0031746031746031746,0.16507936507936508,0.06031746031746032
time_block,2,normal_280,0,0.0,9,54,0.01818181818181818,0.4133372656106136,0.21818181818181817,0.3259548189764383,0.2,314,0.0031746031746031746,0.0761904761904762,0.06031746031746032
time_block,2,normal_281,0,1.0,8,54,0.01818181818181818,0.2953192115291498,0.5818181818181818,0.2953192115291498,0.23636363636363636,314,0.0031746031746031746,0.24444444444444444,0.09841269841269841
time_block,2,normal_282,0,1.0,5,54,0.01818181818181818,0.28146167288752305,0.6909090909090909,0.2298150383728965,0.4909090909090909,314,0.0031746031746031746,0.27936507936507937,0.2507936507936508
time_block,2,normal_283,0,0.0,3,54,0.01818181818181818,0.35590468477253395,0.4,0.35590468477253395,0.18181818181818182,314,0.0031746031746031746,0.12380952380952381,0.050793650793650794
time_block,2,normal_284,0,1.0,1,54,0.01818181818181818,0.26302974978025456,0.7454545454545455,0.12251408076163917,0.8181818181818182,314,0.0031746031746031746,0.35555555555555557,0.5904761904761905
time_block,2,normal_285,0,1.0,9,54,0.01818181818181818,0.5441242646813164,0.09090909090909091,0.32333776205826065,0.2,314,0.0031746031746031746,0.01904761904761905,0.06031746031746032
time_block,2,normal_286,0,0.0,9,54,0.01818181818181818,0.2940803769513475,0.5818181818181818,0.2940803769513475,0.23636363636363636,314,0.0031746031746031746,0.24444444444444444,0.09841269841269841
time_block,2,normal_287,0,1.0,9,54,0.01818181818181818,0.33335595962702474,0.45454545454545453,0.17960673084825807,0.6363636363636364,314,0.0031746031746031746,0.1523809523809524,0.4095238095238095
time_block,2,normal_288,0,1.0,6,54,0.01818181818181818,0.20220371006267562,0.9636363636363636,0.12688375544409392,0.8,314,0.0031746031746031746,0.7333333333333333,0.5746031746031746
time_block,2,normal_289,0,0.0,3,54,0.01818181818181818,0.2775915226006758,0.6909090909090909,0.2775915226006758,0.3090909090909091,314,0.0031746031746031746,0.2984126984126984,0.12063492063492064
time_block,2,normal_290,0,1.0,1,54,0.01818181818181818,0.3100236001324051,0.5272727272727272,0.1278834035483912,0.8,314,0.0031746031746031746,0.19365079365079366,0.5714285714285714
time_block,2,normal_292,0,0.0,9,54,0.01818181818181818,0.3817031575413016,0.2727272727272727,0.323688802871723,0.2,314,0.0031746031746031746,0.09523809523809523,0.06031746031746032
time_block,2,normal_293,0,1.0,9,54,0.01818181818181818,0.24913733893600995,0.7818181818181819,0.2335098201969111,0.45454545454545453,314,0.0031746031746031746,0.4253968253968254,0.2222222222222222
time_block,2,normal_294,0,1.0,7,54,0.01818181818181818,0.28684256596859026,0.6363636363636364,0.17985672940614014,0.6363636363636364,314,0.0031746031746031746,0.26666666666666666,0.4095238095238095
time_block,2,normal_295,0,0.0,4,54,0.01818181818181818,0.31535755270625404,0.509090909090909,0.31535755270625404,0.21818181818181817,314,0.0031746031746031746,0.18412698412698414,0.06984126984126984
time_block,2,normal_296,0,1.0,3,54,0.01818181818181818,0.17808600411293157,0.9818181818181818,0.08655427316203466,0.9454545454545454,314,0.0031746031746031746,0.8571428571428571,0.7555555555555555
time_block,2,normal_298,0,0.0,9,54,0.01818181818181818,0.37718021182341754,0.2909090909090909,0.32420322956059294,0.2,314,0.0031746031746031746,0.09841269841269841,0.06031746031746032
time_block,2,normal_299,0,1.0,8,54,0.01818181818181818,0.21311770899064622,0.8909090909090909,0.1863191137231589,0.6363636363636364,314,0.0031746031746031746,0.6666666666666666,0.4031746031746032
time_block,2,normal_300,0,0.0,6,54,0.01818181818181818,0.47900389442244395,0.12727272727272726,0.4399603792587865,0.10909090909090909,314,0.0031746031746031746,0.0380952380952381,0.022222222222222223
time_block,2,normal_301,0,0.0,3,54,0.01818181818181818,0.40456574265420153,0.21818181818181817,0.3615649053287358,0.18181818181818182,314,0.0031746031746031746,0.07936507936507936,0.050793650793650794
time_block,2,normal_303,0,0.0,9,54,0.01818181818181818,0.33092147771212926,0.45454545454545453,0.33092147771212926,0.18181818181818182,314,0.0031746031746031746,0.15555555555555556,0.05714285714285714
time_block,2,normal_304,0,1.0,9,54,0.01818181818181818,0.7827971563968993,0.03636363636363636,0.20711822886664377,0.5272727272727272,314,0.0031746031746031746,0.006349206349206349,0.33650793650793653
time_block,2,normal_305,0,1.0,6,54,0.01818181818181818,0.34905024532751416,0.4,0.1513764646912914,0.7454545454545455,314,0.0031746031746031746,0.12380952380952381,0.4793650793650794
time_block,2,normal_306,0,1.0,6,54,0.01818181818181818,0.3994860788458588,0.23636363636363636,0.3994860788458588,0.12727272727272726,314,0.0031746031746031746,0.08571428571428572,0.031746031746031744
time_block,2,normal_307,0,1.0,3,54,0.01818181818181818,0.46660649217971395,0.16363636363636364,0.17041215317148165,0.6545454545454545,314,0.0031746031746031746,0.047619047619047616,0.43174603174603177
time_block,2,normal_309,0,1.0,9,54,0.01818181818181818,0.48060246369869486,0.12727272727272726,0.4079123650150251,0.12727272727272726,314,0.0031746031746031746,0.0380952380952381,0.02857142857142857
time_block,2,normal_310,0,0.0,9,54,0.01818181818181818,0.31496821929816043,0.509090909090909,0.29141156215012076,0.2545454545454545,314,0.0031746031746031746,0.1873015873015873,0.10158730158730159
time_block,2,normal_311,0,1.0,6,54,0.01818181818181818,0.38354003681661974,0.2727272727272727,0.1791159199483805,0.6363636363636364,314,0.0031746031746031746,0.09523809523809523,0.4095238095238095
time_block,2,normal_312,0,1.0,3,54,0.01818181818181818,0.16341349972933725,0.9818181818181818,0.1502512679599896,0.7636363636363637,314,0.0031746031746031746,0.9111111111111111,0.4857142857142857
time_block,2,normal_313,0,0.0,2,54,0.01818181818181818,0.33687316845526394,0.45454545454545453,0.33687316845526394,0.18181818181818182,314,0.0031746031746031746,0.14603174603174604,0.05396825396825397
time_block,2,normal_315,0,1.0,9,54,0.01818181818181818,0.30766466741164994,0.5272727272727272,0.24516409449214516,0.45454545454545453,314,0.0031746031746031746,0.20317460317460317,0.19365079365079366
time_block,2,normal_316,0,0.0,9,54,0.01818181818181818,0.22364522587619542,0.8545454545454545,0.20278438628110915,0.5818181818181818,314,0.0031746031746031746,0.580952380952381,0.346031746031746
time_block,2,normal_317,0,0.0,7,54,0.01818181818181818,0.4124657131474717,0.21818181818181817,0.38201358625693105,0.12727272727272726,314,0.0031746031746031746,0.07936507936507936,0.03492063492063492
time_block,2,normal_318,0,1.0,5,54,0.01818181818181818,0.2652384146815535,0.7454545454545455,0.13820082110417573,0.7818181818181819,314,0.0031746031746031746,0.3492063492063492,0.5396825396825397
time_block,2,normal_319,0,1.0,2,54,0.01818181818181818,0.24711876079663528,0.8181818181818182,0.11112529065834396,0.8727272727272727,314,0.0031746031746031746,0.4444444444444444,0.6476190476190476
time_block,2,normal_322,0,0.0,9,54,0.01818181818181818,0.4179268981053558,0.21818181818181817,0.35169397072942704,0.18181818181818182,314,0.0031746031746031746,0.0761904761904762,0.050793650793650794
time_block,2,normal_323,0,1.0,9,54,0.01818181818181818,0.5852562701462153,0.09090909090909091,0.20406501153566084,0.5818181818181818,314,0.0031746031746031746,0.01904761904761905,0.346031746031746
time_block,2,normal_324,0,1.0,7,54,0.01818181818181818,0.21389920429719736,0.8909090909090909,0.15797759897618618,0.7454545454545455,314,0.0031746031746031746,0.653968253968254,0.4666666666666667
time_block,2,normal_325,0,0.0,5,54,0.01818181818181818,0.24445967696018794,0.8181818181818182,0.24445967696018794,0.45454545454545453,314,0.0031746031746031746,0.4603174603174603,0.19365079365079366
time_block,2,normal_326,0,1.0,2,54,0.01818181818181818,0.24486167437493175,0.8181818181818182,0.09796111071042017,0.9090909090909091,314,0.0031746031746031746,0.45396825396825397,0.707936507936508
time_block,2,normal_328,0,0.0,9,54,0.01818181818181818,0.46876823972771703,0.16363636363636364,0.46876823972771703,0.09090909090909091,314,0.0031746031746031746,0.044444444444444446,0.015873015873015872
time_block,2,normal_329,0,0.0,9,54,0.01818181818181818,0.30688377913315745,0.5272727272727272,0.25858496814248455,0.38181818181818183,314,0.0031746031746031746,0.20317460317460317,0.1523809523809524
time_block,2,normal_330,0,1.0,7,54,0.01818181818181818,0.3883129867011574,0.2727272727272727,0.24287374335545261,0.45454545454545453,314,0.0031746031746031746,0.09523809523809523,0.2
time_block,2,normal_331,0,0.0,5,54,0.01818181818181818,1.100898876576773,0.01818181818181818,0.7960264651065797,0.01818181818181818,314,0.0031746031746031746,0.0031746031746031746,0.0031746031746031746
time_block,2,normal_332,0,0.0,1,54,0.01818181818181818,0.23239253623233852,0.8545454545454545,0.23239253623233852,0.45454545454545453,314,0.0031746031746031746,0.526984126984127,0.23492063492063492
time_block,2,normal_334,0,0.0,9,54,0.01818181818181818,0.2927116475298501,0.5818181818181818,0.2927116475298501,0.2545454545454545,314,0.0031746031746031746,0.2507936507936508,0.10158730158730159
time_block,2,normal_335,0,1.0,8,54,0.01818181818181818,0.536152698856238,0.10909090909090909,0.3027573275865675,0.23636363636363636,314,0.0031746031746031746,0.022222222222222223,0.08888888888888889
time_block,2,normal_336,0,1.0,5,54,0.01818181818181818,0.8789126357609827,0.03636363636363636,0.2462390587054675,0.45454545454545453,314,0.0031746031746031746,0.006349206349206349,0.1873015873015873
time_block,2,normal_337,0,1.0,5,54,0.01818181818181818,0.23210940295378477,0.8545454545454545,0.1667025253495749,0.6727272727272727,314,0.0031746031746031746,0.526984126984127,0.44761904761904764
time_block,2,normal_338,0,1.0,3,54,0.01818181818181818,0.6286319461207696,0.07272727272727272,0.1106468013636634,0.8727272727272727,314,0.0031746031746031746,0.015873015873015872,0.6476190476190476
time_block,2,normal_340,0,1.0,9,54,0.01818181818181818,0.3688093502598095,0.34545454545454546,0.14555021994213577,0.7636363636363637,314,0.0031746031746031746,0.1111111111111111,0.5015873015873016
time_block,2,normal_341,0,1.0,9,54,0.01818181818181818,0.26057057845410997,0.7454545454545455,0.1590466526763388,0.7272727272727273,314,0.0031746031746031746,0.37142857142857144,0.45714285714285713
time_block,2,normal_342,0,0.0,8,54,0.01818181818181818,0.3832909693851313,0.2727272727272727,0.24453958947997206,0.45454545454545453,314,0.0031746031746031746,0.09523809523809523,0.19365079365079366
time_block,2,normal_343,0,1.0,5,54,0.01818181818181818,0.26064835485287385,0.7454545454545455,0.15643152714794048,0.7454545454545455,314,0.0031746031746031746,0.37142857142857144,0.473015873015873
time_block,2,normal_344,0,1.0,3,54,0.01818181818181818,0.2752323797313643,0.6909090909090909,0.1242235361279767,0.8,314,0.0031746031746031746,0.3111111111111111,0.5873015873015873
time_block,2,normal_345,0,0.0,1,54,0.01818181818181818,0.3517739375138458,0.4,0.3517739375138458,0.18181818181818182,314,0.0031746031746031746,0.12380952380952381,0.050793650793650794
time_block,2,normal_347,0,1.0,9,54,0.01818181818181818,0.6410594646739194,0.07272727272727272,0.35187854880619873,0.18181818181818182,314,0.0031746031746031746,0.015873015873015872,0.050793650793650794
time_block,2,normal_348,0,0.0,9,54,0.01818181818181818,0.3394482577314133,0.41818181818181815,0.3394482577314133,0.18181818181818182,314,0.0031746031746031746,0.13333333333333333,0.050793650793650794
time_block,2,normal_349,0,1.0,7,54,0.01818181818181818,0.295321415749549,0.5818181818181818,0.11723628516938475,0.8363636363636363,314,0.0031746031746031746,0.24444444444444444,0.6126984126984127
time_block,2,normal_350,0,1.0,4,54,0.01818181818181818,0.30726771944603515,0.5272727272727272,0.21522869982295675,0.5272727272727272,314,0.0031746031746031746,0.20317460317460317,0.3047619047619048
time_block,2,normal_351,0,0.0,2,54,0.01818181818181818,0.3089079673364081,0.5272727272727272,0.3089079673364081,0.23636363636363636,314,0.0031746031746031746,0.2,0.08571428571428572
time_block,2,normal_353,0,1.0,9,54,0.01818181818181818,0.272583838623162,0.7090909090909091,0.17072811763682388,0.6545454545454545,314,0.0031746031746031746,0.3238095238095238,0.43174603174603177
time_block,2,normal_354,0,0.0,9,54,0.01818181818181818,0.5394258287975504,0.10909090909090909,0.5394258287975504,0.03636363636363636,314,0.0031746031746031746,0.022222222222222223,0.006349206349206349
time_block,2,normal_355,0,1.0,8,54,0.01818181818181818,0.28712053500860174,0.6181818181818182,0.26302781524225627,0.36363636363636365,314,0.0031746031746031746,0.2634920634920635,0.14285714285714285
time_block,2,normal_356,0,1.0,5,54,0.01818181818181818,0.22823057351553705,0.8545454545454545,0.10744549885627852,0.8909090909090909,314,0.0031746031746031746,0.5523809523809524,0.6634920634920635
time_block,2,normal_357,0,0.0,3,54,0.01818181818181818,0.3734991429265907,0.2909090909090909,0.3734991429265907,0.12727272727272726,314,0.0031746031746031746,0.09841269841269841,0.0380952380952381
time_block,2,normal_359,0,0.0,9,54,0.01818181818181818,0.6648707561112442,0.05454545454545454,0.4707915157747752,0.07272727272727272,314,0.0031746031746031746,0.012698412698412698,0.012698412698412698
time_block,2,outlier_1,1,,9,54,0.01818181818181818,66.71762954780301,0.01818181818181818,66.71762954780301,0.01818181818181818,314,0.0031746031746031746,0.0031746031746031746,0.0031746031746031746
time_block,2,outlier_2,1,,8,54,0.01818181818181818,37.78892613193344,0.01818181818181818,33.928078077703375,0.01818181818181818,314,0.0031746031746031746,0.0031746031746031746,0.0031746031746031746
time_block,2,outlier_3,1,,5,54,0.01818181818181818,40.84912367731585,0.01818181818181818,28.121526695284107,0.01818181818181818,314,0.0031746031746031746,0.0031746031746031746,0.0031746031746031746
time_block,2,outlier_4,1,,2,54,0.01818181818181818,62.89467813103162,0.01818181818181818,45.34412646372291,0.01818181818181818,314,0.0031746031746031746,0.0031746031746031746,0.0031746031746031746
time_block,2,outlier_6,1,,9,54,0.01818181818181818,70.89603760654516,0.01818181818181818,66.07159681495682,0.01818181818181818,314,0.0031746031746031746,0.0031746031746031746,0.0031746031746031746
time_block,2,outlier_7,1,,7,54,0.01818181818181818,36.63594559638006,0.01818181818181818,27.453259141737085,0.01818181818181818,314,0.0031746031746031746,0.0031746031746031746,0.0031746031746031746
time_block,2,outlier_8,1,,4,54,0.01818181818181818,24.620586807474663,0.01818181818181818,24.620586807474663,0.01818181818181818,314,0.0031746031746031746,0.0031746031746031746,0.0031746031746031746
time_block,2,outlier_11,1,,9,54,0.01818181818181818,20.887751013613254,0.01818181818181818,16.444312797258355,0.01818181818181818,314,0.0031746031746031746,0.0031746031746031746,0.0031746031746031746
time_block,2,outlier_12,1,,7,54,0.01818181818181818,37.90888244515276,0.01818181818181818,33.493620602123244,0.01818181818181818,314,0.0031746031746031746,0.0031746031746031746,0.0031746031746031746
time_block,2,outlier_13,1,,4,54,0.01818181818181818,64.06179195523933,0.01818181818181818,22.24119620202356,0.01818181818181818,314,0.0031746031746031746,0.0031746031746031746,0.0031746031746031746
time_block,2,outlier_14,1,,2,54,0.01818181818181818,15.599938229412375,0.01818181818181818,15.599938229412375,0.01818181818181818,314,0.0031746031746031746,0.0031746031746031746,0.0031746031746031746
time_block,2,outlier_15,1,,9,54,0.01818181818181818,40.71154239640553,0.01818181818181818,40.71154239640553,0.01818181818181818,314,0.0031746031746031746,0.0031746031746031746,0.0031746031746031746
time_block,2,outlier_16,1,,9,54,0.01818181818181818,35.003167132253644,0.01818181818181818,35.003167132253644,0.01818181818181818,314,0.0031746031746031746,0.0031746031746031746,0.0031746031746031746
time_block,2,outlier_17,1,,6,54,0.01818181818181818,44.94258177897352,0.01818181818181818,6.898029305622432,0.01818181818181818,314,0.0031746031746031746,0.0031746031746031746,0.0031746031746031746
time_block,2,outlier_18,1,,3,54,0.01818181818181818,56.75057293853414,0.01818181818181818,37.15359578891015,0.01818181818181818,314,0.0031746031746031746,0.0031746031746031746,0.0031746031746031746
time_block,2,outlier_19,1,,1,54,0.01818181818181818,10.01316570625048,0.01818181818181818,5.7265276169470924,0.01818181818181818,314,0.0031746031746031746,0.0031746031746031746,0.0031746031746031746
time_block,2,outlier_20,1,,2,54,0.01818181818181818,9.402009166765353,0.01818181818181818,5.6942517834765844,0.01818181818181818,314,0.0031746031746031746,0.0031746031746031746,0.0031746031746031746
time_block,3,normal_360,0,1.0,9,79,0.0125,0.30798398866791693,0.6125,0.2582697591534669,0.5125,496,0.002012072434607646,0.2595573440643863,0.20724346076458752
time_block,3,normal_361,0,0.0,9,79,0.0125,0.5381458505648695,0.125,0.3825356656783642,0.1125,496,0.002012072434607646,0.04024144869215292,0.02414486921529175
time_block,3,normal_362,0,0.0,5,79,0.0125,0.4066764951297339,0.275,0.2942443923351968,0.3875,496,0.002012072434607646,0.096579476861167,0.11871227364185111
time_block,3,normal_363,0,1.0,3,79,0.0125,0.23528684170811864,0.875,0.16321613572755,0.7125,496,0.002012072434607646,0.5754527162977867,0.4768611670020121
time_block,3,normal_365,0,1.0,9,79,0.0125,0.35686895343623964,0.425,0.13013585611860376,0.8875,496,0.002012072434607646,0.158953722334004,0.579476861167002
time_block,3,normal_366,0,0.0,9,79,0.0125,0.8410925375210999,0.0375,0.5703142276239752,0.025,496,0.002012072434607646,0.008048289738430584,0.006036217303822937
time_block,3,normal_367,0,0.0,6,79,0.0125,0.33746741612138664,0.4875,0.3007051240271553,0.3625,496,0.002012072434607646,0.19718309859154928,0.10663983903420524
time_block,3,normal_368,0,1.0,4,79,0.0125,0.3837003262155986,0.35,0.15168186974205872,0.775,496,0.002012072434607646,0.1227364185110664,0.5130784708249497
time_block,3,normal_369,0,0.0,2,79,0.0125,0.2553724166865659,0.85,0.2553724166865659,0.5125,496,0.002012072434607646,0.4708249496981891,0.20925553319919518
time_block,3,normal_371,0,1.0,9,79,0.0125,0.403198051072678,0.2875,0.18843681920476552,0.675,496,0.002012072434607646,0.09859154929577464,0.3983903420523139
time_block,3,normal_372,0,0.0,9,79,0.0125,0.3057689785592866,0.6375,0.3057689785592866,0.35,496,0.002012072434607646,0.2635814889336016,0.10261569416498995
time_block,3,normal_373,0,0.0,7,79,0.0125,0.340199324061089,0.475,0.340199324061089,0.2125,496,0.002012072434607646,0.193158953722334,0.06237424547283702
time_block,3,normal_374,0,1.0,5,79,0.0125,0.4921854596816359,0.1875,0.4921854596816359,0.0375,496,0.002012072434607646,0.060362173038229376,0.008048289738430584
time_block,3,normal_375,0,0.0,3,79,0.0125,0.2172437524896364,0.9375,0.2172437524896364,0.6,496,0.002012072434607646,0.6901408450704225,0.317907444668008
time_block,3,normal_377,0,1.0,9,79,0.0125,0.2602102091144581,0.8375,0.2581038607699621,0.5125,496,0.002012072434607646,0.448692152917505,0.20925553319919518
time_block,3,normal_378,0,1.0,9,79,0.0125,0.47609641392518254,0.1875,0.13530557456378717,0.8625,496,0.002012072434607646,0.06237424547283702,0.5633802816901409
time_block,3,normal_379,0,0.0,7,79,0.0125,0.3832990442178284,0.35,0.3832990442178284,0.1125,496,0.002012072434607646,0.1227364185110664,0.02414486921529175
time_block,3,normal_380,0,0.0,4,79,0.0125,0.21044238527526796,0.95,0.21044238527526796,0.625,496,0.002012072434607646,0.7263581488933601,0.33601609657947684
time_block,3,normal_381,0,1.0,1,79,0.0125,0.2986783670189941,0.6625,0.13700024414713055,0.8625,496,0.002012072434607646,0.2837022132796781,0.5633802816901409
time_block,3,normal_383,0,0.0,9,79,0.0125,0.3506534491295181,0.425,0.3506534491295181,0.1625,496,0.002012072434607646,0.16498993963782696,0.05030181086519115
time_block,3,normal_384,0,1.0,9,79,0.0125,0.2913152535131152,0.7125,0.1186981008732632,0.9,496,0.002012072434607646,0.3038229376257545,0.607645875251509
time_block,3,normal_385,0,1.0,7,79,0.0125,0.43569121127429367,0.225,0.16468222334510882,0.7125,496,0.002012072434607646,0.08249496981891348,0.47484909456740443
time_block,3,normal_386,0,0.0,4,79,0.0125,0.5093723758972684,0.1625,0.5093723758972684,0.0375,496,0.002012072434607646,0.05432595573440644,0.008048289738430584
time_block,3,normal_387,0,1.0,2,79,0.0125,0.1944315576376791,0.975,0.1944315576376791,0.6625,496,0.002012072434607646,0.7987927565392354,0.3843058350100604
time_block,3,normal_389,0,0.0,9,79,0.0125,0.42239135099433445,0.25,0.2701359026311483,0.475,496,0.002012072434607646,0.08853118712273642,0.1750503018108652
time_block,3,normal_390,0,0.0,9,79,0.0125,0.5056218134712266,0.175,0.3151078282072566,0.3125,496,0.002012072434607646,0.056338028169014086,0.08853118712273642
time_block,3,normal_391,0,1.0,6,79,0.0125,0.2315089318202638,0.9,0.22048770330927617,0.5875,496,0.002012072434607646,0.6056338028169014,0.3058350100603622
time_block,3,normal_392,0,0.0,4,79,0.0125,0.24865834905646886,0.85,0.24865834905646886,0.525,496,0.002012072434607646,0.49899396378269617,0.22132796780684105
time_block,3,normal_393,0,0.0,1,79,0.0125,0.4036205771094662,0.2875,0.4036205771094662,0.1,496,0.002012072434607646,0.09859154929577464,0.022132796780684104
time_block,3,normal_395,0,0.0,9,79,0.0125,0.3985241130604325,0.3,0.2697400967082928,0.475,496,0.002012072434607646,0.11066398390342053,0.1750503018108652
time_block,3,normal_396,0,1.0,7,79,0.0125,0.400211543371895,0.3,0.3600169722973839,0.1625,496,0.002012072434607646,0.11066398390342053,0.04225352112676056
time_block,3,normal_397,0,0.0,5,79,0.0125,0.6572869170214619,0.075,0.43170207419670736,0.075,496,0.002012072434607646,0.02012072434607646,0.018108651911468814
time_block,3,normal_398,0,0.0,3,79,0.0125,0.2673454431442023,0.7875,0.1789082522933316,0.675,496,0.002012072434607646,0.4104627766599598,0.43259557344064387
time_block,3,normal_400,0,0.0,9,79,0.0125,0.29698663703945516,0.6625,0.29698663703945516,0.375,496,0.002012072434607646,0.28772635814889336,0.11670020120724346
time_block,3,normal_401,0,0.0,8,79,0.0125,0.3200056782895126,0.55,0.2815796695643779,0.45,496,0.002012072434607646,0.23742454728370221,0.1488933601609658
time_block,3,normal_402,0,1.0,5,79,0.0125,0.39770130096750395,0.3,0.10370538634971352,0.95,496,0.002012072434607646,0.11066398390342053,0.6599597585513078
time_block,3,normal_403,0,0.0,3,79,0.0125,0.4899904146587324,0.1875,0.4899904146587324,0.0375,496,0.002012072434607646,0.060362173038229376,0.008048289738430584
time_block,3,normal_404,0,1.0,1,79,0.0125,0.2871716363334349,0.7375,0.1380260701313405,0.85,496,0.002012072434607646,0.3199195171026157,0.5573440643863179
time_block,3,normal_405,0,0.0,9,79,0.0125,0.2466296604860685,0.85,0.2466296604860685,0.525,496,0.002012072434607646,0.5130784708249497,0.22937625754527163
time_block,3,normal_406,0,0.0,9,79,0.0125,0.286133794213767,0.7375,0.24740962474146722,0.525,496,0.002012072434607646,0.32193158953722334,0.22334004024144868
time_block,3,normal_407,0,1.0,6,79,0.0125,0.30420294052021246,0.65,0.17515701504403497,0.675,496,0.002012072434607646,0.2655935613682093,0.44064386317907445
time_block,3,normal_408,0,0.0,4,79,0.0125,0.2291940645301883,0.9,0.2291940645301883,0.55,496,0.002012072434607646,0.6197183098591549,0.2776659959758551
time_block,3,normal_409,0,0.0,1,79,0.0125,0.39411356797901853,0.3,0.22862161832684955,0.55,496,0.002012072434607646,0.11066398390342053,0.28169014084507044
time_block,3,normal_410,0,0.0,9,79,0.0125,0.645980116484183,0.0875,0.4769749604931717,0.0375,496,0.002012072434607646,0.022132796780684104,0.008048289738430584
time_block,3,normal_411,0,0.0,9,79,0.0125,0.3672776971653413,0.4125,0.33434795587657,0.2625,496,0.002012072434607646,0.1448692152917505,0.0744466800804829
time_block,3,normal_412,0,1.0,7,79,0.0125,0.3188538725136236,0.5625,0.17988979479413406,0.675,496,0.002012072434607646,0.23943661971830985,0.4305835010060362
time_block,3,normal_413,0,0.0,4,79,0.0125,1.5638713175057053,0.0125,0.958000243476884,0.0125,496,0.002012072434607646,0.002012072434607646,0.002012072434607646
time_block,3,normal_414,0,0.0,2,79,0.0125,0.5161243116573734,0.15,0.5161243116573734,0.0375,496,0.002012072434607646,0.052313883299798795,0.008048289738430584
time_block,3,normal_415,0,0.0,1,79,0.0125,0.34564997523078217,0.425,0.08964561777494705,0.9875,496,0.002012072434607646,0.17303822937625754,0.7323943661971831
time_block,3,normal_417,0,0.0,9,79,0.0125,0.2772248588863947,0.7625,0.2772248588863947,0.4625,496,0.002012072434607646,0.36619718309859156,0.16498993963782696
time_block,3,normal_418,0,1.0,9,79,0.0125,0.3723571913657364,0.3875,0.17106448484859316,0.7,496,0.002012072434607646,0.13480885311871227,0.4607645875251509
time_block,3,normal_419,0,0.0,6,79,0.0125,0.41967578606829153,0.25,0.41967578606829153,0.1,496,0.002012072434607646,0.09054325955734406,0.022132796780684104
time_block,3,normal_420,0,0.0,3,79,0.0125,0.40182985955412637,0.3,0.40182985955412637,0.1,496,0.002012072434607646,0.10261569416498995,0.022132796780684104
time_block,3,normal_421,0,1.0,1,79,0.0125,0.3417919874503937,0.475,0.3417919874503937,0.2125,496,0.002012072434607646,0.18712273641851107,0.05835010060362173
time_block,3,normal_422,0,0.0,9,79,0.0125,0.48359423039059757,0.1875,0.48359423039059757,0.0375,496,0.002012072434607646,0.06237424547283702,0.008048289738430584
time_block,3,normal_423,0,1.0,8,79,0.0125,0.3051225759322116,0.6375,0.19442139453777468,0.6625,496,0.002012072434607646,0.2635814889336016,0.3843058350100604
time_block,3,normal_424,0,1.0,6,79,0.0125,0.21579743902045112,0.95,0.1700550977999855,0.7,496,0.002012072434607646,0.704225352112676,0.4647887323943662
time_block,3,normal_425,0,0.0,3,79,0.0125,0.28666726598629055,0.7375,0.28666726598629055,0.45,496,0.002012072434607646,0.32193158953722334,0.13883299798792756
time_block,3,normal_426,0,1.0,1,79,0.0125,0.2013627178839236,0.9625,0.11138925090667702,0.9375,496,0.002012072434607646,0.7645875251509054,0.6398390342052314
time_block,3,normal_427,0,0.0,9,79,0.0125,0.282819285313927,0.7375,0.22554020773089034,0.5625,496,0.002012072434607646,0.3299798792756539,0.289738430583501
time_block,3,normal_428,0,0.0,9,79,0.0125,0.28142613318316406,0.7375,0.17803981152656354,0.675,496,0.002012072434607646,0.34004024144869216,0.43259557344064387
time_block,3,normal_429,0,1.0,6,79,0.0125,0.29643541208083396,0.6625,0.18541733847823283,0.675,496,0.002012072434607646,0.28772635814889336,0.4024144869215292
time_block,3,normal_430,0,0.0,4,79,0.0125,0.24669558704403224,0.85,0.24669558704403224,0.525,496,0.002012072434607646,0.5110663983903421,0.22937625754527163
time_block,3,normal_431,0,1.0,4,79,0.0125,0.3883034612807081,0.3125,0.18561940157240547,0.675,496,0.002012072434607646,0.11670020120724346,0.4024144869215292
time_block,3,normal_432,0,0.0,1,79,0.0125,0.19740291570697496,0.975,0.19740291570697496,0.65,496,0.002012072434607646,0.7847082494969819,0.3722334004024145
time_block,3,normal_433,0,1.0,9,79,0.0125,0.38406593168078484,0.35,0.3517271591810913,0.1625,496,0.002012072434607646,0.1227364185110664,0.05030181086519115
time_block,3,normal_434,0,1.0,8,79,0.0125,0.2748430979479814,0.7625,0.16707122947935138,0.7,496,0.002012072434607646,0.37424547283702214,0.47283702213279677
time_block,3,normal_435,0,0.0,6,79,0.0125,0.3605222246516782,0.4125,0.28142902404835257,0.45,496,0.002012072434607646,0.1529175050301811,0.15090543259557343
time_block,3,normal_436,0,1.0,3,79,0.0125,0.6415784549331338,0.0875,0.18919694841163107,0.675,496,0.002012072434607646,0.022132796780684104,0.3983903420523139
time_block,3,normal_437,0,1.0,1,79,0.0125,0.5901922186357375,0.1,0.07926168688381477,1.0,496,0.002012072434607646,0.028169014084507043,0.778672032193159
time_block,3,normal_438,0,0.0,9,79,0.0125,0.38646903263682314,0.3125,0.24008400020449627,0.5375,496,0.002012072434607646,0.11670020120724346,0.24346076458752516
time_block,3,normal_439,0,1.0,8,79,0.0125,0.4107054070191365,0.275,0.24120126283947035,0.5375,496,0.002012072434607646,0.096579476861167,0.23943661971830985
time_block,3,normal_440,0,0.0,5,79,0.0125,0.3669286509780607,0.4125,0.3669286509780607,0.15,496,0.002012072434607646,0.1448692152917505,0.03822937625754527
time_block,3,normal_441,0,0.0,2,79,0.0125,0.49118098142692856,0.1875,0.3400401771179754,0.2125,496,0.002012072434607646,0.060362173038229376,0.06237424547283702
time_block,3,normal_443,0,1.0,9,79,0.0125,0.45323138368977584,0.2,0.11840375648356709,0.9,496,0.002012072434607646,0.0744466800804829,0.607645875251509
time_block,3,normal_444,0,0.0,9,79,0.0125,0.34000683683477595,0.475,0.34000683683477595,0.2125,496,0.002012072434607646,0.193158953722334,0.06237424547283702
time_block,3,normal_445,0,0.0,7,79,0.0125,0.44623150488368035,0.2,0.2805673122440394,0.4625,496,0.002012072434607646,0.07645875251509054,0.1529175050301811
time_block,3,normal_446,0,1.0,5,79,0.0125,0.25130105514751555,0.85,0.25130105514751555,0.525,496,0.002012072434607646,0.48490945674044267,0.2193158953722334
time_block,3,normal_447,0,0.0,3,79,0.0125,0.32959120694863464,0.5125,0.32959120694863464,0.2625,496,0.002012072434607646,0.21327967806841047,0.07645875251509054
time_block,3,normal_449,0,0.0,9,79,0.0125,0.5050313603655132,0.175,0.3235575125987984,0.2875,496,0.002012072434607646,0.05835010060362173,0.08450704225352113
time_block,3,normal_450,0,0.0,8,79,0.0125,0.39499124461307467,0.3,0.39499124461307467,0.1125,496,0.002012072434607646,0.11066398390342053,0.02414486921529175
time_block,3,normal_451,0,1.0,6,79,0.0125,0.2414988511102552,0.8625,0.13940081708452173,0.85,496,0.002012072434607646,0.5492957746478874,0.5573440643863179
time_block,3,normal_452,0,0.0,3,79,0.0125,0.47510702817947886,0.1875,0.27663730925414565,0.4625,496,0.002012072434607646,0.06237424547283702,0.16498993963782696
time_block,3,normal_453,0,0.0,1,79,0.0125,0.4587702031466647,0.2,0.4587702031466647,0.075,496,0.002012072434607646,0.07243460764587525,0.01609657947686117
time_block,3,normal_454,0,1.0,9,79,0.0125,0.28186793440901464,0.7375,0.16944649390025493,0.7,496,0.002012072434607646,0.33400402414486924,0.4688128772635815
time_block,3,normal_455,0,0.0,9,79,0.0125,0.46255615990772525,0.1875,0.35756807297929605,0.1625,496,0.002012072434607646,0.06438631790744467,0.04225352112676056
time_block,3,normal_456,0,1.0,6,79,0.0125,0.33103878289502453,0.5125,0.08263060187984357,0.9875,496,0.002012072434607646,0.21327967806841047,0.7645875251509054
time_block,3,normal_457,0,1.0,4,79,0.0125,0.2719629888730448,0.7625,0.15673721008510233,0.75,496,0.002012072434607646,0.3843058350100604,0.4949698189134809
time_block,3,normal_458,0,0.0,2,79,0.0125,0.27510563084053635,0.7625,0.22964119738083594,0.55,496,0.002012072434607646,0.3702213279678068,0.27364185110663986
time_block,3,normal_460,0,0.0,9,79,0.0125,0.6435660669441323,0.0875,0.6435660669441323,0.025,496,0.002012072434607646,0.022132796780684104,0.006036217303822937
time_block,3,normal_461,0,1.0,8,79,0.0125,0.5056282061031091,0.175,0.14126520062164213,0.85,496,0.002012072434607646,0.056338028169014086,0.5513078470824949
time_block,3,normal_462,0,1.0,5,79,0.0125,0.520689546315682,0.15,0.19609777459782993,0.65,496,0.002012072434607646,0.05030181086519115,0.37424547283702214
time_block,3,normal_463,0,1.0,5,79,0.0125,0.2906840878041259,0.725,0.2906840878041259,0.4125,496,0.002012072434607646,0.3118712273641851,0.1267605633802817
time_block,3,normal_464,0,1.0,3,79,0.0125,0.3333800785467824,0.5125,0.09586839163156707,0.9625,496,0.002012072434607646,0.20724346076458752,0.7022132796780685
time_block,3,normal_466,0,1.0,9,79,0.0125,0.3569841905497031,0.425,0.2546691474801088,0.5125,496,0.002012072434607646,0.158953722334004,0.20925553319919518
time_block,3,normal_467,0,0.0,8,79,0.0125,0.25033684304464765,0.85,0.25033684304464765,0.525,496,0.002012072434607646,0.48893360160965793,0.2193158953722334
time_block,3,normal_468,0,0.0,6,79,0.0125,0.35182011045937833,0.425,0.2599470819198447,0.5,496,0.002012072434607646,0.16498993963782696,0.19718309859154928
time_block,3,normal_469,0,0.0,6,79,0.0125,0.44747893900057023,0.2,0.44747893900057023,0.075,496,0.002012072434607646,0.07645875251509054,0.01609657947686117
time_block,3,normal_470,0,1.0,3,79,0.0125,0.2781602886086393,0.7625,0.15895201163016573,0.75,496,0.002012072434607646,0.36016096579476864,0.4909456740442656
time_block,3,normal_471,0,1.0,1,79,0.0125,0.08123280333539383,1.0,0.041423489936927266,1.0,496,0.002012072434607646,0.9979879275653923,0.9798792756539235
time_block,3,normal_472,0,1.0,9,79,0.0125,0.31231361494791443,0.5875,0.2705937524099088,0.475,496,0.002012072434607646,0.2454728370221328,0.1750503018108652
time_block,3,normal_473,0,1.0,9,79,0.0125,0.21915217645492613,0.9375,0.15475539875764383,0.775,496,0.002012072434607646,0.6800804828973843,0.5090543259557344
time_block,3,normal_474,0,1.0,6,79,0.0125,0.3245041472120128,0.5375,0.09409389341030794,0.9875,496,0.002012072434607646,0.23138832997987926,0.716297786720322
time_block,3,normal_475,0,1.0,4,79,0.0125,0.1774574582846223,0.9875,0.13626575636671054,0.8625,496,0.002012072434607646,0.8732394366197183,0.5633802816901409
time_block,3,normal_476,0,1.0,1,79,0.0125,0.13103582552154486,1.0,0.08378716333563618,0.9875,496,0.002012072434607646,0.9899396378269618,0.7625754527162978
time_block,3,normal_477,0,1.0,9,79,0.0125,0.3519792174720766,0.425,0.10173890059870505,0.9625,496,0.002012072434607646,0.16498993963782696,0.6680080482897385
time_block,3,normal_478,0,1.0,9,79,0.0125,0.24962280225595626,0.85,0.13213626148669605,0.8625,496,0.002012072434607646,0.4949698189134809,0.5714285714285714
time_block,3,normal_479,0,1.0,9,79,0.0125,0.2592982875558543,0.85,0.08747436544257244,0.9875,496,0.002012072434607646,0.4607645875251509,0.744466800804829
time_block,3,outlier_1,1,,9,79,0.0125,68.61578352153782,0.0125,68.61578352153782,0.0125,496,0.002012072434607646,0.002012072434607646,0.002012072434607646
time_block,3,outlier_2,1,,8,79,0.0125,38.91077936995559,0.0125,35.280913040968294,0.0125,496,0.002012072434607646,0.002012072434607646,0.002012072434607646
time_block,3,outlier_3,1,,5,79,0.0125,41.52132869290068,0.0125,29.08538971220404,0.0125,496,0.002012072434607646,0.002012072434607646,0.002012072434607646
time_block,3,outlier_4,1,,2,79,0.0125,63.97464597224547,0.0125,46.2480932032364,0.0125,496,0.002012072434607646,0.002012072434607646,0.002012072434607646
time_block,3,outlier_6,1,,9,79,0.0125,72.4310369213863,0.0125,66.757779336238,0.0125,496,0.002012072434607646,0.002012072434607646,0.002012072434607646
time_block,3,outlier_7,1,,7,79,0.0125,37.58517853163767,0.0125,28.195950848537606,0.0125,496,0.002012072434607646,0.002012072434607646,0.002012072434607646
time_block,3,outlier_8,1,,4,79,0.0125,24.968325089879713,0.0125,24.968325089879713,0.0125,496,0.002012072434607646,0.002012072434607646,0.002012072434607646
time_block,3,outlier_11,1,,9,79,0.0125,21.330487173244354,0.0125,17.324613503845725,0.0125,496,0.002012072434607646,0.002012072434607646,0.002012072434607646
time_block,3,outlier_12,1,,7,79,0.0125,38.11842000681733,0.0125,36.595279859942885,0.0125,496,0.002012072434607646,0.002012072434607646,0.002012072434607646
time_block,3,outlier_13,1,,4,79,0.0125,66.07691309953444,0.0125,23.509032785347923,0.0125,496,0.002012072434607646,0.002012072434607646,0.002012072434607646
time_block,3,outlier_14,1,,2,79,0.0125,15.973440204866794,0.0125,15.973440204866794,0.0125,496,0.002012072434607646,0.002012072434607646,0.002012072434607646
time_block,3,outlier_15,1,,9,79,0.0125,41.77823219210991,0.0125,41.77823219210991,0.0125,496,0.002012072434607646,0.002012072434607646,0.002012072434607646
time_block,3,outlier_16,1,,9,79,0.0125,35.678384533719786,0.0125,35.678384533719786,0.0125,496,0.002012072434607646,0.002012072434607646,0.002012072434607646
time_block,3,outlier_17,1,,6,79,0.0125,47.166167232136154,0.0125,7.275275537155701,0.0125,496,0.002012072434607646,0.002012072434607646,0.002012072434607646
time_block,3,outlier_18,1,,3,79,0.0125,57.252854323225165,0.0125,37.46793116718662,0.0125,496,0.002012072434607646,0.002012072434607646,0.002012072434607646
time_block,3,outlier_19,1,,1,79,0.0125,10.093006275366976,0.0125,5.589624232056149,0.0125,496,0.002012072434607646,0.002012072434607646,0.002012072434607646
time_block,3,outlier_20,1,,2,79,0.0125,9.45019879881105,0.0125,5.998690168698908,0.0125,496,0.002012072434607646,0.002012072434607646,0.002012072434607646
time_block,4,normal_480,0,1.0,9,106,0.009345794392523364,0.2421033702147109,0.9065420560747663,0.09210047157643003,0.9158878504672897,620,0.001610305958132045,0.6231884057971014,0.6650563607085346
time_block,4,normal_481,0,1.0,7,106,0.009345794392523364,0.2850712203827845,0.7850467289719626,0.14422911581424389,0.7383177570093458,620,0.001610305958132045,0.45893719806763283,0.5185185185185185
time_block,4,normal_482,0,1.0,9,106,0.009345794392523364,0.2567575862185851,0.897196261682243,0.1908596834030513,0.6261682242990654,620,0.001610305958132045,0.573268921095008,0.3961352657004831
time_block,4,normal_483,0,1.0,7,106,0.009345794392523364,0.27325144944251634,0.8317757009345794,0.0593717036123756,0.9906542056074766,620,0.001610305958132045,0.4975845410628019,0.8357487922705314
time_block,4,normal_484,0,1.0,7,106,0.009345794392523364,0.23738604685451328,0.9252336448598131,0.08662067202789916,0.9345794392523364,620,0.001610305958132045,0.644122383252818,0.6876006441223832
time_block,4,normal_485,0,1.0,7,106,0.009345794392523364,0.2763706096601069,0.8130841121495327,0.08621018107307205,0.9345794392523364,620,0.001610305958132045,0.4863123993558776,0.6876006441223832
time_block,4,normal_486,0,1.0,7,106,0.009345794392523364,0.26403719042114077,0.8691588785046729,0.06747018140900388,0.9813084112149533,620,0.001610305958132045,0.5458937198067633,0.7729468599033816
time_block,4,normal_487,0,1.0,6,106,0.009345794392523364,0.229696194401572,0.9345794392523364,0.10629229531407498,0.8598130841121495,620,0.001610305958132045,0.7004830917874396,0.6215780998389694
time_block,4,normal_488,0,1.0,3,106,0.009345794392523364,0.17289383371967842,0.9813084112149533,0.1507148376966496,0.6915887850467289,620,0.001610305958132045,0.9355877616747182,0.4895330112721417
time_block,4,normal_489,0,1.0,3,106,0.009345794392523364,0.15756029799923754,0.9813084112149533,0.1412428103001556,0.7663551401869159,620,0.001610305958132045,0.9581320450885669,0.5281803542673108
time_block,4,normal_491,0,1.0,9,106,0.009345794392523364,0.26513198348339373,0.8691588785046729,0.10138589035721665,0.8878504672897196,620,0.001610305958132045,0.5362318840579711,0.6328502415458938
time_block,4,normal_492,0,1.0,9,106,0.009345794392523364,0.3007365421416105,0.7757009345794392,0.16611335686140882,0.6448598130841121,620,0.001610305958132045,0.41223832528180354,0.45893719806763283
time_block,4,normal_493,0,1.0,6,106,0.009345794392523364,0.22052322222901893,0.9626168224299065,0.1066419131912691,0.8598130841121495,620,0.001610305958132045,0.7520128824476651,0.6215780998389694
time_block,4,normal_494,0,1.0,4,106,0.009345794392523364,0.3529557876822256,0.5700934579439252,0.05219868761672957,0.9906542056074766,620,0.001610305958132045,0.23832528180354268,0.8760064412238325
time_block,4,normal_495,0,1.0,2,106,0.009345794392523364,0.18442387282876818,0.9813084112149533,0.06249358563006907,0.9906542056074766,620,0.001610305958132045,0.9017713365539453,0.8164251207729468
time_block,4,normal_496,0,1.0,1,106,0.009345794392523364,0.2558823291704748,0.897196261682243,0.022139659887805144,1.0,620,0.001610305958132045,0.573268921095008,0.998389694041868
time_block,4,normal_497,0,1.0,9,106,0.009345794392523364,0.2251875706008488,0.9439252336448598,0.17387984710920731,0.6355140186915887,620,0.001610305958132045,0.7278582930756844,0.4476650563607085
time_block,4,normal_498,0,1.0,9,106,0.009345794392523364,0.23959512704730088,0.9252336448598131,0.16216337483940638,0.6448598130841121,620,0.001610305958132045,0.6360708534621579,0.46859903381642515
time_block,4,normal_499,0,1.0,9,106,0.009345794392523364,0.23250477990170587,0.9252336448598131,0.09610856481483608,0.897196261682243,620,0.001610305958132045,0.6747181964573269,0.6537842190016103
time_block,4,normal_500,0,1.0,6,106,0.009345794392523364,0.30266321775713634,0.7663551401869159,0.08640963913031997,0.9345794392523364,620,0.001610305958132045,0.4057971014492754,0.6876006441223832
time_block,4,normal_501,0,1.0,3,106,0.009345794392523364,0.2529059338701919,0.897196261682243,0.09946001891368808,0.8878504672897196,620,0.001610305958132045,0.5797101449275363,0.6360708534621579
time_block,4,normal_502,0,1.0,1,106,0.009345794392523364,0.2600660581174659,0.8785046728971962,0.03848936425031506,0.9906542056074766,620,0.001610305958132045,0.5668276972624798,0.9710144927536232
time_block,4,normal_503,0,1.0,1,106,0.009345794392523364,0.16947175472839485,0.9813084112149533,0.07445658536808336,0.9626168224299065,620,0.001610305958132045,0.9388083735909822,0.7455716586151369
time_block,4,normal_504,0,1.0,9,106,0.009345794392523364,0.2612004026423259,0.8785046728971962,0.10506835201384158,0.8598130841121495,620,0.001610305958132045,0.5636070853462157,0.6215780998389694
time_block,4,normal_505,0,1.0,9,106,0.009345794392523364,0.24397341878895987,0.9065420560747663,0.10137977030342982,0.8878504672897196,620,0.001610305958132045,0.6183574879227053,0.6328502415458938
time_block,4,normal_506,0,1.0,6,106,0.009345794392523364,0.21836255646043365,0.9626168224299065,0.08447815214039102,0.9345794392523364,620,0.001610305958132045,0.7616747181964574,0.6908212560386473
time_block,4,normal_507,0,1.0,4,106,0.009345794392523364,0.26973657916743476,0.8504672897196262,0.1287300077625947,0.794392523364486,620,0.001610305958132045,0.5185185185185185,0.5603864734299517
time_block,4,normal_508,0,1.0,1,106,0.009345794392523364,0.16489071999526658,0.9813084112149533,0.032238366546061076,1.0,620,0.001610305958132045,0.9484702093397746,0.9871175523349437
time_block,4,normal_509,0,1.0,9,106,0.009345794392523364,0.24209804692536546,0.9065420560747663,0.12105899488169042,0.822429906542056,620,0.001610305958132045,0.6231884057971014,0.5861513687600645
time_block,4,normal_510,0,1.0,9,106,0.009345794392523364,0.32861180890133057,0.6355140186915887,0.1056926550442915,0.8598130841121495,620,0.001610305958132045,0.31239935587761675,0.6215780998389694
time_block,4,normal_511,0,1.0,6,106,0.009345794392523364,0.2680898499902001,0.8504672897196262,0.12607839511213198,0.8037383177570093,620,0.001610305958132045,0.5185185185185185,0.5684380032206119
time_block,4,normal_512,0,1.0,4,106,0.009345794392523364,0.27341243302102186,0.8317757009345794,0.06777013448212736,0.9813084112149533,620,0.001610305958132045,0.49597423510466987,0.7729468599033816
time_block,4,normal_513,0,1.0,1,106,0.009345794392523364,0.3779182211765383,0.48598130841121495,0.09861860145900563,0.8878504672897196,620,0.001610305958132045,0.18679549114331723,0.6360708534621579
time_block,4,normal_514,0,1.0,9,106,0.009345794392523364,0.2469817813363735,0.897196261682243,0.12320517226529061,0.822429906542056,620,0.001610305958132045,0.6086956521739131,0.5780998389694042
time_block,4,normal_515,0,1.0,9,106,0.009345794392523364,0.2687920966828147,0.8504672897196262,0.16767631842055924,0.6448598130841121,620,0.001610305958132045,0.5185185185185185,0.45893719806763283
time_block,4,normal_516,0,1.0,7,106,0.009345794392523364,0.2396384560437957,0.9252336448598131,0.11499197835281598,0.8411214953271028,620,0.001610305958132045,0.6360708534621579,0.6038647342995169
time_block,4,normal_517,0,1.0,4,106,0.009345794392523364,0.22807346300479164,0.9439252336448598,0.11629171758670079,0.8411214953271028,620,0.001610305958132045,0.711755233494364,0.6038647342995169
time_block,4,normal_518,0,1.0,1,106,0.009345794392523364,0.2245308866863718,0.9439252336448598,0.06904442336642232,0.9813084112149533,620,0.001610305958132045,0.7342995169082126,0.7648953301127214
time_block,4,normal_519,0,1.0,9,106,0.009345794392523364,0.3051432097315918,0.7476635514018691,0.09683967362023035,0.8878504672897196,620,0.001610305958132045,0.3896940418679549,0.642512077294686
time_block,4,normal_520,0,1.0,9,106,0.009345794392523364,0.17285908128905988,0.9813084112149533,0.0905392602420494,0.9158878504672897,620,0.001610305958132045,0.9355877616747182,0.6682769726247987
time_block,4,normal_521,0,1.0,6,106,0.009345794392523364,0.29840433683823153,0.7850467289719626,0.12943973964293704,0.7850467289719626,620,0.001610305958132045,0.41867954911433175,0.5571658615136876
time_block,4,normal_522,0,1.0,4,106,0.009345794392523364,0.18187727925077884,0.9813084112149533,0.05257919348178111,0.9906542056074766,620,0.001610305958132045,0.9130434782608695,0.8760064412238325
time_block,4,normal_523,0,1.0,1,106,0.009345794392523364,0.16431453611658225,0.9813084112149533,0.047217936832803155,0.9906542056074766,620,0.001610305958132045,0.9484702093397746,0.9162640901771336
time_block,4,normal_524,0,1.0,9,106,0.009345794392523364,0.22592854100488516,0.9439252336448598,0.10684167767710813,0.8598130841121495,620,0.001610305958132045,0.7278582930756844,0.6215780998389694
time_block,4,normal_525,0,1.0,9,106,0.009345794392523364,0.19555610698511064,0.9719626168224299,0.09916127359111712,0.8878504672897196,620,0.001610305958132045,0.8534621578099839,0.6360708534621579
time_block,4,normal_526,0,1.0,8,106,0.009345794392523364,0.270273615767246,0.8504672897196262,0.12944337806696943,0.7850467289719626,620,0.001610305958132045,0.5152979066022544,0.5571658615136876
time_block,4,normal_527,0,1.0,6,106,0.009345794392523364,0.249808013654081,0.897196261682243,0.06761388295966247,0.9813084112149533,620,0.001610305958132045,0.6006441223832528,0.7729468599033816
time_block,4,normal_528,0,1.0,4,106,0.009345794392523364,0.3070405705404961,0.7383177570093458,0.05660628390474472,0.9906542056074766,620,0.001610305958132045,0.38164251207729466,0.8534621578099839
time_block,4,normal_529,0,1.0,1,106,0.009345794392523364,0.26986280695071474,0.8504672897196262,0.053646824880958434,0.9906542056074766,620,0.001610305958132045,0.5185185185185185,0.8695652173913043
time_block,4,normal_531,0,1.0,9,106,0.009345794392523364,0.22903682658694902,0.9345794392523364,0.08597054912043874,0.9345794392523364,620,0.001610305958132045,0.7053140096618358,0.6892109500805152
time_block,4,normal_532,0,1.0,9,106,0.009345794392523364,0.2660268904499147,0.8691588785046729,0.16257376069870316,0.6448598130841121,620,0.001610305958132045,0.533011272141707,0.4669887278582931
time_block,4,normal_533,0,1.0,6,106,0.009345794392523364,0.19591042906900033,0.9719626168224299,0.07999115138061752,0.9345794392523364,620,0.001610305958132045,0.8518518518518519,0.7133655394524959
time_block,4,normal_534,0,1.0,4,106,0.009345794392523364,0.2706824676140509,0.8504672897196262,0.07093548636504517,0.9626168224299065,620,0.001610305958132045,0.5152979066022544,0.7552334943639292
time_block,4,normal_535,0,1.0,1,106,0.009345794392523364,0.2183287864800951,0.9626168224299065,0.059031373491955974,0.9906542056074766,620,0.001610305958132045,0.7616747181964574,0.8389694041867954
time_block,4,normal_536,0,1.0,9,106,0.009345794392523364,0.23962026143110457,0.9252336448598131,0.1050866627158639,0.8598130841121495,620,0.001610305958132045,0.6360708534621579,0.6215780998389694
time_block,4,normal_537,0,1.0,9,106,0.009345794392523364,0.2252938822398474,0.9439252336448598,0.10598112108830225,0.8598130841121495,620,0.001610305958132045,0.7278582930756844,0.6215780998389694
time_block,4,normal_538,0,1.0,6,106,0.009345794392523364,0.24015525714556518,0.9252336448598131,0.15948161570410999,0.6542056074766355,620,0.001610305958132045,0.6312399355877617,0.47342995169082125
time_block,4,normal_539,0,1.0,3,106,0.009345794392523364,0.2251143309187648,0.9439252336448598,0.12107659560478742,0.822429906542056,620,0.001610305958132045,0.7278582930756844,0.5861513687600645
time_block,4,normal_540,0,1.0,1,106,0.009345794392523364,0.16223781658329575,0.9813084112149533,0.04442109972597754,0.9906542056074766,620,0.001610305958132045,0.9516908212560387,0.9339774557165862
time_block,4,normal_542,0,1.0,9,106,0.009345794392523364,0.24341340667681755,0.9065420560747663,0.18077538246413016,0.6261682242990654,620,0.001610305958132045,0.6183574879227053,0.42351046698872785
time_block,4,normal_543,0,1.0,9,106,0.009345794392523364,0.23942389231461758,0.9252336448598131,0.12185361384820115,0.822429906542056,620,0.001610305958132045,0.6360708534621579,0.5829307568438004
time_block,4,normal_544,0,1.0,6,106,0.009345794392523364,0.26071478504933787,0.8785046728971962,0.11557109568370685,0.8411214953271028,620,0.001610305958132045,0.5636070853462157,0.6038647342995169
time_block,4,normal_545,0,1.0,3,106,0.009345794392523364,0.2436656698068498,0.9065420560747663,0.06130026459449376,0.9906542056074766,620,0.001610305958132045,0.6183574879227053,0.8244766505636071
time_block,4,normal_548,0,1.0,9,106,0.009345794392523364,0.2976844734406806,0.7850467289719626,0.1701372367248113,0.6355140186915887,620,0.001610305958132045,0.42028985507246375,0.4524959742351047
time_block,4,normal_549,0,1.0,8,106,0.009345794392523364,0.32829761466776824,0.6355140186915887,0.0644227236510195,0.9906542056074766,620,0.001610305958132045,0.31239935587761675,0.7971014492753623
time_block,4,normal_550,0,1.0,8,106,0.009345794392523364,0.21499819754324775,0.9719626168224299,0.08472437076225776,0.9345794392523364,620,0.001610305958132045,0.7745571658615137,0.6908212560386473
time_block,4,normal_551,0,1.0,8,106,0.009345794392523364,0.3344820613525132,0.6074766355140186,0.12945205235067556,0.7850467289719626,620,0.001610305958132045,0.2914653784219002,0.5571658615136876
time_block,4,normal_552,0,1.0,5,106,0.009345794392523364,0.22512508298092043,0.9439252336448598,0.116647219308395,0.8411214953271028,620,0.001610305958132045,0.7278582930756844,0.6022544283413849
time_block,4,normal_553,0,1.0,2,106,0.009345794392523364,0.20859410012292257,0.9719626168224299,0.06766663991983275,0.9813084112149533,620,0.001610305958132045,0.8051529790660226,0.7729468599033816
time_block,4,normal_555,0,1.0,9,106,0.009345794392523364,0.26354934135475266,0.8691588785046729,0.10398449549155565,0.8598130841121495,620,0.001610305958132045,0.5491143317230274,0.6215780998389694
time_block,4,normal_556,0,1.0,9,106,0.009345794392523364,0.28216648961357965,0.8037383177570093,0.1316337645064386,0.7850467289719626,620,0.001610305958132045,0.47020933977455714,0.5555555555555556
time_block,4,normal_557,0,1.0,8,106,0.009345794392523364,0.25458546565498213,0.897196261682243,0.11689393121585506,0.8411214953271028,620,0.001610305958132045,0.5748792270531401,0.6022544283413849
time_block,4,normal_558,0,1.0,5,106,0.009345794392523364,0.3472471133915051,0.5887850467289719,0.11713259696729286,0.8411214953271028,620,0.001610305958132045,0.2560386473429952,0.6006441223832528
time_block,4,normal_559,0,1.0,2,106,0.009345794392523364,0.1441817837949381,0.9906542056074766,0.0946129847677578,0.897196261682243,620,0.001610305958132045,0.9726247987117552,0.6553945249597424
time_block,4,normal_561,0,1.0,9,106,0.009345794392523364,0.2799009136463708,0.8130841121495327,0.09801396084984708,0.8878504672897196,620,0.001610305958132045,0.4750402576489533,0.6376811594202898
time_block,4,normal_562,0,1.0,9,106,0.009345794392523364,0.2790482043869641,0.8130841121495327,0.21469882813536031,0.5887850467289719,620,0.001610305958132045,0.47665056360708535,0.33172302737520126
time_block,4,normal_563,0,0.0,7,106,0.009345794392523364,0.33474795487596354,0.6074766355140186,0.15508764244751858,0.6822429906542056,620,0.001610305958132045,0.2898550724637681,0.4830917874396135
time_block,4,normal_564,0,0.0,5,106,0.009345794392523364,0.24170580059212216,0.9252336448598131,0.24170580059212216,0.5233644859813084,620,0.001610305958132045,0.6264090177133655,0.26247987117552335
time_block,4,normal_565,0,1.0,2,106,0.009345794392523364,0.3127279253423928,0.7102803738317757,0.09759094649409616,0.8878504672897196,620,0.001610305958132045,0.35909822866344604,0.6392914653784219
time_block,4,normal_567,0,0.0,9,106,0.009345794392523364,0.3430720987823204,0.5887850467289719,0.2521238040770775,0.5046728971962616,620,0.001610305958132045,0.2640901771336554,0.24154589371980675
time_block,4,normal_568,0,1.0,9,106,0.009345794392523364,0.26647927151013207,0.8691588785046729,0.18808887523332685,0.6261682242990654,620,0.001610305958132045,0.5314009661835749,0.3993558776167472
time_block,4,normal_569,0,0.0,7,106,0.009345794392523364,1.3520337508180316,0.018691588785046728,0.2732604062637558,0.411214953271028,620,0.001610305958132045,0.00322061191626409,0.1932367149758454
time_block,4,normal_570,0,1.0,7,106,0.009345794392523364,0.29367847943469794,0.7850467289719626,0.1622587010221359,0.6448598130841121,620,0.001610305958132045,0.43800322061191627,0.4669887278582931
time_block,4,normal_571,0,0.0,5,106,0.009345794392523364,0.4202871865247808,0.3925233644859813,0.3845938676766761,0.18691588785046728,620,0.001610305958132045,0.12238325281803543,0.05636070853462158
time_block,4,normal_572,0,0.0,3,106,0.009345794392523364,0.2971841993215474,0.7850467289719626,0.15013074761196574,0.7102803738317757,620,0.001610305958132045,0.42351046698872785,0.500805152979066
time_block,4,normal_574,0,0.0,9,106,0.009345794392523364,0.3875026864218028,0.4672897196261682,0.21222810608149761,0.5887850467289719,620,0.001610305958132045,0.16747181964573268,0.33816425120772947
time_block,4,normal_575,0,0.0,9,106,0.009345794392523364,0.46804432652397593,0.24299065420560748,0.46804432652397593,0.102803738317757,620,0.001610305958132045,0.07568438003220612,0.024154589371980676
time_block,4,normal_576,0,1.0,8,106,0.009345794392523364,0.31724234340695334,0.6915887850467289,0.21057240902803845,0.5887850467289719,620,0.001610305958132045,0.33816425120772947,0.3397745571658615
time_block,4,normal_577,0,1.0,6,106,0.009345794392523364,0.4977577255005316,0.22429906542056074,0.11394818409103837,0.8411214953271028,620,0.001610305958132045,0.06602254428341385,0.605475040257649
time_block,4,normal_578,0,0.0,6,106,0.009345794392523364,0.2760766134989267,0.8130841121495327,0.23229872925233166,0.5233644859813084,620,0.001610305958132045,0.48792270531400966,0.2753623188405797
time_block,4,normal_579,0,1.0,3,106,0.009345794392523364,0.275911785374621,0.8130841121495327,0.17803126200573804,0.6355140186915887,620,0.001610305958132045,0.48792270531400966,0.4331723027375201
time_block,4,normal_580,0,0.0,1,106,0.009345794392523364,0.2290132143776581,0.9345794392523364,0.2290132143776581,0.5327102803738317,620,0.001610305958132045,0.7053140096618358,0.2898550724637681
time_block,4,normal_581,0,1.0,9,106,0.009345794392523364,0.30524293368689653,0.7476635514018691,0.08077818231707941,0.9345794392523364,620,0.001610305958132045,0.38808373590982287,0.7069243156199678
time_block,4,normal_582,0,1.0,9,106,0.009345794392523364,0.6715403098835119,0.07476635514018691,0.11600560956686302,0.8411214953271028,620,0.001610305958132045,0.024154589371980676,0.6038647342995169
time_block,4,normal_583,0,0.0,6,106,0.009345794392523364,0.5438301255743441,0.1308411214953271,0.3541185239081882,0.2336448598130841,620,0.001610305958132045,0.04186795491143317,0.07890499194847021
time_block,4,normal_584,0,1.0,4,106,0.009345794392523364,0.29639659082409314,0.7850467289719626,0.12026996239965623,0.822429906542056,620,0.001610305958132045,0.42673107890499196,0.5893719806763285
time_block,4,normal_585,0,1.0,1,106,0.009345794392523364,0.40741625404024884,0.40186915887850466,0.13439709461461857,0.7757009345794392,620,0.001610305958132045,0.14170692431561996,0.5458937198067633
time_block,4,normal_586,0,0.0,9,106,0.009345794392523364,0.19093784398345048,0.9813084112149533,0.19093784398345048,0.6261682242990654,620,0.001610305958132045,0.8679549114331723,0.3961352657004831
time_block,4,normal_587,0,1.0,9,106,0.009345794392523364,0.3466869841883823,0.5887850467289719,0.14925790718352308,0.7102803738317757,620,0.001610305958132045,0.25925925925925924,0.5024154589371981
time_block,4,normal_588,0,1.0,7,106,0.009345794392523364,0.30581831556532074,0.7383177570093458,0.07539687877976109,0.9532710280373832,620,0.001610305958132045,0.3864734299516908,0.7375201288244766
time_block,4,normal_589,0,0.0,4,106,0.009345794392523364,0.3764641544530684,0.4953271028037383,0.32988982993549876,0.2803738317757009,620,0.001610305958132045,0.19162640901771336,0.10305958132045089
time_block,4,normal_590,0,1.0,2,106,0.009345794392523364,0.31829870614368944,0.6728971962616822,0.155981537498062,0.6822429906542056,620,0.001610305958132045,0.33172302737520126,0.47987117552334946
time_block,4,normal_592,0,0.0,9,106,0.009345794392523364,0.2690907531556682,0.8504672897196262,0.21237651305386615,0.5887850467289719,620,0.001610305958132045,0.5185185185185185,0.33816425120772947
time_block,4,normal_593,0,1.0,8,106,0.009345794392523364,0.6683443891201496,0.07476635514018691,0.08913818591486594,0.9158878504672897,620,0.001610305958132045,0.024154589371980676,0.6747181964573269
time_block,4,normal_594,0,0.0,6,106,0.009345794392523364,0.49683517247427306,0.22429906542056074,0.46118380974954054,0.102803738317757,620,0.001610305958132045,0.06602254428341385,0.024154589371980676
time_block,4,normal_595,0,1.0,3,106,0.009345794392523364,0.20625269641796576,0.9719626168224299,0.08342714801131976,0.9345794392523364,620,0.001610305958132045,0.8115942028985508,0.6940418679549114
time_block,4,normal_597,0,0.0,9,106,0.009345794392523364,0.2919302916910979,0.7850467289719626,0.25015969228501694,0.5046728971962616,620,0.001610305958132045,0.44605475040257647,0.249597423510467
time_block,4,normal_598,0,1.0,7,106,0.009345794392523364,0.42638614462229196,0.3644859813084112,0.08165005848216578,0.9345794392523364,620,0.001610305958132045,0.1143317230273752,0.7020933977455717
time_block,4,outlier_1,1,,9,106,0.009345794392523364,76.94026490786437,0.009345794392523364,76.94026490786437,0.009345794392523364,620,0.001610305958132045,0.001610305958132045,0.001610305958132045
time_block,4,outlier_2,1,,8,106,0.009345794392523364,43.36462983535771,0.009345794392523364,39.86646229520769,0.009345794392523364,620,0.001610305958132045,0.001610305958132045,0.001610305958132045
time_block,4,outlier_3,1,,5,106,0.009345794392523364,46.67494367608797,0.009345794392523364,31.020760412847025,0.009345794392523364,620,0.001610305958132045,0.001610305958132045,0.001610305958132045
time_block,4,outlier_4,1,,2,106,0.009345794392523364,71.46844014423898,0.009345794392523364,52.103252804758704,0.009345794392523364,620,0.001610305958132045,0.001610305958132045,0.001610305958132045
time_block,4,outlier_6,1,,9,106,0.009345794392523364,80.15697087861095,0.009345794392523364,74.57585767285855,0.009345794392523364,620,0.001610305958132045,0.001610305958132045,0.001610305958132045
time_block,4,outlier_7,1,,7,106,0.009345794392523364,42.44585105861801,0.009345794392523364,31.680498400573462,0.009345794392523364,620,0.001610305958132045,0.001610305958132045,0.001610305958132045
time_block,4,outlier_8,1,,4,106,0.009345794392523364,27.80047085760867,0.009345794392523364,27.80047085760867,0.009345794392523364,620,0.001610305958132045,0.001610305958132045,0.001610305958132045
time_block,4,outlier_11,1,,9,106,0.009345794392523364,23.69302075042814,0.009345794392523364,16.663582046205683,0.009345794392523364,620,0.001610305958132045,0.001610305958132045,0.001610305958132045
time_block,4,outlier_12,1,,7,106,0.009345794392523364,43.08020028669052,0.009345794392523364,39.96604378664045,0.009345794392523364,620,0.001610305958132045,0.001610305958132045,0.001610305958132045
time_block,4,outlier_13,1,,4,106,0.009345794392523364,73.73048812210699,0.009345794392523364,25.684818110767875,0.009345794392523364,620,0.001610305958132045,0.001610305958132045,0.001610305958132045
time_block,4,outlier_14,1,,2,106,0.009345794392523364,17.896642717112453,0.009345794392523364,17.896642717112453,0.009345794392523364,620,0.001610305958132045,0.001610305958132045,0.001610305958132045
time_block,4,outlier_15,1,,9,106,0.009345794392523364,47.24056735079424,0.009345794392523364,47.24056735079424,0.009345794392523364,620,0.001610305958132045,0.001610305958132045,0.001610305958132045
time_block,4,outlier_16,1,,9,106,0.009345794392523364,39.807944141209504,0.009345794392523364,39.807944141209504,0.009345794392523364,620,0.001610305958132045,0.001610305958132045,0.001610305958132045
time_block,4,outlier_17,1,,6,106,0.009345794392523364,53.485189148106,0.009345794392523364,7.727652618097498,0.009345794392523364,620,0.001610305958132045,0.001610305958132045,0.001610305958132045
time_block,4,outlier_18,1,,3,106,0.009345794392523364,62.49640547577606,0.009345794392523364,41.668299635631655,0.009345794392523364,620,0.001610305958132045,0.001610305958132045,0.001610305958132045
time_block,4,outlier_19,1,,1,106,0.009345794392523364,11.27204953979991,0.009345794392523364,5.83688178718361,0.009345794392523364,620,0.001610305958132045,0.001610305958132045,0.001610305958132045
time_block,4,outlier_20,1,,2,106,0.009345794392523364,10.609800153625308,0.009345794392523364,6.48719675684721,0.009345794392523364,620,0.001610305958132045,0.001610305958132045,0.001610305958132045
