family,model,key,feature_set,model_id,win_s,split,fold,seed,status,auc,fpr_sample,fpr_segment,delay_median_s,felt_delay_median_s,thr,n_out_seg,n_detected,recall_window,fpr_high_load,fpr_low_load,inj_spike_0.25,inj_spike_0.5,inj_spike_1,inj_spike_2,inj_amplitude_0.25,inj_amplitude_0.5,inj_amplitude_1,inj_amplitude_2,inj_antiphase_0.25,inj_antiphase_0.5,inj_antiphase_1,inj_antiphase_2,inj_current_0.25,inj_current_0.5,inj_current_1,inj_current_2,inj_mean,sec
Distribution,MCD [amp],mcd,amp,mcd_amp_w1s,1.0,group_kfold_seg,0,0,loaded,0.9730521689079588,0.015174506828528073,0.06422018348623854,0.9,8.858,568.9584447587512,5,5,0.8275862068965517,0.030508474576271188,0.0027472527472527475,0.010622154779969651,0.015174506828528073,0.03338391502276176,0.3611532625189681,0.019726858877086494,0.042488619119878605,0.11836115326251896,0.26707132018209406,0.007587253414264037,0.007587253414264037,0.0015174506828528073,0.010622154779969651,0.01669195751138088,0.027314112291350532,0.07435508345978756,0.2716236722306525,0.08033004552352048,137.2
Distribution,MCD [amp_sine],mcd,amp_sine,mcd_amp_sine_w1s,1.0,group_kfold_seg,0,0,loaded,1.0,0.015174506828528073,0.07339449541284404,0.9,8.858,706.1029224629872,5,5,1.0,0.020338983050847456,0.01098901098901099,0.012139605462822459,0.015174506828528073,0.03338391502276176,0.29893778452200304,0.019726858877086494,0.03945371775417299,0.13201820940819423,0.2822458270106222,0.009104704097116844,0.009104704097116844,0.007587253414264037,0.015174506828528073,0.018209408194233688,0.701062215477997,1.0,1.0,0.22458270106221548,0.4
Distribution,MCD [amp_shape],mcd,amp_shape,mcd_amp_shape_w1s,1.0,group_kfold_seg,0,0,loaded,0.9985872010883784,0.012139605462822459,0.045871559633027525,0.9,8.858,176.27825124790107,5,5,0.9310344827586207,0.01694915254237288,0.008241758241758242,0.015174506828528073,0.025796661608497723,0.1244309559939302,0.6054628224582701,0.01669195751138088,0.021244309559939303,0.06525037936267071,0.3156297420333839,0.010622154779969651,0.009104704097116844,0.013657056145675266,0.03338391502276176,0.010622154779969651,0.010622154779969651,0.021244309559939303,0.19271623672230653,0.09322837632776936,0.4
Distribution,MCD [amp_rel],mcd,amp_rel,mcd_amp_rel_w1s,1.0,group_kfold_seg,0,0,loaded,0.9822091988906912,0.02276176024279211,0.09174311926605505,0.9,8.858,656.6581356733033,5,5,0.896551724137931,0.04406779661016949,0.005494505494505495,0.010622154779969651,0.012139605462822459,0.028831562974203338,0.3353566009104704,0.03793626707132018,0.08801213960546282,0.19271623672230653,0.3353566009104704,0.006069802731411229,0.004552352048558422,0.004552352048558422,0.021244309559939303,0.01669195751138088,0.025796661608497723,0.05311077389984825,0.2534142640364188,0.08915022761760243,0.4
Distribution,OCSVM [amp],ocsvm,amp,ocsvm_amp_w1s,1.0,group_kfold_seg,0,0,loaded,0.9891162157919523,0.02276176024279211,0.11009174311926606,0.9,8.858,2.1444607180448214,5,5,0.896551724137931,0.03389830508474576,0.013736263736263736,0.01669195751138088,0.03490136570561457,0.24430955993930198,0.6388467374810318,0.019726858877086494,0.04400606980273141,0.23520485584218512,0.5796661608497724,0.012139605462822459,0.010622154779969651,0.015174506828528073,0.03793626707132018,0.009104704097116844,0.012139605462822459,0.07890743550834597,0.2852807283763278,0.14216616084977235,1.1
Distribution,OCSVM [amp_sine],ocsvm,amp_sine,ocsvm_amp_sine_w1s,1.0,group_kfold_seg,0,0,loaded,1.0,0.019726858877086494,0.10091743119266056,0.9,8.858,2.2730181579078597,5,5,1.0,0.02711864406779661,0.013736263736263736,0.015174506828528073,0.03186646433990895,0.2534142640364188,0.637329286798179,0.019726858877086494,0.04400606980273141,0.21851289833080426,0.5918057663125948,0.012139605462822459,0.013657056145675266,0.018209408194233688,0.03945371775417299,0.4779969650986343,0.992412746585736,1.0,1.0,0.33535660091047037,0.9
Distribution,OCSVM [amp_shape],ocsvm,amp_shape,ocsvm_amp_shape_w1s,1.0,group_kfold_seg,0,0,loaded,0.9769242844435142,0.02276176024279211,0.11009174311926606,0.9,8.858,1.5920558853155307,5,5,0.896551724137931,0.03389830508474576,0.013736263736263736,0.015174506828528073,0.028831562974203338,0.21699544764795145,0.6327769347496206,0.01669195751138088,0.03793626707132018,0.18057663125948406,0.5204855842185129,0.010622154779969651,0.010622154779969651,0.015174506828528073,0.03793626707132018,0.010622154779969651,0.012139605462822459,0.0622154779969651,0.23975720789074356,0.1280349013657056,1.0
Distribution,OCSVM [amp_rel],ocsvm,amp_rel,ocsvm_amp_rel_w1s,1.0,group_kfold_seg,0,0,loaded,0.9995290670294594,0.028831562974203338,0.14678899082568808,0.9,8.858,1.5909140954978598,5,5,1.0,0.04067796610169491,0.019230769230769232,0.018209408194233688,0.04552352048558422,0.26251896813353565,0.6388467374810318,0.018209408194233688,0.04552352048558422,0.23520485584218512,0.575113808801214,0.015174506828528073,0.019726858877086494,0.05311077389984825,0.33990895295902884,0.010622154779969651,0.015174506828528073,0.09559939301972686,0.5690440060698028,0.18484446130500762,0.9
Distribution,HBOS [amp],hbos,amp,hbos_amp_w1s,1.0,group_kfold_seg,0,0,loaded,0.9736277536497304,0.024279210925644917,0.11009174311926606,1.15,9.108,32.710979938682826,5,4,0.7241379310344828,0.05423728813559322,0.0,0.01669195751138088,0.028831562974203338,0.1047040971168437,0.3216995447647951,0.0622154779969651,0.11532625189681335,0.23520485584218512,0.37329286798179057,0.007587253414264037,0.006069802731411229,0.015174506828528073,0.03793626707132018,0.013657056145675266,0.027314112291350532,0.03945371775417299,0.07890743550834597,0.09275417298937783,11.1
Distribution,HBOS [amp_sine],hbos,amp_sine,hbos_amp_sine_w1s,1.0,group_kfold_seg,0,0,loaded,0.9991627858301502,0.019726858877086494,0.08256880733944955,0.9,8.858,37.5446866832665,5,5,1.0,0.04406779661016949,0.0,0.013657056145675266,0.030349013657056147,0.10166919575113809,0.29742033383915023,0.06828528072837632,0.125948406676783,0.23975720789074356,0.37025796661608495,0.007587253414264037,0.006069802731411229,0.013657056145675266,0.0409711684370258,0.04552352048558422,0.09559939301972686,0.18361153262518967,0.2716236722306525,0.11949924127465858,0.4
Distribution,HBOS [amp_shape],hbos,amp_shape,hbos_amp_shape_w1s,1.0,group_kfold_seg,0,0,loaded,0.969494008686097,0.009104704097116844,0.05504587155963303,1.15,9.108,49.54416379445727,5,4,0.5172413793103449,0.020338983050847456,0.0,0.013657056145675266,0.025796661608497723,0.13505311077389984,0.3611532625189681,0.03338391502276176,0.06069802731411229,0.10015174506828528,0.15477996965098634,0.007587253414264037,0.009104704097116844,0.015174506828528073,0.036418816388467376,0.010622154779969651,0.02276176024279211,0.036418816388467376,0.06676783004552352,0.06809559939301973,0.5
Distribution,HBOS [amp_rel],hbos,amp_rel,hbos_amp_rel_w1s,1.0,group_kfold_seg,0,0,loaded,0.9975930092616818,0.013657056145675266,0.06422018348623854,0.9,8.858,36.48381629488085,5,5,0.9655172413793104,0.030508474576271188,0.0,0.02276176024279211,0.03490136570561457,0.1638846737481032,0.4658573596358118,0.06525037936267071,0.1244309559939302,0.23823975720789076,0.3915022761760243,0.009104704097116844,0.007587253414264037,0.025796661608497723,0.08952959028831563,0.015174506828528073,0.030349013657056147,0.06525037936267071,0.19271623672230653,0.12139605462822459,0.3
Distribution,COPOD [amp],copod,amp,copod_amp_w1s,1.0,group_kfold_seg,0,0,loaded,0.9675056250327037,0.010622154779969651,0.03669724770642202,1.15,9.108,42.8149645033254,5,4,0.6896551724137931,0.023728813559322035,0.0,0.01669195751138088,0.030349013657056147,0.04704097116843703,0.05311077389984825,0.04704097116843703,0.06980273141122914,0.08952959028831563,0.09863429438543247,0.012139605462822459,0.012139605462822459,0.013657056145675266,0.024279210925644917,0.013657056145675266,0.019726858877086494,0.027314112291350532,0.0409711684370258,0.038505311077389984,1.4
Distribution,COPOD [amp_sine],copod,amp_sine,copod_amp_sine_w1s,1.0,group_kfold_seg,0,0,loaded,0.9977499869185287,0.004552352048558422,0.027522935779816515,0.9,8.858,49.168925726779,5,5,0.896551724137931,0.010169491525423728,0.0,0.027314112291350532,0.03945371775417299,0.05918057663125948,0.07738998482549317,0.06525037936267071,0.09711684370257967,0.12898330804248861,0.13808801213960548,0.019726858877086494,0.018209408194233688,0.02276176024279211,0.03793626707132018,0.019726858877086494,0.0409711684370258,0.054628224582701064,0.07890743550834597,0.057852807283763276,1.2
Distribution,COPOD [amp_shape],copod,amp_shape,copod_amp_shape_w1s,1.0,group_kfold_seg,0,0,loaded,0.9704358746271781,0.004552352048558422,0.01834862385321101,1.15,9.108,60.52860320336767,5,4,0.7241379310344828,0.010169491525423728,0.0,0.027314112291350532,0.0409711684370258,0.07132018209408195,0.09256449165402124,0.03186646433990895,0.042488619119878605,0.054628224582701064,0.0622154779969651,0.013657056145675266,0.012139605462822459,0.019726858877086494,0.025796661608497723,0.02276176024279211,0.025796661608497723,0.03186646433990895,0.0409711684370258,0.038505311077389984,1.7
Distribution,COPOD [amp_rel],copod,amp_rel,copod_amp_rel_w1s,1.0,group_kfold_seg,0,0,loaded,0.992674376013814,0.007587253414264037,0.03669724770642202,1.15,9.108,46.94778604748102,5,4,0.8620689655172413,0.01694915254237288,0.0,0.021244309559939303,0.03338391502276176,0.06676783004552352,0.08497723823975721,0.04400606980273141,0.07435508345978756,0.09559939301972686,0.1062215477996965,0.012139605462822459,0.013657056145675266,0.015174506828528073,0.027314112291350532,0.018209408194233688,0.021244309559939303,0.030349013657056147,0.048558421851289835,0.04457511380880122,1.3
Distribution,DeepSVDD,deep_svdd,,deep_svdd_w1s,1.0,group_kfold_seg,0,0,loaded,0.9964941656637539,0.01669195751138088,0.06422018348623854,0.9,8.858,0.007082768771797419,5,4,0.9310344827586207,0.030508474576271188,0.005494505494505495,0.012139605462822459,0.01669195751138088,0.1062215477996965,0.44764795144157815,0.015174506828528073,0.025796661608497723,0.05007587253414264,0.24582701062215478,0.018209408194233688,0.04400606980273141,0.24127465857359637,0.5963581183611533,0.010622154779969651,0.013657056145675266,0.05614567526555387,0.47496206373292865,0.1484256449165402,1.0
Distribution,DeepSVDD,deep_svdd,,deep_svdd_w1s,1.0,group_kfold_seg,0,1,loaded,0.9424938517084402,0.01669195751138088,0.06422018348623854,0.9,8.858,0.0030037866625934845,5,4,0.896551724137931,0.023728813559322035,0.01098901098901099,0.012139605462822459,0.013657056145675266,0.09863429438543247,0.47040971168437024,0.010622154779969651,0.015174506828528073,0.042488619119878605,0.283763277693475,0.010622154779969651,0.01669195751138088,0.13353566009104703,0.5553869499241275,0.010622154779969651,0.012139605462822459,0.03490136570561457,0.3262518968133536,0.12794006069802732,1.0
Distribution,DeepSVDD,deep_svdd,,deep_svdd_w1s,1.0,group_kfold_seg,0,2,loaded,0.9697033122285594,0.018209408194233688,0.08256880733944955,0.9,8.858,0.005210900753736501,5,5,0.9310344827586207,0.030508474576271188,0.008241758241758242,0.015174506828528073,0.03338391502276176,0.13960546282245828,0.4628224582701062,0.015174506828528073,0.02276176024279211,0.0637329286798179,0.33687405159332323,0.018209408194233688,0.04552352048558422,0.21396054628224584,0.6130500758725341,0.012139605462822459,0.01669195751138088,0.030349013657056147,0.15629742033383914,0.13723444613050076,1.0
Distribution,MCD [amp],mcd,amp,mcd_amp_w1s,1.0,group_kfold_seg,1,0,loaded,0.983749696822702,0.01228878648233487,0.057692307692307696,0.9,8.858,531.8604905527443,4,4,0.8421052631578947,0.02364864864864865,0.0028169014084507044,0.010752688172043012,0.013824884792626729,0.030721966205837174,0.43164362519201227,0.02304147465437788,0.04915514592933948,0.1259600614439324,0.25960061443932414,0.009216589861751152,0.009216589861751152,0.009216589861751152,0.019969278033794162,0.016897081413210446,0.03379416282642089,0.0890937019969278,0.27035330261136714,0.08765360983102918,85.8
Distribution,MCD [amp_sine],mcd,amp_sine,mcd_amp_sine_w1s,1.0,group_kfold_seg,1,0,loaded,1.0,0.010752688172043012,0.057692307692307696,0.9,8.858,735.3421324069948,4,4,1.0,0.016891891891891893,0.005633802816901409,0.010752688172043012,0.01228878648233487,0.02304147465437788,0.31490015360983103,0.016897081413210446,0.03686635944700461,0.10599078341013825,0.2304147465437788,0.009216589861751152,0.009216589861751152,0.009216589861751152,0.01228878648233487,0.01228878648233487,0.6666666666666666,1.0,1.0,0.21687788018433182,0.1
Distribution,MCD [amp_shape],mcd,amp_shape,mcd_amp_shape_w1s,1.0,group_kfold_seg,1,0,loaded,0.9970086506589054,0.02304147465437788,0.07692307692307693,0.9,8.858,156.56836677794303,4,4,0.9473684210526315,0.037162162162162164,0.011267605633802818,0.009216589861751152,0.010752688172043012,0.11827956989247312,0.576036866359447,0.018433179723502304,0.027649769585253458,0.04608294930875576,0.26881720430107525,0.009216589861751152,0.009216589861751152,0.01228878648233487,0.047619047619047616,0.010752688172043012,0.010752688172043012,0.03533026113671275,0.21505376344086022,0.0890937019969278,0.2
Distribution,MCD [amp_rel],mcd,amp_rel,mcd_amp_rel_w1s,1.0,group_kfold_seg,1,0,loaded,0.9890047699894898,0.006144393241167435,0.028846153846153848,0.9,8.858,667.2841158234762,4,4,0.8947368421052632,0.010135135135135136,0.0028169014084507044,0.010752688172043012,0.013824884792626729,0.029185867895545316,0.4055299539170507,0.03840245775729647,0.08294930875576037,0.1827956989247312,0.3087557603686636,0.007680491551459293,0.006144393241167435,0.006144393241167435,0.029185867895545316,0.009216589861751152,0.019969278033794162,0.06451612903225806,0.2887864823348694,0.09399001536098311,0.1
Distribution,OCSVM [amp],ocsvm,amp,ocsvm_amp_w1s,1.0,group_kfold_seg,1,0,loaded,0.9984639016897081,0.0030721966205837174,0.019230769230769232,0.9,8.858,2.2789856881523685,4,4,0.9473684210526315,0.0,0.005633802816901409,0.016897081413210446,0.05222734254992319,0.3302611367127496,0.6374807987711214,0.027649769585253458,0.07834101382488479,0.2780337941628264,0.5821812596006144,0.007680491551459293,0.013824884792626729,0.026113671274961597,0.08294930875576037,0.01228878648233487,0.03379416282642089,0.1228878648233487,0.42242703533026116,0.1703149001536098,0.3
Distribution,OCSVM [amp_sine],ocsvm,amp_sine,ocsvm_amp_sine_w1s,1.0,group_kfold_seg,1,0,loaded,1.0,0.007680491551459293,0.04807692307692308,0.9,8.858,2.592044847999218,4,4,1.0,0.0033783783783783786,0.011267605633802818,0.019969278033794162,0.05222734254992319,0.3195084485407066,0.6405529953917051,0.03225806451612903,0.06758832565284179,0.2488479262672811,0.5668202764976958,0.009216589861751152,0.013824884792626729,0.02304147465437788,0.0706605222734255,0.6098310291858678,1.0,1.0,1.0,0.35464669738863286,0.3
Distribution,OCSVM [amp_shape],ocsvm,amp_shape,ocsvm_amp_shape_w1s,1.0,group_kfold_seg,1,0,loaded,0.9965235669819711,0.004608294930875576,0.028846153846153848,0.9,8.858,1.6743396474869305,4,4,0.9473684210526315,0.0,0.008450704225352112,0.016897081413210446,0.047619047619047616,0.2964669738863287,0.6328725038402457,0.03225806451612903,0.0706605222734255,0.2519201228878648,0.554531490015361,0.010752688172043012,0.016897081413210446,0.03686635944700461,0.08448540706605223,0.013824884792626729,0.03533026113671275,0.09984639016897082,0.3533026113671275,0.15965821812596004,0.3
Distribution,OCSVM [amp_rel],ocsvm,amp_rel,ocsvm_amp_rel_w1s,1.0,group_kfold_seg,1,0,loaded,0.9998383054410219,0.004608294930875576,0.028846153846153848,0.9,8.858,1.7484836831092712,4,4,1.0,0.0033783783783783786,0.005633802816901409,0.019969278033794162,0.06605222734254992,0.3456221198156682,0.6436251920122887,0.03686635944700461,0.09216589861751152,0.282642089093702,0.5821812596006144,0.015360983102918587,0.03686635944700461,0.16436251920122888,0.7035330261136713,0.015360983102918587,0.03533026113671275,0.1597542242703533,0.728110599078341,0.24548771121351765,0.3
Distribution,HBOS [amp],hbos,amp,hbos_amp_w1s,1.0,group_kfold_seg,1,0,loaded,0.969682270191608,0.018433179723502304,0.07692307692307693,0.9,8.858,32.551604488753384,4,4,0.8421052631578947,0.037162162162162164,0.0028169014084507044,0.013824884792626729,0.021505376344086023,0.09831029185867896,0.3425499231950845,0.047619047619047616,0.08448540706605223,0.16129032258064516,0.3317972350230415,0.007680491551459293,0.010752688172043012,0.013824884792626729,0.03686635944700461,0.009216589861751152,0.013824884792626729,0.027649769585253458,0.0629800307219662,0.08026113671274962,0.1
Distribution,HBOS [amp_sine],hbos,amp_sine,hbos_amp_sine_w1s,1.0,group_kfold_seg,1,0,loaded,0.9976554288948176,0.018433179723502304,0.08653846153846154,0.9,8.858,36.829906981575014,4,4,0.9473684210526315,0.033783783783783786,0.005633802816901409,0.01228878648233487,0.021505376344086023,0.08294930875576037,0.31336405529953915,0.043010752688172046,0.08602150537634409,0.1443932411674347,0.2995391705069124,0.009216589861751152,0.007680491551459293,0.01228878648233487,0.03225806451612903,0.041474654377880185,0.07834101382488479,0.1336405529953917,0.2350230414746544,0.09706221198156682,0.1
Distribution,HBOS [amp_shape],hbos,amp_shape,hbos_amp_shape_w1s,1.0,group_kfold_seg,1,0,loaded,0.9703290484275204,0.01228878648233487,0.07692307692307693,0.9,8.858,48.955492612345374,4,4,0.7894736842105263,0.010135135135135136,0.014084507042253521,0.013824884792626729,0.021505376344086023,0.10599078341013825,0.3640552995391705,0.016897081413210446,0.03840245775729647,0.059907834101382486,0.10906298003072197,0.010752688172043012,0.015360983102918587,0.018433179723502304,0.027649769585253458,0.009216589861751152,0.016897081413210446,0.02304147465437788,0.039938556067588324,0.055683563748079874,0.1
Distribution,HBOS [amp_rel],hbos,amp_rel,hbos_amp_rel_w1s,1.0,group_kfold_seg,1,0,loaded,0.9957150941870807,0.016897081413210446,0.08653846153846154,0.9,8.858,36.25314464242127,4,4,0.8947368421052632,0.02702702702702703,0.008450704225352112,0.013824884792626729,0.018433179723502304,0.09062980030721966,0.38556067588325654,0.019969278033794162,0.05222734254992319,0.10906298003072197,0.21812596006144394,0.009216589861751152,0.007680491551459293,0.013824884792626729,0.0445468509984639,0.009216589861751152,0.010752688172043012,0.027649769585253458,0.08755760368663594,0.06989247311827956,0.1
Distribution,COPOD [amp],copod,amp,copod_amp_w1s,1.0,group_kfold_seg,1,0,loaded,0.9738863287250384,0.015360983102918587,0.0673076923076923,0.9,8.858,42.115151620214526,4,4,0.7368421052631579,0.030405405405405407,0.0028169014084507044,0.010752688172043012,0.015360983102918587,0.027649769585253458,0.019969278033794162,0.02457757296466974,0.03379416282642089,0.0445468509984639,0.047619047619047616,0.010752688172043012,0.004608294930875576,0.006144393241167435,0.016897081413210446,0.01228878648233487,0.013824884792626729,0.018433179723502304,0.026113671274961597,0.020833333333333332,0.3
Distribution,COPOD [amp_sine],copod,amp_sine,copod_amp_sine_w1s,1.0,group_kfold_seg,1,0,loaded,0.9974128870563505,0.013824884792626729,0.057692307692307696,0.9,8.858,48.23179888198201,4,4,0.8947368421052632,0.02702702702702703,0.0028169014084507044,0.013824884792626729,0.021505376344086023,0.027649769585253458,0.027649769585253458,0.03686635944700461,0.05069124423963134,0.05683563748079877,0.06605222734254992,0.01228878648233487,0.010752688172043012,0.009216589861751152,0.019969278033794162,0.015360983102918587,0.019969278033794162,0.03225806451612903,0.03686635944700461,0.028609831029185868,0.3
Distribution,COPOD [amp_shape],copod,amp_shape,copod_amp_shape_w1s,1.0,group_kfold_seg,1,0,loaded,0.975018190637885,0.007680491551459293,0.04807692307692308,0.9,8.858,59.7886520077473,4,4,0.8421052631578947,0.010135135135135136,0.005633802816901409,0.018433179723502304,0.029185867895545316,0.07219662058371736,0.08755760368663594,0.018433179723502304,0.027649769585253458,0.03686635944700461,0.04915514592933948,0.010752688172043012,0.013824884792626729,0.019969278033794162,0.026113671274961597,0.016897081413210446,0.019969278033794162,0.02457757296466974,0.03379416282642089,0.031586021505376344,0.4
Distribution,COPOD [amp_rel],copod,amp_rel,copod_amp_rel_w1s,1.0,group_kfold_seg,1,0,loaded,0.9931279812434312,0.018433179723502304,0.08653846153846154,0.9,8.858,45.71746789898962,4,4,0.8947368421052632,0.033783783783783786,0.005633802816901409,0.010752688172043012,0.02304147465437788,0.03533026113671275,0.03840245775729647,0.03533026113671275,0.0445468509984639,0.05683563748079877,0.0629800307219662,0.010752688172043012,0.007680491551459293,0.009216589861751152,0.019969278033794162,0.01228878648233487,0.018433179723502304,0.027649769585253458,0.03533026113671275,0.028033794162826423,0.3
Distribution,DeepSVDD,deep_svdd,,deep_svdd_w1s,1.0,group_kfold_seg,1,0,loaded,0.9174549276416849,0.03840245775729647,0.17307692307692307,0.9,8.858,0.006526875551790001,4,4,0.8421052631578947,0.057432432432432436,0.022535211267605635,0.015360983102918587,0.021505376344086023,0.06451612903225806,0.3579109062980031,0.013824884792626729,0.015360983102918587,0.030721966205837174,0.141321044546851,0.016897081413210446,0.043010752688172046,0.19815668202764977,0.47465437788018433,0.01228878648233487,0.01228878648233487,0.039938556067588324,0.3225806451612903,0.1112711213517665,0.3
Distribution,DeepSVDD,deep_svdd,,deep_svdd_w1s,1.0,group_kfold_seg,1,1,loaded,0.9540787452502224,0.030721966205837174,0.125,0.9,8.858,0.003049662178382287,4,4,0.7894736842105263,0.05067567567567568,0.014084507042253521,0.01228878648233487,0.019969278033794162,0.08448540706605223,0.4377880184331797,0.010752688172043012,0.013824884792626729,0.03225806451612903,0.1597542242703533,0.01228878648233487,0.03686635944700461,0.15821812596006143,0.4254992319508449,0.010752688172043012,0.01228878648233487,0.03533026113671275,0.31336405529953915,0.11098310291858679,0.5
Distribution,DeepSVDD,deep_svdd,,deep_svdd_w1s,1.0,group_kfold_seg,1,2,loaded,0.9976554288948177,0.03225806451612903,0.16346153846153846,0.9,8.858,0.005245418958365924,4,4,1.0,0.04391891891891892,0.022535211267605635,0.010752688172043012,0.013824884792626729,0.09370199692780339,0.46697388632872505,0.01228878648233487,0.013824884792626729,0.03533026113671275,0.17511520737327188,0.019969278033794162,0.041474654377880185,0.1781874039938556,0.47772657450076805,0.01228878648233487,0.015360983102918587,0.019969278033794162,0.11827956989247312,0.10656682027649769,0.3
Distribution,MCD [amp],mcd,amp,mcd_amp_w1s,1.0,group_kfold_seg,2,0,loaded,0.9998526594960955,0.006482982171799027,0.029411764705882353,0.9,8.858,319.98481574373494,2,2,1.0,0.014084507042253521,0.0024752475247524753,0.011345218800648298,0.011345218800648298,0.06158833063209076,0.6061588330632091,0.022690437601296597,0.05348460291734198,0.11183144246353323,0.26904376012965964,0.009724473257698542,0.008103727714748784,0.006482982171799027,0.027552674230145867,0.011345218800648298,0.017828200972447326,0.05186385737439222,0.2171799027552674,0.09359805510534845,39.7
Distribution,MCD [amp_sine],mcd,amp_sine,mcd_amp_sine_w1s,1.0,group_kfold_seg,2,0,loaded,1.0,0.009724473257698542,0.0392156862745098,0.9,8.858,507.77836965211816,2,2,1.0,0.018779342723004695,0.0049504950495049506,0.009724473257698542,0.009724473257698542,0.024311183144246355,0.4829821717990275,0.022690437601296597,0.04213938411669368,0.11345218800648298,0.24635332252836303,0.012965964343598054,0.014586709886547812,0.011345218800648298,0.019448946515397084,0.022690437601296597,0.8119935170178282,0.9967585089141004,1.0,0.2400729335494327,0.1
Distribution,MCD [amp_shape],mcd,amp_shape,mcd_amp_shape_w1s,1.0,group_kfold_seg,2,0,loaded,1.0,0.006482982171799027,0.0392156862745098,0.9,8.858,182.31583484529062,2,2,1.0,0.0,0.009900990099009901,0.014586709886547812,0.02106969205834684,0.17179902755267423,0.6499189627228525,0.012965964343598054,0.02593192868719611,0.059967585089141004,0.2820097244732577,0.006482982171799027,0.004862236628849271,0.004862236628849271,0.03079416531604538,0.011345218800648298,0.012965964343598054,0.05186385737439222,0.2901134521880065,0.10322123176661264,0.1
Distribution,MCD [amp_rel],mcd,amp_rel,mcd_amp_rel_w1s,1.0,group_kfold_seg,2,0,loaded,0.9998526594960955,0.009724473257698542,0.049019607843137254,0.9,8.858,428.1817370093442,2,2,1.0,0.014084507042253521,0.007425742574257425,0.011345218800648298,0.011345218800648298,0.03727714748784441,0.5753646677471637,0.024311183144246355,0.05834683954619125,0.1426256077795786,0.28687196110210694,0.009724473257698542,0.006482982171799027,0.006482982171799027,0.017828200972447326,0.014586709886547812,0.02106969205834684,0.04538087520259319,0.40842787682333875,0.10484197730956239,0.1
Distribution,OCSVM [amp],ocsvm,amp,ocsvm_amp_w1s,1.0,group_kfold_seg,2,0,loaded,1.0,0.008103727714748784,0.049019607843137254,0.9,8.858,2.0512997081735773,2,2,1.0,0.0,0.012376237623762377,0.027552674230145867,0.06320907617504051,0.3695299837925446,0.6661264181523501,0.019448946515397084,0.059967585089141004,0.24635332252836303,0.546191247974068,0.011345218800648298,0.014586709886547812,0.01620745542949757,0.05186385737439222,0.011345218800648298,0.02593192868719611,0.1393841166936791,0.44084278768233387,0.1693679092382496,0.3
Distribution,OCSVM [amp_sine],ocsvm,amp_sine,ocsvm_amp_sine_w1s,1.0,group_kfold_seg,2,0,loaded,1.0,0.009724473257698542,0.058823529411764705,0.9,8.858,2.1535104045158135,2,2,1.0,0.0,0.01485148514851485,0.02106969205834684,0.05186385737439222,0.34359805510534847,0.6645056726094003,0.012965964343598054,0.03727714748784441,0.2025931928687196,0.5251215559157212,0.011345218800648298,0.011345218800648298,0.011345218800648298,0.04213938411669368,0.6807131280388979,0.9967585089141004,1.0,1.0,0.350790113452188,0.3
Distribution,OCSVM [amp_shape],ocsvm,amp_shape,ocsvm_amp_shape_w1s,1.0,group_kfold_seg,2,0,loaded,1.0,0.012965964343598054,0.0784313725490196,0.9,8.858,1.4200575127299735,2,2,1.0,0.0,0.019801980198019802,0.022690437601296597,0.050243111831442464,0.3209076175040519,0.6645056726094003,0.01620745542949757,0.027552674230145867,0.17504051863857376,0.46677471636953,0.009724473257698542,0.011345218800648298,0.019448946515397084,0.04051863857374392,0.011345218800648298,0.019448946515397084,0.08103727714748785,0.33225283630470015,0.14181523500810372,0.3
Distribution,OCSVM [amp_rel],ocsvm,amp_rel,ocsvm_amp_rel_w1s,1.0,group_kfold_seg,2,0,loaded,1.0,0.019448946515397084,0.11764705882352941,0.9,8.858,1.4910935227897049,2,2,1.0,0.004694835680751174,0.027227722772277228,0.017828200972447326,0.04051863857374392,0.2852512155591572,0.6596434359805511,0.011345218800648298,0.014586709886547812,0.11021069692058347,0.39708265802269044,0.014586709886547812,0.009724473257698542,0.02106969205834684,0.22366288492706646,0.012965964343598054,0.022690437601296597,0.10696920583468396,0.6158833063209076,0.16025121555915722,0.3
Distribution,HBOS [amp],hbos,amp,hbos_amp_w1s,1.0,group_kfold_seg,2,0,loaded,0.9988212759687638,0.0032414910858995136,0.0196078431372549,0.9,8.858,32.6320484178066,2,2,0.9090909090909091,0.009389671361502348,0.0,0.014586709886547812,0.019448946515397084,0.15559157212317667,0.473257698541329,0.05834683954619125,0.11831442463533225,0.2252836304700162,0.36304700162074555,0.012965964343598054,0.017828200972447326,0.024311183144246355,0.03727714748784441,0.017828200972447326,0.02593192868719611,0.04213938411669368,0.10210696920583469,0.10676661264181524,0.1
Distribution,HBOS [amp_sine],hbos,amp_sine,hbos_amp_sine_w1s,1.0,group_kfold_seg,2,0,loaded,1.0,0.006482982171799027,0.0392156862745098,0.9,8.858,37.205672435475904,2,2,1.0,0.018779342723004695,0.0,0.014586709886547812,0.019448946515397084,0.11021069692058347,0.39222042139384117,0.04051863857374392,0.09724473257698542,0.20745542949756887,0.34035656401944897,0.008103727714748784,0.011345218800648298,0.012965964343598054,0.03241491085899514,0.06320907617504051,0.11831442463533225,0.21393841166936792,0.37439222042139386,0.12854538087520262,0.1
Distribution,HBOS [amp_shape],hbos,amp_shape,hbos_amp_shape_w1s,1.0,group_kfold_seg,2,0,loaded,0.9958744658906734,0.004862236628849271,0.029411764705882353,0.9,8.858,49.52307839447054,2,2,0.8181818181818182,0.009389671361502348,0.0024752475247524753,0.01620745542949757,0.027552674230145867,0.1458670988654781,0.413290113452188,0.022690437601296597,0.03889789303079417,0.07779578606158834,0.12479740680713128,0.008103727714748784,0.011345218800648298,0.022690437601296597,0.03889789303079417,0.009724473257698542,0.01620745542949757,0.027552674230145867,0.06482982171799027,0.06665316045380876,0.1
Distribution,HBOS [amp_rel],hbos,amp_rel,hbos_amp_rel_w1s,1.0,group_kfold_seg,2,0,loaded,1.0,0.0032414910858995136,0.0196078431372549,0.9,8.858,36.34595983108759,2,2,1.0,0.009389671361502348,0.0,0.019448946515397084,0.03403565640194489,0.2188006482982172,0.5850891410048622,0.05672609400324149,0.1166936790923825,0.23987034035656402,0.3889789303079417,0.014586709886547812,0.017828200972447326,0.05186385737439222,0.1053484602917342,0.019448946515397084,0.04051863857374392,0.1053484602917342,0.2706645056726094,0.14282820097244733,0.1
Distribution,COPOD [amp],copod,amp,copod_amp_w1s,1.0,group_kfold_seg,2,0,loaded,0.9983792544570502,0.0032414910858995136,0.0196078431372549,0.9,8.858,43.301521059211424,2,2,0.8181818181818182,0.009389671361502348,0.0,0.01620745542949757,0.022690437601296597,0.06320907617504051,0.10210696920583469,0.05834683954619125,0.09724473257698542,0.14910858995137763,0.17179902755267423,0.004862236628849271,0.006482982171799027,0.009724473257698542,0.027552674230145867,0.017828200972447326,0.02106969205834684,0.02593192868719611,0.050243111831442464,0.05277552674230146,0.3
Distribution,COPOD [amp_sine],copod,amp_sine,copod_amp_sine_w1s,1.0,group_kfold_seg,2,0,loaded,1.0,0.0016207455429497568,0.00980392156862745,0.9,8.858,48.81553201905908,2,2,1.0,0.004694835680751174,0.0,0.03241491085899514,0.03565640194489465,0.0713128038897893,0.1166936790923825,0.07293354943273905,0.11993517017828201,0.16531604538087522,0.1880064829821718,0.01620745542949757,0.01620745542949757,0.017828200972447326,0.04213938411669368,0.022690437601296597,0.04538087520259319,0.06482982171799027,0.09886547811993517,0.07040113452188006,0.3
Distribution,COPOD [amp_shape],copod,amp_shape,copod_amp_shape_w1s,1.0,group_kfold_seg,2,0,loaded,0.9974952114336231,0.0032414910858995136,0.0196078431372549,0.9,8.858,60.58286465720425,2,2,0.8181818181818182,0.0,0.0049504950495049506,0.02593192868719611,0.04051863857374392,0.0940032414910859,0.14910858995137763,0.04051863857374392,0.06158833063209076,0.09724473257698542,0.10048622366288493,0.01620745542949757,0.02106969205834684,0.022690437601296597,0.03403565640194489,0.011345218800648298,0.01620745542949757,0.024311183144246355,0.03565640194489465,0.049432739059967576,0.4
Distribution,COPOD [amp_rel],copod,amp_rel,copod_amp_rel_w1s,1.0,group_kfold_seg,2,0,loaded,0.9998526594960955,0.0032414910858995136,0.0196078431372549,0.9,8.858,46.68808848488269,2,2,1.0,0.009389671361502348,0.0,0.012965964343598054,0.02593192868719611,0.07617504051863858,0.14424635332252836,0.05348460291734198,0.09238249594813615,0.1393841166936791,0.17017828200972449,0.011345218800648298,0.011345218800648298,0.012965964343598054,0.03079416531604538,0.01620745542949757,0.017828200972447326,0.03241491085899514,0.05672609400324149,0.05652350081037277,0.3
Distribution,DeepSVDD,deep_svdd,,deep_svdd_w1s,1.0,group_kfold_seg,2,0,loaded,0.9957271253867688,0.019448946515397084,0.09803921568627451,0.9,8.858,0.007459626058116551,2,2,0.9090909090909091,0.04225352112676056,0.007425742574257425,0.009724473257698542,0.017828200972447326,0.11993517017828201,0.4521880064829822,0.006482982171799027,0.008103727714748784,0.029173419773095625,0.1880064829821718,0.02593192868719611,0.06482982171799027,0.2025931928687196,0.5072933549432739,0.012965964343598054,0.02106969205834684,0.06158833063209076,0.46677471636953,0.13715559157212318,0.3
Distribution,DeepSVDD,deep_svdd,,deep_svdd_w1s,1.0,group_kfold_seg,2,1,loaded,1.0,0.009724473257698542,0.0392156862745098,0.9,8.858,0.003239543666131793,2,2,1.0,0.023474178403755867,0.0024752475247524753,0.01620745542949757,0.04376012965964344,0.22366288492706646,0.5672609400324149,0.012965964343598054,0.02106969205834684,0.06969205834683954,0.3889789303079417,0.02593192868719611,0.07293354943273905,0.24311183144246354,0.5688816855753647,0.019448946515397084,0.027552674230145867,0.10048622366288493,0.4392220421393841,0.17757293354943274,0.3
Distribution,DeepSVDD,deep_svdd,,deep_svdd_w1s,1.0,group_kfold_seg,2,2,loaded,1.0,0.006482982171799027,0.0392156862745098,0.9,8.858,0.005749556720256799,2,2,1.0,0.014084507042253521,0.0024752475247524753,0.017828200972447326,0.04051863857374392,0.18152350081037277,0.5218800648298217,0.012965964343598054,0.022690437601296597,0.0713128038897893,0.24959481361426256,0.027552674230145867,0.06645056726094004,0.233387358184765,0.5235008103727715,0.011345218800648298,0.017828200972447326,0.03079416531604538,0.22042139384116693,0.14059967585089142,0.4
Distribution,MCD [amp],mcd,amp,mcd_amp_w1s,1.0,group_kfold_seg,3,0,loaded,0.9797538705835649,0.00727802037845706,0.045454545454545456,0.9,8.858,602.4812870362192,3,3,0.7727272727272727,0.017543859649122806,0.0,0.010189228529839884,0.013100436681222707,0.034934497816593885,0.4163027656477438,0.027656477438136828,0.046579330422125184,0.11208151382823872,0.24017467248908297,0.005822416302765648,0.004366812227074236,0.004366812227074236,0.011644832605531296,0.026200873362445413,0.040756914119359534,0.08296943231441048,0.2547307132459971,0.08324235807860263,43.3
Distribution,MCD [amp_sine],mcd,amp_sine,mcd_amp_sine_w1s,1.0,group_kfold_seg,3,0,loaded,1.0,0.00727802037845706,0.045454545454545456,0.9,8.858,868.2356747663769,3,3,1.0,0.014035087719298246,0.0024875621890547263,0.01455604075691412,0.01455604075691412,0.02911208151382824,0.29839883551673946,0.02911208151382824,0.05240174672489083,0.11935953420669577,0.22852983988355166,0.00727802037845706,0.00727802037845706,0.005822416302765648,0.00727802037845706,0.018922852983988356,0.6477438136826783,1.0,1.0,0.21752183406113534,0.1
Distribution,MCD [amp_shape],mcd,amp_shape,mcd_amp_shape_w1s,1.0,group_kfold_seg,3,0,loaded,0.9986105597459309,0.011644832605531296,0.06363636363636363,0.9,8.858,190.86769046310448,3,3,0.9090909090909091,0.007017543859649123,0.014925373134328358,0.008733624454148471,0.017467248908296942,0.1324599708879185,0.5953420669577875,0.011644832605531296,0.017467248908296942,0.05240174672489083,0.3042212518195051,0.008733624454148471,0.005822416302765648,0.008733624454148471,0.03056768558951965,0.008733624454148471,0.011644832605531296,0.02911208151382824,0.2096069868995633,0.09079330422125183,0.1
Distribution,MCD [amp_rel],mcd,amp_rel,mcd_amp_rel_w1s,1.0,group_kfold_seg,3,0,loaded,0.9990737064972872,0.010189228529839884,0.045454545454545456,0.9,8.858,741.4723219140459,3,3,0.9545454545454546,0.02456140350877193,0.0,0.008733624454148471,0.00727802037845706,0.01601164483260553,0.33915574963609896,0.039301310043668124,0.07132459970887918,0.16448326055312956,0.2838427947598253,0.004366812227074236,0.002911208151382824,0.002911208151382824,0.00727802037845706,0.01601164483260553,0.03056768558951965,0.06550218340611354,0.23871906841339155,0.08114992721979622,0.1
Distribution,OCSVM [amp],ocsvm,amp,ocsvm_amp_w1s,1.0,group_kfold_seg,3,0,loaded,0.993714436945878,0.027656477438136828,0.12727272727272726,0.9,8.858,1.5461984364218262,3,3,0.9545454545454546,0.014035087719298246,0.03731343283582089,0.008733624454148471,0.026200873362445413,0.21542940320232898,0.6331877729257642,0.017467248908296942,0.02911208151382824,0.14556040756914118,0.47307132459970885,0.011644832605531296,0.010189228529839884,0.01455604075691412,0.034934497816593885,0.008733624454148471,0.01601164483260553,0.055312954876273655,0.25181950509461426,0.12199781659388646,0.3
Distribution,OCSVM [amp_sine],ocsvm,amp_sine,ocsvm_amp_sine_w1s,1.0,group_kfold_seg,3,0,loaded,1.0,0.034934497816593885,0.15454545454545454,0.9,8.858,2.1040238415209624,3,3,1.0,0.03508771929824561,0.03482587064676617,0.00727802037845706,0.024745269286754003,0.21106259097525473,0.6273653566229985,0.01455604075691412,0.02911208151382824,0.12372634643377002,0.45997088791848617,0.010189228529839884,0.008733624454148471,0.010189228529839884,0.027656477438136828,0.44395924308588064,1.0,1.0,1.0,0.31240902474526927,0.3
Distribution,OCSVM [amp_shape],ocsvm,amp_shape,ocsvm_amp_shape_w1s,1.0,group_kfold_seg,3,0,loaded,0.9904062458647611,0.02911208151382824,0.13636363636363635,0.9,8.858,1.223823088951652,3,3,0.8636363636363636,0.014035087719298246,0.03980099502487562,0.011644832605531296,0.023289665211062592,0.17758369723435224,0.6171761280931587,0.011644832605531296,0.021834061135371178,0.09461426491994178,0.4017467248908297,0.00727802037845706,0.00727802037845706,0.008733624454148471,0.027656477438136828,0.010189228529839884,0.013100436681222707,0.042212518195050945,0.1717612809315866,0.1029839883551674,0.3
Distribution,OCSVM [amp_rel],ocsvm,amp_rel,ocsvm_amp_rel_w1s,1.0,group_kfold_seg,3,0,loaded,1.0,0.027656477438136828,0.14545454545454545,0.9,8.858,1.4968377445126124,3,3,1.0,0.014035087719298246,0.03731343283582089,0.011644832605531296,0.03784570596797671,0.2314410480349345,0.6302765647743813,0.01455604075691412,0.027656477438136828,0.13973799126637554,0.45414847161572053,0.01455604075691412,0.013100436681222707,0.03056768558951965,0.1324599708879185,0.010189228529839884,0.017467248908296942,0.06841339155749636,0.4759825327510917,0.14437772925764192,0.4
Distribution,HBOS [amp],hbos,amp,hbos_amp_w1s,1.0,group_kfold_seg,3,0,loaded,0.9170305676855895,0.0,0.0,0.9,8.858,33.10909157493763,3,3,0.45454545454545453,0.0,0.0,0.011644832605531296,0.017467248908296942,0.14556040756914118,0.43377001455604075,0.056768558951965066,0.11790393013100436,0.24017467248908297,0.4002911208151383,0.005822416302765648,0.00727802037845706,0.017467248908296942,0.03202328966521106,0.013100436681222707,0.017467248908296942,0.046579330422125184,0.10189228529839883,0.10407569141193593,0.1
Distribution,HBOS [amp_sine],hbos,amp_sine,hbos_amp_sine_w1s,1.0,group_kfold_seg,3,0,loaded,0.9933174540161439,0.005822416302765648,0.02727272727272727,0.9,8.858,37.43769127634916,3,3,0.8181818181818182,0.014035087719298246,0.0,0.017467248908296942,0.018922852983988356,0.15283842794759825,0.4032023289665211,0.06404657933042213,0.12372634643377002,0.23435225618631733,0.38573508005822416,0.004366812227074236,0.005822416302765648,0.017467248908296942,0.036390101892285295,0.0611353711790393,0.1091703056768559,0.18631732168850074,0.31004366812227074,0.13318777292576423,0.1
Distribution,HBOS [amp_shape],hbos,amp_shape,hbos_amp_shape_w1s,1.0,group_kfold_seg,3,0,loaded,0.9229191478099775,0.013100436681222707,0.07272727272727272,0.9,8.858,48.929243125417784,3,3,0.5,0.014035087719298246,0.012437810945273632,0.008733624454148471,0.018922852983988356,0.11499272197962154,0.3508005822416303,0.020378457059679767,0.040756914119359534,0.07860262008733625,0.1222707423580786,0.008733624454148471,0.008733624454148471,0.01455604075691412,0.027656477438136828,0.01455604075691412,0.024745269286754003,0.033478893740902474,0.05822416302765648,0.059133915574963614,0.1
Distribution,HBOS [amp_rel],hbos,amp_rel,hbos_amp_rel_w1s,1.0,group_kfold_seg,3,0,loaded,0.9788275770808522,0.0,0.0,0.9,8.858,36.54553468683668,3,3,0.7272727272727273,0.0,0.0,0.01455604075691412,0.021834061135371178,0.19213973799126638,0.5312954876273653,0.06404657933042213,0.12372634643377002,0.24599708879184862,0.4002911208151383,0.00727802037845706,0.01601164483260553,0.02911208151382824,0.08005822416302766,0.01455604075691412,0.026200873362445413,0.08151382823871907,0.2081513828238719,0.12854803493449782,0.1
Distribution,COPOD [amp],copod,amp,copod_amp_w1s,1.0,group_kfold_seg,3,0,loaded,0.9440915707291253,0.011644832605531296,0.05454545454545454,0.9,8.858,42.69398525873422,3,3,0.4090909090909091,0.02456140350877193,0.0024875621890547263,0.011644832605531296,0.017467248908296942,0.024745269286754003,0.027656477438136828,0.03784570596797671,0.053857350800582245,0.06841339155749636,0.06986899563318777,0.010189228529839884,0.008733624454148471,0.00727802037845706,0.01601164483260553,0.011644832605531296,0.01455604075691412,0.020378457059679767,0.03056768558951965,0.02692867540029112,0.3
Distribution,COPOD [amp_sine],copod,amp_sine,copod_amp_sine_w1s,1.0,group_kfold_seg,3,0,loaded,0.9949715495567024,0.00727802037845706,0.02727272727272727,0.9,8.858,48.94527138030253,3,3,0.8181818181818182,0.017543859649122806,0.0,0.017467248908296942,0.021834061135371178,0.036390101892285295,0.056768558951965066,0.049490538573508006,0.07278020378457059,0.0858806404657933,0.0975254730713246,0.018922852983988356,0.01455604075691412,0.010189228529839884,0.024745269286754003,0.017467248908296942,0.023289665211062592,0.036390101892285295,0.055312954876273655,0.03993813682678311,0.3
Distribution,COPOD [amp_shape],copod,amp_shape,copod_amp_shape_w1s,1.0,group_kfold_seg,3,0,loaded,0.936747386529046,0.01455604075691412,0.07272727272727272,0.9,8.858,60.79891305271724,3,3,0.5,0.014035087719298246,0.014925373134328358,0.00727802037845706,0.010189228529839884,0.027656477438136828,0.027656477438136828,0.011644832605531296,0.011644832605531296,0.01455604075691412,0.017467248908296942,0.010189228529839884,0.008733624454148471,0.00727802037845706,0.00727802037845706,0.00727802037845706,0.00727802037845706,0.010189228529839884,0.011644832605531296,0.012372634643377001,0.4
Distribution,COPOD [amp_rel],copod,amp_rel,copod_amp_rel_w1s,1.0,group_kfold_seg,3,0,loaded,0.9788275770808522,0.008733624454148471,0.045454545454545456,0.9,8.858,46.73956217058498,3,3,0.6818181818181818,0.017543859649122806,0.0024875621890547263,0.01601164483260553,0.018922852983988356,0.042212518195050945,0.056768558951965066,0.03784570596797671,0.055312954876273655,0.07132459970887918,0.07569141193595343,0.013100436681222707,0.008733624454148471,0.00727802037845706,0.020378457059679767,0.013100436681222707,0.013100436681222707,0.024745269286754003,0.039301310043668124,0.03211426491994178,0.3
Distribution,DeepSVDD,deep_svdd,,deep_svdd_w1s,1.0,group_kfold_seg,3,0,loaded,0.8570199814741299,0.01601164483260553,0.09090909090909091,0.9,8.858,0.007437358405441038,3,3,0.6818181818181818,0.014035087719298246,0.017412935323383085,0.010189228529839884,0.01601164483260553,0.11790393013100436,0.42358078602620086,0.010189228529839884,0.011644832605531296,0.02911208151382824,0.1470160116448326,0.011644832605531296,0.024745269286754003,0.20087336244541484,0.5414847161572053,0.008733624454148471,0.018922852983988356,0.04512372634643377,0.38719068413391555,0.12527292576419213,0.3
Distribution,DeepSVDD,deep_svdd,,deep_svdd_w1s,1.0,group_kfold_seg,3,1,loaded,0.8677385205769486,0.01601164483260553,0.08181818181818182,0.9,8.858,0.0033318359870463565,3,3,0.5454545454545454,0.007017543859649123,0.022388059701492536,0.01455604075691412,0.01455604075691412,0.08879184861717612,0.438136826783115,0.010189228529839884,0.011644832605531296,0.02911208151382824,0.18340611353711792,0.013100436681222707,0.026200873362445413,0.14119359534206696,0.487627365356623,0.010189228529839884,0.011644832605531296,0.039301310043668124,0.2940320232896652,0.11335516739446869,0.4
Distribution,DeepSVDD,deep_svdd,,deep_svdd_w1s,1.0,group_kfold_seg,3,2,loaded,0.8570199814741299,0.01601164483260553,0.07272727272727272,0.9,8.858,0.005433516651391979,3,3,0.5454545454545454,0.017543859649122806,0.014925373134328358,0.008733624454148471,0.010189228529839884,0.10771470160116449,0.45997088791848617,0.010189228529839884,0.01601164483260553,0.04512372634643377,0.1965065502183406,0.005822416302765648,0.02911208151382824,0.17467248908296942,0.519650655021834,0.00727802037845706,0.00727802037845706,0.01455604075691412,0.11353711790393013,0.1078966521106259,0.3
Distribution,MCD [amp],mcd,amp,mcd_amp_w1s,1.0,group_kfold_seg,4,0,loaded,0.9848205128205129,0.004615384615384616,0.02857142857142857,0.9,8.858,570.635600761236,3,3,0.9333333333333333,0.009009009009009009,0.0,0.010769230769230769,0.010769230769230769,0.038461538461538464,0.4723076923076923,0.016923076923076923,0.03076923076923077,0.09538461538461539,0.26461538461538464,0.007692307692307693,0.007692307692307693,0.007692307692307693,0.021538461538461538,0.018461538461538463,0.04153846153846154,0.10153846153846154,0.28307692307692306,0.08932692307692308,42.4
Distribution,MCD [amp_sine],mcd,amp_sine,mcd_amp_sine_w1s,1.0,group_kfold_seg,4,0,loaded,1.0,0.009230769230769232,0.05714285714285714,0.9,8.858,766.6833695395328,3,3,1.0,0.015015015015015015,0.0031545741324921135,0.010769230769230769,0.012307692307692308,0.02,0.31846153846153846,0.02,0.027692307692307693,0.07384615384615385,0.22,0.010769230769230769,0.010769230769230769,0.009230769230769232,0.016923076923076923,0.021538461538461538,0.6584615384615384,1.0,1.0,0.2144230769230769,0.1
Distribution,MCD [amp_shape],mcd,amp_shape,mcd_amp_shape_w1s,1.0,group_kfold_seg,4,0,loaded,0.9970256410256411,0.003076923076923077,0.01904761904761905,0.9,8.858,184.1926846966564,3,3,0.9333333333333333,0.0,0.006309148264984227,0.013846153846153847,0.026153846153846153,0.22923076923076924,0.6492307692307693,0.013846153846153847,0.033846153846153845,0.12,0.44,0.010769230769230769,0.012307692307692308,0.015384615384615385,0.06461538461538462,0.013846153846153847,0.016923076923076923,0.08153846153846153,0.3676923076923077,0.13182692307692306,0.1
Distribution,MCD [amp_rel],mcd,amp_rel,mcd_amp_rel_w1s,1.0,group_kfold_seg,4,0,loaded,1.0,0.006153846153846154,0.0380952380952381,0.9,8.858,741.8286762083995,3,3,1.0,0.012012012012012012,0.0,0.009230769230769232,0.007692307692307693,0.027692307692307693,0.4430769230769231,0.03076923076923077,0.06923076923076923,0.19076923076923077,0.3523076923076923,0.007692307692307693,0.007692307692307693,0.007692307692307693,0.026153846153846153,0.013846153846153847,0.03076923076923077,0.08923076923076922,0.30153846153846153,0.10096153846153846,0.1
Distribution,OCSVM [amp],ocsvm,amp,ocsvm_amp_w1s,1.0,group_kfold_seg,4,0,loaded,0.9942564102564103,0.009230769230769232,0.05714285714285714,0.9,8.858,2.0759327707309994,3,3,0.9333333333333333,0.009009009009009009,0.00946372239747634,0.010769230769230769,0.06153846153846154,0.31846153846153846,0.6446153846153846,0.02,0.07076923076923076,0.24615384615384617,0.5938461538461538,0.007692307692307693,0.009230769230769232,0.012307692307692308,0.06307692307692307,0.015384615384615385,0.03076923076923077,0.11692307692307692,0.3892307692307692,0.16317307692307692,0.2
Distribution,OCSVM [amp_sine],ocsvm,amp_sine,ocsvm_amp_sine_w1s,1.0,group_kfold_seg,4,0,loaded,1.0,0.013846153846153847,0.08571428571428572,0.9,8.858,2.27968599144205,3,3,1.0,0.015015015015015015,0.012618296529968454,0.012307692307692308,0.04153846153846154,0.26615384615384613,0.6415384615384615,0.012307692307692308,0.027692307692307693,0.15692307692307692,0.5153846153846153,0.010769230769230769,0.009230769230769232,0.010769230769230769,0.04153846153846154,0.5184615384615384,0.9938461538461538,1.0,1.0,0.3286538461538462,0.3
Distribution,OCSVM [amp_shape],ocsvm,amp_shape,ocsvm_amp_shape_w1s,1.0,group_kfold_seg,4,0,loaded,0.9842051282051283,0.012307692307692308,0.0761904761904762,0.9,8.858,1.5439935537916245,3,3,0.9333333333333333,0.009009009009009009,0.015772870662460567,0.015384615384615385,0.05384615384615385,0.28615384615384615,0.6461538461538462,0.012307692307692308,0.03538461538461538,0.17846153846153845,0.5230769230769231,0.006153846153846154,0.007692307692307693,0.007692307692307693,0.046153846153846156,0.015384615384615385,0.023076923076923078,0.07076923076923076,0.2784615384615385,0.13788461538461538,0.4
Distribution,OCSVM [amp_rel],ocsvm,amp_rel,ocsvm_amp_rel_w1s,1.0,group_kfold_seg,4,0,loaded,1.0,0.018461538461538463,0.11428571428571428,0.9,8.858,1.6384772625262773,3,3,1.0,0.021021021021021023,0.015772870662460567,0.016923076923076923,0.05076923076923077,0.29846153846153844,0.6461538461538462,0.013846153846153847,0.026153846153846153,0.16615384615384615,0.5169230769230769,0.009230769230769232,0.012307692307692308,0.043076923076923075,0.3169230769230769,0.013846153846153847,0.023076923076923078,0.09076923076923077,0.6015384615384616,0.17788461538461536,0.4
Distribution,HBOS [amp],hbos,amp,hbos_amp_w1s,1.0,group_kfold_seg,4,0,loaded,0.9882051282051282,0.010769230769230769,0.06666666666666667,0.9,8.858,32.94158223256939,3,3,0.7333333333333333,0.021021021021021023,0.0,0.010769230769230769,0.027692307692307693,0.1476923076923077,0.4076923076923077,0.043076923076923075,0.09846153846153846,0.21846153846153846,0.44769230769230767,0.007692307692307693,0.004615384615384616,0.016923076923076923,0.04,0.012307692307692308,0.02,0.02923076923076923,0.06769230769230769,0.1,0.1
Distribution,HBOS [amp_sine],hbos,amp_sine,hbos_amp_sine_w1s,1.0,group_kfold_seg,4,0,loaded,0.999897435897436,0.009230769230769232,0.047619047619047616,0.9,8.858,37.56061223567193,3,3,1.0,0.018018018018018018,0.0,0.006153846153846154,0.016923076923076923,0.12153846153846154,0.36615384615384616,0.043076923076923075,0.10153846153846154,0.21076923076923076,0.43538461538461537,0.015384615384615385,0.013846153846153847,0.018461538461538463,0.03538461538461538,0.036923076923076927,0.08615384615384615,0.17384615384615384,0.28923076923076924,0.12317307692307691,0.1
Distribution,HBOS [amp_shape],hbos,amp_shape,hbos_amp_shape_w1s,1.0,group_kfold_seg,4,0,loaded,0.9578461538461539,0.016923076923076923,0.09523809523809523,0.9,8.858,48.964762540456775,3,3,0.5333333333333333,0.021021021021021023,0.012618296529968454,0.010769230769230769,0.02923076923076923,0.11538461538461539,0.3676923076923077,0.016923076923076923,0.027692307692307693,0.06153846153846154,0.12461538461538461,0.009230769230769232,0.004615384615384616,0.012307692307692308,0.04,0.018461538461538463,0.024615384615384615,0.033846153846153845,0.05076923076923077,0.059230769230769226,0.1
Distribution,HBOS [amp_rel],hbos,amp_rel,hbos_amp_rel_w1s,1.0,group_kfold_seg,4,0,loaded,0.9979487179487179,0.015384615384615385,0.08571428571428572,0.9,8.858,36.329624395486846,3,3,0.9333333333333333,0.02702702702702703,0.0031545741324921135,0.010769230769230769,0.016923076923076923,0.1523076923076923,0.47846153846153844,0.03538461538461538,0.07384615384615385,0.1523076923076923,0.3861538461538462,0.007692307692307693,0.010769230769230769,0.013846153846153847,0.07076923076923076,0.013846153846153847,0.015384615384615385,0.043076923076923075,0.1676923076923077,0.10307692307692307,0.1
Distribution,COPOD [amp],copod,amp,copod_amp_w1s,1.0,group_kfold_seg,4,0,loaded,0.9915897435897436,0.003076923076923077,0.01904761904761905,0.9,8.858,43.13521965445279,3,3,0.6666666666666666,0.006006006006006006,0.0,0.016923076923076923,0.02923076923076923,0.047692307692307694,0.06461538461538462,0.046153846153846156,0.08307692307692308,0.1123076923076923,0.12,0.006153846153846154,0.003076923076923077,0.004615384615384616,0.021538461538461538,0.015384615384615385,0.018461538461538463,0.023076923076923078,0.038461538461538464,0.04067307692307692,0.2
Distribution,COPOD [amp_sine],copod,amp_sine,copod_amp_sine_w1s,1.0,group_kfold_seg,4,0,loaded,1.0,0.0015384615384615385,0.009523809523809525,0.9,8.858,49.12635855208165,3,3,1.0,0.003003003003003003,0.0,0.018461538461538463,0.033846153846153845,0.05076923076923077,0.06307692307692307,0.06153846153846154,0.09538461538461539,0.12923076923076923,0.14,0.010769230769230769,0.007692307692307693,0.010769230769230769,0.024615384615384615,0.015384615384615385,0.023076923076923078,0.036923076923076927,0.06153846153846154,0.04894230769230769,0.2
Distribution,COPOD [amp_shape],copod,amp_shape,copod_amp_shape_w1s,1.0,group_kfold_seg,4,0,loaded,0.9774358974358974,0.003076923076923077,0.01904761904761905,0.9,8.858,61.152872974058596,3,3,0.6666666666666666,0.003003003003003003,0.0031545741324921135,0.015384615384615385,0.02,0.06153846153846154,0.07538461538461538,0.021538461538461538,0.02923076923076923,0.04153846153846154,0.05076923076923077,0.012307692307692308,0.012307692307692308,0.012307692307692308,0.021538461538461538,0.018461538461538463,0.023076923076923078,0.03076923076923077,0.03538461538461538,0.030096153846153845,0.3
Distribution,COPOD [amp_rel],copod,amp_rel,copod_amp_rel_w1s,1.0,group_kfold_seg,4,0,loaded,0.9979487179487179,0.003076923076923077,0.01904761904761905,0.9,8.858,46.92250867927033,3,3,0.8666666666666667,0.006006006006006006,0.0,0.010769230769230769,0.027692307692307693,0.06769230769230769,0.09538461538461539,0.043076923076923075,0.07076923076923076,0.09692307692307692,0.11384615384615385,0.006153846153846154,0.004615384615384616,0.004615384615384616,0.023076923076923078,0.016923076923076923,0.018461538461538463,0.02923076923076923,0.046153846153846156,0.04221153846153846,0.2
Distribution,DeepSVDD,deep_svdd,,deep_svdd_w1s,1.0,group_kfold_seg,4,0,loaded,0.8714871794871795,0.006153846153846154,0.0380952380952381,0.9,8.858,0.0073790751537308,3,3,0.6,0.006006006006006006,0.006309148264984227,0.015384615384615385,0.024615384615384615,0.13384615384615384,0.4723076923076923,0.013846153846153847,0.018461538461538463,0.04153846153846154,0.16153846153846155,0.012307692307692308,0.07384615384615385,0.24307692307692308,0.5430769230769231,0.010769230769230769,0.02,0.08461538461538462,0.4846153846153846,0.1471153846153846,0.2
Distribution,DeepSVDD,deep_svdd,,deep_svdd_w1s,1.0,group_kfold_seg,4,1,loaded,0.8956923076923078,0.027692307692307693,0.1523809523809524,0.9,8.858,0.0028810699144378297,3,3,0.6666666666666666,0.024024024024024024,0.031545741324921134,0.010769230769230769,0.016923076923076923,0.13538461538461538,0.4753846153846154,0.010769230769230769,0.010769230769230769,0.018461538461538463,0.14923076923076922,0.012307692307692308,0.03538461538461538,0.1723076923076923,0.4938461538461538,0.012307692307692308,0.012307692307692308,0.052307692307692305,0.3169230769230769,0.12096153846153845,0.3
Distribution,DeepSVDD,deep_svdd,,deep_svdd_w1s,1.0,group_kfold_seg,4,2,loaded,0.9159999999999999,0.015384615384615385,0.08571428571428572,0.9,8.858,0.005624820110388092,3,3,0.6666666666666666,0.018018018018018018,0.012618296529968454,0.009230769230769232,0.021538461538461538,0.14461538461538462,0.47692307692307695,0.009230769230769232,0.012307692307692308,0.024615384615384615,0.18923076923076923,0.009230769230769232,0.04153846153846154,0.2076923076923077,0.536923076923077,0.010769230769230769,0.010769230769230769,0.023076923076923078,0.16615384615384615,0.11836538461538462,0.3
Distribution,MCD [amp],mcd,amp,mcd_amp_w1s,1.0,time_block,1,0,loaded,0.9968304550438596,0.004934210526315789,0.029411764705882353,0.9,8.858,297.34511271756685,17,17,0.90625,0.0,0.009900990099009901,0.013157894736842105,0.019736842105263157,0.1118421052631579,0.5822368421052632,0.014802631578947368,0.018092105263157895,0.05098684210526316,0.3618421052631579,0.018092105263157895,0.019736842105263157,0.044407894736842105,0.0805921052631579,0.013157894736842105,0.01644736842105263,0.046052631578947366,0.22039473684210525,0.10197368421052631,23.6
Distribution,MCD [amp_sine],mcd,amp_sine,mcd_amp_sine_w1s,1.0,time_block,1,0,loaded,1.0,0.008223684210526315,0.049019607843137254,0.9,8.858,468.10736920550266,17,17,1.0,0.006557377049180328,0.009900990099009901,0.011513157894736841,0.011513157894736841,0.03618421052631579,0.4753289473684211,0.011513157894736841,0.011513157894736841,0.01644736842105263,0.17105263157894737,0.019736842105263157,0.01644736842105263,0.02138157894736842,0.04111842105263158,0.15625,0.6726973684210527,1.0,1.0,0.22954358552631582,0.1
Distribution,MCD [amp_shape],mcd,amp_shape,mcd_amp_shape_w1s,1.0,time_block,1,0,loaded,0.9989549067982456,0.004934210526315789,0.029411764705882353,0.9,8.858,178.26843589497338,17,17,0.9479166666666666,0.0,0.009900990099009901,0.013157894736842105,0.023026315789473683,0.13980263157894737,0.6233552631578947,0.01644736842105263,0.023026315789473683,0.11513157894736842,0.4934210526315789,0.013157894736842105,0.01644736842105263,0.03289473684210526,0.10361842105263158,0.013157894736842105,0.02631578947368421,0.11513157894736842,0.37006578947368424,0.13363486842105263,0.1
Distribution,MCD [amp_rel],mcd,amp_rel,mcd_amp_rel_w1s,1.0,time_block,1,0,loaded,0.9986293859649124,0.003289473684210526,0.0196078431372549,0.9,8.858,1555.6752527323138,17,17,0.875,0.0,0.006600660066006601,0.009868421052631578,0.014802631578947368,0.07401315789473684,0.33223684210526316,0.009868421052631578,0.009868421052631578,0.008223684210526315,0.01644736842105263,0.011513157894736841,0.013157894736842105,0.011513157894736841,0.014802631578947368,0.009868421052631578,0.011513157894736841,0.01644736842105263,0.12828947368421054,0.04327713815789474,0.1
Distribution,OCSVM [amp],ocsvm,amp,ocsvm_amp_w1s,1.0,time_block,1,0,loaded,0.9966248629385965,0.06414473684210527,0.29411764705882354,0.9,8.858,0.2335243005604921,17,17,0.9895833333333334,0.07540983606557378,0.052805280528052806,0.02138157894736842,0.054276315789473686,0.29276315789473684,0.6529605263157895,0.029605263157894735,0.08223684210526316,0.31414473684210525,0.6661184210526315,0.013157894736842105,0.014802631578947368,0.018092105263157895,0.04111842105263158,0.018092105263157895,0.03453947368421053,0.15789473684210525,0.39473684210526316,0.17537006578947367,0.1
Distribution,OCSVM [amp_sine],ocsvm,amp_sine,ocsvm_amp_sine_w1s,1.0,time_block,1,0,loaded,1.0,0.05098684210526316,0.22549019607843138,0.9,8.858,0.3330541871444157,17,17,1.0,0.06885245901639345,0.033003300330033,0.013157894736842105,0.029605263157894735,0.19736842105263158,0.6299342105263158,0.014802631578947368,0.03125,0.17105263157894737,0.5542763157894737,0.008223684210526315,0.009868421052631578,0.009868421052631578,0.019736842105263157,0.3338815789473684,0.9917763157894737,1.0,1.0,0.31342516447368424,0.1
Distribution,OCSVM [amp_shape],ocsvm,amp_shape,ocsvm_amp_shape_w1s,1.0,time_block,1,0,loaded,0.9933867872807017,0.07236842105263158,0.3235294117647059,0.9,8.858,0.1288485447267281,17,17,0.96875,0.07213114754098361,0.07260726072607261,0.018092105263157895,0.03782894736842105,0.23848684210526316,0.6447368421052632,0.019736842105263157,0.047697368421052634,0.21546052631578946,0.5904605263157895,0.011513157894736841,0.013157894736842105,0.014802631578947368,0.027960526315789474,0.014802631578947368,0.023026315789473683,0.08223684210526316,0.2779605263157895,0.14237253289473684,0.1
Distribution,OCSVM [amp_rel],ocsvm,amp_rel,ocsvm_amp_rel_w1s,1.0,time_block,1,0,loaded,0.9999828673245613,0.10361842105263158,0.4117647058823529,0.9,8.858,0.11314355747685009,17,17,1.0,0.12459016393442623,0.08250825082508251,0.013157894736842105,0.03289473684210526,0.22861842105263158,0.6414473684210527,0.019736842105263157,0.03782894736842105,0.20559210526315788,0.5740131578947368,0.013157894736842105,0.013157894736842105,0.07401315789473684,0.5855263157894737,0.014802631578947368,0.018092105263157895,0.0805921052631579,0.5328947368421053,0.1928453947368421,0.1
Distribution,HBOS [amp],hbos,amp,hbos_amp_w1s,1.0,time_block,1,0,loaded,0.9725020559210525,0.01644736842105263,0.08823529411764706,0.9,8.858,33.143513232488544,17,17,0.7604166666666666,0.02622950819672131,0.006600660066006601,0.01644736842105263,0.02631578947368421,0.08717105263157894,0.3717105263157895,0.054276315789473686,0.09539473684210527,0.17434210526315788,0.34375,0.008223684210526315,0.009868421052631578,0.01644736842105263,0.03782894736842105,0.01644736842105263,0.019736842105263157,0.04276315789473684,0.08223684210526316,0.08768503289473684,0.1
Distribution,HBOS [amp_sine],hbos,amp_sine,hbos_amp_sine_w1s,1.0,time_block,1,0,loaded,0.9983381304824561,0.024671052631578948,0.11764705882352941,0.9,8.858,36.26584251566459,17,17,0.9791666666666666,0.04262295081967213,0.006600660066006601,0.011513157894736841,0.018092105263157895,0.07894736842105263,0.3207236842105263,0.05592105263157895,0.10032894736842106,0.17598684210526316,0.2944078947368421,0.011513157894736841,0.013157894736842105,0.011513157894736841,0.03618421052631579,0.049342105263157895,0.10855263157894737,0.1924342105263158,0.3223684210526316,0.11256167763157895,0.1
Distribution,HBOS [amp_shape],hbos,amp_shape,hbos_amp_shape_w1s,1.0,time_block,1,0,loaded,0.9564658717105263,0.023026315789473683,0.12745098039215685,0.9,8.858,49.553043571077346,17,16,0.6354166666666666,0.019672131147540985,0.026402640264026403,0.011513157894736841,0.013157894736842105,0.07072368421052631,0.28125,0.019736842105263157,0.029605263157894735,0.047697368421052634,0.0805921052631579,0.008223684210526315,0.006578947368421052,0.018092105263157895,0.03289473684210526,0.014802631578947368,0.01644736842105263,0.029605263157894735,0.046052631578947366,0.045435855263157895,0.1
Distribution,HBOS [amp_rel],hbos,amp_rel,hbos_amp_rel_w1s,1.0,time_block,1,0,loaded,0.9945004111842105,0.024671052631578948,0.11764705882352941,0.9,8.858,37.16278054900685,17,17,0.9270833333333334,0.03934426229508197,0.009900990099009901,0.013157894736842105,0.02138157894736842,0.07730263157894737,0.4144736842105263,0.044407894736842105,0.07401315789473684,0.13815789473684212,0.24342105263157895,0.009868421052631578,0.011513157894736841,0.024671052631578948,0.05592105263157895,0.01644736842105263,0.027960526315789474,0.0625,0.13651315789473684,0.08573190789473685,0.1
Distribution,COPOD [amp],copod,amp,copod_amp_w1s,1.0,time_block,1,0,loaded,0.9563973410087719,0.0,0.0,1.4,9.358,43.75876642465987,17,15,0.40625,0.0,0.0,0.06085526315789474,0.05263157894736842,0.054276315789473686,0.05592105263157895,0.08717105263157894,0.10032894736842106,0.10361842105263158,0.1069078947368421,0.044407894736842105,0.03125,0.039473684210526314,0.0625,0.05098684210526316,0.054276315789473686,0.06085526315789474,0.07401315789473684,0.06496710526315788,0.1
Distribution,COPOD [amp_sine],copod,amp_sine,copod_amp_sine_w1s,1.0,time_block,1,0,loaded,0.9933182565789473,0.0,0.0,0.9,8.858,47.40747633814646,17,16,0.65625,0.0,0.0,0.08388157894736842,0.07730263157894737,0.08717105263157894,0.09539473684210527,0.11019736842105263,0.125,0.13651315789473684,0.13980263157894737,0.06907894736842106,0.05263157894736842,0.05756578947368421,0.07730263157894737,0.0805921052631579,0.0805921052631579,0.10361842105263158,0.125,0.09385279605263158,0.1
Distribution,COPOD [amp_shape],copod,amp_shape,copod_amp_shape_w1s,1.0,time_block,1,0,loaded,0.9495442708333333,0.003289473684210526,0.0196078431372549,0.9,8.858,59.46611149487779,17,15,0.4479166666666667,0.0,0.006600660066006601,0.024671052631578948,0.02631578947368421,0.047697368421052634,0.05592105263157895,0.024671052631578948,0.03289473684210526,0.03618421052631579,0.039473684210526314,0.024671052631578948,0.019736842105263157,0.03453947368421053,0.04276315789473684,0.02631578947368421,0.027960526315789474,0.04276315789473684,0.049342105263157895,0.03474506578947368,0.1
Distribution,COPOD [amp_rel],copod,amp_rel,copod_amp_rel_w1s,1.0,time_block,1,0,loaded,0.9851117050438596,0.0,0.0,0.9,8.858,47.83839843593353,17,16,0.59375,0.0,0.0,0.05756578947368421,0.049342105263157895,0.06578947368421052,0.0756578947368421,0.08881578947368421,0.09703947368421052,0.10361842105263158,0.10361842105263158,0.03453947368421053,0.027960526315789474,0.03618421052631579,0.0625,0.06414473684210527,0.05921052631578947,0.07730263157894737,0.0756578947368421,0.06743421052631579,0.1
Distribution,DeepSVDD,deep_svdd,,deep_svdd_w1s,1.0,time_block,1,0,loaded,0.9637129934210525,0.01644736842105263,0.08823529411764706,0.9,8.858,0.015005045197904108,17,17,0.8229166666666666,0.022950819672131147,0.009900990099009901,0.019736842105263157,0.04276315789473684,0.20394736842105263,0.5263157894736842,0.01644736842105263,0.03453947368421053,0.11019736842105263,0.3092105263157895,0.018092105263157895,0.05592105263157895,0.29605263157894735,0.6480263157894737,0.01644736842105263,0.019736842105263157,0.044407894736842105,0.16447368421052633,0.15789473684210525,0.2
Distribution,DeepSVDD,deep_svdd,,deep_svdd_w1s,1.0,time_block,1,1,loaded,0.9523711622807018,0.04111842105263158,0.19607843137254902,0.9,8.858,0.003939155754633246,17,17,0.8125,0.029508196721311476,0.052805280528052806,0.011513157894736841,0.023026315789473683,0.1825657894736842,0.524671052631579,0.011513157894736841,0.018092105263157895,0.05921052631578947,0.2746710526315789,0.013157894736842105,0.029605263157894735,0.19901315789473684,0.5427631578947368,0.013157894736842105,0.014802631578947368,0.03125,0.22697368421052633,0.13599917763157895,0.3
Distribution,DeepSVDD,deep_svdd,,deep_svdd_w1s,1.0,time_block,1,2,loaded,0.9458093475877193,0.03289473684210526,0.16666666666666666,0.9,8.858,0.006719735045917331,17,17,0.7604166666666666,0.029508196721311476,0.036303630363036306,0.014802631578947368,0.02138157894736842,0.10197368421052631,0.45394736842105265,0.011513157894736841,0.014802631578947368,0.047697368421052634,0.18092105263157895,0.011513157894736841,0.02138157894736842,0.17598684210526316,0.537828947368421,0.009868421052631578,0.009868421052631578,0.02138157894736842,0.10855263157894737,0.10896381578947369,0.2
Distribution,MCD [amp],mcd,amp,mcd_amp_w1s,1.0,time_block,2,0,loaded,0.9972906569736133,0.008077544426494346,0.04040404040404041,0.9,8.858,190.00190497017707,17,17,0.9166666666666666,0.010067114093959731,0.006230529595015576,0.012924071082390954,0.017770597738287562,0.12439418416801293,0.6284329563812601,0.011308562197092083,0.024232633279483037,0.09046849757673667,0.4168012924071082,0.011308562197092083,0.011308562197092083,0.022617124394184167,0.048465266558966075,0.011308562197092083,0.012924071082390954,0.045234248788368334,0.2084006462035541,0.10611873990306947,23.2
Distribution,MCD [amp_sine],mcd,amp_sine,mcd_amp_sine_w1s,1.0,time_block,2,0,loaded,1.0,0.0032310177705977385,0.020202020202020204,0.9,8.858,287.5695103944806,17,17,1.0,0.003355704697986577,0.003115264797507788,0.011308562197092083,0.012924071082390954,0.08562197092084006,0.6009693053311793,0.012924071082390954,0.017770597738287562,0.06623586429725363,0.40387722132471726,0.008077544426494346,0.01615508885298869,0.029079159935379646,0.05977382875605816,0.2859450726978998,0.8739903069466882,1.0,1.0,0.2802907915993538,0.1
Distribution,MCD [amp_shape],mcd,amp_shape,mcd_amp_shape_w1s,1.0,time_block,2,0,loaded,0.9985696015078084,0.006462035541195477,0.030303030303030304,0.9,8.858,154.77555841581085,17,17,0.9583333333333334,0.010067114093959731,0.003115264797507788,0.017770597738287562,0.025848142164781908,0.18093699515347333,0.6348949919224556,0.017770597738287562,0.03877221324717286,0.14862681744749595,0.5040387722132472,0.01938610662358643,0.01615508885298869,0.029079159935379646,0.07269789983844911,0.01615508885298869,0.024232633279483037,0.10016155088852989,0.3505654281098546,0.1373182552504039,0.1
Distribution,MCD [amp_rel],mcd,amp_rel,mcd_amp_rel_w1s,1.0,time_block,2,0,loaded,0.9980984114162628,0.0032310177705977385,0.020202020202020204,0.9,8.858,1160.43764321093,17,17,0.8854166666666666,0.0,0.006230529595015576,0.014539579967689823,0.03715670436187399,0.09046849757673667,0.4135702746365105,0.006462035541195477,0.006462035541195477,0.006462035541195477,0.029079159935379646,0.024232633279483037,0.024232633279483037,0.012924071082390954,0.008077544426494346,0.012924071082390954,0.012924071082390954,0.022617124394184167,0.1470113085621971,0.05432148626817447,0.1
Distribution,OCSVM [amp],ocsvm,amp,ocsvm_amp_w1s,1.0,time_block,2,0,loaded,0.9946149703823371,0.03231017770597738,0.15151515151515152,0.9,8.858,0.8722275841197616,17,17,0.9375,0.040268456375838924,0.024922118380062305,0.014539579967689823,0.050080775444264945,0.2730210016155089,0.6397415185783522,0.01938610662358643,0.09208400646203554,0.2940226171243942,0.5945072697899838,0.011308562197092083,0.014539579967689823,0.011308562197092083,0.025848142164781908,0.011308562197092083,0.014539579967689823,0.0840064620355412,0.31017770597738287,0.1537762520193861,0.1
Distribution,OCSVM [amp_sine],ocsvm,amp_sine,ocsvm_amp_sine_w1s,1.0,time_block,2,0,loaded,1.0,0.022617124394184167,0.10101010101010101,0.9,8.858,1.1021296727713588,17,17,1.0,0.030201342281879196,0.01557632398753894,0.017770597738287562,0.051696284329563816,0.2875605815831987,0.6429725363489499,0.024232633279483037,0.0888529886914378,0.2940226171243942,0.6252019386106623,0.011308562197092083,0.01615508885298869,0.012924071082390954,0.029079159935379646,0.568659127625202,1.0,1.0,1.0,0.3544022617124394,0.1
Distribution,OCSVM [amp_shape],ocsvm,amp_shape,ocsvm_amp_shape_w1s,1.0,time_block,2,0,loaded,0.9892299407646743,0.04038772213247173,0.1919191919191919,0.9,8.858,0.6469198067569407,17,17,0.9479166666666666,0.04697986577181208,0.03426791277258567,0.017770597738287562,0.04038772213247173,0.2552504038772213,0.6397415185783522,0.0210016155088853,0.07269789983844911,0.2762520193861066,0.567043618739903,0.014539579967689823,0.01615508885298869,0.017770597738287562,0.027463651050080775,0.012924071082390954,0.01938610662358643,0.0791599353796446,0.26978998384491115,0.14670840064620355,0.2
Distribution,OCSVM [amp_rel],ocsvm,amp_rel,ocsvm_amp_rel_w1s,1.0,time_block,2,0,loaded,0.9999326871297792,0.03231017770597738,0.16161616161616163,0.9,8.858,0.6816323767017551,17,17,1.0,0.03691275167785235,0.028037383177570093,0.0210016155088853,0.05815831987075929,0.3053311793214863,0.6526655896607432,0.024232633279483037,0.10016155088852989,0.2940226171243942,0.5961227786752827,0.017770597738287562,0.04038772213247173,0.1987075928917609,0.7592891760904685,0.012924071082390954,0.014539579967689823,0.12439418416801293,0.6155088852988692,0.23970113085621975,0.1
Distribution,HBOS [amp],hbos,amp,hbos_amp_w1s,1.0,time_block,2,0,loaded,0.9701635702746365,0.01938610662358643,0.09090909090909091,0.9,8.858,32.67204735997694,17,16,0.78125,0.03691275167785235,0.003115264797507788,0.009693053311793215,0.024232633279483037,0.1098546042003231,0.38287560581583197,0.051696284329563816,0.1147011308562197,0.1938610662358643,0.3182552504038772,0.0032310177705977385,0.0032310177705977385,0.004846526655896607,0.024232633279483037,0.011308562197092083,0.012924071082390954,0.03231017770597738,0.06462035541195477,0.08511712439418417,0.1
Distribution,HBOS [amp_sine],hbos,amp_sine,hbos_amp_sine_w1s,1.0,time_block,2,0,loaded,0.998451803984922,0.0210016155088853,0.10101010101010101,0.9,8.858,36.43841853161737,17,17,0.96875,0.040268456375838924,0.003115264797507788,0.009693053311793215,0.024232633279483037,0.11308562197092084,0.3651050080775444,0.048465266558966075,0.11308562197092084,0.2084006462035541,0.3182552504038772,0.0016155088852988692,0.0032310177705977385,0.0032310177705977385,0.017770597738287562,0.051696284329563816,0.1098546042003231,0.20678513731825526,0.3651050080775444,0.1224757673667205,0.1
Distribution,HBOS [amp_shape],hbos,amp_shape,hbos_amp_shape_w1s,1.0,time_block,2,0,loaded,0.9572226709746903,0.0210016155088853,0.13131313131313133,0.9,8.858,49.47550687277376,17,16,0.65625,0.020134228187919462,0.021806853582554516,0.009693053311793215,0.01938610662358643,0.11631663974151858,0.35218093699515346,0.024232633279483037,0.04038772213247173,0.07108239095315025,0.10339256865912763,0.009693053311793215,0.014539579967689823,0.01615508885298869,0.027463651050080775,0.012924071082390954,0.01938610662358643,0.025848142164781908,0.048465266558966075,0.05694668820678514,0.1
Distribution,HBOS [amp_rel],hbos,amp_rel,hbos_amp_rel_w1s,1.0,time_block,2,0,loaded,0.9958434302638665,0.009693053311793215,0.06060606060606061,0.9,8.858,37.173866893311185,17,17,0.9166666666666666,0.016778523489932886,0.003115264797507788,0.006462035541195477,0.024232633279483037,0.19063004846526657,0.5541195476575121,0.0630048465266559,0.11793214862681745,0.21647819063004847,0.3667205169628433,0.004846526655896607,0.011308562197092083,0.01938610662358643,0.06623586429725363,0.014539579967689823,0.025848142164781908,0.07754442649434572,0.20516962843295639,0.12277867528271405,0.1
Distribution,COPOD [amp],copod,amp,copod_amp_w1s,1.0,time_block,2,0,loaded,0.9520732364028002,0.009693053311793215,0.06060606060606061,0.9,8.858,41.56157849809681,17,16,0.5520833333333334,0.020134228187919462,0.0,0.03715670436187399,0.0420032310177706,0.048465266558966075,0.05331179321486268,0.051696284329563816,0.05977382875605816,0.06946688206785137,0.07431340872374798,0.024232633279483037,0.022617124394184167,0.01938610662358643,0.035541195476575124,0.03715670436187399,0.03715670436187399,0.0420032310177706,0.05654281098546042,0.0444264943457189,0.1
Distribution,COPOD [amp_sine],copod,amp_sine,copod_amp_sine_w1s,1.0,time_block,2,0,loaded,0.9918551427032849,0.011308562197092083,0.0707070707070707,0.9,8.858,45.94672294973594,17,16,0.7916666666666666,0.020134228187919462,0.003115264797507788,0.030694668820678513,0.035541195476575124,0.0420032310177706,0.045234248788368334,0.050080775444264945,0.05977382875605816,0.061389337641357025,0.0630048465266559,0.024232633279483037,0.017770597738287562,0.017770597738287562,0.03231017770597738,0.025848142164781908,0.033925686591276254,0.0420032310177706,0.05654281098546042,0.03988287560581583,0.1
Distribution,COPOD [amp_shape],copod,amp_shape,copod_amp_shape_w1s,1.0,time_block,2,0,loaded,0.9495153473344103,0.006462035541195477,0.04040404040404041,0.9,8.858,59.62221666314888,17,15,0.53125,0.010067114093959731,0.003115264797507788,0.033925686591276254,0.04361873990306947,0.0791599353796446,0.09854604200323101,0.050080775444264945,0.05492730210016155,0.05815831987075929,0.061389337641357025,0.030694668820678513,0.027463651050080775,0.029079159935379646,0.030694668820678513,0.030694668820678513,0.035541195476575124,0.046849757673667204,0.061389337641357025,0.048263327948303715,0.2
Distribution,COPOD [amp_rel],copod,amp_rel,copod_amp_rel_w1s,1.0,time_block,2,0,loaded,0.9844675551965536,0.009693053311793215,0.06060606060606061,0.9,8.858,45.161581155204374,17,16,0.71875,0.020134228187919462,0.0,0.03715670436187399,0.04361873990306947,0.06785137318255251,0.09854604200323101,0.05492730210016155,0.06623586429725363,0.07431340872374798,0.0840064620355412,0.025848142164781908,0.025848142164781908,0.0210016155088853,0.04038772213247173,0.03715670436187399,0.03715670436187399,0.051696284329563816,0.061389337641357025,0.051696284329563816,0.1
Distribution,DeepSVDD,deep_svdd,,deep_svdd_w1s,1.0,time_block,2,0,loaded,0.9427672320947766,0.014539579967689823,0.06060606060606061,0.9,8.858,0.010766076110303398,17,17,0.7083333333333334,0.013422818791946308,0.01557632398753894,0.012924071082390954,0.03231017770597738,0.1890145395799677,0.5460420032310178,0.017770597738287562,0.033925686591276254,0.07754442649434572,0.25363489499192243,0.011308562197092083,0.051696284329563816,0.2730210016155089,0.6494345718901454,0.009693053311793215,0.011308562197092083,0.03877221324717286,0.2035541195476575,0.15074717285945075,0.1
Distribution,DeepSVDD,deep_svdd,,deep_svdd_w1s,1.0,time_block,2,1,loaded,0.936136914378029,0.022617124394184167,0.13131313131313133,0.9,8.858,0.0034359182347543514,17,16,0.75,0.013422818791946308,0.03115264797507788,0.011308562197092083,0.03715670436187399,0.17609046849757673,0.5573505654281099,0.017770597738287562,0.022617124394184167,0.06946688206785137,0.3441033925686591,0.01615508885298869,0.03715670436187399,0.20193861066235863,0.5815831987075929,0.011308562197092083,0.012924071082390954,0.04361873990306947,0.2956381260096931,0.1522617124394184,0.1
Distribution,DeepSVDD,deep_svdd,,deep_svdd_w1s,1.0,time_block,2,2,loaded,0.9388126009693053,0.014539579967689823,0.08080808080808081,0.9,8.858,0.006958791194483636,17,17,0.75,0.016778523489932886,0.012461059190031152,0.011308562197092083,0.017770597738287562,0.1421647819063005,0.4878836833602585,0.014539579967689823,0.014539579967689823,0.03715670436187399,0.19224555735056542,0.009693053311793215,0.0210016155088853,0.17932148626817448,0.5783521809369951,0.012924071082390954,0.014539579967689823,0.01938610662358643,0.0888529886914378,0.11510500807754442,0.1
Distribution,MCD [amp],mcd,amp,mcd_amp_w1s,1.0,time_block,3,0,loaded,0.9962121212121212,0.012539184952978056,0.06481481481481481,0.9,8.858,191.5002281937914,17,17,0.9166666666666666,0.005934718100890208,0.019933554817275746,0.009404388714733543,0.02037617554858934,0.09717868338557993,0.5987460815047022,0.018808777429467086,0.02664576802507837,0.047021943573667714,0.3401253918495298,0.004702194357366771,0.004702194357366771,0.01567398119122257,0.05329153605015674,0.012539184952978056,0.012539184952978056,0.025078369905956112,0.14106583072100312,0.08924373040752352,26.5
Distribution,MCD [amp_sine],mcd,amp_sine,mcd_amp_sine_w1s,1.0,time_block,3,0,loaded,1.0,0.018808777429467086,0.1111111111111111,0.9,8.858,252.28738803348443,17,17,1.0,0.011869436201780416,0.026578073089700997,0.009404388714733543,0.009404388714733543,0.014106583072100314,0.3871473354231975,0.0109717868338558,0.0109717868338558,0.02037617554858934,0.061128526645768025,0.009404388714733543,0.009404388714733543,0.0109717868338558,0.014106583072100314,0.04075235109717868,0.5235109717868338,1.0,1.0,0.19572884012539188,0.1
Distribution,MCD [amp_shape],mcd,amp_shape,mcd_amp_shape_w1s,1.0,time_block,3,0,loaded,0.9977631922675025,0.0109717868338558,0.05555555555555555,0.9,8.858,163.90237457105442,17,17,0.9583333333333334,0.005934718100890208,0.016611295681063124,0.012539184952978056,0.023510971786833857,0.11598746081504702,0.6159874608150471,0.02037617554858934,0.02821316614420063,0.061128526645768025,0.40282131661442006,0.006269592476489028,0.006269592476489028,0.018808777429467086,0.06269592476489028,0.0109717868338558,0.014106583072100314,0.050156739811912224,0.23824451410658307,0.10550548589341693,0.1
Distribution,MCD [amp_rel],mcd,amp_rel,mcd_amp_rel_w1s,1.0,time_block,3,0,loaded,0.9996244775339602,0.001567398119122257,0.009259259259259259,0.9,8.858,874.0865428569956,17,17,0.9270833333333334,0.0,0.0033222591362126247,0.014106583072100314,0.02664576802507837,0.07210031347962383,0.4216300940438871,0.009404388714733543,0.009404388714733543,0.0109717868338558,0.045454545454545456,0.009404388714733543,0.007836990595611285,0.01567398119122257,0.034482758620689655,0.009404388714733543,0.012539184952978056,0.025078369905956112,0.1865203761755486,0.05691614420062696,0.1
Distribution,OCSVM [amp],ocsvm,amp,ocsvm_amp_w1s,1.0,time_block,3,0,loaded,0.9958855799373041,0.017241379310344827,0.08333333333333333,0.9,8.858,1.3944268082609514,17,17,0.9375,0.01483679525222552,0.019933554817275746,0.01567398119122257,0.04231974921630094,0.26959247648902823,0.6285266457680251,0.02664576802507837,0.07210031347962383,0.3338557993730408,0.5862068965517241,0.006269592476489028,0.004702194357366771,0.0109717868338558,0.05799373040752351,0.0109717868338558,0.0219435736677116,0.09247648902821316,0.35266457680250785,0.15830721003134796,0.1
Distribution,OCSVM [amp_sine],ocsvm,amp_sine,ocsvm_amp_sine_w1s,1.0,time_block,3,0,loaded,0.9992163009404389,0.03761755485893417,0.1574074074074074,0.9,8.858,1.4436762428166696,17,17,1.0,0.04451038575667656,0.029900332225913623,0.0109717868338558,0.017241379310344827,0.164576802507837,0.609717868338558,0.01567398119122257,0.02821316614420063,0.15517241379310345,0.48119122257053293,0.007836990595611285,0.007836990595611285,0.007836990595611285,0.018808777429467086,0.3338557993730408,0.9858934169278997,1.0,1.0,0.30280172413793105,0.2
Distribution,OCSVM [amp_shape],ocsvm,amp_shape,ocsvm_amp_shape_w1s,1.0,time_block,3,0,loaded,0.9913140020898642,0.025078369905956112,0.10185185185185185,0.9,8.858,0.9353335222664773,17,17,0.9479166666666666,0.020771513353115726,0.029900332225913623,0.012539184952978056,0.03761755485893417,0.23667711598746083,0.622257053291536,0.018808777429467086,0.0438871473354232,0.2617554858934169,0.5282131661442007,0.006269592476489028,0.004702194357366771,0.009404388714733543,0.0438871473354232,0.0109717868338558,0.02037617554858934,0.06426332288401254,0.2601880877742947,0.13636363636363638,0.2
Distribution,OCSVM [amp_rel],ocsvm,amp_rel,ocsvm_amp_rel_w1s,1.0,time_block,3,0,loaded,0.999885710553814,0.025078369905956112,0.12962962962962962,0.9,8.858,1.2716383623010514,17,17,1.0,0.026706231454005934,0.023255813953488372,0.012539184952978056,0.047021943573667714,0.2601880877742947,0.6253918495297806,0.023510971786833857,0.06426332288401254,0.32601880877742945,0.5595611285266457,0.0109717868338558,0.02037617554858934,0.164576802507837,0.7398119122257053,0.009404388714733543,0.025078369905956112,0.11128526645768025,0.6739811912225705,0.22962382445141066,0.2
Distribution,HBOS [amp],hbos,amp,hbos_amp_w1s,1.0,time_block,3,0,loaded,0.9713949843260189,0.0219435736677116,0.07407407407407407,0.9,8.858,32.4361397500095,17,17,0.8125,0.02373887240356083,0.019933554817275746,0.0109717868338558,0.0219435736677116,0.109717868338558,0.384012539184953,0.05799373040752351,0.13479623824451412,0.2617554858934169,0.4216300940438871,0.009404388714733543,0.004702194357366771,0.004702194357366771,0.032915360501567396,0.012539184952978056,0.02037617554858934,0.03605015673981191,0.08150470219435736,0.10031347962382446,0.1
Distribution,HBOS [amp_sine],hbos,amp_sine,hbos_amp_sine_w1s,1.0,time_block,3,0,loaded,0.9987101619644723,0.02037617554858934,0.10185185185185185,0.9,8.858,36.281825651771314,17,17,0.9895833333333334,0.026706231454005934,0.013289036544850499,0.014106583072100314,0.029780564263322883,0.11755485893416928,0.35893416927899685,0.06896551724137931,0.1536050156739812,0.26959247648902823,0.43573667711598746,0.009404388714733543,0.003134796238244514,0.006269592476489028,0.04075235109717868,0.05956112852664577,0.10501567398119123,0.21003134796238246,0.390282131661442,0.14204545454545456,0.1
Distribution,HBOS [amp_shape],hbos,amp_shape,hbos_amp_shape_w1s,1.0,time_block,3,0,loaded,0.9631824712643678,0.0219435736677116,0.08333333333333333,0.9,8.858,49.43671762556407,17,16,0.6770833333333334,0.011869436201780416,0.03322259136212625,0.014106583072100314,0.0219435736677116,0.09247648902821316,0.3103448275862069,0.018808777429467086,0.032915360501567396,0.054858934169279,0.10344827586206896,0.0109717868338558,0.006269592476489028,0.007836990595611285,0.025078369905956112,0.009404388714733543,0.014106583072100314,0.02664576802507837,0.04231974921630094,0.04947100313479624,0.1
Distribution,HBOS [amp_rel],hbos,amp_rel,hbos_amp_rel_w1s,1.0,time_block,3,0,loaded,0.9947100313479623,0.023510971786833857,0.09259259259259259,0.9,8.858,36.62882097229683,17,17,0.9375,0.017804154302670624,0.029900332225913623,0.0109717868338558,0.02037617554858934,0.10501567398119123,0.45297805642633227,0.032915360501567396,0.08307210031347963,0.16300940438871472,0.28996865203761757,0.0109717868338558,0.006269592476489028,0.004702194357366771,0.047021943573667714,0.007836990595611285,0.018808777429467086,0.034482758620689655,0.14106583072100312,0.08934169278996865,0.1
Distribution,COPOD [amp],copod,amp,copod_amp_w1s,1.0,time_block,3,0,loaded,0.958023119122257,0.001567398119122257,0.009259259259259259,0.9,8.858,41.88642775904844,17,16,0.5625,0.002967359050445104,0.0,0.03134796238244514,0.03761755485893417,0.06426332288401254,0.08463949843260188,0.05642633228840126,0.07366771159874608,0.09090909090909091,0.10031347962382445,0.023510971786833857,0.02037617554858934,0.01567398119122257,0.04075235109717868,0.03134796238244514,0.03761755485893417,0.045454545454545456,0.05329153605015674,0.05045062695924765,0.1
Distribution,COPOD [amp_sine],copod,amp_sine,copod_amp_sine_w1s,1.0,time_block,3,0,loaded,0.9953304597701149,0.001567398119122257,0.009259259259259259,0.9,8.858,46.626009399716075,17,16,0.8541666666666666,0.002967359050445104,0.0,0.032915360501567396,0.04231974921630094,0.07366771159874608,0.09090909090909091,0.06739811912225706,0.08934169278996865,0.109717868338558,0.12225705329153605,0.02664576802507837,0.0219435736677116,0.0219435736677116,0.048589341692789965,0.048589341692789965,0.06269592476489028,0.08620689655172414,0.10188087774294671,0.06543887147335424,0.2
Distribution,COPOD [amp_shape],copod,amp_shape,copod_amp_shape_w1s,1.0,time_block,3,0,loaded,0.9525862068965517,0.007836990595611285,0.046296296296296294,0.9,8.858,59.59221660473183,17,16,0.5520833333333334,0.008902077151335312,0.006644518272425249,0.029780564263322883,0.04075235109717868,0.06896551724137931,0.10501567398119123,0.034482758620689655,0.03918495297805643,0.048589341692789965,0.05642633228840126,0.02037617554858934,0.02037617554858934,0.02037617554858934,0.04231974921630094,0.034482758620689655,0.04075235109717868,0.04075235109717868,0.061128526645768025,0.04398510971786834,0.2
Distribution,COPOD [amp_rel],copod,amp_rel,copod_amp_rel_w1s,1.0,time_block,3,0,loaded,0.9878689916405434,0.004702194357366771,0.018518518518518517,0.9,8.858,45.93760066630821,17,16,0.7604166666666666,0.008902077151335312,0.0,0.032915360501567396,0.047021943573667714,0.07366771159874608,0.11912225705329153,0.054858934169279,0.07523510971786834,0.09404388714733543,0.10344827586206896,0.023510971786833857,0.0219435736677116,0.02037617554858934,0.048589341692789965,0.03605015673981191,0.04075235109717868,0.048589341692789965,0.06739811912225706,0.05672021943573667,0.2
Distribution,DeepSVDD,deep_svdd,,deep_svdd_w1s,1.0,time_block,3,0,loaded,0.9392306687565308,0.012539184952978056,0.06481481481481481,0.9,8.858,0.008702132776379571,17,17,0.7395833333333334,0.005934718100890208,0.019933554817275746,0.01567398119122257,0.0219435736677116,0.13949843260188088,0.4702194357366771,0.017241379310344827,0.02821316614420063,0.07836990595611286,0.21003134796238246,0.02037617554858934,0.054858934169279,0.23824451410658307,0.603448275862069,0.012539184952978056,0.02037617554858934,0.03918495297805643,0.26332288401253917,0.13959639498432602,0.1
Distribution,DeepSVDD,deep_svdd,,deep_svdd_w1s,1.0,time_block,3,1,loaded,0.9358672936259144,0.018808777429467086,0.09259259259259259,0.9,8.858,0.003320418735966084,17,16,0.71875,0.01483679525222552,0.023255813953488372,0.012539184952978056,0.025078369905956112,0.1677115987460815,0.5438871473354232,0.018808777429467086,0.025078369905956112,0.07210031347962383,0.28056426332288403,0.017241379310344827,0.048589341692789965,0.23510971786833856,0.6018808777429467,0.0219435736677116,0.023510971786833857,0.048589341692789965,0.2946708463949843,0.15233150470219436,0.1
Distribution,DeepSVDD,deep_svdd,,deep_svdd_w1s,1.0,time_block,3,2,loaded,0.9503493991640543,0.009404388714733543,0.05555555555555555,0.9,8.858,0.007141944430768447,17,17,0.8125,0.005934718100890208,0.013289036544850499,0.014106583072100314,0.02664576802507837,0.15673981191222572,0.5250783699059561,0.01567398119122257,0.025078369905956112,0.06739811912225706,0.22570532915360503,0.018808777429467086,0.04075235109717868,0.23197492163009403,0.6144200626959248,0.014106583072100314,0.02037617554858934,0.029780564263322883,0.10344827586206896,0.1331308777429467,0.1
Distribution,MCD [amp],mcd,amp,mcd_amp_w1s,1.0,time_block,4,0,loaded,0.9970530761472516,0.012102874432677761,0.06481481481481481,0.9,8.858,185.73457425960137,17,17,0.9166666666666666,0.009615384615384616,0.012567324955116697,0.01361573373676248,0.0226928895612708,0.16944024205748864,0.6444780635400907,0.012102874432677761,0.012102874432677761,0.01664145234493192,0.07261724659606657,0.01059001512859304,0.01059001512859304,0.015128593040847202,0.03328290468986384,0.012102874432677761,0.01059001512859304,0.04236006051437216,0.21633888048411498,0.08216717095310136,25.6
Distribution,MCD [amp_sine],mcd,amp_sine,mcd_amp_sine_w1s,1.0,time_block,4,0,loaded,1.0,0.01664145234493192,0.09259259259259259,0.9,8.858,260.2076165432083,17,17,1.0,0.0,0.019748653500897665,0.01059001512859304,0.012102874432677761,0.01361573373676248,0.405446293494705,0.01059001512859304,0.01059001512859304,0.01059001512859304,0.018154311649016642,0.012102874432677761,0.01059001512859304,0.01059001512859304,0.012102874432677761,0.07413010590015129,0.8714069591527988,1.0,1.0,0.2176626323751891,0.1
Distribution,MCD [amp_shape],mcd,amp_shape,mcd_amp_shape_w1s,1.0,time_block,4,0,loaded,0.9983137922339889,0.01059001512859304,0.05555555555555555,0.9,8.858,166.16120446048618,17,17,0.9583333333333334,0.009615384615384616,0.010771992818671455,0.015128593040847202,0.025718608169440244,0.1951588502269289,0.653555219364599,0.01361573373676248,0.015128593040847202,0.0226928895612708,0.08925869894099848,0.009077155824508321,0.01059001512859304,0.012102874432677761,0.037821482602118005,0.01059001512859304,0.01361573373676248,0.0832072617246596,0.3071104387291982,0.09464826021180031,0.1
Distribution,MCD [amp_rel],mcd,amp_rel,mcd_amp_rel_w1s,1.0,time_block,4,0,loaded,0.9976361573373677,0.015128593040847202,0.08333333333333333,0.9,8.858,720.0855186410906,17,17,0.96875,0.0,0.017953321364452424,0.015128593040847202,0.04084720121028744,0.2254160363086233,0.5521936459909228,0.009077155824508321,0.009077155824508321,0.007564296520423601,0.009077155824508321,0.01059001512859304,0.015128593040847202,0.007564296520423601,0.012102874432677761,0.01059001512859304,0.01059001512859304,0.018154311649016642,0.10136157337367625,0.06590393343419063,0.1
Distribution,OCSVM [amp],ocsvm,amp,ocsvm_amp_w1s,1.0,time_block,4,0,loaded,0.9952880736258195,0.019667170953101363,0.10185185185185185,0.9,8.858,1.92713181497781,17,17,0.9375,0.0,0.02333931777378815,0.01664145234493192,0.06505295007564296,0.394856278366112,0.6626323751891074,0.01059001512859304,0.015128593040847202,0.060514372163388806,0.20726172465960666,0.009077155824508321,0.01059001512859304,0.01361573373676248,0.03177004538577912,0.01361573373676248,0.03479576399394856,0.1346444780635401,0.4009077155824508,0.13010590015128592,0.2
Distribution,OCSVM [amp_sine],ocsvm,amp_sine,ocsvm_amp_sine_w1s,1.0,time_block,4,0,loaded,1.0,0.025718608169440244,0.1388888888888889,0.9,8.858,1.8979924801405899,17,17,1.0,0.0,0.03052064631956912,0.01361573373676248,0.028744326777609682,0.21936459909228442,0.6414523449319214,0.01059001512859304,0.01059001512859304,0.018154311649016642,0.11195158850226929,0.012102874432677761,0.01059001512859304,0.012102874432677761,0.012102874432677761,0.3888048411497731,1.0,1.0,1.0,0.2806354009077156,0.2
Distribution,OCSVM [amp_shape],ocsvm,amp_shape,ocsvm_amp_shape_w1s,1.0,time_block,4,0,loaded,0.9879286434694907,0.030257186081694403,0.16666666666666666,0.9,8.858,1.3179379307000187,17,17,0.9479166666666666,0.0,0.03590664272890485,0.015128593040847202,0.049924357034795766,0.31921331316187596,0.653555219364599,0.01059001512859304,0.01059001512859304,0.03177004538577912,0.1649016641452345,0.009077155824508321,0.007564296520423601,0.007564296520423601,0.018154311649016642,0.01361573373676248,0.025718608169440244,0.07866868381240545,0.2692889561270802,0.10533282904689864,0.2
Distribution,OCSVM [amp_rel],ocsvm,amp_rel,ocsvm_amp_rel_w1s,1.0,time_block,4,0,loaded,0.9997163388804842,0.0529500756429652,0.26851851851851855,0.9,8.858,1.6711423353299988,17,17,1.0,0.0,0.06283662477558348,0.0226928895612708,0.07564296520423601,0.39939485627836613,0.6580937972768532,0.012102874432677761,0.015128593040847202,0.030257186081694403,0.15431164901664146,0.015128593040847202,0.028744326777609682,0.14826021180030258,0.745839636913767,0.015128593040847202,0.030257186081694403,0.1422087745839637,0.8124054462934948,0.2065998487140696,0.2
Distribution,HBOS [amp],hbos,amp,hbos_amp_w1s,1.0,time_block,4,0,loaded,0.9727842914775592,0.0226928895612708,0.1111111111111111,0.9,8.858,32.410675089926634,17,16,0.8020833333333334,0.009615384615384616,0.025134649910233394,0.01361573373676248,0.018154311649016642,0.09531013615733737,0.3388804841149773,0.01059001512859304,0.02118003025718608,0.03479576399394856,0.09531013615733737,0.009077155824508321,0.009077155824508321,0.009077155824508321,0.019667170953101363,0.007564296520423601,0.01059001512859304,0.037821482602118005,0.0832072617246596,0.05086989409984871,0.1
Distribution,HBOS [amp_sine],hbos,amp_sine,hbos_amp_sine_w1s,1.0,time_block,4,0,loaded,0.9978883005547151,0.0226928895612708,0.12037037037037036,0.9,8.858,36.71698150407265,17,17,0.96875,0.009615384615384616,0.025134649910233394,0.015128593040847202,0.018154311649016642,0.07413010590015129,0.2692889561270802,0.006051437216338881,0.01664145234493192,0.03177004538577912,0.08018154311649017,0.0045385779122541605,0.007564296520423601,0.0045385779122541605,0.01664145234493192,0.04387291981845688,0.0832072617246596,0.13767019667170954,0.24508320726172467,0.06590393343419063,0.1
Distribution,HBOS [amp_shape],hbos,amp_shape,hbos_amp_shape_w1s,1.0,time_block,4,0,loaded,0.9507690368129097,0.024205748865355523,0.12037037037037036,0.9,8.858,50.05722996621499,17,16,0.59375,0.009615384615384616,0.026929982046678635,0.01664145234493192,0.03177004538577912,0.11649016641452345,0.29652042360060515,0.009077155824508321,0.01361573373676248,0.01059001512859304,0.030257186081694403,0.01059001512859304,0.01059001512859304,0.01059001512859304,0.018154311649016642,0.007564296520423601,0.007564296520423601,0.018154311649016642,0.037821482602118005,0.04037443267776097,0.1
Distribution,HBOS [amp_rel],hbos,amp_rel,hbos_amp_rel_w1s,1.0,time_block,4,0,loaded,0.9896621280887543,0.04084720121028744,0.21296296296296297,0.9,8.858,36.730429344555745,17,17,0.9375,0.009615384615384616,0.0466786355475763,0.018154311649016642,0.025718608169440244,0.12556732223903178,0.3524962178517398,0.006051437216338881,0.012102874432677761,0.019667170953101363,0.0453857791225416,0.007564296520423601,0.007564296520423601,0.009077155824508321,0.01664145234493192,0.01059001512859304,0.030257186081694403,0.08623298033282904,0.15279878971255673,0.05786686838124055,0.1
Distribution,COPOD [amp],copod,amp,copod_amp_w1s,1.0,time_block,4,0,loaded,0.9777010842158347,0.0,0.0,0.9,8.858,42.471945301526866,17,16,0.5833333333333334,0.0,0.0,0.03328290468986384,0.04236006051437216,0.1059001512859304,0.14523449319213314,0.03479576399394856,0.057488653555219364,0.08925869894099848,0.12708018154311648,0.019667170953101363,0.01664145234493192,0.018154311649016642,0.04236006051437216,0.019667170953101363,0.015128593040847202,0.02723146747352496,0.039334341906202726,0.052099092284417545,0.2
Distribution,COPOD [amp_sine],copod,amp_sine,copod_amp_sine_w1s,1.0,time_block,4,0,loaded,0.998613212304589,0.0,0.0,0.9,8.858,47.29966396266231,17,16,0.8541666666666666,0.0,0.0,0.039334341906202726,0.048411497730711045,0.10892586989409984,0.14826021180030258,0.0529500756429652,0.06505295007564296,0.09379727685325265,0.12859304084720122,0.02118003025718608,0.02118003025718608,0.0226928895612708,0.05143721633888049,0.05143721633888049,0.06202723146747353,0.07866868381240545,0.1059001512859304,0.06874054462934948,0.2
Distribution,COPOD [amp_shape],copod,amp_shape,copod_amp_shape_w1s,1.0,time_block,4,0,loaded,0.958538199697428,0.006051437216338881,0.018518518518518517,0.9,8.858,60.2693328537448,17,16,0.5625,0.0,0.00718132854578097,0.02118003025718608,0.046898638426626324,0.1059001512859304,0.12102874432677761,0.019667170953101363,0.03328290468986384,0.04387291981845688,0.06202723146747353,0.01664145234493192,0.015128593040847202,0.019667170953101363,0.036308623298033284,0.018154311649016642,0.01664145234493192,0.02118003025718608,0.025718608169440244,0.03895612708018154,0.2
Distribution,COPOD [amp_rel],copod,amp_rel,copod_amp_rel_w1s,1.0,time_block,4,0,loaded,0.9922150781643974,0.0,0.0,0.9,8.858,45.476992280740355,17,16,0.78125,0.0,0.0,0.04387291981845688,0.060514372163388806,0.14977307110438728,0.22995461422087746,0.04236006051437216,0.05597579425113464,0.08472012102874432,0.11346444780635401,0.024205748865355523,0.018154311649016642,0.019667170953101363,0.0453857791225416,0.02723146747352496,0.030257186081694403,0.0453857791225416,0.057488653555219364,0.06552571860816944,0.2
Distribution,DeepSVDD,deep_svdd,,deep_svdd_w1s,1.0,time_block,4,0,loaded,0.9327092788703983,0.019667170953101363,0.09259259259259259,0.9,8.858,0.007306730505079031,17,17,0.78125,0.04807692307692308,0.01436265709156194,0.009077155824508321,0.015128593040847202,0.12556732223903178,0.49319213313161875,0.009077155824508321,0.024205748865355523,0.07261724659606657,0.26777609682299547,0.015128593040847202,0.039334341906202726,0.15582450832072617,0.5249621785173979,0.01664145234493192,0.03177004538577912,0.17700453857791226,0.5900151285930408,0.1604576399394856,0.2
Distribution,DeepSVDD,deep_svdd,,deep_svdd_w1s,1.0,time_block,4,1,loaded,0.9113874180534544,0.03177004538577912,0.17592592592592593,0.9,8.858,0.0027918194420635703,17,15,0.6770833333333334,0.019230769230769232,0.03411131059245961,0.019667170953101363,0.028744326777609682,0.16338880484114976,0.5582450832072617,0.025718608169440244,0.04236006051437216,0.11951588502269289,0.4084720121028744,0.030257186081694403,0.049924357034795766,0.21331316187594554,0.5975794251134644,0.01664145234493192,0.04236006051437216,0.15279878971255673,0.5340393343419062,0.18768910741301056,0.2
Distribution,DeepSVDD,deep_svdd,,deep_svdd_w1s,1.0,time_block,4,2,loaded,0.959988023197176,0.012102874432677761,0.07407407407407407,0.9,8.858,0.0061570244561880835,17,17,0.8333333333333334,0.009615384615384616,0.012567324955116697,0.01361573373676248,0.025718608169440244,0.15582450832072617,0.5506807866868382,0.02118003025718608,0.030257186081694403,0.09984871406959153,0.4039334341906203,0.01664145234493192,0.039334341906202726,0.12859304084720122,0.5007564296520424,0.012102874432677761,0.015128593040847202,0.0529500756429652,0.2708018154311649,0.1460854765506808,0.4
Distribution,MCD [amp],mcd,amp,mcd_amp_w2s,2.0,group_kfold_seg,0,0,loaded,1.0,0.004405286343612335,0.022988505747126436,1.9,9.858,1426.5527306446745,3,3,1.0,0.009569377990430622,0.0,0.013215859030837005,0.011013215859030838,0.022026431718061675,0.40969162995594716,0.019823788546255508,0.039647577092511016,0.1277533039647577,0.28854625550660795,0.006607929515418502,0.006607929515418502,0.006607929515418502,0.006607929515418502,0.004405286343612335,0.024229074889867842,0.11233480176211454,0.41629955947136565,0.0947136563876652,20.5
Distribution,MCD [amp_sine],mcd,amp_sine,mcd_amp_sine_w2s,2.0,group_kfold_seg,0,0,loaded,1.0,0.004405286343612335,0.011494252873563218,1.9,9.858,2080.6672525042445,3,3,1.0,0.009569377990430622,0.0,0.00881057268722467,0.00881057268722467,0.01762114537444934,0.16519823788546256,0.011013215859030838,0.01762114537444934,0.05286343612334802,0.19383259911894274,0.011013215859030838,0.011013215859030838,0.011013215859030838,0.01762114537444934,0.0022026431718061676,0.473568281938326,1.0,1.0,0.18763766519823788,0.1
Distribution,MCD [amp_shape],mcd,amp_shape,mcd_amp_shape_w2s,2.0,group_kfold_seg,0,0,loaded,1.0,0.011013215859030838,0.05747126436781609,1.9,9.858,162.32820056314105,3,3,1.0,0.019138755980861243,0.004081632653061225,0.013215859030837005,0.022026431718061675,0.21145374449339208,0.8303964757709251,0.015418502202643172,0.024229074889867842,0.1145374449339207,0.45374449339207046,0.013215859030837005,0.013215859030837005,0.013215859030837005,0.05286343612334802,0.013215859030837005,0.015418502202643172,0.15198237885462554,0.5418502202643172,0.15625,0.1
Distribution,MCD [amp_rel],mcd,amp_rel,mcd_amp_rel_w2s,2.0,group_kfold_seg,0,0,loaded,1.0,0.004405286343612335,0.022988505747126436,1.9,9.858,1838.931767949985,3,3,1.0,0.009569377990430622,0.0,0.013215859030837005,0.011013215859030838,0.013215859030837005,0.23348017621145375,0.039647577092511016,0.09691629955947137,0.2356828193832599,0.3370044052863436,0.00881057268722467,0.006607929515418502,0.004405286343612335,0.019823788546255508,0.013215859030837005,0.02643171806167401,0.09691629955947137,0.3986784140969163,0.09719162995594714,0.1
Distribution,OCSVM [amp],ocsvm,amp,ocsvm_amp_w2s,2.0,group_kfold_seg,0,0,loaded,1.0,0.028634361233480177,0.10344827586206896,1.9,9.858,1.3825966390344595,3,3,1.0,0.0430622009569378,0.0163265306122449,0.02643171806167401,0.046255506607929514,0.3590308370044053,0.8612334801762115,0.01762114537444934,0.05947136563876652,0.32819383259911894,0.6960352422907489,0.006607929515418502,0.011013215859030838,0.013215859030837005,0.05947136563876652,0.015418502202643172,0.028634361233480177,0.19162995594713655,0.5881057268722467,0.20677312775330395,0.1
Distribution,OCSVM [amp_sine],ocsvm,amp_sine,ocsvm_amp_sine_w2s,2.0,group_kfold_seg,0,0,loaded,1.0,0.030837004405286344,0.10344827586206896,1.9,9.858,0.9488779427176339,3,3,1.0,0.0430622009569378,0.02040816326530612,0.024229074889867842,0.039647577092511016,0.36784140969163,0.8568281938325991,0.01762114537444934,0.05947136563876652,0.3370044052863436,0.7004405286343612,0.004405286343612335,0.00881057268722467,0.013215859030837005,0.05286343612334802,0.5374449339207048,1.0,1.0,1.0,0.376238986784141,0.1
Distribution,OCSVM [amp_shape],ocsvm,amp_shape,ocsvm_amp_shape_w2s,2.0,group_kfold_seg,0,0,loaded,1.0,0.030837004405286344,0.11494252873563218,1.9,9.858,1.1129845895636188,3,3,1.0,0.0430622009569378,0.02040816326530612,0.024229074889867842,0.046255506607929514,0.32819383259911894,0.8524229074889867,0.015418502202643172,0.039647577092511016,0.2687224669603524,0.6431718061674009,0.00881057268722467,0.01762114537444934,0.015418502202643172,0.05286343612334802,0.013215859030837005,0.06828193832599119,0.31277533039647576,0.6762114537444934,0.2114537444933921,0.1
Distribution,OCSVM [amp_rel],ocsvm,amp_rel,ocsvm_amp_rel_w2s,2.0,group_kfold_seg,0,0,loaded,1.0,0.039647577092511016,0.14942528735632185,1.9,9.858,1.1955473681800133,3,3,1.0,0.05741626794258373,0.024489795918367346,0.024229074889867842,0.046255506607929514,0.3744493392070485,0.8568281938325991,0.01762114537444934,0.05286343612334802,0.29955947136563876,0.6740088105726872,0.00881057268722467,0.01762114537444934,0.05506607929515418,0.44493392070484583,0.011013215859030838,0.024229074889867842,0.3634361233480176,0.8700440528634361,0.2588105726872247,0.1
Distribution,HBOS [amp],hbos,amp,hbos_amp_w2s,2.0,group_kfold_seg,0,0,loaded,0.9952643171806167,0.00881057268722467,0.04597701149425287,1.9,9.858,32.13650639279768,3,3,0.9,0.019138755980861243,0.0,0.024229074889867842,0.037444933920704845,0.16079295154185022,0.47577092511013214,0.07268722466960352,0.13876651982378854,0.24008810572687225,0.34140969162995594,0.013215859030837005,0.013215859030837005,0.024229074889867842,0.05506607929515418,0.019823788546255508,0.022026431718061675,0.05726872246696035,0.12334801762114538,0.11371145374449337,0.1
Distribution,HBOS [amp_sine],hbos,amp_sine,hbos_amp_sine_w2s,2.0,group_kfold_seg,0,0,loaded,1.0,0.011013215859030838,0.04597701149425287,1.9,9.858,36.32066524374745,3,3,1.0,0.014354066985645933,0.00816326530612245,0.015418502202643172,0.028634361233480177,0.16519823788546256,0.44052863436123346,0.05947136563876652,0.1343612334801762,0.22687224669603523,0.3370044052863436,0.006607929515418502,0.013215859030837005,0.022026431718061675,0.048458149779735685,0.07048458149779736,0.14977973568281938,0.3590308370044053,0.6167400881057269,0.16836453744493393,0.1
Distribution,HBOS [amp_shape],hbos,amp_shape,hbos_amp_shape_w2s,2.0,group_kfold_seg,0,0,loaded,0.9958149779735682,0.011013215859030838,0.05747126436781609,1.9,9.858,47.488508837096475,3,3,0.9,0.023923444976076555,0.0,0.022026431718061675,0.030837004405286344,0.1696035242290749,0.460352422907489,0.037444933920704845,0.07488986784140969,0.11013215859030837,0.15859030837004406,0.013215859030837005,0.013215859030837005,0.022026431718061675,0.05506607929515418,0.019823788546255508,0.03303964757709251,0.09251101321585903,0.16079295154185022,0.09209801762114538,0.1
Distribution,HBOS [amp_rel],hbos,amp_rel,hbos_amp_rel_w2s,2.0,group_kfold_seg,0,0,loaded,0.9996696035242291,0.011013215859030838,0.04597701149425287,1.9,9.858,35.827360639060075,3,3,1.0,0.023923444976076555,0.0,0.01762114537444934,0.030837004405286344,0.1894273127753304,0.5925110132158591,0.06828193832599119,0.1343612334801762,0.2511013215859031,0.3568281938325991,0.01762114537444934,0.022026431718061675,0.039647577092511016,0.0947136563876652,0.02643171806167401,0.039647577092511016,0.14096916299559473,0.31057268722466963,0.1457874449339207,0.1
Distribution,COPOD [amp],copod,amp,copod_amp_w2s,2.0,group_kfold_seg,0,0,loaded,0.9908590308370044,0.00881057268722467,0.022988505747126436,1.9,9.858,44.62443112713728,3,3,0.85,0.019138755980861243,0.0,0.022026431718061675,0.03303964757709251,0.03524229074889868,0.03303964757709251,0.05066079295154185,0.07709251101321586,0.08370044052863436,0.08370044052863436,0.015418502202643172,0.013215859030837005,0.019823788546255508,0.02643171806167401,0.022026431718061675,0.03303964757709251,0.04185022026431718,0.05506607929515418,0.04033590308370044,0.1
Distribution,COPOD [amp_sine],copod,amp_sine,copod_amp_sine_w2s,2.0,group_kfold_seg,0,0,loaded,0.9996696035242291,0.0022026431718061676,0.011494252873563218,1.9,9.858,49.96682553388781,3,3,0.95,0.004784688995215311,0.0,0.039647577092511016,0.046255506607929514,0.04405286343612335,0.046255506607929514,0.07929515418502203,0.09911894273127753,0.11013215859030837,0.1145374449339207,0.019823788546255508,0.01762114537444934,0.024229074889867842,0.028634361233480177,0.02643171806167401,0.048458149779735685,0.06828193832599119,0.09691629955947137,0.0568557268722467,0.1
Distribution,COPOD [amp_shape],copod,amp_shape,copod_amp_shape_w2s,2.0,group_kfold_seg,0,0,loaded,0.9972466960352423,0.013215859030837005,0.04597701149425287,1.9,9.858,61.06116254051924,3,3,0.9,0.028708133971291867,0.0,0.015418502202643172,0.024229074889867842,0.030837004405286344,0.028634361233480177,0.022026431718061675,0.024229074889867842,0.02643171806167401,0.02643171806167401,0.011013215859030838,0.011013215859030838,0.011013215859030838,0.024229074889867842,0.00881057268722467,0.01762114537444934,0.030837004405286344,0.048458149779735685,0.022577092511013218,0.2
Distribution,COPOD [amp_rel],copod,amp_rel,copod_amp_rel_w2s,2.0,group_kfold_seg,0,0,loaded,0.9995594713656387,0.00881057268722467,0.034482758620689655,1.9,9.858,48.236888566897996,3,3,1.0,0.019138755980861243,0.0,0.019823788546255508,0.028634361233480177,0.03303964757709251,0.030837004405286344,0.05726872246696035,0.07929515418502203,0.0881057268722467,0.0881057268722467,0.015418502202643172,0.01762114537444934,0.015418502202643172,0.030837004405286344,0.02643171806167401,0.03303964757709251,0.048458149779735685,0.06828193832599119,0.04253854625550661,0.1
Distribution,DeepSVDD,deep_svdd,,deep_svdd_w2s,2.0,group_kfold_seg,0,0,loaded,0.9982378854625551,0.01762114537444934,0.04597701149425287,1.9,9.858,0.005416796328499912,3,3,0.95,0.03827751196172249,0.0,0.011013215859030838,0.015418502202643172,0.1211453744493392,0.5770925110132159,0.015418502202643172,0.01762114537444934,0.06387665198237885,0.31277533039647576,0.01762114537444934,0.046255506607929514,0.2422907488986784,0.748898678414097,0.011013215859030838,0.011013215859030838,0.01762114537444934,0.23788546255506607,0.15418502202643172,0.1
Distribution,DeepSVDD,deep_svdd,,deep_svdd_w2s,2.0,group_kfold_seg,0,1,loaded,0.9314977973568281,0.03303964757709251,0.09195402298850575,1.9,9.858,0.001241605065297335,3,3,0.9,0.05263157894736842,0.0163265306122449,0.011013215859030838,0.01762114537444934,0.16740088105726872,0.6431718061674009,0.01762114537444934,0.022026431718061675,0.0881057268722467,0.5903083700440529,0.015418502202643172,0.030837004405286344,0.15418502202643172,0.698237885462555,0.011013215859030838,0.011013215859030838,0.019823788546255508,0.22026431718061673,0.1698788546255507,0.1
Distribution,DeepSVDD,deep_svdd,,deep_svdd_w2s,2.0,group_kfold_seg,0,2,loaded,0.9842511013215859,0.03303964757709251,0.08045977011494253,1.9,9.858,0.0021607841900549815,3,3,0.9,0.05741626794258373,0.012244897959183673,0.013215859030837005,0.019823788546255508,0.14096916299559473,0.6585903083700441,0.015418502202643172,0.015418502202643172,0.05066079295154185,0.2356828193832599,0.015418502202643172,0.028634361233480177,0.14757709251101322,0.7709251101321586,0.013215859030837005,0.015418502202643172,0.030837004405286344,0.14977973568281938,0.14509911894273128,0.1
Distribution,MCD [amp],mcd,amp,mcd_amp_w2s,2.0,group_kfold_seg,1,0,loaded,0.9995986353602248,0.011037527593818985,0.0449438202247191,1.9,9.858,891.5976500966399,2,2,1.0,0.023809523809523808,0.0,0.011037527593818985,0.011037527593818985,0.02207505518763797,0.4083885209713024,0.011037527593818985,0.01545253863134658,0.0772626931567329,0.2185430463576159,0.011037527593818985,0.011037527593818985,0.011037527593818985,0.01545253863134658,0.008830022075055188,0.004415011037527594,0.059602649006622516,0.39293598233995586,0.08057395143487858,20.7
Distribution,MCD [amp_sine],mcd,amp_sine,mcd_amp_sine_w2s,2.0,group_kfold_seg,1,0,loaded,1.0,0.004415011037527594,0.02247191011235955,1.9,9.858,1933.6677088461888,2,2,1.0,0.009523809523809525,0.0,0.011037527593818985,0.011037527593818985,0.019867549668874173,0.24944812362030905,0.017660044150110375,0.02869757174392936,0.0640176600441501,0.18543046357615894,0.01545253863134658,0.011037527593818985,0.013245033112582781,0.024282560706401765,0.004415011037527594,0.5982339955849889,0.9977924944812362,1.0,0.20322847682119205,0.1
Distribution,MCD [amp_shape],mcd,amp_shape,mcd_amp_shape_w2s,2.0,group_kfold_seg,1,0,loaded,1.0,0.008830022075055188,0.033707865168539325,1.9,9.858,186.1637050796837,2,2,1.0,0.01904761904761905,0.0,0.011037527593818985,0.046357615894039736,0.2560706401766004,0.8520971302428256,0.02207505518763797,0.03532008830022075,0.09713024282560706,0.41721854304635764,0.011037527593818985,0.011037527593818985,0.02869757174392936,0.07947019867549669,0.011037527593818985,0.019867549668874173,0.2052980132450331,0.6335540838852097,0.17108167770419425,0.1
Distribution,MCD [amp_rel],mcd,amp_rel,mcd_amp_rel_w2s,2.0,group_kfold_seg,1,0,loaded,1.0,0.011037527593818985,0.0449438202247191,1.9,9.858,1185.85040119523,2,2,1.0,0.023809523809523808,0.0,0.011037527593818985,0.011037527593818985,0.013245033112582781,0.3598233995584989,0.019867549668874173,0.033112582781456956,0.15894039735099338,0.26269315673289184,0.011037527593818985,0.011037527593818985,0.011037527593818985,0.02869757174392936,0.013245033112582781,0.006622516556291391,0.06181015452538632,0.434878587196468,0.09050772626931568,0.1
Distribution,OCSVM [amp],ocsvm,amp,ocsvm_amp_w2s,2.0,group_kfold_seg,1,0,loaded,1.0,0.019867549668874173,0.06741573033707865,1.9,9.858,1.0775622586808824,2,2,1.0,0.023809523809523808,0.01646090534979424,0.019867549668874173,0.07947019867549669,0.5253863134657837,0.8785871964679912,0.026490066225165563,0.10596026490066225,0.33995584988962474,0.6865342163355408,0.006622516556291391,0.008830022075055188,0.024282560706401765,0.09933774834437085,0.017660044150110375,0.04856512141280353,0.304635761589404,0.7284768211920529,0.24379139072847683,0.1
Distribution,OCSVM [amp_sine],ocsvm,amp_sine,ocsvm_amp_sine_w2s,2.0,group_kfold_seg,1,0,loaded,1.0,0.013245033112582781,0.056179775280898875,1.9,9.858,1.0264760040643468,2,2,1.0,0.01904761904761905,0.00823045267489712,0.026490066225165563,0.0772626931567329,0.5275938189845475,0.8807947019867549,0.02869757174392936,0.10154525386313466,0.3333333333333333,0.6843267108167771,0.006622516556291391,0.011037527593818985,0.026490066225165563,0.09933774834437085,0.7108167770419426,0.9977924944812362,1.0,1.0,0.40700883002207505,0.1
Distribution,OCSVM [amp_shape],ocsvm,amp_shape,ocsvm_amp_shape_w2s,2.0,group_kfold_seg,1,0,loaded,1.0,0.017660044150110375,0.06741573033707865,1.9,9.858,0.9421772101437833,2,2,1.0,0.01904761904761905,0.01646090534979424,0.019867549668874173,0.0772626931567329,0.49448123620309054,0.8785871964679912,0.017660044150110375,0.0728476821192053,0.271523178807947,0.6467991169977925,0.006622516556291391,0.008830022075055188,0.033112582781456956,0.09492273730684327,0.013245033112582781,0.12141280353200883,0.423841059602649,0.7880794701986755,0.24806843267108167,0.1
Distribution,OCSVM [amp_rel],ocsvm,amp_rel,ocsvm_amp_rel_w2s,2.0,group_kfold_seg,1,0,loaded,1.0,0.01545253863134658,0.056179775280898875,1.9,9.858,1.2262929417014456,2,2,1.0,0.01904761904761905,0.012345679012345678,0.02869757174392936,0.08167770419426049,0.543046357615894,0.8807947019867549,0.024282560706401765,0.09713024282560706,0.32229580573951433,0.6622516556291391,0.013245033112582781,0.02869757174392936,0.16114790286975716,0.7262693156732892,0.013245033112582781,0.037527593818984545,0.4900662251655629,0.9050772626931567,0.3134657836644592,0.1
Distribution,HBOS [amp],hbos,amp,hbos_amp_w2s,2.0,group_kfold_seg,1,0,loaded,0.9987959060806743,0.02869757174392936,0.06741573033707865,1.9,9.858,31.36681279126656,2,2,1.0,0.05714285714285714,0.00411522633744856,0.013245033112582781,0.019867549668874173,0.11699779249448124,0.3090507726269316,0.02869757174392936,0.059602649006622516,0.09933774834437085,0.2119205298013245,0.013245033112582781,0.011037527593818985,0.01545253863134658,0.03090507726269316,0.011037527593818985,0.008830022075055188,0.019867549668874173,0.05739514348785872,0.06415562913907286,0.1
Distribution,HBOS [amp_sine],hbos,amp_sine,hbos_amp_sine_w2s,2.0,group_kfold_seg,1,0,loaded,1.0,0.03090507726269316,0.06741573033707865,1.9,9.858,35.4994298268104,2,2,1.0,0.06190476190476191,0.00411522633744856,0.011037527593818985,0.01545253863134658,0.09713024282560706,0.22958057395143489,0.02207505518763797,0.046357615894039736,0.07505518763796909,0.1545253863134658,0.013245033112582781,0.011037527593818985,0.017660044150110375,0.024282560706401765,0.017660044150110375,0.04415011037527594,0.15673289183222958,0.32450331125827814,0.078780353200883,0.1
Distribution,HBOS [amp_shape],hbos,amp_shape,hbos_amp_shape_w2s,2.0,group_kfold_seg,1,0,loaded,0.9993979530403371,0.01545253863134658,0.056179775280898875,1.9,9.858,46.90667501338278,2,2,1.0,0.023809523809523808,0.00823045267489712,0.017660044150110375,0.026490066225165563,0.1390728476821192,0.4216335540838852,0.019867549668874173,0.046357615894039736,0.06181015452538632,0.11479028697571744,0.011037527593818985,0.011037527593818985,0.019867549668874173,0.046357615894039736,0.011037527593818985,0.019867549668874173,0.0728476821192053,0.152317880794702,0.07450331125827815,0.1
Distribution,HBOS [amp_rel],hbos,amp_rel,hbos_amp_rel_w2s,2.0,group_kfold_seg,1,0,loaded,1.0,0.02869757174392936,0.06741573033707865,1.9,9.858,35.376029623296986,2,2,1.0,0.05714285714285714,0.00411522633744856,0.011037527593818985,0.019867549668874173,0.09713024282560706,0.3333333333333333,0.026490066225165563,0.04194260485651214,0.0728476821192053,0.1479028697571744,0.011037527593818985,0.013245033112582781,0.024282560706401765,0.037527593818984545,0.011037527593818985,0.008830022075055188,0.039735099337748346,0.13024282560706402,0.06415562913907286,0.1
Distribution,COPOD [amp],copod,amp,copod_amp_w2s,2.0,group_kfold_seg,1,0,loaded,0.9995986353602248,0.006622516556291391,0.033707865168539325,1.9,9.858,45.280024279334874,2,2,1.0,0.014285714285714285,0.0,0.019867549668874173,0.019867549668874173,0.024282560706401765,0.01545253863134658,0.05077262693156733,0.08167770419426049,0.09492273730684327,0.09713024282560706,0.004415011037527594,0.002207505518763797,0.006622516556291391,0.037527593818984545,0.013245033112582781,0.024282560706401765,0.039735099337748346,0.046357615894039736,0.03614790286975717,0.1
Distribution,COPOD [amp_sine],copod,amp_sine,copod_amp_sine_w2s,2.0,group_kfold_seg,1,0,loaded,1.0,0.004415011037527594,0.02247191011235955,1.9,9.858,50.273833210840806,2,2,1.0,0.009523809523809525,0.0,0.02869757174392936,0.03090507726269316,0.037527593818984545,0.024282560706401765,0.06181015452538632,0.09713024282560706,0.10816777041942605,0.11479028697571744,0.013245033112582781,0.006622516556291391,0.008830022075055188,0.04856512141280353,0.013245033112582781,0.03532008830022075,0.05739514348785872,0.06181015452538632,0.04677152317880795,0.1
Distribution,COPOD [amp_shape],copod,amp_shape,copod_amp_shape_w2s,2.0,group_kfold_seg,1,0,loaded,1.0,0.004415011037527594,0.02247191011235955,1.9,9.858,60.069043592017,2,2,1.0,0.004761904761904762,0.00411522633744856,0.024282560706401765,0.04856512141280353,0.08609271523178808,0.09492273730684327,0.039735099337748346,0.05739514348785872,0.07505518763796909,0.08167770419426049,0.011037527593818985,0.008830022075055188,0.019867549668874173,0.04415011037527594,0.01545253863134658,0.037527593818984545,0.06181015452538632,0.07947019867549669,0.049116997792494475,0.2
Distribution,COPOD [amp_rel],copod,amp_rel,copod_amp_rel_w2s,2.0,group_kfold_seg,1,0,loaded,1.0,0.006622516556291391,0.02247191011235955,1.9,9.858,48.76697347075377,2,2,1.0,0.014285714285714285,0.0,0.024282560706401765,0.019867549668874173,0.02869757174392936,0.03532008830022075,0.05739514348785872,0.09050772626931568,0.09713024282560706,0.10596026490066225,0.004415011037527594,0.002207505518763797,0.006622516556291391,0.04415011037527594,0.01545253863134658,0.02869757174392936,0.046357615894039736,0.05077262693156733,0.04111479028697572,0.1
Distribution,DeepSVDD,deep_svdd,,deep_svdd_w2s,2.0,group_kfold_seg,1,0,loaded,1.0,0.033112582781456956,0.0898876404494382,1.9,9.858,0.006410928908735514,2,2,1.0,0.05714285714285714,0.012345679012345678,0.004415011037527594,0.006622516556291391,0.017660044150110375,0.32891832229580575,0.01545253863134658,0.01545253863134658,0.017660044150110375,0.08167770419426049,0.006622516556291391,0.01545253863134658,0.05518763796909492,0.4326710816777042,0.011037527593818985,0.011037527593818985,0.01545253863134658,0.0684326710816777,0.06898454746136864,0.1
Distribution,DeepSVDD,deep_svdd,,deep_svdd_w2s,2.0,group_kfold_seg,1,1,loaded,0.9993979530403371,0.04415011037527594,0.11235955056179775,1.9,9.858,0.0015448906924575567,2,2,1.0,0.06666666666666667,0.024691358024691357,0.011037527593818985,0.019867549668874173,0.15011037527593818,0.6666666666666666,0.013245033112582781,0.01545253863134658,0.052980132450331126,0.34216335540838855,0.011037527593818985,0.02869757174392936,0.12141280353200883,0.5916114790286976,0.008830022075055188,0.008830022075055188,0.03090507726269316,0.3355408388520971,0.1505242825607064,0.1
Distribution,DeepSVDD,deep_svdd,,deep_svdd_w2s,2.0,group_kfold_seg,1,2,loaded,0.9997993176801123,0.06181015452538632,0.1348314606741573,1.9,9.858,0.0019065235974267125,2,2,1.0,0.08571428571428572,0.0411522633744856,0.011037527593818985,0.011037527593818985,0.12582781456953643,0.6313465783664459,0.013245033112582781,0.01545253863134658,0.03090507726269316,0.1368653421633554,0.01545253863134658,0.024282560706401765,0.09933774834437085,0.5364238410596026,0.013245033112582781,0.011037527593818985,0.01545253863134658,0.12582781456953643,0.11354856512141281,0.1
Distribution,MCD [amp],mcd,amp,mcd_amp_w2s,2.0,group_kfold_seg,2,0,loaded,1.0,0.01179245283018868,0.046511627906976744,1.9,9.858,615.5592765265409,2,2,1.0,0.035211267605633804,0.0,0.01179245283018868,0.014150943396226415,0.08490566037735849,0.6155660377358491,0.014150943396226415,0.018867924528301886,0.08254716981132075,0.2429245283018868,0.01179245283018868,0.01179245283018868,0.01179245283018868,0.014150943396226415,0.007075471698113208,0.014150943396226415,0.07547169811320754,0.3231132075471698,0.09714033018867925,20.0
Distribution,MCD [amp_sine],mcd,amp_sine,mcd_amp_sine_w2s,2.0,group_kfold_seg,2,0,loaded,1.0,0.01179245283018868,0.03488372093023256,1.9,9.858,1518.3995361088798,2,2,1.0,0.035211267605633804,0.0,0.01179245283018868,0.01179245283018868,0.02358490566037736,0.2806603773584906,0.01179245283018868,0.01179245283018868,0.025943396226415096,0.12264150943396226,0.01179245283018868,0.01179245283018868,0.01179245283018868,0.025943396226415096,0.0,0.6415094339622641,1.0,1.0,0.20017688679245282,0.1
Distribution,MCD [amp_shape],mcd,amp_shape,mcd_amp_shape_w2s,2.0,group_kfold_seg,2,0,loaded,1.0,0.0023584905660377358,0.011627906976744186,1.9,9.858,171.31100212369702,2,2,1.0,0.007042253521126761,0.0,0.007075471698113208,0.049528301886792456,0.3089622641509434,0.8726415094339622,0.01179245283018868,0.01650943396226415,0.07547169811320754,0.39858490566037735,0.007075471698113208,0.009433962264150943,0.02122641509433962,0.06132075471698113,0.009433962264150943,0.025943396226415096,0.2099056603773585,0.6698113207547169,0.1721698113207547,0.1
Distribution,MCD [amp_rel],mcd,amp_rel,mcd_amp_rel_w2s,2.0,group_kfold_seg,2,0,loaded,1.0,0.01179245283018868,0.03488372093023256,1.9,9.858,672.2646360545699,2,2,1.0,0.0,0.01773049645390071,0.01179245283018868,0.01650943396226415,0.12735849056603774,0.625,0.009433962264150943,0.009433962264150943,0.009433962264150943,0.0023584905660377358,0.007075471698113208,0.007075471698113208,0.007075471698113208,0.014150943396226415,0.01179245283018868,0.01179245283018868,0.01650943396226415,0.25,0.0710495283018868,0.1
Distribution,OCSVM [amp],ocsvm,amp,ocsvm_amp_w2s,2.0,group_kfold_seg,2,0,loaded,1.0,0.0047169811320754715,0.023255813953488372,1.9,9.858,1.1381574287962064,2,2,1.0,0.0,0.0070921985815602835,0.030660377358490566,0.12971698113207547,0.5589622641509434,0.8773584905660378,0.02122641509433962,0.11320754716981132,0.3632075471698113,0.6509433962264151,0.014150943396226415,0.01179245283018868,0.0330188679245283,0.12971698113207547,0.014150943396226415,0.08962264150943396,0.38207547169811323,0.8136792452830188,0.26459316037735847,0.1
Distribution,OCSVM [amp_sine],ocsvm,amp_sine,ocsvm_amp_sine_w2s,2.0,group_kfold_seg,2,0,loaded,1.0,0.01179245283018868,0.05813953488372093,1.9,9.858,0.9744622412482542,2,2,1.0,0.014084507042253521,0.010638297872340425,0.02830188679245283,0.10141509433962265,0.5235849056603774,0.8773584905660378,0.01650943396226415,0.03537735849056604,0.2971698113207547,0.6132075471698113,0.009433962264150943,0.01179245283018868,0.02122641509433962,0.08018867924528301,0.7311320754716981,1.0,1.0,1.0,0.3966686320754717,0.1
Distribution,OCSVM [amp_shape],ocsvm,amp_shape,ocsvm_amp_shape_w2s,2.0,group_kfold_seg,2,0,loaded,1.0,0.007075471698113208,0.03488372093023256,1.9,9.858,0.9378302367529877,2,2,1.0,0.007042253521126761,0.0070921985815602835,0.030660377358490566,0.1179245283018868,0.5188679245283019,0.8773584905660378,0.01650943396226415,0.0589622641509434,0.3018867924528302,0.589622641509434,0.01179245283018868,0.01650943396226415,0.04009433962264151,0.11320754716981132,0.018867924528301886,0.13679245283018868,0.5259433962264151,0.8679245283018868,0.2651827830188679,0.1
Distribution,OCSVM [amp_rel],ocsvm,amp_rel,ocsvm_amp_rel_w2s,2.0,group_kfold_seg,2,0,loaded,1.0,0.01179245283018868,0.05813953488372093,1.9,9.858,1.2877341614254303,2,2,1.0,0.007042253521126761,0.014184397163120567,0.02122641509433962,0.10613207547169812,0.5259433962264151,0.875,0.009433962264150943,0.04716981132075472,0.27358490566037735,0.5636792452830188,0.009433962264150943,0.02358490566037736,0.1650943396226415,0.7641509433962265,0.01650943396226415,0.07311320754716981,0.5966981132075472,0.9669811320754716,0.31485849056603776,0.1
Distribution,HBOS [amp],hbos,amp,hbos_amp_w2s,2.0,group_kfold_seg,2,0,loaded,0.9966307277628031,0.0047169811320754715,0.023255813953488372,1.9,9.858,31.371538814424333,2,2,0.8571428571428571,0.007042253521126761,0.0035460992907801418,0.014150943396226415,0.04009433962264151,0.16981132075471697,0.42924528301886794,0.030660377358490566,0.11084905660377359,0.20754716981132076,0.32547169811320753,0.01179245283018868,0.009433962264150943,0.018867924528301886,0.03537735849056604,0.009433962264150943,0.01650943396226415,0.06367924528301887,0.15330188679245282,0.10288915094339623,0.1
Distribution,HBOS [amp_sine],hbos,amp_sine,hbos_amp_sine_w2s,2.0,group_kfold_seg,2,0,loaded,1.0,0.0047169811320754715,0.023255813953488372,1.9,9.858,35.538906182276456,2,2,1.0,0.007042253521126761,0.0035460992907801418,0.01179245283018868,0.0330188679245283,0.1509433962264151,0.42924528301886794,0.030660377358490566,0.08254716981132075,0.1957547169811321,0.3136792452830189,0.01179245283018868,0.009433962264150943,0.018867924528301886,0.0330188679245283,0.06367924528301887,0.15566037735849056,0.455188679245283,0.7759433962264151,0.17320165094339623,0.1
Distribution,HBOS [amp_shape],hbos,amp_shape,hbos_amp_shape_w2s,2.0,group_kfold_seg,2,0,loaded,0.9966307277628031,0.0047169811320754715,0.023255813953488372,1.9,9.858,46.49930546929659,2,2,0.8571428571428571,0.007042253521126761,0.0035460992907801418,0.030660377358490566,0.030660377358490566,0.16745283018867924,0.49764150943396224,0.02358490566037736,0.04481132075471698,0.09198113207547169,0.1509433962264151,0.018867924528301886,0.018867924528301886,0.030660377358490566,0.06839622641509434,0.018867924528301886,0.030660377358490566,0.10377358490566038,0.22641509433962265,0.09714033018867925,0.1
Distribution,HBOS [amp_rel],hbos,amp_rel,hbos_amp_rel_w2s,2.0,group_kfold_seg,2,0,loaded,1.0,0.009433962264150943,0.046511627906976744,1.9,9.858,35.335668994693776,2,2,1.0,0.02112676056338028,0.0035460992907801418,0.02358490566037736,0.0330188679245283,0.21462264150943397,0.6367924528301887,0.03773584905660377,0.10849056603773585,0.22641509433962265,0.35377358490566035,0.01650943396226415,0.01650943396226415,0.04009433962264151,0.09433962264150944,0.014150943396226415,0.04245283018867924,0.16037735849056603,0.43160377358490565,0.15315448113207547,0.1
Distribution,COPOD [amp],copod,amp,copod_amp_w2s,2.0,group_kfold_seg,2,0,loaded,1.0,0.0023584905660377358,0.011627906976744186,1.9,9.858,45.177155576878555,2,2,1.0,0.007042253521126761,0.0,0.03537735849056604,0.05660377358490566,0.10141509433962265,0.11556603773584906,0.09905660377358491,0.1509433962264151,0.19339622641509435,0.21462264150943397,0.01650943396226415,0.01650943396226415,0.01650943396226415,0.0330188679245283,0.018867924528301886,0.03537735849056604,0.0589622641509434,0.08726415094339622,0.078125,0.1
Distribution,COPOD [amp_sine],copod,amp_sine,copod_amp_sine_w2s,2.0,group_kfold_seg,2,0,loaded,1.0,0.0023584905660377358,0.011627906976744186,1.9,9.858,50.58636318434021,2,2,1.0,0.007042253521126761,0.0,0.049528301886792456,0.06367924528301887,0.11084905660377359,0.14622641509433962,0.11320754716981132,0.1650943396226415,0.20518867924528303,0.22641509433962265,0.025943396226415096,0.02358490566037736,0.02358490566037736,0.04481132075471698,0.0330188679245283,0.05660377358490566,0.10377358490566038,0.18396226415094338,0.09846698113207547,0.2
Distribution,COPOD [amp_shape],copod,amp_shape,copod_amp_shape_w2s,2.0,group_kfold_seg,2,0,loaded,1.0,0.007075471698113208,0.03488372093023256,1.9,9.858,59.89049608652471,2,2,1.0,0.02112676056338028,0.0,0.02122641509433962,0.04481132075471698,0.09905660377358491,0.10377358490566038,0.02358490566037736,0.03773584905660377,0.06367924528301887,0.07075471698113207,0.009433962264150943,0.009433962264150943,0.009433962264150943,0.018867924528301886,0.01179245283018868,0.02122641509433962,0.03537735849056604,0.054245283018867926,0.039652122641509434,0.2
Distribution,COPOD [amp_rel],copod,amp_rel,copod_amp_rel_w2s,2.0,group_kfold_seg,2,0,loaded,1.0,0.0047169811320754715,0.023255813953488372,1.9,9.858,48.356514058423414,2,2,1.0,0.014084507042253521,0.0,0.02358490566037736,0.05660377358490566,0.10141509433962265,0.10613207547169812,0.07311320754716981,0.13679245283018868,0.17452830188679244,0.1792452830188679,0.01179245283018868,0.009433962264150943,0.01179245283018868,0.02830188679245283,0.01650943396226415,0.02358490566037736,0.04245283018867924,0.07075471698113207,0.06662735849056603,0.1
Distribution,DeepSVDD,deep_svdd,,deep_svdd_w2s,2.0,group_kfold_seg,2,0,loaded,0.998989218328841,0.014150943396226415,0.05813953488372093,1.9,9.858,0.005878662224859001,2,2,1.0,0.007042253521126761,0.01773049645390071,0.007075471698113208,0.02830188679245283,0.14622641509433962,0.5990566037735849,0.01179245283018868,0.02122641509433962,0.06839622641509434,0.28773584905660377,0.01179245283018868,0.05660377358490566,0.20518867924528303,0.6179245283018868,0.0047169811320754715,0.0047169811320754715,0.02358490566037736,0.2830188679245283,0.14858490566037735,0.1
Distribution,DeepSVDD,deep_svdd,,deep_svdd_w2s,2.0,group_kfold_seg,2,1,loaded,1.0,0.0330188679245283,0.1511627906976744,1.9,9.858,0.0012249614112079148,2,2,1.0,0.02112676056338028,0.03900709219858156,0.007075471698113208,0.030660377358490566,0.25,0.6981132075471698,0.009433962264150943,0.02122641509433962,0.08254716981132075,0.5235849056603774,0.01179245283018868,0.04716981132075472,0.24056603773584906,0.6273584905660378,0.014150943396226415,0.01650943396226415,0.04245283018867924,0.33726415094339623,0.1849941037735849,0.1
Distribution,DeepSVDD,deep_svdd,,deep_svdd_w2s,2.0,group_kfold_seg,2,2,loaded,1.0,0.04245283018867924,0.1511627906976744,1.9,9.858,0.0017373056418728094,2,2,1.0,0.035211267605633804,0.04609929078014184,0.009433962264150943,0.049528301886792456,0.2665094339622642,0.7452830188679245,0.014150943396226415,0.018867924528301886,0.06367924528301887,0.24528301886792453,0.02122641509433962,0.054245283018867926,0.23113207547169812,0.6580188679245284,0.009433962264150943,0.014150943396226415,0.04481132075471698,0.28537735849056606,0.17069575471698115,0.3
Distribution,MCD [amp],mcd,amp,mcd_amp_w2s,2.0,group_kfold_seg,3,0,loaded,0.9992105263157895,0.00631578947368421,0.02040816326530612,1.9,9.858,1357.1967088312422,3,3,1.0,0.015228426395939087,0.0,0.010526315789473684,0.014736842105263158,0.035789473684210524,0.42736842105263156,0.014736842105263158,0.02736842105263158,0.07578947368421053,0.2168421052631579,0.008421052631578947,0.010526315789473684,0.008421052631578947,0.014736842105263158,0.014736842105263158,0.02526315789473684,0.11368421052631579,0.45052631578947366,0.09184210526315789,23.3
Distribution,MCD [amp_sine],mcd,amp_sine,mcd_amp_sine_w2s,2.0,group_kfold_seg,3,0,loaded,1.0,0.01263157894736842,0.04081632653061224,1.9,9.858,2181.820391936259,3,3,1.0,0.030456852791878174,0.0,0.010526315789473684,0.014736842105263158,0.023157894736842106,0.15578947368421053,0.014736842105263158,0.016842105263157894,0.042105263157894736,0.14736842105263157,0.010526315789473684,0.010526315789473684,0.010526315789473684,0.010526315789473684,0.00631578947368421,0.4378947368421053,0.9873684210526316,1.0,0.1811842105263158,0.1
Distribution,MCD [amp_shape],mcd,amp_shape,mcd_amp_shape_w2s,2.0,group_kfold_seg,3,0,loaded,1.0,0.008421052631578947,0.030612244897959183,1.9,9.858,172.07340322954434,3,3,1.0,0.015228426395939087,0.0035971223021582736,0.016842105263157894,0.04631578947368421,0.24,0.8336842105263158,0.01263157894736842,0.029473684210526315,0.11368421052631579,0.4673684210526316,0.008421052631578947,0.008421052631578947,0.021052631578947368,0.061052631578947365,0.01263157894736842,0.03368421052631579,0.2505263157894737,0.64,0.17473684210526316,0.1
Distribution,MCD [amp_rel],mcd,amp_rel,mcd_amp_rel_w2s,2.0,group_kfold_seg,3,0,loaded,0.9997368421052631,0.010526315789473684,0.04081632653061224,1.9,9.858,1500.6377310727992,3,3,1.0,0.025380710659898477,0.0,0.010526315789473684,0.010526315789473684,0.018947368421052633,0.28,0.016842105263157894,0.06315789473684211,0.18736842105263157,0.2968421052631579,0.00631578947368421,0.00631578947368421,0.00631578947368421,0.008421052631578947,0.010526315789473684,0.01263157894736842,0.08842105263157894,0.3873684210526316,0.0881578947368421,0.1
Distribution,OCSVM [amp],ocsvm,amp,ocsvm_amp_w2s,2.0,group_kfold_seg,3,0,loaded,1.0,0.04842105263157895,0.14285714285714285,1.9,9.858,1.0035786385042942,3,3,1.0,0.03553299492385787,0.05755395683453238,0.016842105263157894,0.06947368421052631,0.40842105263157896,0.84,0.021052631578947368,0.06736842105263158,0.30736842105263157,0.6294736842105263,0.014736842105263158,0.01263157894736842,0.018947368421052633,0.056842105263157895,0.01263157894736842,0.05263157894736842,0.26105263157894737,0.6463157894736842,0.21473684210526317,0.1
Distribution,OCSVM [amp_sine],ocsvm,amp_sine,ocsvm_amp_sine_w2s,2.0,group_kfold_seg,3,0,loaded,1.0,0.08842105263157894,0.16326530612244897,1.9,9.858,0.9879897858032946,3,3,1.0,0.05583756345177665,0.11151079136690648,0.016842105263157894,0.05473684210526316,0.35578947368421054,0.8336842105263158,0.016842105263157894,0.029473684210526315,0.19157894736842104,0.5578947368421052,0.010526315789473684,0.010526315789473684,0.014736842105263158,0.035789473684210524,0.3936842105263158,1.0,1.0,1.0,0.3451315789473684,0.1
Distribution,OCSVM [amp_shape],ocsvm,amp_shape,ocsvm_amp_shape_w2s,2.0,group_kfold_seg,3,0,loaded,1.0,0.04421052631578947,0.15306122448979592,1.9,9.858,0.9475529153081139,3,3,1.0,0.025380710659898477,0.05755395683453238,0.01263157894736842,0.06947368421052631,0.37473684210526315,0.8336842105263158,0.01263157894736842,0.037894736842105266,0.21052631578947367,0.5684210526315789,0.010526315789473684,0.010526315789473684,0.018947368421052633,0.05263157894736842,0.01263157894736842,0.08,0.3684210526315789,0.7115789473684211,0.21157894736842106,0.1
Distribution,OCSVM [amp_rel],ocsvm,amp_rel,ocsvm_amp_rel_w2s,2.0,group_kfold_seg,3,0,loaded,1.0,0.031578947368421054,0.11224489795918367,1.9,9.858,1.0525111375112828,3,3,1.0,0.025380710659898477,0.03597122302158273,0.016842105263157894,0.06526315789473684,0.4,0.84,0.016842105263157894,0.04631578947368421,0.2631578947368421,0.6063157894736843,0.01263157894736842,0.018947368421052633,0.05894736842105263,0.47368421052631576,0.01263157894736842,0.04421052631578947,0.4421052631578947,0.8736842105263158,0.2619736842105263,0.1
Distribution,HBOS [amp],hbos,amp,hbos_amp_w2s,2.0,group_kfold_seg,3,0,loaded,0.9538157894736843,0.010526315789473684,0.04081632653061224,1.9,9.858,31.643157271785327,3,3,0.6875,0.025380710659898477,0.0,0.014736842105263158,0.056842105263157895,0.2231578947368421,0.49894736842105264,0.056842105263157895,0.12631578947368421,0.24421052631578946,0.3705263157894737,0.010526315789473684,0.010526315789473684,0.021052631578947368,0.04842105263157895,0.010526315789473684,0.02526315789473684,0.07789473684210527,0.1936842105263158,0.12434210526315789,0.1
Distribution,HBOS [amp_sine],hbos,amp_sine,hbos_amp_sine_w2s,2.0,group_kfold_seg,3,0,loaded,0.9919736842105262,0.008421052631578947,0.030612244897959183,1.9,9.858,35.99260760983823,3,3,0.875,0.02030456852791878,0.0,0.01263157894736842,0.04631578947368421,0.19789473684210526,0.45263157894736844,0.042105263157894736,0.0968421052631579,0.20842105263157895,0.3368421052631579,0.00631578947368421,0.004210526315789474,0.014736842105263158,0.042105263157894736,0.031578947368421054,0.09263157894736843,0.2673684210526316,0.4926315789473684,0.14657894736842106,0.1
Distribution,HBOS [amp_shape],hbos,amp_shape,hbos_amp_shape_w2s,2.0,group_kfold_seg,3,0,loaded,0.9813157894736841,0.01263157894736842,0.061224489795918366,1.9,9.858,46.99814958119343,3,3,0.75,0.02030456852791878,0.007194244604316547,0.01263157894736842,0.04421052631578947,0.16842105263157894,0.42105263157894735,0.018947368421052633,0.03368421052631579,0.06947368421052631,0.10736842105263159,0.008421052631578947,0.002105263157894737,0.018947368421052633,0.03368421052631579,0.016842105263157894,0.02526315789473684,0.07789473684210527,0.17684210526315788,0.07723684210526316,0.1
Distribution,HBOS [amp_rel],hbos,amp_rel,hbos_amp_rel_w2s,2.0,group_kfold_seg,3,0,loaded,0.9861842105263158,0.004210526315789474,0.02040816326530612,1.9,9.858,35.76694699116751,3,3,0.8125,0.01015228426395939,0.0,0.014736842105263158,0.04631578947368421,0.22105263157894736,0.5705263157894737,0.04421052631578947,0.1031578947368421,0.22105263157894736,0.3431578947368421,0.010526315789473684,0.014736842105263158,0.02526315789473684,0.07157894736842105,0.018947368421052633,0.035789473684210524,0.14736842105263157,0.35157894736842105,0.14,0.1
Distribution,COPOD [amp],copod,amp,copod_amp_w2s,2.0,group_kfold_seg,3,0,loaded,0.9913157894736843,0.014736842105263158,0.02040816326530612,1.9,9.858,43.89904774920372,3,3,0.75,0.03553299492385787,0.0,0.01263157894736842,0.016842105263157894,0.018947368421052633,0.01263157894736842,0.037894736842105266,0.05263157894736842,0.06526315789473684,0.06526315789473684,0.004210526315789474,0.002105263157894737,0.004210526315789474,0.014736842105263158,0.018947368421052633,0.023157894736842106,0.03368421052631579,0.05052631578947368,0.027105263157894736,0.1
Distribution,COPOD [amp_sine],copod,amp_sine,copod_amp_sine_w2s,2.0,group_kfold_seg,3,0,loaded,1.0,0.014736842105263158,0.02040816326530612,1.9,9.858,49.36501647742391,3,3,1.0,0.03553299492385787,0.0,0.01263157894736842,0.018947368421052633,0.018947368421052633,0.016842105263157894,0.03368421052631579,0.05052631578947368,0.07368421052631578,0.07578947368421053,0.010526315789473684,0.010526315789473684,0.010526315789473684,0.014736842105263158,0.00631578947368421,0.018947368421052633,0.04,0.056842105263157895,0.0293421052631579,0.1
Distribution,COPOD [amp_shape],copod,amp_shape,copod_amp_shape_w2s,2.0,group_kfold_seg,3,0,loaded,0.998421052631579,0.016842105263157894,0.02040816326530612,1.9,9.858,58.829044504512915,3,3,0.9375,0.025380710659898477,0.01079136690647482,0.016842105263157894,0.037894736842105266,0.06315789473684211,0.05263157894736842,0.037894736842105266,0.04421052631578947,0.04631578947368421,0.04421052631578947,0.01263157894736842,0.010526315789473684,0.01263157894736842,0.018947368421052633,0.021052631578947368,0.02736842105263158,0.05263157894736842,0.07368421052631578,0.035789473684210524,0.2
Distribution,COPOD [amp_rel],copod,amp_rel,copod_amp_rel_w2s,2.0,group_kfold_seg,3,0,loaded,0.9981578947368421,0.004210526315789474,0.02040816326530612,1.9,9.858,48.14994627621175,3,3,0.875,0.01015228426395939,0.0,0.016842105263157894,0.021052631578947368,0.02526315789473684,0.02736842105263158,0.05052631578947368,0.06947368421052631,0.07578947368421053,0.07578947368421053,0.00631578947368421,0.002105263157894737,0.0,0.021052631578947368,0.029473684210526315,0.029473684210526315,0.05052631578947368,0.07368421052631578,0.03592105263157895,0.1
Distribution,DeepSVDD,deep_svdd,,deep_svdd_w2s,2.0,group_kfold_seg,3,0,loaded,0.7630263157894737,0.031578947368421054,0.12244897959183673,1.9,9.858,0.004869243111461402,3,3,0.4375,0.04060913705583756,0.025179856115107913,0.014736842105263158,0.042105263157894736,0.16842105263157894,0.6273684210526316,0.029473684210526315,0.056842105263157895,0.15789473684210525,0.3831578947368421,0.021052631578947368,0.05473684210526316,0.3031578947368421,0.7221052631578947,0.010526315789473684,0.029473684210526315,0.07789473684210527,0.3452631578947368,0.19026315789473683,0.1
Distribution,DeepSVDD,deep_svdd,,deep_svdd_w2s,2.0,group_kfold_seg,3,1,loaded,0.9496052631578947,0.04421052631578947,0.15306122448979592,1.9,9.858,0.001181560689583421,3,3,0.8125,0.03553299492385787,0.050359712230215826,0.00631578947368421,0.021052631578947368,0.1831578947368421,0.6947368421052632,0.014736842105263158,0.021052631578947368,0.09473684210526316,0.40842105263157896,0.018947368421052633,0.035789473684210524,0.21052631578947367,0.6989473684210527,0.010526315789473684,0.016842105263157894,0.056842105263157895,0.3957894736842105,0.1805263157894737,0.1
Distribution,DeepSVDD,deep_svdd,,deep_svdd_w2s,2.0,group_kfold_seg,3,2,loaded,0.9001315789473684,0.02526315789473684,0.09183673469387756,1.9,9.858,0.0016465817461721603,3,3,0.5625,0.01015228426395939,0.03597122302158273,0.0,0.023157894736842106,0.2505263157894737,0.7010526315789474,0.010526315789473684,0.021052631578947368,0.06526315789473684,0.2736842105263158,0.004210526315789474,0.02526315789473684,0.2168421052631579,0.6989473684210527,0.008421052631578947,0.010526315789473684,0.04421052631578947,0.3031578947368421,0.16605263157894737,0.1
Distribution,MCD [amp],mcd,amp,mcd_amp_w2s,2.0,group_kfold_seg,4,0,loaded,1.0,0.015625,0.05434782608695652,1.9,9.858,1043.207304790601,3,3,1.0,0.03056768558951965,0.0,0.011160714285714286,0.011160714285714286,0.015625,0.3125,0.011160714285714286,0.011160714285714286,0.015625,0.13616071428571427,0.011160714285714286,0.011160714285714286,0.011160714285714286,0.015625,0.011160714285714286,0.029017857142857144,0.10267857142857142,0.3638392857142857,0.06752232142857142,21.7
Distribution,MCD [amp_sine],mcd,amp_sine,mcd_amp_sine_w2s,2.0,group_kfold_seg,4,0,loaded,1.0,0.015625,0.043478260869565216,1.9,9.858,1998.0642134164937,3,3,1.0,0.03056768558951965,0.0,0.011160714285714286,0.011160714285714286,0.017857142857142856,0.14732142857142858,0.011160714285714286,0.011160714285714286,0.017857142857142856,0.08035714285714286,0.011160714285714286,0.011160714285714286,0.011160714285714286,0.017857142857142856,0.006696428571428571,0.4575892857142857,0.9955357142857143,1.0,0.17619977678571427,0.1
Distribution,MCD [amp_shape],mcd,amp_shape,mcd_amp_shape_w2s,2.0,group_kfold_seg,4,0,loaded,1.0,0.017857142857142856,0.05434782608695652,1.9,9.858,188.40719036206886,3,3,1.0,0.026200873362445413,0.0091324200913242,0.011160714285714286,0.020089285714285716,0.22544642857142858,0.8459821428571429,0.011160714285714286,0.011160714285714286,0.046875,0.34151785714285715,0.011160714285714286,0.011160714285714286,0.008928571428571428,0.03571428571428571,0.015625,0.022321428571428572,0.11607142857142858,0.546875,0.142578125,0.1
Distribution,MCD [amp_rel],mcd,amp_rel,mcd_amp_rel_w2s,2.0,group_kfold_seg,4,0,loaded,1.0,0.011160714285714286,0.03260869565217391,1.9,9.858,1556.1765840944392,3,3,1.0,0.021834061135371178,0.0,0.011160714285714286,0.008928571428571428,0.011160714285714286,0.22991071428571427,0.011160714285714286,0.026785714285714284,0.109375,0.27455357142857145,0.011160714285714286,0.011160714285714286,0.011160714285714286,0.020089285714285716,0.008928571428571428,0.026785714285714284,0.10044642857142858,0.375,0.07798549107142858,0.1
Distribution,OCSVM [amp],ocsvm,amp,ocsvm_amp_w2s,2.0,group_kfold_seg,4,0,loaded,1.0,0.015625,0.043478260869565216,1.9,9.858,1.1941432613662426,3,3,1.0,0.004366812227074236,0.0273972602739726,0.013392857142857142,0.06696428571428571,0.38169642857142855,0.8571428571428571,0.013392857142857142,0.022321428571428572,0.21428571428571427,0.6026785714285714,0.008928571428571428,0.004464285714285714,0.004464285714285714,0.044642857142857144,0.013392857142857142,0.03125,0.234375,0.6651785714285714,0.19866071428571427,0.1
Distribution,OCSVM [amp_sine],ocsvm,amp_sine,ocsvm_amp_sine_w2s,2.0,group_kfold_seg,4,0,loaded,1.0,0.013392857142857142,0.03260869565217391,1.9,9.858,0.9803176191091684,3,3,1.0,0.004366812227074236,0.0228310502283105,0.013392857142857142,0.07142857142857142,0.37276785714285715,0.859375,0.013392857142857142,0.024553571428571428,0.21205357142857142,0.6026785714285714,0.008928571428571428,0.004464285714285714,0.006696428571428571,0.04017857142857143,0.5133928571428571,1.0,1.0,1.0,0.3589564732142857,0.1
Distribution,OCSVM [amp_shape],ocsvm,amp_shape,ocsvm_amp_shape_w2s,2.0,group_kfold_seg,4,0,loaded,1.0,0.015625,0.043478260869565216,1.9,9.858,0.9855559608249269,3,3,1.0,0.004366812227074236,0.0273972602739726,0.013392857142857142,0.06919642857142858,0.34598214285714285,0.8571428571428571,0.013392857142857142,0.013392857142857142,0.17410714285714285,0.5357142857142857,0.008928571428571428,0.004464285714285714,0.006696428571428571,0.044642857142857144,0.013392857142857142,0.06473214285714286,0.37276785714285715,0.7522321428571429,0.2056361607142857,0.1
Distribution,OCSVM [amp_rel],ocsvm,amp_rel,ocsvm_amp_rel_w2s,2.0,group_kfold_seg,4,0,loaded,1.0,0.017857142857142856,0.05434782608695652,1.9,9.858,1.1312198433838188,3,3,1.0,0.008733624454148471,0.0273972602739726,0.017857142857142856,0.08482142857142858,0.40625,0.859375,0.013392857142857142,0.015625,0.20089285714285715,0.5848214285714286,0.008928571428571428,0.008928571428571428,0.05357142857142857,0.40625,0.013392857142857142,0.04017857142857143,0.40401785714285715,0.9553571428571429,0.25460379464285715,0.1
Distribution,HBOS [amp],hbos,amp,hbos_amp_w2s,2.0,group_kfold_seg,4,0,loaded,0.9985119047619048,0.008928571428571428,0.043478260869565216,1.9,9.858,32.15869851991119,3,3,0.8888888888888888,0.017467248908296942,0.0,0.011160714285714286,0.033482142857142856,0.17857142857142858,0.46875,0.04017857142857143,0.09598214285714286,0.203125,0.3705357142857143,0.011160714285714286,0.017857142857142856,0.020089285714285716,0.05133928571428571,0.013392857142857142,0.022321428571428572,0.03571428571428571,0.09598214285714286,0.10435267857142858,0.1
Distribution,HBOS [amp_sine],hbos,amp_sine,hbos_amp_sine_w2s,2.0,group_kfold_seg,4,0,loaded,1.0,0.015625,0.06521739130434782,1.9,9.858,36.4204973295276,3,3,1.0,0.03056768558951965,0.0,0.004464285714285714,0.026785714285714284,0.15401785714285715,0.41294642857142855,0.03794642857142857,0.07589285714285714,0.16964285714285715,0.3325892857142857,0.013392857142857142,0.011160714285714286,0.020089285714285716,0.03794642857142857,0.03125,0.08928571428571429,0.27901785714285715,0.6272321428571429,0.14522879464285715,0.1
Distribution,HBOS [amp_shape],hbos,amp_shape,hbos_amp_shape_w2s,2.0,group_kfold_seg,4,0,loaded,0.9997519841269841,0.004464285714285714,0.021739130434782608,1.9,9.858,47.97326682536884,3,3,1.0,0.008733624454148471,0.0,0.011160714285714286,0.044642857142857144,0.15178571428571427,0.4486607142857143,0.03571428571428571,0.05803571428571429,0.08482142857142858,0.15178571428571427,0.022321428571428572,0.024553571428571428,0.03125,0.0625,0.015625,0.024553571428571428,0.08705357142857142,0.15178571428571427,0.087890625,0.1
Distribution,HBOS [amp_rel],hbos,amp_rel,hbos_amp_rel_w2s,2.0,group_kfold_seg,4,0,loaded,1.0,0.008928571428571428,0.043478260869565216,1.9,9.858,36.03222544115176,3,3,1.0,0.013100436681222707,0.0045662100456621,0.011160714285714286,0.033482142857142856,0.19419642857142858,0.5736607142857143,0.044642857142857144,0.09821428571428571,0.19866071428571427,0.36607142857142855,0.020089285714285716,0.026785714285714284,0.044642857142857144,0.10491071428571429,0.017857142857142856,0.024553571428571428,0.10491071428571429,0.33705357142857145,0.13755580357142858,0.1
Distribution,COPOD [amp],copod,amp,copod_amp_w2s,2.0,group_kfold_seg,4,0,loaded,0.9997519841269841,0.002232142857142857,0.010869565217391304,1.9,9.858,44.84365264698444,3,3,1.0,0.004366812227074236,0.0,0.013392857142857142,0.013392857142857142,0.05803571428571429,0.060267857142857144,0.06696428571428571,0.09821428571428571,0.13392857142857142,0.14285714285714285,0.006696428571428571,0.006696428571428571,0.006696428571428571,0.029017857142857144,0.011160714285714286,0.020089285714285716,0.024553571428571428,0.03125,0.045200892857142856,0.1
Distribution,COPOD [amp_sine],copod,amp_sine,copod_amp_sine_w2s,2.0,group_kfold_seg,4,0,loaded,1.0,0.002232142857142857,0.010869565217391304,1.9,9.858,50.686950645865785,3,3,1.0,0.004366812227074236,0.0,0.029017857142857144,0.024553571428571428,0.07142857142857142,0.09151785714285714,0.08928571428571429,0.13392857142857142,0.15401785714285715,0.16517857142857142,0.013392857142857142,0.011160714285714286,0.013392857142857142,0.04017857142857143,0.015625,0.033482142857142856,0.0625,0.09598214285714286,0.06529017857142858,0.1
Distribution,COPOD [amp_shape],copod,amp_shape,copod_amp_shape_w2s,2.0,group_kfold_seg,4,0,loaded,1.0,0.002232142857142857,0.010869565217391304,1.9,9.858,60.1197483418695,3,3,1.0,0.004366812227074236,0.0,0.020089285714285716,0.05133928571428571,0.08035714285714286,0.08705357142857142,0.03571428571428571,0.06473214285714286,0.078125,0.08928571428571429,0.013392857142857142,0.013392857142857142,0.013392857142857142,0.03125,0.013392857142857142,0.029017857142857144,0.05133928571428571,0.07366071428571429,0.04659598214285714,0.2
Distribution,COPOD [amp_rel],copod,amp_rel,copod_amp_rel_w2s,2.0,group_kfold_seg,4,0,loaded,1.0,0.002232142857142857,0.010869565217391304,1.9,9.858,48.347755479506176,3,3,1.0,0.004366812227074236,0.0,0.017857142857142856,0.020089285714285716,0.08258928571428571,0.08928571428571429,0.06473214285714286,0.09375,0.13839285714285715,0.14955357142857142,0.004464285714285714,0.004464285714285714,0.008928571428571428,0.03125,0.015625,0.024553571428571428,0.03794642857142857,0.05803571428571429,0.05259486607142857,0.1
Distribution,DeepSVDD,deep_svdd,,deep_svdd_w2s,2.0,group_kfold_seg,4,0,loaded,0.9603174603174602,0.008928571428571428,0.043478260869565216,1.9,9.858,0.006207713205367332,3,3,0.6666666666666666,0.008733624454148471,0.0091324200913242,0.011160714285714286,0.015625,0.17633928571428573,0.6674107142857143,0.03125,0.06473214285714286,0.15178571428571427,0.3549107142857143,0.013392857142857142,0.046875,0.22767857142857142,0.6964285714285714,0.006696428571428571,0.015625,0.04241071428571429,0.2767857142857143,0.17494419642857142,0.1
Distribution,DeepSVDD,deep_svdd,,deep_svdd_w2s,2.0,group_kfold_seg,4,1,loaded,0.9288194444444444,0.029017857142857144,0.09782608695652174,1.9,9.858,0.0011267743946518757,3,3,0.5555555555555556,0.03056768558951965,0.0273972602739726,0.013392857142857142,0.017857142857142856,0.22544642857142858,0.7075892857142857,0.006696428571428571,0.013392857142857142,0.049107142857142856,0.5245535714285714,0.017857142857142856,0.03571428571428571,0.1875,0.6049107142857143,0.006696428571428571,0.004464285714285714,0.03571428571428571,0.35044642857142855,0.17508370535714285,0.2
Distribution,DeepSVDD,deep_svdd,,deep_svdd_w2s,2.0,group_kfold_seg,4,2,loaded,0.9526289682539681,0.022321428571428572,0.07608695652173914,1.9,9.858,0.0018882321775890907,3,3,0.6666666666666666,0.013100436681222707,0.0319634703196347,0.011160714285714286,0.03125,0.24776785714285715,0.7232142857142857,0.017857142857142856,0.03125,0.06473214285714286,0.26339285714285715,0.015625,0.049107142857142856,0.22321428571428573,0.7232142857142857,0.020089285714285716,0.029017857142857144,0.06696428571428571,0.28125,0.17494419642857145,0.3
Distribution,MCD [amp],mcd,amp,mcd_amp_w2s,2.0,time_block,1,0,loaded,1.0,0.002421307506053269,0.011764705882352941,1.9,9.858,594.9743944538455,13,13,1.0,0.0,0.0048543689320388345,0.01937046004842615,0.01694915254237288,0.15012106537530268,0.8208232445520581,0.009685230024213076,0.009685230024213076,0.043583535108958835,0.324455205811138,0.012106537530266344,0.01694915254237288,0.03389830508474576,0.07263922518159806,0.01694915254237288,0.048426150121065374,0.15738498789346247,0.48668280871670705,0.13998184019370458,21.0
Distribution,MCD [amp_sine],mcd,amp_sine,mcd_amp_sine_w2s,2.0,time_block,1,0,loaded,1.0,0.002421307506053269,0.011764705882352941,1.9,9.858,596.0898836519808,13,13,1.0,0.004830917874396135,0.0,0.014527845036319613,0.01694915254237288,0.13801452784503632,0.8184019370460048,0.012106537530266344,0.01937046004842615,0.06053268765133172,0.36319612590799033,0.007263922518159807,0.007263922518159807,0.03389830508474576,0.08958837772397095,0.32929782082324455,0.8716707021791767,1.0,1.0,0.2988801452784503,0.1
Distribution,MCD [amp_shape],mcd,amp_shape,mcd_amp_shape_w2s,2.0,time_block,1,0,loaded,1.0,0.009685230024213076,0.047058823529411764,1.9,9.858,192.63142971012698,13,13,1.0,0.00966183574879227,0.009708737864077669,0.014527845036319613,0.03389830508474576,0.23486682808716708,0.8450363196125908,0.007263922518159807,0.029055690072639227,0.13317191283292978,0.5690072639225182,0.012106537530266344,0.012106537530266344,0.026634382566585957,0.09443099273607748,0.014527845036319613,0.07506053268765134,0.2929782082324455,0.6828087167070218,0.19234261501210653,0.1
Distribution,MCD [amp_rel],mcd,amp_rel,mcd_amp_rel_w2s,2.0,time_block,1,0,loaded,1.0,0.0,0.0,1.9,9.858,1359.9137978281103,13,13,1.0,0.0,0.0,0.012106537530266344,0.014527845036319613,0.19128329297820823,0.7699757869249395,0.012106537530266344,0.009685230024213076,0.004842615012106538,0.11864406779661017,0.01694915254237288,0.03631961259079903,0.05084745762711865,0.0774818401937046,0.014527845036319613,0.03389830508474576,0.08716707021791767,0.43825665859564167,0.11803874092009685,0.1
Distribution,OCSVM [amp],ocsvm,amp,ocsvm_amp_w2s,2.0,time_block,1,0,loaded,1.0,0.05084745762711865,0.16470588235294117,1.9,9.858,0.2607819964834792,13,13,1.0,0.04830917874396135,0.05339805825242718,0.014527845036319613,0.07021791767554479,0.37772397094430993,0.8619854721549637,0.012106537530266344,0.07263922518159806,0.324455205811138,0.7215496368038741,0.012106537530266344,0.012106537530266344,0.01694915254237288,0.03389830508474576,0.012106537530266344,0.026634382566585957,0.23728813559322035,0.6198547215496368,0.21413438256658596,0.1
Distribution,OCSVM [amp_sine],ocsvm,amp_sine,ocsvm_amp_sine_w2s,2.0,time_block,1,0,loaded,1.0,0.05569007263922518,0.16470588235294117,1.9,9.858,0.2736863914697843,13,13,1.0,0.043478260869565216,0.06796116504854369,0.012106537530266344,0.07021791767554479,0.3898305084745763,0.8595641646489104,0.009685230024213076,0.05569007263922518,0.3414043583535109,0.7481840193704601,0.009685230024213076,0.009685230024213076,0.012106537530266344,0.031476997578692496,0.4043583535108959,1.0,1.0,1.0,0.3721246973365617,0.1
Distribution,OCSVM [amp_shape],ocsvm,amp_shape,ocsvm_amp_shape_w2s,2.0,time_block,1,0,loaded,1.0,0.07021791767554479,0.2,1.9,9.858,0.16356860290780847,13,13,1.0,0.04830917874396135,0.09223300970873786,0.01694915254237288,0.07021791767554479,0.37530266343825663,0.8547215496368039,0.012106537530266344,0.053268765133171914,0.30024213075060535,0.6828087167070218,0.012106537530266344,0.009685230024213076,0.01937046004842615,0.0387409200968523,0.012106537530266344,0.09685230024213075,0.35351089588377727,0.7070217917675545,0.22593825665859563,0.1
Distribution,OCSVM [amp_rel],ocsvm,amp_rel,ocsvm_amp_rel_w2s,2.0,time_block,1,0,loaded,1.0,0.07990314769975787,0.23529411764705882,1.9,9.858,0.18389559033034,13,13,1.0,0.09178743961352658,0.06796116504854369,0.014527845036319613,0.07021791767554479,0.4067796610169492,0.8571428571428571,0.012106537530266344,0.08716707021791767,0.3341404358353511,0.7336561743341404,0.009685230024213076,0.012106537530266344,0.22276029055690072,0.7142857142857143,0.014527845036319613,0.043583535108958835,0.38498789346246975,0.9418886198547215,0.3037227602905569,0.1
Distribution,HBOS [amp],hbos,amp,hbos_amp_w2s,2.0,time_block,1,0,loaded,0.9881240631845959,0.01694915254237288,0.058823529411764705,1.9,9.858,31.51547274737127,13,13,0.8888888888888888,0.024154589371980676,0.009708737864077669,0.009685230024213076,0.021791767554479417,0.1162227602905569,0.2687651331719128,0.029055690072639227,0.05811138014527845,0.09927360774818401,0.162227602905569,0.002421307506053269,0.002421307506053269,0.007263922518159807,0.024213075060532687,0.007263922518159807,0.007263922518159807,0.04116222760290557,0.08958837772397095,0.05917070217917675,0.1
Distribution,HBOS [amp_sine],hbos,amp_sine,hbos_amp_sine_w2s,2.0,time_block,1,0,loaded,0.9986932626157808,0.031476997578692496,0.10588235294117647,1.9,9.858,35.071319728019525,13,13,0.9841269841269841,0.03864734299516908,0.024271844660194174,0.007263922518159807,0.021791767554479417,0.1089588377723971,0.24939467312348668,0.024213075060532687,0.0387409200968523,0.08958837772397095,0.162227602905569,0.0,0.004842615012106538,0.007263922518159807,0.01937046004842615,0.026634382566585957,0.06779661016949153,0.19612590799031476,0.41404358353510895,0.0898910411622276,0.1
Distribution,HBOS [amp_shape],hbos,amp_shape,hbos_amp_shape_w2s,2.0,time_block,1,0,loaded,0.9928513778392714,0.03631961259079903,0.15294117647058825,1.9,9.858,45.16031784055584,13,13,0.9365079365079365,0.024154589371980676,0.04854368932038835,0.007263922518159807,0.03389830508474576,0.1549636803874092,0.37530266343825663,0.01937046004842615,0.031476997578692496,0.053268765133171914,0.07990314769975787,0.002421307506053269,0.004842615012106538,0.009685230024213076,0.043583535108958835,0.01694915254237288,0.031476997578692496,0.09927360774818401,0.18159806295399517,0.07157990314769976,0.1
Distribution,HBOS [amp_rel],hbos,amp_rel,hbos_amp_rel_w2s,2.0,time_block,1,0,loaded,0.997770859756332,0.01694915254237288,0.058823529411764705,1.9,9.858,35.77305443415916,13,13,0.9523809523809523,0.024154589371980676,0.009708737864077669,0.007263922518159807,0.01937046004842615,0.16707021791767554,0.4794188861985472,0.031476997578692496,0.05811138014527845,0.11138014527845036,0.17433414043583534,0.004842615012106538,0.004842615012106538,0.01694915254237288,0.06053268765133172,0.01694915254237288,0.01937046004842615,0.12106537530266344,0.23486682808716708,0.0954903147699758,0.1
Distribution,COPOD [amp],copod,amp,copod_amp_w2s,2.0,time_block,1,0,loaded,0.9900841692609248,0.0,0.0,1.9,9.858,41.859969126155185,13,13,0.6666666666666666,0.0,0.0,0.0847457627118644,0.0774818401937046,0.05569007263922518,0.053268765133171914,0.14285714285714285,0.15254237288135594,0.15980629539951574,0.15980629539951574,0.03631961259079903,0.0387409200968523,0.04116222760290557,0.0387409200968523,0.07021791767554479,0.08958837772397095,0.09443099273607748,0.09927360774818401,0.08716707021791768,0.1
Distribution,COPOD [amp_sine],copod,amp_sine,copod_amp_sine_w2s,2.0,time_block,1,0,loaded,0.9993081978554134,0.0,0.0,1.9,9.858,45.57092861538747,13,13,0.9206349206349206,0.0,0.0,0.09200968523002422,0.09200968523002422,0.08232445520581114,0.0774818401937046,0.15012106537530268,0.15738498789346247,0.15980629539951574,0.15980629539951574,0.05569007263922518,0.04116222760290557,0.04600484261501211,0.053268765133171914,0.08232445520581114,0.10653753026634383,0.13075060532687652,0.14527845036319612,0.10199757869249396,0.1
Distribution,COPOD [amp_shape],copod,amp_shape,copod_amp_shape_w2s,2.0,time_block,1,0,loaded,0.9965409892770668,0.002421307506053269,0.011764705882352941,1.9,9.858,58.346397343318976,13,13,0.8253968253968254,0.004830917874396135,0.0,0.0387409200968523,0.06295399515738499,0.1016949152542373,0.08958837772397095,0.07263922518159806,0.0847457627118644,0.08232445520581114,0.08232445520581114,0.04600484261501211,0.04600484261501211,0.05811138014527845,0.06295399515738499,0.05084745762711865,0.06779661016949153,0.0847457627118644,0.09927360774818401,0.07067191283292978,0.1
Distribution,COPOD [amp_rel],copod,amp_rel,copod_amp_rel_w2s,2.0,time_block,1,0,loaded,0.9990007302355971,0.0,0.0,1.9,9.858,45.7538885511867,13,13,0.8253968253968254,0.0,0.0,0.07263922518159806,0.07263922518159806,0.06537530266343826,0.053268765133171914,0.12832929782082325,0.13801452784503632,0.14043583535108958,0.14043583535108958,0.031476997578692496,0.024213075060532687,0.0387409200968523,0.03631961259079903,0.05569007263922518,0.06779661016949153,0.08958837772397095,0.08958837772397095,0.07778450363196127,0.1
Distribution,DeepSVDD,deep_svdd,,deep_svdd_w2s,2.0,time_block,1,0,loaded,0.9714055113570852,0.10653753026634383,0.27058823529411763,1.9,9.858,0.00729522686451673,13,13,0.8888888888888888,0.08695652173913043,0.1262135922330097,0.007263922518159807,0.012106537530266344,0.13559322033898305,0.5520581113801453,0.021791767554479417,0.03631961259079903,0.1162227602905569,0.36803874092009686,0.009685230024213076,0.01694915254237288,0.2324455205811138,0.6731234866828087,0.012106537530266344,0.009685230024213076,0.012106537530266344,0.06295399515738499,0.14240314769975787,0.1
Distribution,DeepSVDD,deep_svdd,,deep_svdd_w2s,2.0,time_block,1,1,loaded,0.9678696337291979,0.053268765133171914,0.16470588235294117,1.9,9.858,0.0024338590237311998,13,13,0.8095238095238095,0.033816425120772944,0.07281553398058252,0.014527845036319613,0.04600484261501211,0.2639225181598063,0.7312348668280871,0.024213075060532687,0.048426150121065374,0.1549636803874092,0.5932203389830508,0.014527845036319613,0.029055690072639227,0.18886198547215496,0.7142857142857143,0.012106537530266344,0.007263922518159807,0.009685230024213076,0.24939467312348668,0.1938559322033898,0.1
Distribution,DeepSVDD,deep_svdd,,deep_svdd_w2s,2.0,time_block,1,2,loaded,0.9662554287251623,0.04116222760290557,0.1411764705882353,1.9,9.858,0.002763857010286299,13,13,0.8412698412698413,0.033816425120772944,0.04854368932038835,0.014527845036319613,0.048426150121065374,0.25907990314769974,0.7167070217917676,0.014527845036319613,0.024213075060532687,0.08232445520581114,0.25181598062953997,0.014527845036319613,0.04600484261501211,0.29055690072639223,0.711864406779661,0.009685230024213076,0.012106537530266344,0.029055690072639227,0.12106537530266344,0.16540556900726394,0.1
Distribution,MCD [amp],mcd,amp,mcd_amp_w2s,2.0,time_block,2,0,loaded,1.0,0.002347417840375587,0.011494252873563218,1.9,9.858,477.79079070053876,13,13,1.0,0.0048543689320388345,0.0,0.014084507042253521,0.03051643192488263,0.18309859154929578,0.8380281690140845,0.009389671361502348,0.011737089201877934,0.056338028169014086,0.34507042253521125,0.011737089201877934,0.014084507042253521,0.01643192488262911,0.028169014084507043,0.009389671361502348,0.025821596244131457,0.11267605633802817,0.43896713615023475,0.13409624413145538,21.3
Distribution,MCD [amp_sine],mcd,amp_sine,mcd_amp_sine_w2s,2.0,time_block,2,0,loaded,1.0,0.007042253521126761,0.034482758620689655,1.9,9.858,385.0168375290889,13,13,1.0,0.014563106796116505,0.0,0.01643192488262911,0.03286384976525822,0.18779342723004694,0.8450704225352113,0.009389671361502348,0.01643192488262911,0.09389671361502347,0.43427230046948356,0.011737089201877934,0.011737089201877934,0.014084507042253521,0.035211267605633804,0.3004694835680751,0.8474178403755869,1.0,1.0,0.30355046948356806,0.1
Distribution,MCD [amp_shape],mcd,amp_shape,mcd_amp_shape_w2s,2.0,time_block,2,0,loaded,1.0,0.004694835680751174,0.022988505747126436,1.9,9.858,181.32411873311537,13,13,1.0,0.009708737864077669,0.0,0.01643192488262911,0.06103286384976526,0.3333333333333333,0.8896713615023474,0.01643192488262911,0.056338028169014086,0.23708920187793428,0.6126760563380281,0.011737089201877934,0.011737089201877934,0.01643192488262911,0.07746478873239436,0.014084507042253521,0.06807511737089202,0.323943661971831,0.6643192488262911,0.213174882629108,0.1
Distribution,MCD [amp_rel],mcd,amp_rel,mcd_amp_rel_w2s,2.0,time_block,2,0,loaded,1.0,0.002347417840375587,0.011494252873563218,1.9,9.858,1287.5995372278808,13,13,1.0,0.0,0.004545454545454545,0.02112676056338028,0.025821596244131457,0.10328638497652583,0.6173708920187794,0.007042253521126761,0.007042253521126761,0.004694835680751174,0.06103286384976526,0.03051643192488263,0.023474178403755867,0.014084507042253521,0.014084507042253521,0.009389671361502348,0.018779342723004695,0.03990610328638498,0.24413145539906103,0.07761150234741784,0.1
Distribution,OCSVM [amp],ocsvm,amp,ocsvm_amp_w2s,2.0,time_block,2,0,loaded,1.0,0.03755868544600939,0.11494252873563218,1.9,9.858,0.44154814172809875,13,13,1.0,0.04854368932038835,0.02727272727272727,0.03051643192488263,0.11032863849765258,0.5093896713615024,0.8896713615023474,0.08685446009389672,0.24178403755868544,0.45774647887323944,0.7816901408450704,0.009389671361502348,0.011737089201877934,0.02112676056338028,0.11502347417840375,0.02112676056338028,0.07042253521126761,0.34507042253521125,0.7136150234741784,0.2759683098591549,0.1
Distribution,OCSVM [amp_sine],ocsvm,amp_sine,ocsvm_amp_sine_w2s,2.0,time_block,2,0,loaded,1.0,0.046948356807511735,0.11494252873563218,1.9,9.858,0.44034171187417376,13,13,1.0,0.06796116504854369,0.02727272727272727,0.023474178403755867,0.0892018779342723,0.4507042253521127,0.8873239436619719,0.04225352112676056,0.1643192488262911,0.4225352112676056,0.7605633802816901,0.009389671361502348,0.014084507042253521,0.014084507042253521,0.07042253521126761,0.6220657276995305,1.0,1.0,1.0,0.41065140845070425,0.1
Distribution,OCSVM [amp_shape],ocsvm,amp_shape,ocsvm_amp_shape_w2s,2.0,time_block,2,0,loaded,1.0,0.04225352112676056,0.12643678160919541,1.9,9.858,0.2603270332112877,13,13,1.0,0.06310679611650485,0.022727272727272728,0.028169014084507043,0.10328638497652583,0.4765258215962441,0.8896713615023474,0.04460093896713615,0.1807511737089202,0.42488262910798125,0.7464788732394366,0.007042253521126761,0.011737089201877934,0.03286384976525822,0.11267605633802817,0.028169014084507043,0.12910798122065728,0.460093896713615,0.7723004694835681,0.27802230046948356,0.1
Distribution,OCSVM [amp_rel],ocsvm,amp_rel,ocsvm_amp_rel_w2s,2.0,time_block,2,0,loaded,1.0,0.03755868544600939,0.14942528735632185,1.9,9.858,0.513839296703491,13,13,1.0,0.04854368932038835,0.02727272727272727,0.028169014084507043,0.11737089201877934,0.4953051643192488,0.8943661971830986,0.06103286384976526,0.21830985915492956,0.4460093896713615,0.7629107981220657,0.02112676056338028,0.08215962441314555,0.42018779342723006,0.8615023474178404,0.014084507042253521,0.07042253521126761,0.4694835680751174,0.9694835680751174,0.37074530516431925,0.1
Distribution,HBOS [amp],hbos,amp,hbos_amp_w2s,2.0,time_block,2,0,loaded,0.9880393471942768,0.014084507042253521,0.04597701149425287,1.9,9.858,31.665749225951785,13,13,0.9047619047619048,0.02912621359223301,0.0,0.011737089201877934,0.028169014084507043,0.15492957746478872,0.4507042253521127,0.05868544600938967,0.11737089201877934,0.19718309859154928,0.2934272300469484,0.002347417840375587,0.0,0.0,0.03755868544600939,0.014084507042253521,0.025821596244131457,0.051643192488262914,0.09859154929577464,0.09639084507042253,0.1
Distribution,HBOS [amp_sine],hbos,amp_sine,hbos_amp_sine_w2s,2.0,time_block,2,0,loaded,0.999366569789105,0.011737089201877934,0.034482758620689655,1.9,9.858,35.90793266906096,13,13,0.9841269841269841,0.024271844660194174,0.0,0.01643192488262911,0.04929577464788732,0.20422535211267606,0.5140845070422535,0.08685446009389672,0.1431924882629108,0.2535211267605634,0.3591549295774648,0.002347417840375587,0.002347417840375587,0.009389671361502348,0.06572769953051644,0.07511737089201878,0.18544600938967137,0.40375586854460094,0.636150234741784,0.1879401408450704,0.1
Distribution,HBOS [amp_shape],hbos,amp_shape,hbos_amp_shape_w2s,2.0,time_block,2,0,loaded,0.9940010432968179,0.01643192488262911,0.05747126436781609,1.9,9.858,46.35895635631203,13,13,0.9206349206349206,0.024271844660194174,0.00909090909090909,0.018779342723004695,0.04929577464788732,0.22300469483568075,0.5352112676056338,0.046948356807511735,0.08215962441314555,0.11737089201877934,0.1643192488262911,0.011737089201877934,0.014084507042253521,0.02112676056338028,0.06807511737089202,0.023474178403755867,0.051643192488262914,0.13380281690140844,0.2136150234741784,0.11091549295774647,0.1
Distribution,HBOS [amp_rel],hbos,amp_rel,hbos_amp_rel_w2s,2.0,time_block,2,0,loaded,0.9979879275653923,0.014084507042253521,0.04597701149425287,1.9,9.858,35.653337344809,13,13,0.9523809523809523,0.02912621359223301,0.0,0.01643192488262911,0.046948356807511735,0.23708920187793428,0.7089201877934272,0.07511737089201878,0.13615023474178403,0.2511737089201878,0.36619718309859156,0.009389671361502348,0.007042253521126761,0.018779342723004695,0.09389671361502347,0.02112676056338028,0.03990610328638498,0.1643192488262911,0.3474178403755869,0.15874413145539906,0.1
Distribution,COPOD [amp],copod,amp,copod_amp_w2s,2.0,time_block,2,0,loaded,0.9834935539160892,0.009389671361502348,0.034482758620689655,1.9,9.858,41.486649566234476,13,13,0.6984126984126984,0.019417475728155338,0.0,0.035211267605633804,0.056338028169014086,0.051643192488262914,0.04460093896713615,0.06572769953051644,0.07746478873239436,0.08215962441314555,0.08215962441314555,0.03051643192488263,0.018779342723004695,0.018779342723004695,0.002347417840375587,0.04225352112676056,0.03990610328638498,0.03286384976525822,0.04225352112676056,0.04518779342723005,0.1
Distribution,COPOD [amp_sine],copod,amp_sine,copod_amp_sine_w2s,2.0,time_block,2,0,loaded,0.9980251881660333,0.018779342723004695,0.04597701149425287,1.9,9.858,44.93775787165802,13,13,0.9682539682539683,0.038834951456310676,0.0,0.03755868544600939,0.0539906103286385,0.04225352112676056,0.03990610328638498,0.05868544600938967,0.06338028169014084,0.06572769953051644,0.06572769953051644,0.03051643192488263,0.023474178403755867,0.023474178403755867,0.009389671361502348,0.03990610328638498,0.04460093896713615,0.0539906103286385,0.06572769953051644,0.0448943661971831,0.1
Distribution,COPOD [amp_shape],copod,amp_shape,copod_amp_shape_w2s,2.0,time_block,2,0,loaded,0.9956405097250168,0.004694835680751174,0.022988505747126436,1.9,9.858,59.632321376564725,13,13,0.8571428571428571,0.009708737864077669,0.0,0.046948356807511735,0.06572769953051644,0.09389671361502347,0.07511737089201878,0.05868544600938967,0.06807511737089202,0.07276995305164319,0.07276995305164319,0.025821596244131457,0.025821596244131457,0.023474178403755867,0.023474178403755867,0.04225352112676056,0.046948356807511735,0.06807511737089202,0.06103286384976526,0.05443075117370892,0.1
Distribution,COPOD [amp_rel],copod,amp_rel,copod_amp_rel_w2s,2.0,time_block,2,0,loaded,0.9973917579551382,0.004694835680751174,0.022988505747126436,1.9,9.858,45.86297721216953,13,13,0.9047619047619048,0.009708737864077669,0.0,0.03990610328638498,0.0539906103286385,0.056338028169014086,0.06572769953051644,0.07746478873239436,0.08215962441314555,0.08685446009389672,0.0892018779342723,0.025821596244131457,0.018779342723004695,0.01643192488262911,0.0,0.04460093896713615,0.03755868544600939,0.03990610328638498,0.05868544600938967,0.049589201877934266,0.1
Distribution,DeepSVDD,deep_svdd,,deep_svdd_w2s,2.0,time_block,2,0,loaded,0.949623667933527,0.03051643192488263,0.10344827586206896,1.9,9.858,0.006979019492864606,13,13,0.7936507936507936,0.019417475728155338,0.04090909090909091,0.011737089201877934,0.014084507042253521,0.1267605633802817,0.5633802816901409,0.02112676056338028,0.04929577464788732,0.1431924882629108,0.4154929577464789,0.011737089201877934,0.035211267605633804,0.3075117370892019,0.7629107981220657,0.009389671361502348,0.007042253521126761,0.018779342723004695,0.19718309859154928,0.16842723004694835,0.1
Distribution,DeepSVDD,deep_svdd,,deep_svdd_w2s,2.0,time_block,2,1,loaded,0.9871078321782547,0.035211267605633804,0.12643678160919541,1.9,9.858,0.0015186118008568873,13,13,0.8888888888888888,0.02912621359223301,0.04090909090909091,0.014084507042253521,0.03755868544600939,0.2981220657276995,0.7746478873239436,0.02112676056338028,0.04225352112676056,0.14553990610328638,0.6713615023474179,0.023474178403755867,0.051643192488262914,0.3427230046948357,0.7816901408450704,0.011737089201877934,0.014084507042253521,0.025821596244131457,0.42488262910798125,0.23004694835680747,0.2
Distribution,DeepSVDD,deep_svdd,,deep_svdd_w2s,2.0,time_block,2,2,loaded,0.9697443922796036,0.01643192488262911,0.06896551724137931,1.9,9.858,0.0023058559838682407,13,13,0.8253968253968254,0.0048543689320388345,0.02727272727272727,0.01643192488262911,0.03755868544600939,0.2887323943661972,0.7629107981220657,0.018779342723004695,0.02112676056338028,0.051643192488262914,0.2699530516431925,0.025821596244131457,0.056338028169014086,0.3403755868544601,0.7723004694835681,0.011737089201877934,0.009389671361502348,0.025821596244131457,0.19718309859154928,0.18163145539906103,0.1
Distribution,MCD [amp],mcd,amp,mcd_amp_w2s,2.0,time_block,3,0,loaded,1.0,0.0069124423963133645,0.03296703296703297,1.9,9.858,372.03194153233943,13,13,1.0,0.008771929824561403,0.0048543689320388345,0.016129032258064516,0.029953917050691243,0.1382488479262673,0.815668202764977,0.009216589861751152,0.013824884792626729,0.03225806451612903,0.27419354838709675,0.013824884792626729,0.018433179723502304,0.018433179723502304,0.03456221198156682,0.013824884792626729,0.027649769585253458,0.08755760368663594,0.3663594470046083,0.1193836405529954,22.1
Distribution,MCD [amp_sine],mcd,amp_sine,mcd_amp_sine_w2s,2.0,time_block,3,0,loaded,1.0,0.0069124423963133645,0.03296703296703297,1.9,9.858,388.6839755012841,13,13,1.0,0.008771929824561403,0.0048543689320388345,0.016129032258064516,0.03225806451612903,0.12672811059907835,0.8064516129032258,0.0069124423963133645,0.009216589861751152,0.03225806451612903,0.3271889400921659,0.013824884792626729,0.018433179723502304,0.018433179723502304,0.03686635944700461,0.2304147465437788,0.771889400921659,1.0,1.0,0.27793778801843316,0.1
Distribution,MCD [amp_shape],mcd,amp_shape,mcd_amp_shape_w2s,2.0,time_block,3,0,loaded,1.0,0.0069124423963133645,0.03296703296703297,1.9,9.858,179.87517653802843,13,13,1.0,0.008771929824561403,0.0048543689320388345,0.018433179723502304,0.05069124423963134,0.24423963133640553,0.8617511520737328,0.018433179723502304,0.03225806451612903,0.1313364055299539,0.5138248847926268,0.01152073732718894,0.016129032258064516,0.027649769585253458,0.08755760368663594,0.01152073732718894,0.05069124423963134,0.1912442396313364,0.5645161290322581,0.17698732718894009,0.1
Distribution,MCD [amp_rel],mcd,amp_rel,mcd_amp_rel_w2s,2.0,time_block,3,0,loaded,1.0,0.0,0.0,1.9,9.858,1262.6283177574976,13,13,1.0,0.0,0.0,0.016129032258064516,0.02304147465437788,0.12442396313364056,0.5506912442396313,0.004608294930875576,0.004608294930875576,0.0,0.020737327188940093,0.016129032258064516,0.01152073732718894,0.013824884792626729,0.016129032258064516,0.01152073732718894,0.016129032258064516,0.02534562211981567,0.18202764976958524,0.06480414746543778,0.1
Distribution,OCSVM [amp],ocsvm,amp,ocsvm_amp_w2s,2.0,time_block,3,0,loaded,1.0,0.020737327188940093,0.06593406593406594,1.9,9.858,0.7836567813808188,13,13,1.0,0.017543859649122806,0.024271844660194174,0.01152073732718894,0.08986175115207373,0.47235023041474655,0.8663594470046083,0.027649769585253458,0.1728110599078341,0.41013824884792627,0.6981566820276498,0.0069124423963133645,0.009216589861751152,0.02304147465437788,0.08755760368663594,0.016129032258064516,0.03917050691244239,0.2695852534562212,0.6589861751152074,0.2412154377880184,0.1
Distribution,OCSVM [amp_sine],ocsvm,amp_sine,ocsvm_amp_sine_w2s,2.0,time_block,3,0,loaded,1.0,0.03456221198156682,0.12087912087912088,1.9,9.858,0.6903661199976916,13,13,1.0,0.039473684210526314,0.02912621359223301,0.020737327188940093,0.10138248847926268,0.4861751152073733,0.8663594470046083,0.041474654377880185,0.15207373271889402,0.42626728110599077,0.7119815668202765,0.0069124423963133645,0.01152073732718894,0.029953917050691243,0.10138248847926268,0.652073732718894,1.0,1.0,1.0,0.4130184331797235,0.1
Distribution,OCSVM [amp_shape],ocsvm,amp_shape,ocsvm_amp_shape_w2s,2.0,time_block,3,0,loaded,1.0,0.027649769585253458,0.10989010989010989,1.9,9.858,0.5975017625527097,13,13,1.0,0.021929824561403508,0.03398058252427184,0.016129032258064516,0.09216589861751152,0.45161290322580644,0.8663594470046083,0.02534562211981567,0.12672811059907835,0.38018433179723504,0.6820276497695853,0.01152073732718894,0.01152073732718894,0.03456221198156682,0.11290322580645161,0.020737327188940093,0.10829493087557604,0.39631336405529954,0.7442396313364056,0.2550403225806452,0.3
Distribution,OCSVM [amp_rel],ocsvm,amp_rel,ocsvm_amp_rel_w2s,2.0,time_block,3,0,loaded,1.0,0.02534562211981567,0.08791208791208792,1.9,9.858,0.7525912752630133,13,13,1.0,0.02631578947368421,0.024271844660194174,0.01152073732718894,0.0944700460829493,0.48847926267281105,0.8663594470046083,0.029953917050691243,0.16589861751152074,0.4147465437788018,0.6912442396313364,0.009216589861751152,0.05069124423963134,0.41013824884792627,0.8410138248847926,0.016129032258064516,0.0576036866359447,0.4447004608294931,0.9262672811059908,0.34490207373271886,0.1
Distribution,HBOS [amp],hbos,amp,hbos_amp_w2s,2.0,time_block,3,0,loaded,0.9926852461414675,0.004608294930875576,0.02197802197802198,1.9,9.858,31.421482821291132,13,13,0.8888888888888888,0.008771929824561403,0.0,0.018433179723502304,0.0576036866359447,0.2511520737327189,0.5783410138248848,0.08525345622119816,0.17511520737327188,0.33640552995391704,0.49078341013824883,0.0069124423963133645,0.009216589861751152,0.03225806451612903,0.07142857142857142,0.018433179723502304,0.03917050691244239,0.1152073732718894,0.27419354838709675,0.1599942396313364,0.1
Distribution,HBOS [amp_sine],hbos,amp_sine,hbos_amp_sine_w2s,2.0,time_block,3,0,loaded,0.999670836076366,0.009216589861751152,0.04395604395604396,1.9,9.858,35.24033401962955,13,13,0.9841269841269841,0.017543859649122806,0.0,0.02304147465437788,0.055299539170506916,0.20967741935483872,0.5023041474654378,0.06682027649769585,0.12211981566820276,0.2672811059907834,0.41935483870967744,0.0069124423963133645,0.009216589861751152,0.018433179723502304,0.06682027649769585,0.04838709677419355,0.16359447004608296,0.37557603686635943,0.6889400921658986,0.19023617511520738,0.1
Distribution,HBOS [amp_shape],hbos,amp_shape,hbos_amp_shape_w2s,2.0,time_block,3,0,loaded,0.9972203935337576,0.009216589861751152,0.03296703296703297,1.9,9.858,46.01903131392445,13,13,0.9047619047619048,0.0043859649122807015,0.014563106796116505,0.020737327188940093,0.052995391705069124,0.2488479262672811,0.5391705069124424,0.02304147465437788,0.05069124423963134,0.10368663594470046,0.16820276497695852,0.016129032258064516,0.020737327188940093,0.029953917050691243,0.06682027649769585,0.016129032258064516,0.041474654377880185,0.1313364055299539,0.26497695852534564,0.1121831797235023,0.1
Distribution,HBOS [amp_rel],hbos,amp_rel,hbos_amp_rel_w2s,2.0,time_block,3,0,loaded,0.999231950844854,0.002304147465437788,0.01098901098901099,1.9,9.858,35.397043246899074,13,13,0.9682539682539683,0.0,0.0048543689320388345,0.020737327188940093,0.052995391705069124,0.3064516129032258,0.7188940092165899,0.08294930875576037,0.16129032258064516,0.315668202764977,0.4792626728110599,0.009216589861751152,0.01152073732718894,0.03917050691244239,0.1382488479262673,0.02304147465437788,0.05069124423963134,0.21428571428571427,0.4447004608294931,0.19182027649769584,0.1
Distribution,COPOD [amp],copod,amp,copod_amp_w2s,2.0,time_block,3,0,loaded,0.9903445249067369,0.0,0.0,1.9,9.858,43.88902498074884,13,13,0.6825396825396826,0.0,0.0,0.055299539170506916,0.07142857142857142,0.10599078341013825,0.1152073732718894,0.10829493087557604,0.12442396313364056,0.14285714285714285,0.1497695852534562,0.02534562211981567,0.02534562211981567,0.020737327188940093,0.0576036866359447,0.03456221198156682,0.055299539170506916,0.09216589861751152,0.12672811059907835,0.08194124423963134,0.1
Distribution,COPOD [amp_sine],copod,amp_sine,copod_amp_sine_w2s,2.0,time_block,3,0,loaded,0.9995976885377806,0.0,0.0,1.9,9.858,47.80837373359786,13,13,0.9523809523809523,0.0,0.0,0.07142857142857142,0.07834101382488479,0.12903225806451613,0.1313364055299539,0.12442396313364056,0.14516129032258066,0.1543778801843318,0.1543778801843318,0.02304147465437788,0.020737327188940093,0.02534562211981567,0.04838709677419355,0.055299539170506916,0.08986175115207373,0.1497695852534562,0.20046082949308755,0.10008640552995393,0.1
Distribution,COPOD [amp_shape],copod,amp_shape,copod_amp_shape_w2s,2.0,time_block,3,0,loaded,0.9979152951503182,0.002304147465437788,0.01098901098901099,1.9,9.858,60.38537735347708,13,13,0.873015873015873,0.0043859649122807015,0.0,0.052995391705069124,0.10829493087557604,0.1935483870967742,0.20967741935483872,0.08755760368663594,0.10138248847926268,0.11290322580645161,0.1175115207373272,0.027649769585253458,0.03456221198156682,0.04838709677419355,0.07373271889400922,0.055299539170506916,0.08064516129032258,0.1359447004608295,0.1889400921658986,0.10181451612903225,0.2
Distribution,COPOD [amp_rel],copod,amp_rel,copod_amp_rel_w2s,2.0,time_block,3,0,loaded,0.9992685246141467,0.0,0.0,1.9,9.858,46.761412586458086,13,13,0.9206349206349206,0.0,0.0,0.04838709677419355,0.07142857142857142,0.12211981566820276,0.1359447004608295,0.10368663594470046,0.12903225806451613,0.14746543778801843,0.14746543778801843,0.02304147465437788,0.018433179723502304,0.018433179723502304,0.052995391705069124,0.03456221198156682,0.05069124423963134,0.10138248847926268,0.14746543778801843,0.08453341013824883,0.1
Distribution,DeepSVDD,deep_svdd,,deep_svdd_w2s,2.0,time_block,3,0,loaded,0.941664837978202,0.029953917050691243,0.12087912087912088,1.9,9.858,0.005518827661871903,13,13,0.8253968253968254,0.02631578947368421,0.03398058252427184,0.016129032258064516,0.029953917050691243,0.2119815668202765,0.6728110599078341,0.03686635944700461,0.06451612903225806,0.15898617511520738,0.3548387096774194,0.03686635944700461,0.10368663594470046,0.3778801843317972,0.804147465437788,0.01152073732718894,0.02304147465437788,0.04838709677419355,0.29723502304147464,0.20305299539170507,0.2
Distribution,DeepSVDD,deep_svdd,,deep_svdd_w2s,2.0,time_block,3,1,loaded,0.9746178041108917,0.0576036866359447,0.16483516483516483,1.9,9.858,0.0012006099382415362,13,13,0.873015873015873,0.039473684210526314,0.07766990291262135,0.016129032258064516,0.04838709677419355,0.34101382488479265,0.7373271889400922,0.018433179723502304,0.04838709677419355,0.14746543778801843,0.6543778801843319,0.029953917050691243,0.07373271889400922,0.33640552995391704,0.7534562211981567,0.02304147465437788,0.029953917050691243,0.08294930875576037,0.391705069124424,0.23329493087557607,0.3
Distribution,DeepSVDD,deep_svdd,,deep_svdd_w2s,2.0,time_block,3,2,loaded,0.9541364933070002,0.04608294930875576,0.15384615384615385,1.9,9.858,0.0019352979585528314,13,13,0.8253968253968254,0.008771929824561403,0.08737864077669903,0.009216589861751152,0.018433179723502304,0.16129032258064516,0.6543778801843319,0.018433179723502304,0.016129032258064516,0.03686635944700461,0.12442396313364056,0.013824884792626729,0.03686635944700461,0.23732718894009217,0.7258064516129032,0.009216589861751152,0.013824884792626729,0.018433179723502304,0.1175115207373272,0.1382488479262673,0.2
Distribution,MCD [amp],mcd,amp,mcd_amp_w2s,2.0,time_block,4,0,loaded,0.9999305338473828,0.02188183807439825,0.06593406593406594,1.9,9.858,359.6721465300597,13,13,1.0,0.0,0.026041666666666668,0.01312910284463895,0.02188183807439825,0.13129102844638948,0.7592997811816192,0.010940919037199124,0.0087527352297593,0.01312910284463895,0.028446389496717725,0.010940919037199124,0.002188183807439825,0.002188183807439825,0.006564551422319475,0.0175054704595186,0.0175054704595186,0.0700218818380744,0.4048140043763676,0.09491247264770239,21.5
Distribution,MCD [amp_sine],mcd,amp_sine,mcd_amp_sine_w2s,2.0,time_block,4,0,loaded,1.0,0.028446389496717725,0.08791208791208792,1.9,9.858,732.3009721521586,13,13,1.0,0.0,0.033854166666666664,0.01312910284463895,0.01312910284463895,0.037199124726477024,0.47702407002188185,0.010940919037199124,0.0087527352297593,0.0087527352297593,0.010940919037199124,0.010940919037199124,0.002188183807439825,0.0,0.00437636761487965,0.12691466083150985,0.8358862144420132,1.0,1.0,0.2225109409190372,0.1
Distribution,MCD [amp_shape],mcd,amp_shape,mcd_amp_shape_w2s,2.0,time_block,4,0,loaded,1.0,0.019693654266958426,0.054945054945054944,1.9,9.858,196.25053539495138,13,13,1.0,0.0273972602739726,0.018229166666666668,0.019693654266958426,0.05908096280087528,0.34573304157549234,0.8818380743982495,0.01312910284463895,0.0175054704595186,0.0262582056892779,0.09409190371991247,0.010940919037199124,0.0,0.006564551422319475,0.019693654266958426,0.01312910284463895,0.030634573304157548,0.22319474835886213,0.649890590809628,0.15071115973741794,0.1
Distribution,MCD [amp_rel],mcd,amp_rel,mcd_amp_rel_w2s,2.0,time_block,4,0,loaded,0.9997221353895315,0.0262582056892779,0.07692307692307693,1.9,9.858,1186.9174660884037,13,13,1.0,0.0,0.03125,0.0175054704595186,0.045951859956236324,0.2800875273522976,0.7199124726477024,0.010940919037199124,0.0087527352297593,0.0087527352297593,0.010940919037199124,0.010940919037199124,0.006564551422319475,0.0,0.00437636761487965,0.010940919037199124,0.01312910284463895,0.019693654266958426,0.212253829321663,0.0862964989059081,0.1
Distribution,OCSVM [amp],ocsvm,amp,ocsvm_amp_w2s,2.0,time_block,4,0,loaded,1.0,0.030634573304157548,0.06593406593406594,1.9,9.858,1.179518366452661,13,13,1.0,0.0410958904109589,0.028645833333333332,0.0350109409190372,0.15317286652078774,0.6695842450765864,0.8905908096280087,0.01312910284463895,0.019693654266958426,0.09409190371991247,0.2603938730853392,0.0087527352297593,0.00437636761487965,0.006564551422319475,0.0350109409190372,0.01312910284463895,0.04157549234135667,0.350109409190372,0.7899343544857768,0.21157002188183807,0.1
Distribution,OCSVM [amp_sine],ocsvm,amp_sine,ocsvm_amp_sine_w2s,2.0,time_block,4,0,loaded,1.0,0.0350109409190372,0.0989010989010989,1.9,9.858,0.9807661910473656,13,13,1.0,0.0273972602739726,0.036458333333333336,0.0350109409190372,0.16411378555798686,0.6783369803063457,0.8927789934354485,0.015317286652078774,0.0175054704595186,0.10722100656455143,0.2735229759299781,0.0087527352297593,0.002188183807439825,0.00437636761487965,0.0350109409190372,0.7592997811816192,1.0,1.0,1.0,0.37458971553610504,0.1
Distribution,OCSVM [amp_shape],ocsvm,amp_shape,ocsvm_amp_shape_w2s,2.0,time_block,4,0,loaded,1.0,0.030634573304157548,0.07692307692307693,1.9,9.858,0.9938480514125966,13,13,1.0,0.0410958904109589,0.028645833333333332,0.037199124726477024,0.15536105032822758,0.649890590809628,0.8862144420131292,0.01312910284463895,0.0175054704595186,0.0787746170678337,0.22975929978118162,0.0087527352297593,0.0087527352297593,0.010940919037199124,0.037199124726477024,0.010940919037199124,0.09190371991247265,0.45295404814004375,0.8227571115973742,0.21950218818380746,0.1
Distribution,OCSVM [amp_rel],ocsvm,amp_rel,ocsvm_amp_rel_w2s,2.0,time_block,4,0,loaded,1.0,0.11816192560175055,0.2967032967032967,1.9,9.858,1.0843634663039825,13,13,1.0,0.0273972602739726,0.13541666666666666,0.03938730853391685,0.18161925601750548,0.6892778993435449,0.8862144420131292,0.015317286652078774,0.015317286652078774,0.0700218818380744,0.22975929978118162,0.04157549234135667,0.15973741794310722,0.6258205689277899,0.962800875273523,0.0175054704595186,0.06564551422319474,0.6914660831509847,0.9606126914660832,0.35325492341356673,0.1
Distribution,HBOS [amp],hbos,amp,hbos_amp_w2s,2.0,time_block,4,0,loaded,0.9923934562884235,0.01312910284463895,0.03296703296703297,1.9,9.858,30.683039041303683,13,13,0.8888888888888888,0.0547945205479452,0.005208333333333333,0.0087527352297593,0.010940919037199124,0.10065645514223195,0.4420131291028446,0.010940919037199124,0.024070021881838075,0.06564551422319474,0.10940919037199125,0.010940919037199124,0.015317286652078774,0.015317286652078774,0.024070021881838075,0.010940919037199124,0.030634573304157548,0.13129102844638948,0.2975929978118162,0.08178336980306344,0.1
Distribution,HBOS [amp_sine],hbos,amp_sine,hbos_amp_sine_w2s,2.0,time_block,4,0,loaded,0.9995832030842972,0.019693654266958426,0.04395604395604396,1.9,9.858,34.734068220330485,13,13,1.0,0.0821917808219178,0.0078125,0.01312910284463895,0.01312910284463895,0.0962800875273523,0.3741794310722101,0.01312910284463895,0.028446389496717725,0.0525164113785558,0.11816192560175055,0.010940919037199124,0.01312910284463895,0.015317286652078774,0.02188183807439825,0.08096280087527352,0.29540481400437635,0.6214442013129103,0.8577680525164114,0.16411378555798686,0.1
Distribution,HBOS [amp_shape],hbos,amp_shape,hbos_amp_shape_w2s,2.0,time_block,4,0,loaded,0.9943037754853947,0.0262582056892779,0.0989010989010989,1.9,9.858,45.891460530694644,13,13,0.9047619047619048,0.0821917808219178,0.015625,0.00437636761487965,0.0350109409190372,0.1838074398249453,0.474835886214442,0.015317286652078774,0.019693654266958426,0.030634573304157548,0.045951859956236324,0.0087527352297593,0.010940919037199124,0.010940919037199124,0.02188183807439825,0.015317286652078774,0.03282275711159737,0.12472647702407003,0.25820568927789933,0.08082603938730853,0.1
Distribution,HBOS [amp_rel],hbos,amp_rel,hbos_amp_rel_w2s,2.0,time_block,4,0,loaded,0.9977770831162517,0.028446389496717725,0.07692307692307693,1.9,9.858,34.95543205459955,13,13,0.9682539682539683,0.0821917808219178,0.018229166666666668,0.006564551422319475,0.015317286652078774,0.12910284463894967,0.5185995623632386,0.010940919037199124,0.010940919037199124,0.028446389496717725,0.05470459518599562,0.010940919037199124,0.01312910284463895,0.01312910284463895,0.0262582056892779,0.01312910284463895,0.061269146608315096,0.2800875273522976,0.48577680525164113,0.1048960612691466,0.1
Distribution,COPOD [amp],copod,amp,copod_amp_w2s,2.0,time_block,4,0,loaded,0.9974297523531659,0.0,0.0,1.9,9.858,42.66991460445621,13,13,0.7619047619047619,0.0,0.0,0.024070021881838075,0.030634573304157548,0.07658643326039387,0.0962800875273523,0.045951859956236324,0.07439824945295405,0.08971553610503283,0.11816192560175055,0.024070021881838075,0.024070021881838075,0.0262582056892779,0.0437636761487965,0.028446389496717725,0.03282275711159737,0.05032822757111598,0.06345733041575492,0.05306345733041575,0.1
Distribution,COPOD [amp_sine],copod,amp_sine,copod_amp_sine_w2s,2.0,time_block,4,0,loaded,0.9998958007710743,0.0,0.0,1.9,9.858,46.49514387795924,13,13,0.9841269841269841,0.0,0.0,0.028446389496717725,0.045951859956236324,0.07439824945295405,0.10940919037199125,0.05689277899343545,0.07658643326039387,0.09409190371991247,0.12253829321663019,0.028446389496717725,0.0262582056892779,0.0262582056892779,0.04814004376367615,0.0525164113785558,0.061269146608315096,0.10722100656455143,0.15098468271334792,0.06933807439824945,0.1
Distribution,COPOD [amp_shape],copod,amp_shape,copod_amp_shape_w2s,2.0,time_block,4,0,loaded,0.9984717446424229,0.002188183807439825,0.01098901098901099,1.9,9.858,60.14328500573011,13,13,0.9047619047619048,0.0,0.0026041666666666665,0.024070021881838075,0.05470459518599562,0.07221006564551423,0.08533916849015317,0.030634573304157548,0.04157549234135667,0.05470459518599562,0.07658643326039387,0.0175054704595186,0.01312910284463895,0.010940919037199124,0.019693654266958426,0.019693654266958426,0.019693654266958426,0.04157549234135667,0.06345733041575492,0.040344638949671774,0.2
Distribution,COPOD [amp_rel],copod,amp_rel,copod_amp_rel_w2s,2.0,time_block,4,0,loaded,0.9996179361606058,0.0,0.0,1.9,9.858,45.907812764540324,13,13,0.9365079365079365,0.0,0.0,0.037199124726477024,0.05032822757111598,0.1400437636761488,0.16192560175054704,0.04157549234135667,0.06564551422319474,0.08971553610503283,0.10065645514223195,0.02188183807439825,0.019693654266958426,0.02188183807439825,0.037199124726477024,0.028446389496717725,0.0350109409190372,0.061269146608315096,0.09190371991247265,0.06277352297592997,0.1
Distribution,DeepSVDD,deep_svdd,,deep_svdd_w2s,2.0,time_block,4,0,loaded,0.923899829807926,0.05689277899343545,0.18681318681318682,1.9,9.858,0.005316932275891301,13,13,0.8253968253968254,0.0410958904109589,0.059895833333333336,0.024070021881838075,0.04814004376367615,0.2888402625820569,0.6914660831509847,0.04157549234135667,0.09190371991247265,0.26914660831509846,0.5951859956236324,0.05689277899343545,0.1487964989059081,0.4573304157549234,0.8205689277899344,0.0175054704595186,0.0350109409190372,0.08096280087527352,0.48358862144420134,0.25943654266958427,0.1
Distribution,DeepSVDD,deep_svdd,,deep_svdd_w2s,2.0,time_block,4,1,loaded,0.9535966100517522,0.0787746170678337,0.2857142857142857,1.9,9.858,0.0012382614426314827,13,12,0.8571428571428571,0.0,0.09375,0.019693654266958426,0.05470459518599562,0.25820568927789933,0.7221006564551422,0.02188183807439825,0.0525164113785558,0.12253829321663019,0.48358862144420134,0.04157549234135667,0.09190371991247265,0.3435448577680525,0.8140043763676149,0.019693654266958426,0.05032822757111598,0.20350109409190373,0.6542669584245077,0.24712800875273522,0.3
Distribution,DeepSVDD,deep_svdd,,deep_svdd_w2s,2.0,time_block,4,2,loaded,0.9383140564759821,0.11597374179431072,0.3516483516483517,1.9,9.858,0.0018649432994425285,13,13,0.8412698412698413,0.0410958904109589,0.13020833333333334,0.019693654266958426,0.0525164113785558,0.30196936542669583,0.7527352297592997,0.03282275711159737,0.0525164113785558,0.12253829321663019,0.40700218818380746,0.03938730853391685,0.09846827133479212,0.30196936542669583,0.7067833698030634,0.010940919037199124,0.019693654266958426,0.08533916849015317,0.3522975929978118,0.2097921225382932,0.3
