model_id,split,fold,type,seg_uid,n_exceed,n_windows,state,vib_grade,cur_grade
mcd_amp_w1s,group_kfold_seg,0,FP,normal_280,2.0,9.0,고부하,,
mcd_amp_w1s,group_kfold_seg,0,FP,normal_310,2.0,9.0,고부하,,
mcd_amp_w1s,group_kfold_seg,0,FP,normal_405,2.0,9.0,고부하,,
mcd_amp_w1s,group_kfold_seg,0,FP,normal_421,1.0,1.0,저부하,,
mcd_amp_w1s,group_kfold_seg,0,FP,normal_444,1.0,9.0,고부하,,
mcd_amp_w1s,group_kfold_seg,0,FP,normal_450,1.0,8.0,고부하,,
mcd_amp_w1s,group_kfold_seg,0,FP,normal_460,1.0,9.0,고부하,,
mcd_amp_sine_w1s,group_kfold_seg,0,FP,normal_215,1.0,1.0,저부하,,
mcd_amp_sine_w1s,group_kfold_seg,0,FP,normal_280,1.0,9.0,고부하,,
mcd_amp_sine_w1s,group_kfold_seg,0,FP,normal_310,2.0,9.0,고부하,,
mcd_amp_sine_w1s,group_kfold_seg,0,FP,normal_405,2.0,9.0,고부하,,
mcd_amp_sine_w1s,group_kfold_seg,0,FP,normal_421,1.0,1.0,저부하,,
mcd_amp_sine_w1s,group_kfold_seg,0,FP,normal_437,1.0,1.0,저부하,,
mcd_amp_sine_w1s,group_kfold_seg,0,FP,normal_444,1.0,9.0,고부하,,
mcd_amp_sine_w1s,group_kfold_seg,0,FP,normal_540,1.0,1.0,저부하,,
mcd_amp_shape_w1s,group_kfold_seg,0,FP,normal_215,1.0,1.0,저부하,,
mcd_amp_shape_w1s,group_kfold_seg,0,FP,normal_310,2.0,9.0,고부하,,
mcd_amp_shape_w1s,group_kfold_seg,0,FP,normal_421,1.0,1.0,저부하,,
mcd_amp_shape_w1s,group_kfold_seg,0,FP,normal_437,1.0,1.0,저부하,,
mcd_amp_shape_w1s,group_kfold_seg,0,FP,normal_460,3.0,9.0,고부하,,
mcd_amp_rel_w1s,group_kfold_seg,0,FP,normal_215,1.0,1.0,저부하,,
mcd_amp_rel_w1s,group_kfold_seg,0,FP,normal_280,2.0,9.0,고부하,,
mcd_amp_rel_w1s,group_kfold_seg,0,FP,normal_292,1.0,9.0,고부하,,
mcd_amp_rel_w1s,group_kfold_seg,0,FP,normal_310,2.0,9.0,고부하,,
mcd_amp_rel_w1s,group_kfold_seg,0,FP,normal_400,2.0,9.0,고부하,,
mcd_amp_rel_w1s,group_kfold_seg,0,FP,normal_405,3.0,9.0,고부하,,
mcd_amp_rel_w1s,group_kfold_seg,0,FP,normal_421,1.0,1.0,저부하,,
mcd_amp_rel_w1s,group_kfold_seg,0,FP,normal_444,1.0,9.0,고부하,,
mcd_amp_rel_w1s,group_kfold_seg,0,FP,normal_450,1.0,8.0,고부하,,
mcd_amp_rel_w1s,group_kfold_seg,0,FP,normal_62,1.0,9.0,고부하,,
ocsvm_amp_w1s,group_kfold_seg,0,FP,normal_178,2.0,5.0,고부하,,
ocsvm_amp_w1s,group_kfold_seg,0,FP,normal_215,1.0,1.0,저부하,,
ocsvm_amp_w1s,group_kfold_seg,0,FP,normal_227,1.0,9.0,고부하,,
ocsvm_amp_w1s,group_kfold_seg,0,FP,normal_310,1.0,9.0,고부하,,
ocsvm_amp_w1s,group_kfold_seg,0,FP,normal_316,1.0,9.0,고부하,,
ocsvm_amp_w1s,group_kfold_seg,0,FP,normal_318,1.0,5.0,저부하,,
ocsvm_amp_w1s,group_kfold_seg,0,FP,normal_421,1.0,1.0,저부하,,
ocsvm_amp_w1s,group_kfold_seg,0,FP,normal_437,1.0,1.0,저부하,,
ocsvm_amp_w1s,group_kfold_seg,0,FP,normal_460,2.0,9.0,고부하,,
ocsvm_amp_w1s,group_kfold_seg,0,FP,normal_52,2.0,9.0,고부하,,
ocsvm_amp_w1s,group_kfold_seg,0,FP,normal_540,1.0,1.0,저부하,,
ocsvm_amp_w1s,group_kfold_seg,0,FP,normal_62,1.0,9.0,고부하,,
ocsvm_amp_sine_w1s,group_kfold_seg,0,FP,normal_178,2.0,5.0,고부하,,
ocsvm_amp_sine_w1s,group_kfold_seg,0,FP,normal_215,1.0,1.0,저부하,,
ocsvm_amp_sine_w1s,group_kfold_seg,0,FP,normal_310,1.0,9.0,고부하,,
ocsvm_amp_sine_w1s,group_kfold_seg,0,FP,normal_316,1.0,9.0,고부하,,
ocsvm_amp_sine_w1s,group_kfold_seg,0,FP,normal_318,1.0,5.0,저부하,,
ocsvm_amp_sine_w1s,group_kfold_seg,0,FP,normal_421,1.0,1.0,저부하,,
ocsvm_amp_sine_w1s,group_kfold_seg,0,FP,normal_437,1.0,1.0,저부하,,
ocsvm_amp_sine_w1s,group_kfold_seg,0,FP,normal_460,2.0,9.0,고부하,,
ocsvm_amp_sine_w1s,group_kfold_seg,0,FP,normal_52,1.0,9.0,고부하,,
ocsvm_amp_sine_w1s,group_kfold_seg,0,FP,normal_540,1.0,1.0,저부하,,
ocsvm_amp_sine_w1s,group_kfold_seg,0,FP,normal_62,1.0,9.0,고부하,,
ocsvm_amp_shape_w1s,group_kfold_seg,0,FP,normal_178,2.0,5.0,고부하,,
ocsvm_amp_shape_w1s,group_kfold_seg,0,FP,normal_215,1.0,1.0,저부하,,
ocsvm_amp_shape_w1s,group_kfold_seg,0,FP,normal_310,1.0,9.0,고부하,,
ocsvm_amp_shape_w1s,group_kfold_seg,0,FP,normal_318,1.0,5.0,저부하,,
ocsvm_amp_shape_w1s,group_kfold_seg,0,FP,normal_359,1.0,9.0,고부하,,
ocsvm_amp_shape_w1s,group_kfold_seg,0,FP,normal_421,1.0,1.0,저부하,,
ocsvm_amp_shape_w1s,group_kfold_seg,0,FP,normal_427,1.0,9.0,고부하,,
ocsvm_amp_shape_w1s,group_kfold_seg,0,FP,normal_437,1.0,1.0,저부하,,
ocsvm_amp_shape_w1s,group_kfold_seg,0,FP,normal_460,2.0,9.0,고부하,,
ocsvm_amp_shape_w1s,group_kfold_seg,0,FP,normal_52,2.0,9.0,고부하,,
ocsvm_amp_shape_w1s,group_kfold_seg,0,FP,normal_521,1.0,6.0,저부하,,
ocsvm_amp_shape_w1s,group_kfold_seg,0,FP,normal_62,1.0,9.0,고부하,,
ocsvm_amp_rel_w1s,group_kfold_seg,0,FP,normal_162,1.0,1.0,저부하,,
ocsvm_amp_rel_w1s,group_kfold_seg,0,FP,normal_178,2.0,5.0,고부하,,
ocsvm_amp_rel_w1s,group_kfold_seg,0,FP,normal_215,1.0,1.0,저부하,,
ocsvm_amp_rel_w1s,group_kfold_seg,0,FP,normal_227,1.0,9.0,고부하,,
ocsvm_amp_rel_w1s,group_kfold_seg,0,FP,normal_254,1.0,4.0,고부하,,
ocsvm_amp_rel_w1s,group_kfold_seg,0,FP,normal_310,1.0,9.0,고부하,,
ocsvm_amp_rel_w1s,group_kfold_seg,0,FP,normal_316,1.0,9.0,고부하,,
ocsvm_amp_rel_w1s,group_kfold_seg,0,FP,normal_318,1.0,5.0,저부하,,
ocsvm_amp_rel_w1s,group_kfold_seg,0,FP,normal_353,1.0,9.0,저부하,,
ocsvm_amp_rel_w1s,group_kfold_seg,0,FP,normal_38,1.0,1.0,고부하,,
ocsvm_amp_rel_w1s,group_kfold_seg,0,FP,normal_421,1.0,1.0,저부하,,
ocsvm_amp_rel_w1s,group_kfold_seg,0,FP,normal_437,1.0,1.0,저부하,,
ocsvm_amp_rel_w1s,group_kfold_seg,0,FP,normal_460,2.0,9.0,고부하,,
ocsvm_amp_rel_w1s,group_kfold_seg,0,FP,normal_52,2.0,9.0,고부하,,
ocsvm_amp_rel_w1s,group_kfold_seg,0,FP,normal_540,1.0,1.0,저부하,,
ocsvm_amp_rel_w1s,group_kfold_seg,0,FP,normal_62,1.0,9.0,고부하,,
hbos_amp_w1s,group_kfold_seg,0,FP,normal_122,1.0,4.0,고부하,,
hbos_amp_w1s,group_kfold_seg,0,FP,normal_178,1.0,5.0,고부하,,
hbos_amp_w1s,group_kfold_seg,0,FP,normal_251,1.0,9.0,고부하,,
hbos_amp_w1s,group_kfold_seg,0,FP,normal_254,1.0,4.0,고부하,,
hbos_amp_w1s,group_kfold_seg,0,FP,normal_310,2.0,9.0,고부하,,
hbos_amp_w1s,group_kfold_seg,0,FP,normal_351,1.0,2.0,고부하,,
hbos_amp_w1s,group_kfold_seg,0,FP,normal_400,1.0,9.0,고부하,,
hbos_amp_w1s,group_kfold_seg,0,FP,normal_427,1.0,9.0,고부하,,
hbos_amp_w1s,group_kfold_seg,0,FP,normal_450,1.0,8.0,고부하,,
hbos_amp_w1s,group_kfold_seg,0,FP,normal_460,3.0,9.0,고부하,,
hbos_amp_w1s,group_kfold_seg,0,FP,normal_52,2.0,9.0,고부하,,
hbos_amp_w1s,group_kfold_seg,0,FP,normal_62,1.0,9.0,고부하,,
hbos_amp_w1s,group_kfold_seg,0,FN,outlier_19,,,,정상 유사,확실 이상
hbos_amp_sine_w1s,group_kfold_seg,0,FP,normal_178,3.0,5.0,고부하,,
hbos_amp_sine_w1s,group_kfold_seg,0,FP,normal_251,1.0,9.0,고부하,,
hbos_amp_sine_w1s,group_kfold_seg,0,FP,normal_310,2.0,9.0,고부하,,
hbos_amp_sine_w1s,group_kfold_seg,0,FP,normal_351,1.0,2.0,고부하,,
hbos_amp_sine_w1s,group_kfold_seg,0,FP,normal_400,1.0,9.0,고부하,,
hbos_amp_sine_w1s,group_kfold_seg,0,FP,normal_427,1.0,9.0,고부하,,
hbos_amp_sine_w1s,group_kfold_seg,0,FP,normal_460,2.0,9.0,고부하,,
hbos_amp_sine_w1s,group_kfold_seg,0,FP,normal_52,1.0,9.0,고부하,,
hbos_amp_sine_w1s,group_kfold_seg,0,FP,normal_62,1.0,9.0,고부하,,
hbos_amp_shape_w1s,group_kfold_seg,0,FP,normal_251,1.0,9.0,고부하,,
hbos_amp_shape_w1s,group_kfold_seg,0,FP,normal_254,1.0,4.0,고부하,,
hbos_amp_shape_w1s,group_kfold_seg,0,FP,normal_351,1.0,2.0,고부하,,
hbos_amp_shape_w1s,group_kfold_seg,0,FP,normal_427,1.0,9.0,고부하,,
hbos_amp_shape_w1s,group_kfold_seg,0,FP,normal_460,1.0,9.0,고부하,,
hbos_amp_shape_w1s,group_kfold_seg,0,FP,normal_52,1.0,9.0,고부하,,
hbos_amp_shape_w1s,group_kfold_seg,0,FN,outlier_19,,,,정상 유사,확실 이상
hbos_amp_rel_w1s,group_kfold_seg,0,FP,normal_122,1.0,4.0,고부하,,
hbos_amp_rel_w1s,group_kfold_seg,0,FP,normal_178,1.0,5.0,고부하,,
hbos_amp_rel_w1s,group_kfold_seg,0,FP,normal_251,1.0,9.0,고부하,,
hbos_amp_rel_w1s,group_kfold_seg,0,FP,normal_351,1.0,2.0,고부하,,
hbos_amp_rel_w1s,group_kfold_seg,0,FP,normal_460,3.0,9.0,고부하,,
hbos_amp_rel_w1s,group_kfold_seg,0,FP,normal_52,1.0,9.0,고부하,,
hbos_amp_rel_w1s,group_kfold_seg,0,FP,normal_62,1.0,9.0,고부하,,
copod_amp_w1s,group_kfold_seg,0,FP,normal_310,2.0,9.0,고부하,,
copod_amp_w1s,group_kfold_seg,0,FP,normal_351,1.0,2.0,고부하,,
copod_amp_w1s,group_kfold_seg,0,FP,normal_460,3.0,9.0,고부하,,
copod_amp_w1s,group_kfold_seg,0,FP,normal_62,1.0,9.0,고부하,,
copod_amp_w1s,group_kfold_seg,0,FN,outlier_19,,,,정상 유사,확실 이상
copod_amp_sine_w1s,group_kfold_seg,0,FP,normal_310,1.0,9.0,고부하,,
copod_amp_sine_w1s,group_kfold_seg,0,FP,normal_351,1.0,2.0,고부하,,
copod_amp_sine_w1s,group_kfold_seg,0,FP,normal_460,1.0,9.0,고부하,,
copod_amp_shape_w1s,group_kfold_seg,0,FP,normal_351,1.0,2.0,고부하,,
copod_amp_shape_w1s,group_kfold_seg,0,FP,normal_460,2.0,9.0,고부하,,
copod_amp_shape_w1s,group_kfold_seg,0,FN,outlier_19,,,,정상 유사,확실 이상
copod_amp_rel_w1s,group_kfold_seg,0,FP,normal_310,1.0,9.0,고부하,,
copod_amp_rel_w1s,group_kfold_seg,0,FP,normal_351,1.0,2.0,고부하,,
copod_amp_rel_w1s,group_kfold_seg,0,FP,normal_460,2.0,9.0,고부하,,
copod_amp_rel_w1s,group_kfold_seg,0,FP,normal_62,1.0,9.0,고부하,,
copod_amp_rel_w1s,group_kfold_seg,0,FN,outlier_19,,,,정상 유사,확실 이상
deep_svdd_w1s,group_kfold_seg,0,FP,normal_16,1.0,9.0,고부하,,
deep_svdd_w1s,group_kfold_seg,0,FP,normal_178,2.0,5.0,고부하,,
deep_svdd_w1s,group_kfold_seg,0,FP,normal_247,1.0,9.0,저부하,,
deep_svdd_w1s,group_kfold_seg,0,FP,normal_310,2.0,9.0,고부하,,
deep_svdd_w1s,group_kfold_seg,0,FP,normal_460,1.0,9.0,고부하,,
deep_svdd_w1s,group_kfold_seg,0,FP,normal_52,3.0,9.0,고부하,,
deep_svdd_w1s,group_kfold_seg,0,FP,normal_73,1.0,9.0,저부하,,
deep_svdd_w1s,group_kfold_seg,0,FN,outlier_19,,,,정상 유사,확실 이상
mcd_amp_w1s,group_kfold_seg,1,FP,normal_15,1.0,9.0,고부하,,
mcd_amp_w1s,group_kfold_seg,1,FP,normal_160,1.0,6.0,고부하,,
mcd_amp_w1s,group_kfold_seg,1,FP,normal_348,1.0,9.0,고부하,,
mcd_amp_w1s,group_kfold_seg,1,FP,normal_354,1.0,9.0,고부하,,
mcd_amp_w1s,group_kfold_seg,1,FP,normal_420,3.0,3.0,고부하,,
mcd_amp_w1s,group_kfold_seg,1,FP,normal_529,1.0,1.0,저부하,,
mcd_amp_sine_w1s,group_kfold_seg,1,FP,normal_160,1.0,6.0,고부하,,
mcd_amp_sine_w1s,group_kfold_seg,1,FP,normal_3,1.0,1.0,고부하,,
mcd_amp_sine_w1s,group_kfold_seg,1,FP,normal_420,2.0,3.0,고부하,,
mcd_amp_sine_w1s,group_kfold_seg,1,FP,normal_425,1.0,3.0,고부하,,
mcd_amp_sine_w1s,group_kfold_seg,1,FP,normal_426,1.0,1.0,저부하,,
mcd_amp_sine_w1s,group_kfold_seg,1,FP,normal_529,1.0,1.0,저부하,,
mcd_amp_shape_w1s,group_kfold_seg,1,FP,normal_112,2.0,9.0,저부하,,
mcd_amp_shape_w1s,group_kfold_seg,1,FP,normal_422,4.0,9.0,고부하,,
mcd_amp_shape_w1s,group_kfold_seg,1,FP,normal_455,1.0,9.0,고부하,,
mcd_amp_shape_w1s,group_kfold_seg,1,FP,normal_48,1.0,9.0,저부하,,
mcd_amp_shape_w1s,group_kfold_seg,1,FP,normal_49,2.0,7.0,고부하,,
mcd_amp_shape_w1s,group_kfold_seg,1,FP,normal_529,1.0,1.0,저부하,,
mcd_amp_shape_w1s,group_kfold_seg,1,FP,normal_569,3.0,7.0,고부하,,
mcd_amp_shape_w1s,group_kfold_seg,1,FP,normal_67,1.0,9.0,고부하,,
mcd_amp_rel_w1s,group_kfold_seg,1,FP,normal_354,1.0,9.0,고부하,,
mcd_amp_rel_w1s,group_kfold_seg,1,FP,normal_420,2.0,3.0,고부하,,
mcd_amp_rel_w1s,group_kfold_seg,1,FP,normal_529,1.0,1.0,저부하,,
ocsvm_amp_w1s,group_kfold_seg,1,FP,normal_48,1.0,9.0,저부하,,
ocsvm_amp_w1s,group_kfold_seg,1,FP,normal_529,1.0,1.0,저부하,,
ocsvm_amp_sine_w1s,group_kfold_seg,1,FP,normal_3,1.0,1.0,고부하,,
ocsvm_amp_sine_w1s,group_kfold_seg,1,FP,normal_426,1.0,1.0,저부하,,
ocsvm_amp_sine_w1s,group_kfold_seg,1,FP,normal_48,1.0,9.0,저부하,,
ocsvm_amp_sine_w1s,group_kfold_seg,1,FP,normal_502,1.0,1.0,저부하,,
ocsvm_amp_sine_w1s,group_kfold_seg,1,FP,normal_529,1.0,1.0,저부하,,
ocsvm_amp_shape_w1s,group_kfold_seg,1,FP,normal_112,1.0,9.0,저부하,,
ocsvm_amp_shape_w1s,group_kfold_seg,1,FP,normal_48,1.0,9.0,저부하,,
ocsvm_amp_shape_w1s,group_kfold_seg,1,FP,normal_529,1.0,1.0,저부하,,
ocsvm_amp_rel_w1s,group_kfold_seg,1,FP,normal_332,1.0,1.0,고부하,,
ocsvm_amp_rel_w1s,group_kfold_seg,1,FP,normal_48,1.0,9.0,저부하,,
ocsvm_amp_rel_w1s,group_kfold_seg,1,FP,normal_529,1.0,1.0,저부하,,
hbos_amp_w1s,group_kfold_seg,1,FP,normal_140,1.0,3.0,고부하,,
hbos_amp_w1s,group_kfold_seg,1,FP,normal_348,1.0,9.0,고부하,,
hbos_amp_w1s,group_kfold_seg,1,FP,normal_354,2.0,9.0,고부하,,
hbos_amp_w1s,group_kfold_seg,1,FP,normal_386,2.0,4.0,고부하,,
hbos_amp_w1s,group_kfold_seg,1,FP,normal_422,2.0,9.0,고부하,,
hbos_amp_w1s,group_kfold_seg,1,FP,normal_48,1.0,9.0,저부하,,
hbos_amp_w1s,group_kfold_seg,1,FP,normal_569,2.0,7.0,고부하,,
hbos_amp_w1s,group_kfold_seg,1,FP,normal_67,1.0,9.0,고부하,,
hbos_amp_sine_w1s,group_kfold_seg,1,FP,normal_354,1.0,9.0,고부하,,
hbos_amp_sine_w1s,group_kfold_seg,1,FP,normal_386,2.0,4.0,고부하,,
hbos_amp_sine_w1s,group_kfold_seg,1,FP,normal_422,2.0,9.0,고부하,,
hbos_amp_sine_w1s,group_kfold_seg,1,FP,normal_455,1.0,9.0,고부하,,
hbos_amp_sine_w1s,group_kfold_seg,1,FP,normal_48,1.0,9.0,저부하,,
hbos_amp_sine_w1s,group_kfold_seg,1,FP,normal_529,1.0,1.0,저부하,,
hbos_amp_sine_w1s,group_kfold_seg,1,FP,normal_569,2.0,7.0,고부하,,
hbos_amp_sine_w1s,group_kfold_seg,1,FP,normal_572,1.0,3.0,고부하,,
hbos_amp_sine_w1s,group_kfold_seg,1,FP,normal_67,1.0,9.0,고부하,,
hbos_amp_shape_w1s,group_kfold_seg,1,FP,normal_218,1.0,6.0,저부하,,
hbos_amp_shape_w1s,group_kfold_seg,1,FP,normal_242,1.0,4.0,고부하,,
hbos_amp_shape_w1s,group_kfold_seg,1,FP,normal_368,1.0,4.0,저부하,,
hbos_amp_shape_w1s,group_kfold_seg,1,FP,normal_386,1.0,4.0,고부하,,
hbos_amp_shape_w1s,group_kfold_seg,1,FP,normal_48,1.0,9.0,저부하,,
hbos_amp_shape_w1s,group_kfold_seg,1,FP,normal_514,1.0,9.0,저부하,,
hbos_amp_shape_w1s,group_kfold_seg,1,FP,normal_517,1.0,4.0,저부하,,
hbos_amp_shape_w1s,group_kfold_seg,1,FP,normal_569,1.0,7.0,고부하,,
hbos_amp_rel_w1s,group_kfold_seg,1,FP,normal_140,1.0,3.0,고부하,,
hbos_amp_rel_w1s,group_kfold_seg,1,FP,normal_218,1.0,6.0,저부하,,
hbos_amp_rel_w1s,group_kfold_seg,1,FP,normal_348,1.0,9.0,고부하,,
hbos_amp_rel_w1s,group_kfold_seg,1,FP,normal_354,1.0,9.0,고부하,,
hbos_amp_rel_w1s,group_kfold_seg,1,FP,normal_386,2.0,4.0,고부하,,
hbos_amp_rel_w1s,group_kfold_seg,1,FP,normal_48,1.0,9.0,저부하,,
hbos_amp_rel_w1s,group_kfold_seg,1,FP,normal_529,1.0,1.0,저부하,,
hbos_amp_rel_w1s,group_kfold_seg,1,FP,normal_569,2.0,7.0,고부하,,
hbos_amp_rel_w1s,group_kfold_seg,1,FP,normal_67,1.0,9.0,고부하,,
copod_amp_w1s,group_kfold_seg,1,FP,normal_276,1.0,5.0,고부하,,
copod_amp_w1s,group_kfold_seg,1,FP,normal_322,1.0,9.0,고부하,,
copod_amp_w1s,group_kfold_seg,1,FP,normal_348,1.0,9.0,고부하,,
copod_amp_w1s,group_kfold_seg,1,FP,normal_354,1.0,9.0,고부하,,
copod_amp_w1s,group_kfold_seg,1,FP,normal_386,2.0,4.0,고부하,,
copod_amp_w1s,group_kfold_seg,1,FP,normal_422,3.0,9.0,고부하,,
copod_amp_w1s,group_kfold_seg,1,FP,normal_48,1.0,9.0,저부하,,
copod_amp_sine_w1s,group_kfold_seg,1,FP,normal_276,1.0,5.0,고부하,,
copod_amp_sine_w1s,group_kfold_seg,1,FP,normal_348,1.0,9.0,고부하,,
copod_amp_sine_w1s,group_kfold_seg,1,FP,normal_354,1.0,9.0,고부하,,
copod_amp_sine_w1s,group_kfold_seg,1,FP,normal_386,2.0,4.0,고부하,,
copod_amp_sine_w1s,group_kfold_seg,1,FP,normal_422,3.0,9.0,고부하,,
copod_amp_sine_w1s,group_kfold_seg,1,FP,normal_48,1.0,9.0,저부하,,
copod_amp_shape_w1s,group_kfold_seg,1,FP,normal_276,1.0,5.0,고부하,,
copod_amp_shape_w1s,group_kfold_seg,1,FP,normal_386,1.0,4.0,고부하,,
copod_amp_shape_w1s,group_kfold_seg,1,FP,normal_422,1.0,9.0,고부하,,
copod_amp_shape_w1s,group_kfold_seg,1,FP,normal_48,1.0,9.0,저부하,,
copod_amp_shape_w1s,group_kfold_seg,1,FP,normal_517,1.0,4.0,저부하,,
copod_amp_rel_w1s,group_kfold_seg,1,FP,normal_140,1.0,3.0,고부하,,
copod_amp_rel_w1s,group_kfold_seg,1,FP,normal_276,1.0,5.0,고부하,,
copod_amp_rel_w1s,group_kfold_seg,1,FP,normal_322,1.0,9.0,고부하,,
copod_amp_rel_w1s,group_kfold_seg,1,FP,normal_348,1.0,9.0,고부하,,
copod_amp_rel_w1s,group_kfold_seg,1,FP,normal_354,1.0,9.0,고부하,,
copod_amp_rel_w1s,group_kfold_seg,1,FP,normal_386,2.0,4.0,고부하,,
copod_amp_rel_w1s,group_kfold_seg,1,FP,normal_422,3.0,9.0,고부하,,
copod_amp_rel_w1s,group_kfold_seg,1,FP,normal_48,1.0,9.0,저부하,,
copod_amp_rel_w1s,group_kfold_seg,1,FP,normal_517,1.0,4.0,저부하,,
deep_svdd_w1s,group_kfold_seg,1,FP,normal_140,1.0,3.0,고부하,,
deep_svdd_w1s,group_kfold_seg,1,FP,normal_190,1.0,4.0,저부하,,
deep_svdd_w1s,group_kfold_seg,1,FP,normal_218,1.0,6.0,저부하,,
deep_svdd_w1s,group_kfold_seg,1,FP,normal_299,1.0,8.0,저부하,,
deep_svdd_w1s,group_kfold_seg,1,FP,normal_315,1.0,9.0,저부하,,
deep_svdd_w1s,group_kfold_seg,1,FP,normal_317,1.0,7.0,고부하,,
deep_svdd_w1s,group_kfold_seg,1,FP,normal_332,1.0,1.0,고부하,,
deep_svdd_w1s,group_kfold_seg,1,FP,normal_41,1.0,9.0,저부하,,
deep_svdd_w1s,group_kfold_seg,1,FP,normal_420,2.0,3.0,고부하,,
deep_svdd_w1s,group_kfold_seg,1,FP,normal_422,1.0,9.0,고부하,,
deep_svdd_w1s,group_kfold_seg,1,FP,normal_449,1.0,9.0,고부하,,
deep_svdd_w1s,group_kfold_seg,1,FP,normal_49,1.0,7.0,고부하,,
deep_svdd_w1s,group_kfold_seg,1,FP,normal_529,1.0,1.0,저부하,,
deep_svdd_w1s,group_kfold_seg,1,FP,normal_569,3.0,7.0,고부하,,
deep_svdd_w1s,group_kfold_seg,1,FP,normal_577,2.0,6.0,저부하,,
deep_svdd_w1s,group_kfold_seg,1,FP,normal_67,4.0,9.0,고부하,,
deep_svdd_w1s,group_kfold_seg,1,FP,normal_68,1.0,9.0,고부하,,
deep_svdd_w1s,group_kfold_seg,1,FP,normal_94,1.0,9.0,고부하,,
mcd_amp_w1s,group_kfold_seg,2,FP,normal_283,2.0,3.0,고부하,,
mcd_amp_w1s,group_kfold_seg,2,FP,normal_523,1.0,1.0,저부하,,
mcd_amp_w1s,group_kfold_seg,2,FP,normal_575,1.0,9.0,고부하,,
mcd_amp_sine_w1s,group_kfold_seg,2,FP,normal_221,1.0,9.0,고부하,,
mcd_amp_sine_w1s,group_kfold_seg,2,FP,normal_283,3.0,3.0,고부하,,
mcd_amp_sine_w1s,group_kfold_seg,2,FP,normal_523,1.0,1.0,저부하,,
mcd_amp_sine_w1s,group_kfold_seg,2,FP,normal_585,1.0,1.0,저부하,,
mcd_amp_shape_w1s,group_kfold_seg,2,FP,normal_164,1.0,9.0,저부하,,
mcd_amp_shape_w1s,group_kfold_seg,2,FP,normal_23,1.0,9.0,저부하,,
mcd_amp_shape_w1s,group_kfold_seg,2,FP,normal_371,1.0,9.0,저부하,,
mcd_amp_shape_w1s,group_kfold_seg,2,FP,normal_523,1.0,1.0,저부하,,
mcd_amp_rel_w1s,group_kfold_seg,2,FP,normal_23,1.0,9.0,저부하,,
mcd_amp_rel_w1s,group_kfold_seg,2,FP,normal_283,2.0,3.0,고부하,,
mcd_amp_rel_w1s,group_kfold_seg,2,FP,normal_286,1.0,9.0,고부하,,
mcd_amp_rel_w1s,group_kfold_seg,2,FP,normal_523,1.0,1.0,저부하,,
mcd_amp_rel_w1s,group_kfold_seg,2,FP,normal_585,1.0,1.0,저부하,,
ocsvm_amp_w1s,group_kfold_seg,2,FP,normal_164,1.0,9.0,저부하,,
ocsvm_amp_w1s,group_kfold_seg,2,FP,normal_23,1.0,9.0,저부하,,
ocsvm_amp_w1s,group_kfold_seg,2,FP,normal_371,1.0,9.0,저부하,,
ocsvm_amp_w1s,group_kfold_seg,2,FP,normal_4,1.0,9.0,저부하,,
ocsvm_amp_w1s,group_kfold_seg,2,FP,normal_523,1.0,1.0,저부하,,
ocsvm_amp_sine_w1s,group_kfold_seg,2,FP,normal_164,1.0,9.0,저부하,,
ocsvm_amp_sine_w1s,group_kfold_seg,2,FP,normal_23,1.0,9.0,저부하,,
ocsvm_amp_sine_w1s,group_kfold_seg,2,FP,normal_371,1.0,9.0,저부하,,
ocsvm_amp_sine_w1s,group_kfold_seg,2,FP,normal_4,1.0,9.0,저부하,,
ocsvm_amp_sine_w1s,group_kfold_seg,2,FP,normal_523,1.0,1.0,저부하,,
ocsvm_amp_sine_w1s,group_kfold_seg,2,FP,normal_585,1.0,1.0,저부하,,
ocsvm_amp_shape_w1s,group_kfold_seg,2,FP,normal_164,1.0,9.0,저부하,,
ocsvm_amp_shape_w1s,group_kfold_seg,2,FP,normal_23,1.0,9.0,저부하,,
ocsvm_amp_shape_w1s,group_kfold_seg,2,FP,normal_274,1.0,9.0,저부하,,
ocsvm_amp_shape_w1s,group_kfold_seg,2,FP,normal_371,1.0,9.0,저부하,,
ocsvm_amp_shape_w1s,group_kfold_seg,2,FP,normal_4,1.0,9.0,저부하,,
ocsvm_amp_shape_w1s,group_kfold_seg,2,FP,normal_475,1.0,4.0,저부하,,
ocsvm_amp_shape_w1s,group_kfold_seg,2,FP,normal_523,1.0,1.0,저부하,,
ocsvm_amp_shape_w1s,group_kfold_seg,2,FP,normal_562,1.0,9.0,저부하,,
ocsvm_amp_rel_w1s,group_kfold_seg,2,FP,normal_139,1.0,6.0,저부하,,
ocsvm_amp_rel_w1s,group_kfold_seg,2,FP,normal_141,1.0,1.0,저부하,,
ocsvm_amp_rel_w1s,group_kfold_seg,2,FP,normal_159,1.0,9.0,저부하,,
ocsvm_amp_rel_w1s,group_kfold_seg,2,FP,normal_164,1.0,9.0,저부하,,
ocsvm_amp_rel_w1s,group_kfold_seg,2,FP,normal_225,1.0,2.0,고부하,,
ocsvm_amp_rel_w1s,group_kfold_seg,2,FP,normal_23,1.0,9.0,저부하,,
ocsvm_amp_rel_w1s,group_kfold_seg,2,FP,normal_282,1.0,5.0,저부하,,
ocsvm_amp_rel_w1s,group_kfold_seg,2,FP,normal_371,1.0,9.0,저부하,,
ocsvm_amp_rel_w1s,group_kfold_seg,2,FP,normal_4,1.0,9.0,저부하,,
ocsvm_amp_rel_w1s,group_kfold_seg,2,FP,normal_523,1.0,1.0,저부하,,
ocsvm_amp_rel_w1s,group_kfold_seg,2,FP,normal_562,1.0,9.0,저부하,,
ocsvm_amp_rel_w1s,group_kfold_seg,2,FP,normal_585,1.0,1.0,저부하,,
hbos_amp_w1s,group_kfold_seg,2,FP,normal_283,1.0,3.0,고부하,,
hbos_amp_w1s,group_kfold_seg,2,FP,normal_447,1.0,3.0,고부하,,
hbos_amp_sine_w1s,group_kfold_seg,2,FP,normal_229,1.0,7.0,고부하,,
hbos_amp_sine_w1s,group_kfold_seg,2,FP,normal_283,1.0,3.0,고부하,,
hbos_amp_sine_w1s,group_kfold_seg,2,FP,normal_390,1.0,9.0,고부하,,
hbos_amp_sine_w1s,group_kfold_seg,2,FP,normal_447,1.0,3.0,고부하,,
hbos_amp_shape_w1s,group_kfold_seg,2,FP,normal_229,1.0,7.0,고부하,,
hbos_amp_shape_w1s,group_kfold_seg,2,FP,normal_306,1.0,6.0,저부하,,
hbos_amp_shape_w1s,group_kfold_seg,2,FP,normal_390,1.0,9.0,고부하,,
hbos_amp_rel_w1s,group_kfold_seg,2,FP,normal_283,1.0,3.0,고부하,,
hbos_amp_rel_w1s,group_kfold_seg,2,FP,normal_447,1.0,3.0,고부하,,
copod_amp_w1s,group_kfold_seg,2,FP,normal_283,1.0,3.0,고부하,,
copod_amp_w1s,group_kfold_seg,2,FP,normal_87,1.0,3.0,고부하,,
copod_amp_sine_w1s,group_kfold_seg,2,FP,normal_283,1.0,3.0,고부하,,
copod_amp_shape_w1s,group_kfold_seg,2,FP,normal_164,1.0,9.0,저부하,,
copod_amp_shape_w1s,group_kfold_seg,2,FP,normal_475,1.0,4.0,저부하,,
copod_amp_rel_w1s,group_kfold_seg,2,FP,normal_283,1.0,3.0,고부하,,
copod_amp_rel_w1s,group_kfold_seg,2,FP,normal_87,1.0,3.0,고부하,,
deep_svdd_w1s,group_kfold_seg,2,FP,normal_116,1.0,4.0,고부하,,
deep_svdd_w1s,group_kfold_seg,2,FP,normal_121,2.0,7.0,저부하,,
deep_svdd_w1s,group_kfold_seg,2,FP,normal_125,1.0,9.0,고부하,,
deep_svdd_w1s,group_kfold_seg,2,FP,normal_176,1.0,9.0,고부하,,
deep_svdd_w1s,group_kfold_seg,2,FP,normal_283,1.0,3.0,고부하,,
deep_svdd_w1s,group_kfold_seg,2,FP,normal_439,1.0,8.0,저부하,,
deep_svdd_w1s,group_kfold_seg,2,FP,normal_468,1.0,6.0,고부하,,
deep_svdd_w1s,group_kfold_seg,2,FP,normal_575,2.0,9.0,고부하,,
deep_svdd_w1s,group_kfold_seg,2,FP,normal_79,1.0,9.0,고부하,,
deep_svdd_w1s,group_kfold_seg,2,FP,normal_87,1.0,3.0,고부하,,
mcd_amp_w1s,group_kfold_seg,3,FP,normal_259,1.0,5.0,고부하,,
mcd_amp_w1s,group_kfold_seg,3,FP,normal_270,1.0,9.0,고부하,,
mcd_amp_w1s,group_kfold_seg,3,FP,normal_303,1.0,9.0,고부하,,
mcd_amp_w1s,group_kfold_seg,3,FP,normal_313,1.0,2.0,고부하,,
mcd_amp_w1s,group_kfold_seg,3,FP,normal_440,1.0,5.0,고부하,,
mcd_amp_sine_w1s,group_kfold_seg,3,FP,normal_313,1.0,2.0,고부하,,
mcd_amp_sine_w1s,group_kfold_seg,3,FP,normal_342,1.0,8.0,고부하,,
mcd_amp_sine_w1s,group_kfold_seg,3,FP,normal_361,1.0,9.0,고부하,,
mcd_amp_sine_w1s,group_kfold_seg,3,FP,normal_409,1.0,1.0,고부하,,
mcd_amp_sine_w1s,group_kfold_seg,3,FP,normal_471,1.0,1.0,저부하,,
mcd_amp_shape_w1s,group_kfold_seg,3,FP,normal_13,1.0,4.0,고부하,,
mcd_amp_shape_w1s,group_kfold_seg,3,FP,normal_303,1.0,9.0,고부하,,
mcd_amp_shape_w1s,group_kfold_seg,3,FP,normal_323,1.0,9.0,저부하,,
mcd_amp_shape_w1s,group_kfold_seg,3,FP,normal_429,1.0,6.0,저부하,,
mcd_amp_shape_w1s,group_kfold_seg,3,FP,normal_535,1.0,1.0,저부하,,
mcd_amp_shape_w1s,group_kfold_seg,3,FP,normal_6,1.0,9.0,저부하,,
mcd_amp_shape_w1s,group_kfold_seg,3,FP,normal_64,2.0,9.0,저부하,,
mcd_amp_rel_w1s,group_kfold_seg,3,FP,normal_188,1.0,9.0,고부하,,
mcd_amp_rel_w1s,group_kfold_seg,3,FP,normal_270,1.0,9.0,고부하,,
mcd_amp_rel_w1s,group_kfold_seg,3,FP,normal_313,2.0,2.0,고부하,,
mcd_amp_rel_w1s,group_kfold_seg,3,FP,normal_342,1.0,8.0,고부하,,
mcd_amp_rel_w1s,group_kfold_seg,3,FP,normal_440,2.0,5.0,고부하,,
ocsvm_amp_w1s,group_kfold_seg,3,FP,normal_120,1.0,9.0,저부하,,
ocsvm_amp_w1s,group_kfold_seg,3,FP,normal_13,1.0,4.0,고부하,,
ocsvm_amp_w1s,group_kfold_seg,3,FP,normal_285,3.0,9.0,저부하,,
ocsvm_amp_w1s,group_kfold_seg,3,FP,normal_303,1.0,9.0,고부하,,
ocsvm_amp_w1s,group_kfold_seg,3,FP,normal_323,1.0,9.0,저부하,,
ocsvm_amp_w1s,group_kfold_seg,3,FP,normal_360,1.0,9.0,저부하,,
ocsvm_amp_w1s,group_kfold_seg,3,FP,normal_389,1.0,9.0,고부하,,
ocsvm_amp_w1s,group_kfold_seg,3,FP,normal_429,1.0,6.0,저부하,,
ocsvm_amp_w1s,group_kfold_seg,3,FP,normal_472,2.0,9.0,저부하,,
ocsvm_amp_w1s,group_kfold_seg,3,FP,normal_482,3.0,9.0,저부하,,
ocsvm_amp_w1s,group_kfold_seg,3,FP,normal_532,1.0,9.0,저부하,,
ocsvm_amp_w1s,group_kfold_seg,3,FP,normal_535,1.0,1.0,저부하,,
ocsvm_amp_w1s,group_kfold_seg,3,FP,normal_64,1.0,9.0,저부하,,
ocsvm_amp_w1s,group_kfold_seg,3,FP,normal_71,1.0,9.0,고부하,,
ocsvm_amp_sine_w1s,group_kfold_seg,3,FP,normal_120,1.0,9.0,저부하,,
ocsvm_amp_sine_w1s,group_kfold_seg,3,FP,normal_13,1.0,4.0,고부하,,
ocsvm_amp_sine_w1s,group_kfold_seg,3,FP,normal_285,3.0,9.0,저부하,,
ocsvm_amp_sine_w1s,group_kfold_seg,3,FP,normal_303,1.0,9.0,고부하,,
ocsvm_amp_sine_w1s,group_kfold_seg,3,FP,normal_323,1.0,9.0,저부하,,
ocsvm_amp_sine_w1s,group_kfold_seg,3,FP,normal_342,1.0,8.0,고부하,,
ocsvm_amp_sine_w1s,group_kfold_seg,3,FP,normal_389,1.0,9.0,고부하,,
ocsvm_amp_sine_w1s,group_kfold_seg,3,FP,normal_409,1.0,1.0,고부하,,
ocsvm_amp_sine_w1s,group_kfold_seg,3,FP,normal_429,1.0,6.0,저부하,,
ocsvm_amp_sine_w1s,group_kfold_seg,3,FP,normal_445,4.0,7.0,고부하,,
ocsvm_amp_sine_w1s,group_kfold_seg,3,FP,normal_471,1.0,1.0,저부하,,
ocsvm_amp_sine_w1s,group_kfold_seg,3,FP,normal_472,1.0,9.0,저부하,,
ocsvm_amp_sine_w1s,group_kfold_seg,3,FP,normal_482,3.0,9.0,저부하,,
ocsvm_amp_sine_w1s,group_kfold_seg,3,FP,normal_532,1.0,9.0,저부하,,
ocsvm_amp_sine_w1s,group_kfold_seg,3,FP,normal_535,1.0,1.0,저부하,,
ocsvm_amp_sine_w1s,group_kfold_seg,3,FP,normal_64,1.0,9.0,저부하,,
ocsvm_amp_sine_w1s,group_kfold_seg,3,FP,normal_71,1.0,9.0,고부하,,
ocsvm_amp_shape_w1s,group_kfold_seg,3,FP,normal_120,1.0,9.0,저부하,,
ocsvm_amp_shape_w1s,group_kfold_seg,3,FP,normal_13,1.0,4.0,고부하,,
ocsvm_amp_shape_w1s,group_kfold_seg,3,FP,normal_285,3.0,9.0,저부하,,
ocsvm_amp_shape_w1s,group_kfold_seg,3,FP,normal_303,1.0,9.0,고부하,,
ocsvm_amp_shape_w1s,group_kfold_seg,3,FP,normal_323,1.0,9.0,저부하,,
ocsvm_amp_shape_w1s,group_kfold_seg,3,FP,normal_360,1.0,9.0,저부하,,
ocsvm_amp_shape_w1s,group_kfold_seg,3,FP,normal_389,1.0,9.0,고부하,,
ocsvm_amp_shape_w1s,group_kfold_seg,3,FP,normal_429,1.0,6.0,저부하,,
ocsvm_amp_shape_w1s,group_kfold_seg,3,FP,normal_472,2.0,9.0,저부하,,
ocsvm_amp_shape_w1s,group_kfold_seg,3,FP,normal_482,3.0,9.0,저부하,,
ocsvm_amp_shape_w1s,group_kfold_seg,3,FP,normal_532,1.0,9.0,저부하,,
ocsvm_amp_shape_w1s,group_kfold_seg,3,FP,normal_535,1.0,1.0,저부하,,
ocsvm_amp_shape_w1s,group_kfold_seg,3,FP,normal_570,1.0,7.0,저부하,,
ocsvm_amp_shape_w1s,group_kfold_seg,3,FP,normal_64,1.0,9.0,저부하,,
ocsvm_amp_shape_w1s,group_kfold_seg,3,FP,normal_71,1.0,9.0,고부하,,
ocsvm_amp_rel_w1s,group_kfold_seg,3,FP,normal_120,1.0,9.0,저부하,,
ocsvm_amp_rel_w1s,group_kfold_seg,3,FP,normal_13,1.0,4.0,고부하,,
ocsvm_amp_rel_w1s,group_kfold_seg,3,FP,normal_21,1.0,1.0,저부하,,
ocsvm_amp_rel_w1s,group_kfold_seg,3,FP,normal_285,3.0,9.0,저부하,,
ocsvm_amp_rel_w1s,group_kfold_seg,3,FP,normal_303,1.0,9.0,고부하,,
ocsvm_amp_rel_w1s,group_kfold_seg,3,FP,normal_323,1.0,9.0,저부하,,
ocsvm_amp_rel_w1s,group_kfold_seg,3,FP,normal_360,1.0,9.0,저부하,,
ocsvm_amp_rel_w1s,group_kfold_seg,3,FP,normal_39,1.0,1.0,저부하,,
ocsvm_amp_rel_w1s,group_kfold_seg,3,FP,normal_409,1.0,1.0,고부하,,
ocsvm_amp_rel_w1s,group_kfold_seg,3,FP,normal_429,1.0,6.0,저부하,,
ocsvm_amp_rel_w1s,group_kfold_seg,3,FP,normal_472,1.0,9.0,저부하,,
ocsvm_amp_rel_w1s,group_kfold_seg,3,FP,normal_482,2.0,9.0,저부하,,
ocsvm_amp_rel_w1s,group_kfold_seg,3,FP,normal_532,1.0,9.0,저부하,,
ocsvm_amp_rel_w1s,group_kfold_seg,3,FP,normal_535,1.0,1.0,저부하,,
ocsvm_amp_rel_w1s,group_kfold_seg,3,FP,normal_6,1.0,9.0,저부하,,
ocsvm_amp_rel_w1s,group_kfold_seg,3,FP,normal_71,1.0,9.0,고부하,,
hbos_amp_sine_w1s,group_kfold_seg,3,FP,normal_342,2.0,8.0,고부하,,
hbos_amp_sine_w1s,group_kfold_seg,3,FP,normal_389,1.0,9.0,고부하,,
hbos_amp_sine_w1s,group_kfold_seg,3,FP,normal_410,1.0,9.0,고부하,,
hbos_amp_shape_w1s,group_kfold_seg,3,FP,normal_120,1.0,9.0,저부하,,
hbos_amp_shape_w1s,group_kfold_seg,3,FP,normal_13,1.0,4.0,고부하,,
hbos_amp_shape_w1s,group_kfold_seg,3,FP,normal_285,1.0,9.0,저부하,,
hbos_amp_shape_w1s,group_kfold_seg,3,FP,normal_303,1.0,9.0,고부하,,
hbos_amp_shape_w1s,group_kfold_seg,3,FP,normal_389,1.0,9.0,고부하,,
hbos_amp_shape_w1s,group_kfold_seg,3,FP,normal_472,1.0,9.0,저부하,,
hbos_amp_shape_w1s,group_kfold_seg,3,FP,normal_482,2.0,9.0,저부하,,
hbos_amp_shape_w1s,group_kfold_seg,3,FP,normal_597,1.0,9.0,고부하,,
copod_amp_w1s,group_kfold_seg,3,FP,normal_120,1.0,9.0,저부하,,
copod_amp_w1s,group_kfold_seg,3,FP,normal_13,1.0,4.0,고부하,,
copod_amp_w1s,group_kfold_seg,3,FP,normal_303,2.0,9.0,고부하,,
copod_amp_w1s,group_kfold_seg,3,FP,normal_342,2.0,8.0,고부하,,
copod_amp_w1s,group_kfold_seg,3,FP,normal_389,1.0,9.0,고부하,,
copod_amp_w1s,group_kfold_seg,3,FP,normal_440,1.0,5.0,고부하,,
copod_amp_sine_w1s,group_kfold_seg,3,FP,normal_13,1.0,4.0,고부하,,
copod_amp_sine_w1s,group_kfold_seg,3,FP,normal_303,2.0,9.0,고부하,,
copod_amp_sine_w1s,group_kfold_seg,3,FP,normal_342,2.0,8.0,고부하,,
copod_amp_shape_w1s,group_kfold_seg,3,FP,normal_120,1.0,9.0,저부하,,
copod_amp_shape_w1s,group_kfold_seg,3,FP,normal_13,1.0,4.0,고부하,,
copod_amp_shape_w1s,group_kfold_seg,3,FP,normal_303,1.0,9.0,고부하,,
copod_amp_shape_w1s,group_kfold_seg,3,FP,normal_323,1.0,9.0,저부하,,
copod_amp_shape_w1s,group_kfold_seg,3,FP,normal_342,1.0,8.0,고부하,,
copod_amp_shape_w1s,group_kfold_seg,3,FP,normal_389,1.0,9.0,고부하,,
copod_amp_shape_w1s,group_kfold_seg,3,FP,normal_482,3.0,9.0,저부하,,
copod_amp_shape_w1s,group_kfold_seg,3,FP,normal_532,1.0,9.0,저부하,,
copod_amp_rel_w1s,group_kfold_seg,3,FP,normal_120,1.0,9.0,저부하,,
copod_amp_rel_w1s,group_kfold_seg,3,FP,normal_13,1.0,4.0,고부하,,
copod_amp_rel_w1s,group_kfold_seg,3,FP,normal_303,2.0,9.0,고부하,,
copod_amp_rel_w1s,group_kfold_seg,3,FP,normal_342,1.0,8.0,고부하,,
copod_amp_rel_w1s,group_kfold_seg,3,FP,normal_389,1.0,9.0,고부하,,
deep_svdd_w1s,group_kfold_seg,3,FP,normal_120,1.0,9.0,저부하,,
deep_svdd_w1s,group_kfold_seg,3,FP,normal_13,1.0,4.0,고부하,,
deep_svdd_w1s,group_kfold_seg,3,FP,normal_175,1.0,9.0,고부하,,
deep_svdd_w1s,group_kfold_seg,3,FP,normal_194,1.0,7.0,고부하,,
deep_svdd_w1s,group_kfold_seg,3,FP,normal_21,1.0,1.0,저부하,,
deep_svdd_w1s,group_kfold_seg,3,FP,normal_214,1.0,1.0,저부하,,
deep_svdd_w1s,group_kfold_seg,3,FP,normal_267,1.0,4.0,고부하,,
deep_svdd_w1s,group_kfold_seg,3,FP,normal_424,1.0,6.0,저부하,,
deep_svdd_w1s,group_kfold_seg,3,FP,normal_434,2.0,8.0,저부하,,
deep_svdd_w1s,group_kfold_seg,3,FP,normal_512,1.0,4.0,저부하,,
mcd_amp_w1s,group_kfold_seg,4,FP,normal_301,1.0,3.0,고부하,,
mcd_amp_w1s,group_kfold_seg,4,FP,normal_432,1.0,1.0,고부하,,
mcd_amp_w1s,group_kfold_seg,4,FP,normal_469,1.0,6.0,고부하,,
mcd_amp_sine_w1s,group_kfold_seg,4,FP,normal_108,1.0,9.0,고부하,,
mcd_amp_sine_w1s,group_kfold_seg,4,FP,normal_111,1.0,1.0,고부하,,
mcd_amp_sine_w1s,group_kfold_seg,4,FP,normal_208,1.0,1.0,고부하,,
mcd_amp_sine_w1s,group_kfold_seg,4,FP,normal_432,1.0,1.0,고부하,,
mcd_amp_sine_w1s,group_kfold_seg,4,FP,normal_469,1.0,6.0,고부하,,
mcd_amp_sine_w1s,group_kfold_seg,4,FP,normal_496,1.0,1.0,저부하,,
mcd_amp_shape_w1s,group_kfold_seg,4,FP,normal_192,1.0,9.0,저부하,,
mcd_amp_shape_w1s,group_kfold_seg,4,FP,normal_588,1.0,7.0,저부하,,
mcd_amp_rel_w1s,group_kfold_seg,4,FP,normal_181,1.0,9.0,고부하,,
mcd_amp_rel_w1s,group_kfold_seg,4,FP,normal_430,1.0,4.0,고부하,,
mcd_amp_rel_w1s,group_kfold_seg,4,FP,normal_432,1.0,1.0,고부하,,
mcd_amp_rel_w1s,group_kfold_seg,4,FP,normal_469,1.0,6.0,고부하,,
ocsvm_amp_w1s,group_kfold_seg,4,FP,normal_144,1.0,9.0,고부하,,
ocsvm_amp_w1s,group_kfold_seg,4,FP,normal_192,1.0,9.0,저부하,,
ocsvm_amp_w1s,group_kfold_seg,4,FP,normal_328,1.0,9.0,고부하,,
ocsvm_amp_w1s,group_kfold_seg,4,FP,normal_582,1.0,9.0,저부하,,
ocsvm_amp_w1s,group_kfold_seg,4,FP,normal_588,1.0,7.0,저부하,,
ocsvm_amp_w1s,group_kfold_seg,4,FP,normal_95,1.0,9.0,고부하,,
ocsvm_amp_sine_w1s,group_kfold_seg,4,FP,normal_111,1.0,1.0,고부하,,
ocsvm_amp_sine_w1s,group_kfold_seg,4,FP,normal_144,1.0,9.0,고부하,,
ocsvm_amp_sine_w1s,group_kfold_seg,4,FP,normal_192,1.0,9.0,저부하,,
ocsvm_amp_sine_w1s,group_kfold_seg,4,FP,normal_208,1.0,1.0,고부하,,
ocsvm_amp_sine_w1s,group_kfold_seg,4,FP,normal_328,1.0,9.0,고부하,,
ocsvm_amp_sine_w1s,group_kfold_seg,4,FP,normal_496,1.0,1.0,저부하,,
ocsvm_amp_sine_w1s,group_kfold_seg,4,FP,normal_582,1.0,9.0,저부하,,
ocsvm_amp_sine_w1s,group_kfold_seg,4,FP,normal_588,1.0,7.0,저부하,,
ocsvm_amp_sine_w1s,group_kfold_seg,4,FP,normal_95,1.0,9.0,고부하,,
ocsvm_amp_shape_w1s,group_kfold_seg,4,FP,normal_144,1.0,9.0,고부하,,
ocsvm_amp_shape_w1s,group_kfold_seg,4,FP,normal_192,1.0,9.0,저부하,,
ocsvm_amp_shape_w1s,group_kfold_seg,4,FP,normal_328,1.0,9.0,고부하,,
ocsvm_amp_shape_w1s,group_kfold_seg,4,FP,normal_492,1.0,9.0,저부하,,
ocsvm_amp_shape_w1s,group_kfold_seg,4,FP,normal_582,1.0,9.0,저부하,,
ocsvm_amp_shape_w1s,group_kfold_seg,4,FP,normal_588,1.0,7.0,저부하,,
ocsvm_amp_shape_w1s,group_kfold_seg,4,FP,normal_91,1.0,6.0,저부하,,
ocsvm_amp_shape_w1s,group_kfold_seg,4,FP,normal_95,1.0,9.0,고부하,,
ocsvm_amp_rel_w1s,group_kfold_seg,4,FP,normal_111,1.0,1.0,고부하,,
ocsvm_amp_rel_w1s,group_kfold_seg,4,FP,normal_144,1.0,9.0,고부하,,
ocsvm_amp_rel_w1s,group_kfold_seg,4,FP,normal_192,1.0,9.0,저부하,,
ocsvm_amp_rel_w1s,group_kfold_seg,4,FP,normal_208,1.0,1.0,고부하,,
ocsvm_amp_rel_w1s,group_kfold_seg,4,FP,normal_328,1.0,9.0,고부하,,
ocsvm_amp_rel_w1s,group_kfold_seg,4,FP,normal_414,1.0,2.0,고부하,,
ocsvm_amp_rel_w1s,group_kfold_seg,4,FP,normal_432,1.0,1.0,고부하,,
ocsvm_amp_rel_w1s,group_kfold_seg,4,FP,normal_496,1.0,1.0,저부하,,
ocsvm_amp_rel_w1s,group_kfold_seg,4,FP,normal_582,1.0,9.0,저부하,,
ocsvm_amp_rel_w1s,group_kfold_seg,4,FP,normal_588,1.0,7.0,저부하,,
ocsvm_amp_rel_w1s,group_kfold_seg,4,FP,normal_72,1.0,9.0,저부하,,
ocsvm_amp_rel_w1s,group_kfold_seg,4,FP,normal_95,1.0,9.0,고부하,,
hbos_amp_w1s,group_kfold_seg,4,FP,normal_149,1.0,2.0,고부하,,
hbos_amp_w1s,group_kfold_seg,4,FP,normal_170,1.0,7.0,고부하,,
hbos_amp_w1s,group_kfold_seg,4,FP,normal_201,1.0,3.0,고부하,,
hbos_amp_w1s,group_kfold_seg,4,FP,normal_301,1.0,3.0,고부하,,
hbos_amp_w1s,group_kfold_seg,4,FP,normal_33,1.0,9.0,고부하,,
hbos_amp_w1s,group_kfold_seg,4,FP,normal_379,1.0,7.0,고부하,,
hbos_amp_w1s,group_kfold_seg,4,FP,normal_395,1.0,9.0,고부하,,
hbos_amp_sine_w1s,group_kfold_seg,4,FP,normal_149,1.0,2.0,고부하,,
hbos_amp_sine_w1s,group_kfold_seg,4,FP,normal_170,1.0,7.0,고부하,,
hbos_amp_sine_w1s,group_kfold_seg,4,FP,normal_271,1.0,9.0,고부하,,
hbos_amp_sine_w1s,group_kfold_seg,4,FP,normal_395,2.0,9.0,고부하,,
hbos_amp_sine_w1s,group_kfold_seg,4,FP,normal_95,1.0,9.0,고부하,,
hbos_amp_shape_w1s,group_kfold_seg,4,FP,normal_144,1.0,9.0,고부하,,
hbos_amp_shape_w1s,group_kfold_seg,4,FP,normal_149,1.0,2.0,고부하,,
hbos_amp_shape_w1s,group_kfold_seg,4,FP,normal_170,1.0,7.0,고부하,,
hbos_amp_shape_w1s,group_kfold_seg,4,FP,normal_223,1.0,7.0,저부하,,
hbos_amp_shape_w1s,group_kfold_seg,4,FP,normal_271,2.0,9.0,고부하,,
hbos_amp_shape_w1s,group_kfold_seg,4,FP,normal_301,1.0,3.0,고부하,,
hbos_amp_shape_w1s,group_kfold_seg,4,FP,normal_33,1.0,9.0,고부하,,
hbos_amp_shape_w1s,group_kfold_seg,4,FP,normal_538,1.0,6.0,저부하,,
hbos_amp_shape_w1s,group_kfold_seg,4,FP,normal_579,1.0,3.0,저부하,,
hbos_amp_shape_w1s,group_kfold_seg,4,FP,normal_96,1.0,6.0,저부하,,
hbos_amp_rel_w1s,group_kfold_seg,4,FP,normal_149,2.0,2.0,고부하,,
hbos_amp_rel_w1s,group_kfold_seg,4,FP,normal_170,1.0,7.0,고부하,,
hbos_amp_rel_w1s,group_kfold_seg,4,FP,normal_201,1.0,3.0,고부하,,
hbos_amp_rel_w1s,group_kfold_seg,4,FP,normal_301,1.0,3.0,고부하,,
hbos_amp_rel_w1s,group_kfold_seg,4,FP,normal_33,1.0,9.0,고부하,,
hbos_amp_rel_w1s,group_kfold_seg,4,FP,normal_379,1.0,7.0,고부하,,
hbos_amp_rel_w1s,group_kfold_seg,4,FP,normal_414,1.0,2.0,고부하,,
hbos_amp_rel_w1s,group_kfold_seg,4,FP,normal_432,1.0,1.0,고부하,,
hbos_amp_rel_w1s,group_kfold_seg,4,FP,normal_579,1.0,3.0,저부하,,
copod_amp_w1s,group_kfold_seg,4,FP,normal_170,1.0,7.0,고부하,,
copod_amp_w1s,group_kfold_seg,4,FP,normal_469,1.0,6.0,고부하,,
copod_amp_sine_w1s,group_kfold_seg,4,FP,normal_432,1.0,1.0,고부하,,
copod_amp_shape_w1s,group_kfold_seg,4,FP,normal_144,1.0,9.0,고부하,,
copod_amp_shape_w1s,group_kfold_seg,4,FP,normal_588,1.0,7.0,저부하,,
copod_amp_rel_w1s,group_kfold_seg,4,FP,normal_432,1.0,1.0,고부하,,
copod_amp_rel_w1s,group_kfold_seg,4,FP,normal_469,1.0,6.0,고부하,,
deep_svdd_w1s,group_kfold_seg,4,FP,normal_171,1.0,4.0,고부하,,
deep_svdd_w1s,group_kfold_seg,4,FP,normal_223,1.0,7.0,저부하,,
deep_svdd_w1s,group_kfold_seg,4,FP,normal_301,1.0,3.0,고부하,,
deep_svdd_w1s,group_kfold_seg,4,FP,normal_356,1.0,5.0,저부하,,
mcd_amp_w1s,time_block,1,FP,normal_120,1.0,9.0,저부하,,
mcd_amp_w1s,time_block,1,FP,normal_164,1.0,9.0,저부하,,
mcd_amp_w1s,time_block,1,FP,normal_230,1.0,5.0,저부하,,
mcd_amp_sine_w1s,time_block,1,FP,normal_120,1.0,9.0,저부하,,
mcd_amp_sine_w1s,time_block,1,FP,normal_164,1.0,9.0,저부하,,
mcd_amp_sine_w1s,time_block,1,FP,normal_173,1.0,1.0,고부하,,
mcd_amp_sine_w1s,time_block,1,FP,normal_208,1.0,1.0,고부하,,
mcd_amp_sine_w1s,time_block,1,FP,normal_215,1.0,1.0,저부하,,
mcd_amp_shape_w1s,time_block,1,FP,normal_120,1.0,9.0,저부하,,
mcd_amp_shape_w1s,time_block,1,FP,normal_164,1.0,9.0,저부하,,
mcd_amp_shape_w1s,time_block,1,FP,normal_215,1.0,1.0,저부하,,
mcd_amp_rel_w1s,time_block,1,FP,normal_139,1.0,6.0,저부하,,
mcd_amp_rel_w1s,time_block,1,FP,normal_159,1.0,9.0,저부하,,
ocsvm_amp_w1s,time_block,1,FP,normal_120,1.0,9.0,저부하,,
ocsvm_amp_w1s,time_block,1,FP,normal_121,1.0,7.0,저부하,,
ocsvm_amp_w1s,time_block,1,FP,normal_122,1.0,4.0,고부하,,
ocsvm_amp_w1s,time_block,1,FP,normal_126,1.0,9.0,저부하,,
ocsvm_amp_w1s,time_block,1,FP,normal_131,2.0,9.0,저부하,,
ocsvm_amp_w1s,time_block,1,FP,normal_144,1.0,9.0,고부하,,
ocsvm_amp_w1s,time_block,1,FP,normal_145,1.0,9.0,고부하,,
ocsvm_amp_w1s,time_block,1,FP,normal_146,1.0,7.0,저부하,,
ocsvm_amp_w1s,time_block,1,FP,normal_149,2.0,2.0,고부하,,
ocsvm_amp_w1s,time_block,1,FP,normal_154,1.0,8.0,저부하,,
ocsvm_amp_w1s,time_block,1,FP,normal_164,1.0,9.0,저부하,,
ocsvm_amp_w1s,time_block,1,FP,normal_170,1.0,7.0,고부하,,
ocsvm_amp_w1s,time_block,1,FP,normal_178,5.0,5.0,고부하,,
ocsvm_amp_w1s,time_block,1,FP,normal_189,1.0,6.0,고부하,,
ocsvm_amp_w1s,time_block,1,FP,normal_192,2.0,9.0,저부하,,
ocsvm_amp_w1s,time_block,1,FP,normal_193,2.0,9.0,고부하,,
ocsvm_amp_w1s,time_block,1,FP,normal_194,1.0,7.0,고부하,,
ocsvm_amp_w1s,time_block,1,FP,normal_198,1.0,9.0,고부하,,
ocsvm_amp_w1s,time_block,1,FP,normal_200,1.0,5.0,저부하,,
ocsvm_amp_w1s,time_block,1,FP,normal_201,1.0,3.0,고부하,,
ocsvm_amp_w1s,time_block,1,FP,normal_208,1.0,1.0,고부하,,
ocsvm_amp_w1s,time_block,1,FP,normal_210,1.0,9.0,저부하,,
ocsvm_amp_w1s,time_block,1,FP,normal_215,1.0,1.0,저부하,,
ocsvm_amp_w1s,time_block,1,FP,normal_216,2.0,9.0,고부하,,
ocsvm_amp_w1s,time_block,1,FP,normal_219,1.0,3.0,고부하,,
ocsvm_amp_w1s,time_block,1,FP,normal_223,1.0,7.0,저부하,,
ocsvm_amp_w1s,time_block,1,FP,normal_227,1.0,9.0,고부하,,
ocsvm_amp_w1s,time_block,1,FP,normal_229,1.0,7.0,고부하,,
ocsvm_amp_w1s,time_block,1,FP,normal_230,1.0,5.0,저부하,,
ocsvm_amp_w1s,time_block,1,FP,normal_233,1.0,9.0,저부하,,
ocsvm_amp_sine_w1s,time_block,1,FP,normal_120,1.0,9.0,저부하,,
ocsvm_amp_sine_w1s,time_block,1,FP,normal_122,1.0,4.0,고부하,,
ocsvm_amp_sine_w1s,time_block,1,FP,normal_126,1.0,9.0,저부하,,
ocsvm_amp_sine_w1s,time_block,1,FP,normal_131,2.0,9.0,저부하,,
ocsvm_amp_sine_w1s,time_block,1,FP,normal_146,1.0,7.0,저부하,,
ocsvm_amp_sine_w1s,time_block,1,FP,normal_149,1.0,2.0,고부하,,
ocsvm_amp_sine_w1s,time_block,1,FP,normal_164,1.0,9.0,저부하,,
ocsvm_amp_sine_w1s,time_block,1,FP,normal_170,1.0,7.0,고부하,,
ocsvm_amp_sine_w1s,time_block,1,FP,normal_173,1.0,1.0,고부하,,
ocsvm_amp_sine_w1s,time_block,1,FP,normal_178,5.0,5.0,고부하,,
ocsvm_amp_sine_w1s,time_block,1,FP,normal_188,1.0,9.0,고부하,,
ocsvm_amp_sine_w1s,time_block,1,FP,normal_189,1.0,6.0,고부하,,
ocsvm_amp_sine_w1s,time_block,1,FP,normal_191,1.0,1.0,고부하,,
ocsvm_amp_sine_w1s,time_block,1,FP,normal_192,2.0,9.0,저부하,,
ocsvm_amp_sine_w1s,time_block,1,FP,normal_194,1.0,7.0,고부하,,
ocsvm_amp_sine_w1s,time_block,1,FP,normal_201,1.0,3.0,고부하,,
ocsvm_amp_sine_w1s,time_block,1,FP,normal_208,1.0,1.0,고부하,,
ocsvm_amp_sine_w1s,time_block,1,FP,normal_215,1.0,1.0,저부하,,
ocsvm_amp_sine_w1s,time_block,1,FP,normal_216,2.0,9.0,고부하,,
ocsvm_amp_sine_w1s,time_block,1,FP,normal_223,1.0,7.0,저부하,,
ocsvm_amp_sine_w1s,time_block,1,FP,normal_225,2.0,2.0,고부하,,
ocsvm_amp_sine_w1s,time_block,1,FP,normal_227,1.0,9.0,고부하,,
ocsvm_amp_sine_w1s,time_block,1,FP,normal_229,1.0,7.0,고부하,,
ocsvm_amp_shape_w1s,time_block,1,FP,normal_120,3.0,9.0,저부하,,
ocsvm_amp_shape_w1s,time_block,1,FP,normal_121,1.0,7.0,저부하,,
ocsvm_amp_shape_w1s,time_block,1,FP,normal_122,1.0,4.0,고부하,,
ocsvm_amp_shape_w1s,time_block,1,FP,normal_126,1.0,9.0,저부하,,
ocsvm_amp_shape_w1s,time_block,1,FP,normal_131,2.0,9.0,저부하,,
ocsvm_amp_shape_w1s,time_block,1,FP,normal_137,1.0,8.0,저부하,,
ocsvm_amp_shape_w1s,time_block,1,FP,normal_145,2.0,9.0,고부하,,
ocsvm_amp_shape_w1s,time_block,1,FP,normal_146,1.0,7.0,저부하,,
ocsvm_amp_shape_w1s,time_block,1,FP,normal_148,1.0,4.0,저부하,,
ocsvm_amp_shape_w1s,time_block,1,FP,normal_149,1.0,2.0,고부하,,
ocsvm_amp_shape_w1s,time_block,1,FP,normal_154,1.0,8.0,저부하,,
ocsvm_amp_shape_w1s,time_block,1,FP,normal_164,1.0,9.0,저부하,,
ocsvm_amp_shape_w1s,time_block,1,FP,normal_170,1.0,7.0,고부하,,
ocsvm_amp_shape_w1s,time_block,1,FP,normal_172,1.0,4.0,고부하,,
ocsvm_amp_shape_w1s,time_block,1,FP,normal_178,5.0,5.0,고부하,,
ocsvm_amp_shape_w1s,time_block,1,FP,normal_182,1.0,8.0,저부하,,
ocsvm_amp_shape_w1s,time_block,1,FP,normal_189,1.0,6.0,고부하,,
ocsvm_amp_shape_w1s,time_block,1,FP,normal_190,1.0,4.0,저부하,,
ocsvm_amp_shape_w1s,time_block,1,FP,normal_192,2.0,9.0,저부하,,
ocsvm_amp_shape_w1s,time_block,1,FP,normal_193,2.0,9.0,고부하,,
ocsvm_amp_shape_w1s,time_block,1,FP,normal_194,1.0,7.0,고부하,,
ocsvm_amp_shape_w1s,time_block,1,FP,normal_200,1.0,5.0,저부하,,
ocsvm_amp_shape_w1s,time_block,1,FP,normal_201,1.0,3.0,고부하,,
ocsvm_amp_shape_w1s,time_block,1,FP,normal_208,1.0,1.0,고부하,,
ocsvm_amp_shape_w1s,time_block,1,FP,normal_210,1.0,9.0,저부하,,
ocsvm_amp_shape_w1s,time_block,1,FP,normal_215,1.0,1.0,저부하,,
ocsvm_amp_shape_w1s,time_block,1,FP,normal_216,2.0,9.0,고부하,,
ocsvm_amp_shape_w1s,time_block,1,FP,normal_219,1.0,3.0,고부하,,
ocsvm_amp_shape_w1s,time_block,1,FP,normal_223,1.0,7.0,저부하,,
ocsvm_amp_shape_w1s,time_block,1,FP,normal_227,1.0,9.0,고부하,,
ocsvm_amp_shape_w1s,time_block,1,FP,normal_229,1.0,7.0,고부하,,
ocsvm_amp_shape_w1s,time_block,1,FP,normal_230,1.0,5.0,저부하,,
ocsvm_amp_shape_w1s,time_block,1,FP,normal_233,1.0,9.0,저부하,,
ocsvm_amp_rel_w1s,time_block,1,FP,normal_120,3.0,9.0,저부하,,
ocsvm_amp_rel_w1s,time_block,1,FP,normal_121,1.0,7.0,저부하,,
ocsvm_amp_rel_w1s,time_block,1,FP,normal_122,1.0,4.0,고부하,,
ocsvm_amp_rel_w1s,time_block,1,FP,normal_126,1.0,9.0,저부하,,
ocsvm_amp_rel_w1s,time_block,1,FP,normal_131,2.0,9.0,저부하,,
ocsvm_amp_rel_w1s,time_block,1,FP,normal_137,1.0,8.0,저부하,,
ocsvm_amp_rel_w1s,time_block,1,FP,normal_139,1.0,6.0,저부하,,
ocsvm_amp_rel_w1s,time_block,1,FP,normal_141,1.0,1.0,저부하,,
ocsvm_amp_rel_w1s,time_block,1,FP,normal_144,1.0,9.0,고부하,,
ocsvm_amp_rel_w1s,time_block,1,FP,normal_145,1.0,9.0,고부하,,
ocsvm_amp_rel_w1s,time_block,1,FP,normal_146,1.0,7.0,저부하,,
ocsvm_amp_rel_w1s,time_block,1,FP,normal_148,1.0,4.0,저부하,,
ocsvm_amp_rel_w1s,time_block,1,FP,normal_149,2.0,2.0,고부하,,
ocsvm_amp_rel_w1s,time_block,1,FP,normal_154,1.0,8.0,저부하,,
ocsvm_amp_rel_w1s,time_block,1,FP,normal_159,2.0,9.0,저부하,,
ocsvm_amp_rel_w1s,time_block,1,FP,normal_160,1.0,6.0,고부하,,
ocsvm_amp_rel_w1s,time_block,1,FP,normal_162,1.0,1.0,저부하,,
ocsvm_amp_rel_w1s,time_block,1,FP,normal_164,1.0,9.0,저부하,,
ocsvm_amp_rel_w1s,time_block,1,FP,normal_165,1.0,7.0,고부하,,
ocsvm_amp_rel_w1s,time_block,1,FP,normal_167,2.0,2.0,저부하,,
ocsvm_amp_rel_w1s,time_block,1,FP,normal_170,2.0,7.0,고부하,,
ocsvm_amp_rel_w1s,time_block,1,FP,normal_173,1.0,1.0,고부하,,
ocsvm_amp_rel_w1s,time_block,1,FP,normal_178,5.0,5.0,고부하,,
ocsvm_amp_rel_w1s,time_block,1,FP,normal_188,1.0,9.0,고부하,,
ocsvm_amp_rel_w1s,time_block,1,FP,normal_189,1.0,6.0,고부하,,
ocsvm_amp_rel_w1s,time_block,1,FP,normal_192,2.0,9.0,저부하,,
ocsvm_amp_rel_w1s,time_block,1,FP,normal_193,4.0,9.0,고부하,,
ocsvm_amp_rel_w1s,time_block,1,FP,normal_194,1.0,7.0,고부하,,
ocsvm_amp_rel_w1s,time_block,1,FP,normal_198,3.0,9.0,고부하,,
ocsvm_amp_rel_w1s,time_block,1,FP,normal_201,1.0,3.0,고부하,,
ocsvm_amp_rel_w1s,time_block,1,FP,normal_208,1.0,1.0,고부하,,
ocsvm_amp_rel_w1s,time_block,1,FP,normal_210,1.0,9.0,저부하,,
ocsvm_amp_rel_w1s,time_block,1,FP,normal_215,1.0,1.0,저부하,,
ocsvm_amp_rel_w1s,time_block,1,FP,normal_216,2.0,9.0,고부하,,
ocsvm_amp_rel_w1s,time_block,1,FP,normal_219,1.0,3.0,고부하,,
ocsvm_amp_rel_w1s,time_block,1,FP,normal_223,1.0,7.0,저부하,,
ocsvm_amp_rel_w1s,time_block,1,FP,normal_225,1.0,2.0,고부하,,
ocsvm_amp_rel_w1s,time_block,1,FP,normal_227,3.0,9.0,고부하,,
ocsvm_amp_rel_w1s,time_block,1,FP,normal_228,2.0,9.0,고부하,,
ocsvm_amp_rel_w1s,time_block,1,FP,normal_229,1.0,7.0,고부하,,
ocsvm_amp_rel_w1s,time_block,1,FP,normal_233,1.0,9.0,저부하,,
ocsvm_amp_rel_w1s,time_block,1,FP,normal_235,1.0,7.0,고부하,,
hbos_amp_w1s,time_block,1,FP,normal_120,1.0,9.0,저부하,,
hbos_amp_w1s,time_block,1,FP,normal_122,2.0,4.0,고부하,,
hbos_amp_w1s,time_block,1,FP,normal_140,1.0,3.0,고부하,,
hbos_amp_w1s,time_block,1,FP,normal_146,1.0,7.0,저부하,,
hbos_amp_w1s,time_block,1,FP,normal_155,1.0,5.0,고부하,,
hbos_amp_w1s,time_block,1,FP,normal_170,1.0,7.0,고부하,,
hbos_amp_w1s,time_block,1,FP,normal_188,1.0,9.0,고부하,,
hbos_amp_w1s,time_block,1,FP,normal_193,1.0,9.0,고부하,,
hbos_amp_w1s,time_block,1,FP,normal_201,1.0,3.0,고부하,,
hbos_amp_sine_w1s,time_block,1,FP,normal_120,1.0,9.0,저부하,,
hbos_amp_sine_w1s,time_block,1,FP,normal_122,2.0,4.0,고부하,,
hbos_amp_sine_w1s,time_block,1,FP,normal_131,1.0,9.0,저부하,,
hbos_amp_sine_w1s,time_block,1,FP,normal_140,1.0,3.0,고부하,,
hbos_amp_sine_w1s,time_block,1,FP,normal_149,1.0,2.0,고부하,,
hbos_amp_sine_w1s,time_block,1,FP,normal_155,1.0,5.0,고부하,,
hbos_amp_sine_w1s,time_block,1,FP,normal_170,1.0,7.0,고부하,,
hbos_amp_sine_w1s,time_block,1,FP,normal_181,2.0,9.0,고부하,,
hbos_amp_sine_w1s,time_block,1,FP,normal_188,1.0,9.0,고부하,,
hbos_amp_sine_w1s,time_block,1,FP,normal_193,2.0,9.0,고부하,,
hbos_amp_sine_w1s,time_block,1,FP,normal_201,1.0,3.0,고부하,,
hbos_amp_sine_w1s,time_block,1,FP,normal_229,1.0,7.0,고부하,,
hbos_amp_shape_w1s,time_block,1,FP,normal_120,1.0,9.0,저부하,,
hbos_amp_shape_w1s,time_block,1,FP,normal_122,1.0,4.0,고부하,,
hbos_amp_shape_w1s,time_block,1,FP,normal_131,2.0,9.0,저부하,,
hbos_amp_shape_w1s,time_block,1,FP,normal_140,1.0,3.0,고부하,,
hbos_amp_shape_w1s,time_block,1,FP,normal_146,1.0,7.0,저부하,,
hbos_amp_shape_w1s,time_block,1,FP,normal_149,1.0,2.0,고부하,,
hbos_amp_shape_w1s,time_block,1,FP,normal_170,1.0,7.0,고부하,,
hbos_amp_shape_w1s,time_block,1,FP,normal_193,1.0,9.0,고부하,,
hbos_amp_shape_w1s,time_block,1,FP,normal_210,1.0,9.0,저부하,,
hbos_amp_shape_w1s,time_block,1,FP,normal_218,1.0,6.0,저부하,,
hbos_amp_shape_w1s,time_block,1,FP,normal_223,1.0,7.0,저부하,,
hbos_amp_shape_w1s,time_block,1,FP,normal_229,1.0,7.0,고부하,,
hbos_amp_shape_w1s,time_block,1,FP,normal_233,1.0,9.0,저부하,,
hbos_amp_shape_w1s,time_block,1,FN,outlier_19,,,,정상 유사,확실 이상
hbos_amp_rel_w1s,time_block,1,FP,normal_120,1.0,9.0,저부하,,
hbos_amp_rel_w1s,time_block,1,FP,normal_122,2.0,4.0,고부하,,
hbos_amp_rel_w1s,time_block,1,FP,normal_140,1.0,3.0,고부하,,
hbos_amp_rel_w1s,time_block,1,FP,normal_146,1.0,7.0,저부하,,
hbos_amp_rel_w1s,time_block,1,FP,normal_149,2.0,2.0,고부하,,
hbos_amp_rel_w1s,time_block,1,FP,normal_155,1.0,5.0,고부하,,
hbos_amp_rel_w1s,time_block,1,FP,normal_170,1.0,7.0,고부하,,
hbos_amp_rel_w1s,time_block,1,FP,normal_178,2.0,5.0,고부하,,
hbos_amp_rel_w1s,time_block,1,FP,normal_188,1.0,9.0,고부하,,
hbos_amp_rel_w1s,time_block,1,FP,normal_193,1.0,9.0,고부하,,
hbos_amp_rel_w1s,time_block,1,FP,normal_201,1.0,3.0,고부하,,
hbos_amp_rel_w1s,time_block,1,FP,normal_218,1.0,6.0,저부하,,
copod_amp_w1s,time_block,1,FN,outlier_3,,,,정상 유사,경계
copod_amp_w1s,time_block,1,FN,outlier_19,,,,정상 유사,확실 이상
copod_amp_sine_w1s,time_block,1,FN,outlier_19,,,,정상 유사,확실 이상
copod_amp_shape_w1s,time_block,1,FP,normal_120,1.0,9.0,저부하,,
copod_amp_shape_w1s,time_block,1,FP,normal_164,1.0,9.0,저부하,,
copod_amp_shape_w1s,time_block,1,FN,outlier_4,,,,확실 이상,경계
copod_amp_shape_w1s,time_block,1,FN,outlier_19,,,,정상 유사,확실 이상
copod_amp_rel_w1s,time_block,1,FN,outlier_19,,,,정상 유사,확실 이상
deep_svdd_w1s,time_block,1,FP,normal_120,1.0,9.0,저부하,,
deep_svdd_w1s,time_block,1,FP,normal_121,1.0,7.0,저부하,,
deep_svdd_w1s,time_block,1,FP,normal_122,1.0,4.0,고부하,,
deep_svdd_w1s,time_block,1,FP,normal_125,1.0,9.0,고부하,,
deep_svdd_w1s,time_block,1,FP,normal_144,1.0,9.0,고부하,,
deep_svdd_w1s,time_block,1,FP,normal_165,1.0,7.0,고부하,,
deep_svdd_w1s,time_block,1,FP,normal_178,2.0,5.0,고부하,,
deep_svdd_w1s,time_block,1,FP,normal_218,1.0,6.0,저부하,,
deep_svdd_w1s,time_block,1,FP,normal_235,1.0,7.0,고부하,,
mcd_amp_w1s,time_block,2,FP,normal_303,1.0,9.0,고부하,,
mcd_amp_w1s,time_block,2,FP,normal_310,2.0,9.0,고부하,,
mcd_amp_w1s,time_block,2,FP,normal_323,1.0,9.0,저부하,,
mcd_amp_w1s,time_block,2,FP,normal_335,1.0,8.0,저부하,,
mcd_amp_sine_w1s,time_block,2,FP,normal_323,1.0,9.0,저부하,,
mcd_amp_sine_w1s,time_block,2,FP,normal_332,1.0,1.0,고부하,,
mcd_amp_shape_w1s,time_block,2,FP,normal_303,1.0,9.0,고부하,,
mcd_amp_shape_w1s,time_block,2,FP,normal_310,2.0,9.0,고부하,,
mcd_amp_shape_w1s,time_block,2,FP,normal_323,1.0,9.0,저부하,,
mcd_amp_rel_w1s,time_block,2,FP,normal_282,1.0,5.0,저부하,,
mcd_amp_rel_w1s,time_block,2,FP,normal_353,1.0,9.0,저부하,,
ocsvm_amp_w1s,time_block,2,FP,normal_242,1.0,4.0,고부하,,
ocsvm_amp_w1s,time_block,2,FP,normal_251,2.0,9.0,고부하,,
ocsvm_amp_w1s,time_block,2,FP,normal_252,1.0,9.0,저부하,,
ocsvm_amp_w1s,time_block,2,FP,normal_254,1.0,4.0,고부하,,
ocsvm_amp_w1s,time_block,2,FP,normal_274,1.0,9.0,저부하,,
ocsvm_amp_w1s,time_block,2,FP,normal_276,1.0,5.0,고부하,,
ocsvm_amp_w1s,time_block,2,FP,normal_285,3.0,9.0,저부하,,
ocsvm_amp_w1s,time_block,2,FP,normal_294,1.0,7.0,저부하,,
ocsvm_amp_w1s,time_block,2,FP,normal_303,3.0,9.0,고부하,,
ocsvm_amp_w1s,time_block,2,FP,normal_310,1.0,9.0,고부하,,
ocsvm_amp_w1s,time_block,2,FP,normal_316,1.0,9.0,고부하,,
ocsvm_amp_w1s,time_block,2,FP,normal_318,1.0,5.0,저부하,,
ocsvm_amp_w1s,time_block,2,FP,normal_323,1.0,9.0,저부하,,
ocsvm_amp_w1s,time_block,2,FP,normal_328,1.0,9.0,고부하,,
ocsvm_amp_w1s,time_block,2,FP,normal_342,1.0,8.0,고부하,,
ocsvm_amp_sine_w1s,time_block,2,FP,normal_276,1.0,5.0,고부하,,
ocsvm_amp_sine_w1s,time_block,2,FP,normal_285,3.0,9.0,저부하,,
ocsvm_amp_sine_w1s,time_block,2,FP,normal_303,3.0,9.0,고부하,,
ocsvm_amp_sine_w1s,time_block,2,FP,normal_310,1.0,9.0,고부하,,
ocsvm_amp_sine_w1s,time_block,2,FP,normal_316,1.0,9.0,고부하,,
ocsvm_amp_sine_w1s,time_block,2,FP,normal_318,1.0,5.0,저부하,,
ocsvm_amp_sine_w1s,time_block,2,FP,normal_323,1.0,9.0,저부하,,
ocsvm_amp_sine_w1s,time_block,2,FP,normal_328,1.0,9.0,고부하,,
ocsvm_amp_sine_w1s,time_block,2,FP,normal_332,1.0,1.0,고부하,,
ocsvm_amp_sine_w1s,time_block,2,FP,normal_342,1.0,8.0,고부하,,
ocsvm_amp_shape_w1s,time_block,2,FP,normal_242,1.0,4.0,고부하,,
ocsvm_amp_shape_w1s,time_block,2,FP,normal_247,1.0,9.0,저부하,,
ocsvm_amp_shape_w1s,time_block,2,FP,normal_251,2.0,9.0,고부하,,
ocsvm_amp_shape_w1s,time_block,2,FP,normal_252,1.0,9.0,저부하,,
ocsvm_amp_shape_w1s,time_block,2,FP,normal_254,1.0,4.0,고부하,,
ocsvm_amp_shape_w1s,time_block,2,FP,normal_274,1.0,9.0,저부하,,
ocsvm_amp_shape_w1s,time_block,2,FP,normal_276,1.0,5.0,고부하,,
ocsvm_amp_shape_w1s,time_block,2,FP,normal_285,3.0,9.0,저부하,,
ocsvm_amp_shape_w1s,time_block,2,FP,normal_294,2.0,7.0,저부하,,
ocsvm_amp_shape_w1s,time_block,2,FP,normal_303,3.0,9.0,고부하,,
ocsvm_amp_shape_w1s,time_block,2,FP,normal_310,1.0,9.0,고부하,,
ocsvm_amp_shape_w1s,time_block,2,FP,normal_317,1.0,7.0,고부하,,
ocsvm_amp_shape_w1s,time_block,2,FP,normal_318,1.0,5.0,저부하,,
ocsvm_amp_shape_w1s,time_block,2,FP,normal_323,1.0,9.0,저부하,,
ocsvm_amp_shape_w1s,time_block,2,FP,normal_328,1.0,9.0,고부하,,
ocsvm_amp_shape_w1s,time_block,2,FP,normal_334,1.0,9.0,고부하,,
ocsvm_amp_shape_w1s,time_block,2,FP,normal_341,1.0,9.0,저부하,,
ocsvm_amp_shape_w1s,time_block,2,FP,normal_342,1.0,8.0,고부하,,
ocsvm_amp_shape_w1s,time_block,2,FP,normal_359,1.0,9.0,고부하,,
ocsvm_amp_rel_w1s,time_block,2,FP,normal_242,1.0,4.0,고부하,,
ocsvm_amp_rel_w1s,time_block,2,FP,normal_251,1.0,9.0,고부하,,
ocsvm_amp_rel_w1s,time_block,2,FP,normal_252,1.0,9.0,저부하,,
ocsvm_amp_rel_w1s,time_block,2,FP,normal_254,2.0,4.0,고부하,,
ocsvm_amp_rel_w1s,time_block,2,FP,normal_276,1.0,5.0,고부하,,
ocsvm_amp_rel_w1s,time_block,2,FP,normal_282,1.0,5.0,저부하,,
ocsvm_amp_rel_w1s,time_block,2,FP,normal_284,1.0,1.0,저부하,,
ocsvm_amp_rel_w1s,time_block,2,FP,normal_285,3.0,9.0,저부하,,
ocsvm_amp_rel_w1s,time_block,2,FP,normal_303,2.0,9.0,고부하,,
ocsvm_amp_rel_w1s,time_block,2,FP,normal_310,1.0,9.0,고부하,,
ocsvm_amp_rel_w1s,time_block,2,FP,normal_316,1.0,9.0,고부하,,
ocsvm_amp_rel_w1s,time_block,2,FP,normal_318,1.0,5.0,저부하,,
ocsvm_amp_rel_w1s,time_block,2,FP,normal_323,1.0,9.0,저부하,,
ocsvm_amp_rel_w1s,time_block,2,FP,normal_328,1.0,9.0,고부하,,
ocsvm_amp_rel_w1s,time_block,2,FP,normal_332,1.0,1.0,고부하,,
ocsvm_amp_rel_w1s,time_block,2,FP,normal_353,1.0,9.0,저부하,,
hbos_amp_w1s,time_block,2,FP,normal_283,1.0,3.0,고부하,,
hbos_amp_w1s,time_block,2,FP,normal_303,1.0,9.0,고부하,,
hbos_amp_w1s,time_block,2,FP,normal_306,1.0,6.0,저부하,,
hbos_amp_w1s,time_block,2,FP,normal_310,3.0,9.0,고부하,,
hbos_amp_w1s,time_block,2,FP,normal_334,1.0,9.0,고부하,,
hbos_amp_w1s,time_block,2,FP,normal_342,2.0,8.0,고부하,,
hbos_amp_w1s,time_block,2,FP,normal_348,1.0,9.0,고부하,,
hbos_amp_w1s,time_block,2,FP,normal_351,1.0,2.0,고부하,,
hbos_amp_w1s,time_block,2,FP,normal_354,1.0,9.0,고부하,,
hbos_amp_w1s,time_block,2,FN,outlier_19,,,,정상 유사,확실 이상
hbos_amp_sine_w1s,time_block,2,FP,normal_276,1.0,5.0,고부하,,
hbos_amp_sine_w1s,time_block,2,FP,normal_283,1.0,3.0,고부하,,
hbos_amp_sine_w1s,time_block,2,FP,normal_303,1.0,9.0,고부하,,
hbos_amp_sine_w1s,time_block,2,FP,normal_306,1.0,6.0,저부하,,
hbos_amp_sine_w1s,time_block,2,FP,normal_310,3.0,9.0,고부하,,
hbos_amp_sine_w1s,time_block,2,FP,normal_334,1.0,9.0,고부하,,
hbos_amp_sine_w1s,time_block,2,FP,normal_342,2.0,8.0,고부하,,
hbos_amp_sine_w1s,time_block,2,FP,normal_348,1.0,9.0,고부하,,
hbos_amp_sine_w1s,time_block,2,FP,normal_351,1.0,2.0,고부하,,
hbos_amp_sine_w1s,time_block,2,FP,normal_354,1.0,9.0,고부하,,
hbos_amp_shape_w1s,time_block,2,FP,normal_242,1.0,4.0,고부하,,
hbos_amp_shape_w1s,time_block,2,FP,normal_251,1.0,9.0,고부하,,
hbos_amp_shape_w1s,time_block,2,FP,normal_252,1.0,9.0,저부하,,
hbos_amp_shape_w1s,time_block,2,FP,normal_254,1.0,4.0,고부하,,
hbos_amp_shape_w1s,time_block,2,FP,normal_271,1.0,9.0,고부하,,
hbos_amp_shape_w1s,time_block,2,FP,normal_274,1.0,9.0,저부하,,
hbos_amp_shape_w1s,time_block,2,FP,normal_285,1.0,9.0,저부하,,
hbos_amp_shape_w1s,time_block,2,FP,normal_294,1.0,7.0,저부하,,
hbos_amp_shape_w1s,time_block,2,FP,normal_303,1.0,9.0,고부하,,
hbos_amp_shape_w1s,time_block,2,FP,normal_306,1.0,6.0,저부하,,
hbos_amp_shape_w1s,time_block,2,FP,normal_318,1.0,5.0,저부하,,
hbos_amp_shape_w1s,time_block,2,FP,normal_330,1.0,7.0,저부하,,
hbos_amp_shape_w1s,time_block,2,FP,normal_334,1.0,9.0,고부하,,
hbos_amp_shape_w1s,time_block,2,FN,outlier_19,,,,정상 유사,확실 이상
hbos_amp_rel_w1s,time_block,2,FP,normal_283,1.0,3.0,고부하,,
hbos_amp_rel_w1s,time_block,2,FP,normal_306,1.0,6.0,저부하,,
hbos_amp_rel_w1s,time_block,2,FP,normal_334,1.0,9.0,고부하,,
hbos_amp_rel_w1s,time_block,2,FP,normal_348,1.0,9.0,고부하,,
hbos_amp_rel_w1s,time_block,2,FP,normal_351,1.0,2.0,고부하,,
hbos_amp_rel_w1s,time_block,2,FP,normal_354,1.0,9.0,고부하,,
copod_amp_w1s,time_block,2,FP,normal_276,1.0,5.0,고부하,,
copod_amp_w1s,time_block,2,FP,normal_283,1.0,3.0,고부하,,
copod_amp_w1s,time_block,2,FP,normal_303,1.0,9.0,고부하,,
copod_amp_w1s,time_block,2,FP,normal_310,1.0,9.0,고부하,,
copod_amp_w1s,time_block,2,FP,normal_348,1.0,9.0,고부하,,
copod_amp_w1s,time_block,2,FP,normal_351,1.0,2.0,고부하,,
copod_amp_w1s,time_block,2,FN,outlier_19,,,,정상 유사,확실 이상
copod_amp_sine_w1s,time_block,2,FP,normal_283,1.0,3.0,고부하,,
copod_amp_sine_w1s,time_block,2,FP,normal_303,1.0,9.0,고부하,,
copod_amp_sine_w1s,time_block,2,FP,normal_310,1.0,9.0,고부하,,
copod_amp_sine_w1s,time_block,2,FP,normal_323,1.0,9.0,저부하,,
copod_amp_sine_w1s,time_block,2,FP,normal_342,1.0,8.0,고부하,,
copod_amp_sine_w1s,time_block,2,FP,normal_348,1.0,9.0,고부하,,
copod_amp_sine_w1s,time_block,2,FP,normal_351,1.0,2.0,고부하,,
copod_amp_sine_w1s,time_block,2,FN,outlier_19,,,,정상 유사,확실 이상
copod_amp_shape_w1s,time_block,2,FP,normal_276,1.0,5.0,고부하,,
copod_amp_shape_w1s,time_block,2,FP,normal_303,1.0,9.0,고부하,,
copod_amp_shape_w1s,time_block,2,FP,normal_323,1.0,9.0,저부하,,
copod_amp_shape_w1s,time_block,2,FP,normal_351,1.0,2.0,고부하,,
copod_amp_shape_w1s,time_block,2,FN,outlier_4,,,,확실 이상,경계
copod_amp_shape_w1s,time_block,2,FN,outlier_19,,,,정상 유사,확실 이상
copod_amp_rel_w1s,time_block,2,FP,normal_276,1.0,5.0,고부하,,
copod_amp_rel_w1s,time_block,2,FP,normal_283,1.0,3.0,고부하,,
copod_amp_rel_w1s,time_block,2,FP,normal_303,1.0,9.0,고부하,,
copod_amp_rel_w1s,time_block,2,FP,normal_310,1.0,9.0,고부하,,
copod_amp_rel_w1s,time_block,2,FP,normal_348,1.0,9.0,고부하,,
copod_amp_rel_w1s,time_block,2,FP,normal_351,1.0,2.0,고부하,,
copod_amp_rel_w1s,time_block,2,FN,outlier_19,,,,정상 유사,확실 이상
deep_svdd_w1s,time_block,2,FP,normal_258,1.0,8.0,고부하,,
deep_svdd_w1s,time_block,2,FP,normal_283,1.0,3.0,고부하,,
deep_svdd_w1s,time_block,2,FP,normal_289,1.0,3.0,고부하,,
deep_svdd_w1s,time_block,2,FP,normal_301,1.0,3.0,고부하,,
deep_svdd_w1s,time_block,2,FP,normal_306,1.0,6.0,저부하,,
deep_svdd_w1s,time_block,2,FP,normal_356,4.0,5.0,저부하,,
mcd_amp_w1s,time_block,3,FP,normal_365,1.0,9.0,저부하,,
mcd_amp_w1s,time_block,3,FP,normal_371,1.0,9.0,저부하,,
mcd_amp_w1s,time_block,3,FP,normal_421,1.0,1.0,저부하,,
mcd_amp_w1s,time_block,3,FP,normal_422,2.0,9.0,고부하,,
mcd_amp_w1s,time_block,3,FP,normal_429,1.0,6.0,저부하,,
mcd_amp_w1s,time_block,3,FP,normal_437,1.0,1.0,저부하,,
mcd_amp_w1s,time_block,3,FP,normal_475,1.0,4.0,저부하,,
mcd_amp_sine_w1s,time_block,3,FP,normal_365,1.0,9.0,저부하,,
mcd_amp_sine_w1s,time_block,3,FP,normal_371,1.0,9.0,저부하,,
mcd_amp_sine_w1s,time_block,3,FP,normal_393,1.0,1.0,고부하,,
mcd_amp_sine_w1s,time_block,3,FP,normal_404,1.0,1.0,저부하,,
mcd_amp_sine_w1s,time_block,3,FP,normal_409,1.0,1.0,고부하,,
mcd_amp_sine_w1s,time_block,3,FP,normal_421,1.0,1.0,저부하,,
mcd_amp_sine_w1s,time_block,3,FP,normal_426,1.0,1.0,저부하,,
mcd_amp_sine_w1s,time_block,3,FP,normal_432,1.0,1.0,고부하,,
mcd_amp_sine_w1s,time_block,3,FP,normal_437,1.0,1.0,저부하,,
mcd_amp_sine_w1s,time_block,3,FP,normal_453,1.0,1.0,고부하,,
mcd_amp_sine_w1s,time_block,3,FP,normal_471,1.0,1.0,저부하,,
mcd_amp_sine_w1s,time_block,3,FP,normal_475,1.0,4.0,저부하,,
mcd_amp_shape_w1s,time_block,3,FP,normal_371,1.0,9.0,저부하,,
mcd_amp_shape_w1s,time_block,3,FP,normal_421,1.0,1.0,저부하,,
mcd_amp_shape_w1s,time_block,3,FP,normal_422,2.0,9.0,고부하,,
mcd_amp_shape_w1s,time_block,3,FP,normal_429,1.0,6.0,저부하,,
mcd_amp_shape_w1s,time_block,3,FP,normal_437,1.0,1.0,저부하,,
mcd_amp_shape_w1s,time_block,3,FP,normal_475,1.0,4.0,저부하,,
mcd_amp_rel_w1s,time_block,3,FP,normal_360,1.0,9.0,저부하,,
ocsvm_amp_w1s,time_block,3,FP,normal_371,1.0,9.0,저부하,,
ocsvm_amp_w1s,time_block,3,FP,normal_386,1.0,4.0,고부하,,
ocsvm_amp_w1s,time_block,3,FP,normal_421,1.0,1.0,저부하,,
ocsvm_amp_w1s,time_block,3,FP,normal_422,2.0,9.0,고부하,,
ocsvm_amp_w1s,time_block,3,FP,normal_429,1.0,6.0,저부하,,
ocsvm_amp_w1s,time_block,3,FP,normal_437,1.0,1.0,저부하,,
ocsvm_amp_w1s,time_block,3,FP,normal_460,2.0,9.0,고부하,,
ocsvm_amp_w1s,time_block,3,FP,normal_472,1.0,9.0,저부하,,
ocsvm_amp_w1s,time_block,3,FP,normal_475,1.0,4.0,저부하,,
ocsvm_amp_sine_w1s,time_block,3,FP,normal_371,1.0,9.0,저부하,,
ocsvm_amp_sine_w1s,time_block,3,FP,normal_393,1.0,1.0,고부하,,
ocsvm_amp_sine_w1s,time_block,3,FP,normal_404,1.0,1.0,저부하,,
ocsvm_amp_sine_w1s,time_block,3,FP,normal_409,1.0,1.0,고부하,,
ocsvm_amp_sine_w1s,time_block,3,FP,normal_414,2.0,2.0,고부하,,
ocsvm_amp_sine_w1s,time_block,3,FP,normal_421,1.0,1.0,저부하,,
ocsvm_amp_sine_w1s,time_block,3,FP,normal_422,3.0,9.0,고부하,,
ocsvm_amp_sine_w1s,time_block,3,FP,normal_426,1.0,1.0,저부하,,
ocsvm_amp_sine_w1s,time_block,3,FP,normal_429,1.0,6.0,저부하,,
ocsvm_amp_sine_w1s,time_block,3,FP,normal_432,1.0,1.0,고부하,,
ocsvm_amp_sine_w1s,time_block,3,FP,normal_437,1.0,1.0,저부하,,
ocsvm_amp_sine_w1s,time_block,3,FP,normal_445,4.0,7.0,고부하,,
ocsvm_amp_sine_w1s,time_block,3,FP,normal_453,1.0,1.0,고부하,,
ocsvm_amp_sine_w1s,time_block,3,FP,normal_460,2.0,9.0,고부하,,
ocsvm_amp_sine_w1s,time_block,3,FP,normal_471,1.0,1.0,저부하,,
ocsvm_amp_sine_w1s,time_block,3,FP,normal_472,1.0,9.0,저부하,,
ocsvm_amp_sine_w1s,time_block,3,FP,normal_475,1.0,4.0,저부하,,
ocsvm_amp_shape_w1s,time_block,3,FP,normal_360,1.0,9.0,저부하,,
ocsvm_amp_shape_w1s,time_block,3,FP,normal_371,2.0,9.0,저부하,,
ocsvm_amp_shape_w1s,time_block,3,FP,normal_386,1.0,4.0,고부하,,
ocsvm_amp_shape_w1s,time_block,3,FP,normal_421,1.0,1.0,저부하,,
ocsvm_amp_shape_w1s,time_block,3,FP,normal_422,3.0,9.0,고부하,,
ocsvm_amp_shape_w1s,time_block,3,FP,normal_427,1.0,9.0,고부하,,
ocsvm_amp_shape_w1s,time_block,3,FP,normal_429,1.0,6.0,저부하,,
ocsvm_amp_shape_w1s,time_block,3,FP,normal_437,1.0,1.0,저부하,,
ocsvm_amp_shape_w1s,time_block,3,FP,normal_460,2.0,9.0,고부하,,
ocsvm_amp_shape_w1s,time_block,3,FP,normal_472,2.0,9.0,저부하,,
ocsvm_amp_shape_w1s,time_block,3,FP,normal_475,1.0,4.0,저부하,,
ocsvm_amp_rel_w1s,time_block,3,FP,normal_371,1.0,9.0,저부하,,
ocsvm_amp_rel_w1s,time_block,3,FP,normal_381,1.0,1.0,저부하,,
ocsvm_amp_rel_w1s,time_block,3,FP,normal_386,1.0,4.0,고부하,,
ocsvm_amp_rel_w1s,time_block,3,FP,normal_393,1.0,1.0,고부하,,
ocsvm_amp_rel_w1s,time_block,3,FP,normal_409,1.0,1.0,고부하,,
ocsvm_amp_rel_w1s,time_block,3,FP,normal_414,2.0,2.0,고부하,,
ocsvm_amp_rel_w1s,time_block,3,FP,normal_421,1.0,1.0,저부하,,
ocsvm_amp_rel_w1s,time_block,3,FP,normal_422,1.0,9.0,고부하,,
ocsvm_amp_rel_w1s,time_block,3,FP,normal_429,1.0,6.0,저부하,,
ocsvm_amp_rel_w1s,time_block,3,FP,normal_432,1.0,1.0,고부하,,
ocsvm_amp_rel_w1s,time_block,3,FP,normal_437,1.0,1.0,저부하,,
ocsvm_amp_rel_w1s,time_block,3,FP,normal_460,2.0,9.0,고부하,,
ocsvm_amp_rel_w1s,time_block,3,FP,normal_472,1.0,9.0,저부하,,
ocsvm_amp_rel_w1s,time_block,3,FP,normal_475,1.0,4.0,저부하,,
hbos_amp_w1s,time_block,3,FP,normal_368,1.0,4.0,저부하,,
hbos_amp_w1s,time_block,3,FP,normal_379,1.0,7.0,고부하,,
hbos_amp_w1s,time_block,3,FP,normal_386,2.0,4.0,고부하,,
hbos_amp_w1s,time_block,3,FP,normal_396,1.0,7.0,저부하,,
hbos_amp_w1s,time_block,3,FP,normal_422,3.0,9.0,고부하,,
hbos_amp_w1s,time_block,3,FP,normal_439,1.0,8.0,저부하,,
hbos_amp_w1s,time_block,3,FP,normal_460,2.0,9.0,고부하,,
hbos_amp_w1s,time_block,3,FP,normal_472,3.0,9.0,저부하,,
hbos_amp_sine_w1s,time_block,3,FP,normal_368,1.0,4.0,저부하,,
hbos_amp_sine_w1s,time_block,3,FP,normal_379,1.0,7.0,고부하,,
hbos_amp_sine_w1s,time_block,3,FP,normal_386,2.0,4.0,고부하,,
hbos_amp_sine_w1s,time_block,3,FP,normal_395,2.0,9.0,고부하,,
hbos_amp_sine_w1s,time_block,3,FP,normal_421,1.0,1.0,저부하,,
hbos_amp_sine_w1s,time_block,3,FP,normal_422,1.0,9.0,고부하,,
hbos_amp_sine_w1s,time_block,3,FP,normal_432,1.0,1.0,고부하,,
hbos_amp_sine_w1s,time_block,3,FP,normal_439,1.0,8.0,저부하,,
hbos_amp_sine_w1s,time_block,3,FP,normal_445,1.0,7.0,고부하,,
hbos_amp_sine_w1s,time_block,3,FP,normal_460,1.0,9.0,고부하,,
hbos_amp_sine_w1s,time_block,3,FP,normal_472,1.0,9.0,저부하,,
hbos_amp_shape_w1s,time_block,3,FP,normal_368,2.0,4.0,저부하,,
hbos_amp_shape_w1s,time_block,3,FP,normal_386,1.0,4.0,고부하,,
hbos_amp_shape_w1s,time_block,3,FP,normal_390,1.0,9.0,고부하,,
hbos_amp_shape_w1s,time_block,3,FP,normal_391,1.0,6.0,저부하,,
hbos_amp_shape_w1s,time_block,3,FP,normal_427,1.0,9.0,고부하,,
hbos_amp_shape_w1s,time_block,3,FP,normal_439,1.0,8.0,저부하,,
hbos_amp_shape_w1s,time_block,3,FP,normal_460,1.0,9.0,고부하,,
hbos_amp_shape_w1s,time_block,3,FP,normal_472,5.0,9.0,저부하,,
hbos_amp_shape_w1s,time_block,3,FP,normal_475,1.0,4.0,저부하,,
hbos_amp_shape_w1s,time_block,3,FN,outlier_19,,,,정상 유사,확실 이상
hbos_amp_rel_w1s,time_block,3,FP,normal_368,1.0,4.0,저부하,,
hbos_amp_rel_w1s,time_block,3,FP,normal_379,1.0,7.0,고부하,,
hbos_amp_rel_w1s,time_block,3,FP,normal_386,2.0,4.0,고부하,,
hbos_amp_rel_w1s,time_block,3,FP,normal_396,1.0,7.0,저부하,,
hbos_amp_rel_w1s,time_block,3,FP,normal_422,1.0,9.0,고부하,,
hbos_amp_rel_w1s,time_block,3,FP,normal_432,1.0,1.0,고부하,,
hbos_amp_rel_w1s,time_block,3,FP,normal_437,1.0,1.0,저부하,,
hbos_amp_rel_w1s,time_block,3,FP,normal_460,1.0,9.0,고부하,,
hbos_amp_rel_w1s,time_block,3,FP,normal_472,3.0,9.0,저부하,,
hbos_amp_rel_w1s,time_block,3,FP,normal_475,3.0,4.0,저부하,,
copod_amp_w1s,time_block,3,FP,normal_460,1.0,9.0,고부하,,
copod_amp_w1s,time_block,3,FN,outlier_19,,,,정상 유사,확실 이상
copod_amp_sine_w1s,time_block,3,FP,normal_460,1.0,9.0,고부하,,
copod_amp_sine_w1s,time_block,3,FN,outlier_19,,,,정상 유사,확실 이상
copod_amp_shape_w1s,time_block,3,FP,normal_386,1.0,4.0,고부하,,
copod_amp_shape_w1s,time_block,3,FP,normal_389,1.0,9.0,고부하,,
copod_amp_shape_w1s,time_block,3,FP,normal_422,1.0,9.0,고부하,,
copod_amp_shape_w1s,time_block,3,FP,normal_472,1.0,9.0,저부하,,
copod_amp_shape_w1s,time_block,3,FP,normal_475,1.0,4.0,저부하,,
copod_amp_shape_w1s,time_block,3,FN,outlier_19,,,,정상 유사,확실 이상
copod_amp_rel_w1s,time_block,3,FP,normal_386,2.0,4.0,고부하,,
copod_amp_rel_w1s,time_block,3,FP,normal_460,1.0,9.0,고부하,,
copod_amp_rel_w1s,time_block,3,FN,outlier_19,,,,정상 유사,확실 이상
deep_svdd_w1s,time_block,3,FP,normal_363,1.0,3.0,저부하,,
deep_svdd_w1s,time_block,3,FP,normal_420,1.0,3.0,고부하,,
deep_svdd_w1s,time_block,3,FP,normal_422,1.0,9.0,고부하,,
deep_svdd_w1s,time_block,3,FP,normal_424,1.0,6.0,저부하,,
deep_svdd_w1s,time_block,3,FP,normal_434,2.0,8.0,저부하,,
deep_svdd_w1s,time_block,3,FP,normal_439,1.0,8.0,저부하,,
deep_svdd_w1s,time_block,3,FP,normal_461,1.0,8.0,저부하,,
mcd_amp_w1s,time_block,4,FP,normal_482,2.0,9.0,저부하,,
mcd_amp_w1s,time_block,4,FP,normal_523,1.0,1.0,저부하,,
mcd_amp_w1s,time_block,4,FP,normal_529,1.0,1.0,저부하,,
mcd_amp_w1s,time_block,4,FP,normal_535,1.0,1.0,저부하,,
mcd_amp_w1s,time_block,4,FP,normal_562,1.0,9.0,저부하,,
mcd_amp_w1s,time_block,4,FP,normal_569,1.0,7.0,고부하,,
mcd_amp_w1s,time_block,4,FP,normal_588,1.0,7.0,저부하,,
mcd_amp_sine_w1s,time_block,4,FP,normal_482,2.0,9.0,저부하,,
mcd_amp_sine_w1s,time_block,4,FP,normal_496,1.0,1.0,저부하,,
mcd_amp_sine_w1s,time_block,4,FP,normal_502,1.0,1.0,저부하,,
mcd_amp_sine_w1s,time_block,4,FP,normal_513,1.0,1.0,저부하,,
mcd_amp_sine_w1s,time_block,4,FP,normal_523,1.0,1.0,저부하,,
mcd_amp_sine_w1s,time_block,4,FP,normal_529,1.0,1.0,저부하,,
mcd_amp_sine_w1s,time_block,4,FP,normal_535,1.0,1.0,저부하,,
mcd_amp_sine_w1s,time_block,4,FP,normal_540,1.0,1.0,저부하,,
mcd_amp_sine_w1s,time_block,4,FP,normal_585,1.0,1.0,저부하,,
mcd_amp_sine_w1s,time_block,4,FP,normal_588,1.0,7.0,저부하,,
mcd_amp_shape_w1s,time_block,4,FP,normal_482,2.0,9.0,저부하,,
mcd_amp_shape_w1s,time_block,4,FP,normal_523,1.0,1.0,저부하,,
mcd_amp_shape_w1s,time_block,4,FP,normal_529,1.0,1.0,저부하,,
mcd_amp_shape_w1s,time_block,4,FP,normal_535,1.0,1.0,저부하,,
mcd_amp_shape_w1s,time_block,4,FP,normal_569,1.0,7.0,고부하,,
mcd_amp_shape_w1s,time_block,4,FP,normal_588,1.0,7.0,저부하,,
mcd_amp_rel_w1s,time_block,4,FP,normal_482,2.0,9.0,저부하,,
mcd_amp_rel_w1s,time_block,4,FP,normal_492,1.0,9.0,저부하,,
mcd_amp_rel_w1s,time_block,4,FP,normal_510,1.0,9.0,저부하,,
mcd_amp_rel_w1s,time_block,4,FP,normal_523,1.0,1.0,저부하,,
mcd_amp_rel_w1s,time_block,4,FP,normal_529,1.0,1.0,저부하,,
mcd_amp_rel_w1s,time_block,4,FP,normal_562,1.0,9.0,저부하,,
mcd_amp_rel_w1s,time_block,4,FP,normal_582,1.0,9.0,저부하,,
mcd_amp_rel_w1s,time_block,4,FP,normal_585,1.0,1.0,저부하,,
mcd_amp_rel_w1s,time_block,4,FP,normal_588,1.0,7.0,저부하,,
ocsvm_amp_w1s,time_block,4,FP,normal_482,3.0,9.0,저부하,,
ocsvm_amp_w1s,time_block,4,FP,normal_509,1.0,9.0,저부하,,
ocsvm_amp_w1s,time_block,4,FP,normal_521,1.0,6.0,저부하,,
ocsvm_amp_w1s,time_block,4,FP,normal_523,1.0,1.0,저부하,,
ocsvm_amp_w1s,time_block,4,FP,normal_529,1.0,1.0,저부하,,
ocsvm_amp_w1s,time_block,4,FP,normal_532,1.0,9.0,저부하,,
ocsvm_amp_w1s,time_block,4,FP,normal_535,1.0,1.0,저부하,,
ocsvm_amp_w1s,time_block,4,FP,normal_540,1.0,1.0,저부하,,
ocsvm_amp_w1s,time_block,4,FP,normal_552,1.0,5.0,저부하,,
ocsvm_amp_w1s,time_block,4,FP,normal_582,1.0,9.0,저부하,,
ocsvm_amp_w1s,time_block,4,FP,normal_588,1.0,7.0,저부하,,
ocsvm_amp_sine_w1s,time_block,4,FP,normal_482,3.0,9.0,저부하,,
ocsvm_amp_sine_w1s,time_block,4,FP,normal_496,1.0,1.0,저부하,,
ocsvm_amp_sine_w1s,time_block,4,FP,normal_502,1.0,1.0,저부하,,
ocsvm_amp_sine_w1s,time_block,4,FP,normal_509,1.0,9.0,저부하,,
ocsvm_amp_sine_w1s,time_block,4,FP,normal_513,1.0,1.0,저부하,,
ocsvm_amp_sine_w1s,time_block,4,FP,normal_521,1.0,6.0,저부하,,
ocsvm_amp_sine_w1s,time_block,4,FP,normal_523,1.0,1.0,저부하,,
ocsvm_amp_sine_w1s,time_block,4,FP,normal_529,1.0,1.0,저부하,,
ocsvm_amp_sine_w1s,time_block,4,FP,normal_532,1.0,9.0,저부하,,
ocsvm_amp_sine_w1s,time_block,4,FP,normal_535,1.0,1.0,저부하,,
ocsvm_amp_sine_w1s,time_block,4,FP,normal_540,1.0,1.0,저부하,,
ocsvm_amp_sine_w1s,time_block,4,FP,normal_552,1.0,5.0,저부하,,
ocsvm_amp_sine_w1s,time_block,4,FP,normal_582,1.0,9.0,저부하,,
ocsvm_amp_sine_w1s,time_block,4,FP,normal_585,1.0,1.0,저부하,,
ocsvm_amp_sine_w1s,time_block,4,FP,normal_588,1.0,7.0,저부하,,
ocsvm_amp_shape_w1s,time_block,4,FP,normal_482,3.0,9.0,저부하,,
ocsvm_amp_shape_w1s,time_block,4,FP,normal_492,1.0,9.0,저부하,,
ocsvm_amp_shape_w1s,time_block,4,FP,normal_509,1.0,9.0,저부하,,
ocsvm_amp_shape_w1s,time_block,4,FP,normal_514,1.0,9.0,저부하,,
ocsvm_amp_shape_w1s,time_block,4,FP,normal_517,1.0,4.0,저부하,,
ocsvm_amp_shape_w1s,time_block,4,FP,normal_521,1.0,6.0,저부하,,
ocsvm_amp_shape_w1s,time_block,4,FP,normal_523,1.0,1.0,저부하,,
ocsvm_amp_shape_w1s,time_block,4,FP,normal_524,1.0,9.0,저부하,,
ocsvm_amp_shape_w1s,time_block,4,FP,normal_529,1.0,1.0,저부하,,
ocsvm_amp_shape_w1s,time_block,4,FP,normal_532,1.0,9.0,저부하,,
ocsvm_amp_shape_w1s,time_block,4,FP,normal_535,1.0,1.0,저부하,,
ocsvm_amp_shape_w1s,time_block,4,FP,normal_540,1.0,1.0,저부하,,
ocsvm_amp_shape_w1s,time_block,4,FP,normal_551,1.0,8.0,저부하,,
ocsvm_amp_shape_w1s,time_block,4,FP,normal_552,1.0,5.0,저부하,,
ocsvm_amp_shape_w1s,time_block,4,FP,normal_562,1.0,9.0,저부하,,
ocsvm_amp_shape_w1s,time_block,4,FP,normal_570,1.0,7.0,저부하,,
ocsvm_amp_shape_w1s,time_block,4,FP,normal_582,1.0,9.0,저부하,,
ocsvm_amp_shape_w1s,time_block,4,FP,normal_588,1.0,7.0,저부하,,
ocsvm_amp_rel_w1s,time_block,4,FP,normal_482,3.0,9.0,저부하,,
ocsvm_amp_rel_w1s,time_block,4,FP,normal_495,2.0,2.0,저부하,,
ocsvm_amp_rel_w1s,time_block,4,FP,normal_496,1.0,1.0,저부하,,
ocsvm_amp_rel_w1s,time_block,4,FP,normal_498,1.0,9.0,저부하,,
ocsvm_amp_rel_w1s,time_block,4,FP,normal_501,1.0,3.0,저부하,,
ocsvm_amp_rel_w1s,time_block,4,FP,normal_502,1.0,1.0,저부하,,
ocsvm_amp_rel_w1s,time_block,4,FP,normal_509,1.0,9.0,저부하,,
ocsvm_amp_rel_w1s,time_block,4,FP,normal_510,1.0,9.0,저부하,,
ocsvm_amp_rel_w1s,time_block,4,FP,normal_511,3.0,6.0,저부하,,
ocsvm_amp_rel_w1s,time_block,4,FP,normal_513,1.0,1.0,저부하,,
ocsvm_amp_rel_w1s,time_block,4,FP,normal_514,1.0,9.0,저부하,,
ocsvm_amp_rel_w1s,time_block,4,FP,normal_517,1.0,4.0,저부하,,
ocsvm_amp_rel_w1s,time_block,4,FP,normal_518,1.0,1.0,저부하,,
ocsvm_amp_rel_w1s,time_block,4,FP,normal_521,1.0,6.0,저부하,,
ocsvm_amp_rel_w1s,time_block,4,FP,normal_523,1.0,1.0,저부하,,
ocsvm_amp_rel_w1s,time_block,4,FP,normal_529,1.0,1.0,저부하,,
ocsvm_amp_rel_w1s,time_block,4,FP,normal_532,1.0,9.0,저부하,,
ocsvm_amp_rel_w1s,time_block,4,FP,normal_535,1.0,1.0,저부하,,
ocsvm_amp_rel_w1s,time_block,4,FP,normal_540,1.0,1.0,저부하,,
ocsvm_amp_rel_w1s,time_block,4,FP,normal_543,1.0,9.0,저부하,,
ocsvm_amp_rel_w1s,time_block,4,FP,normal_548,1.0,9.0,저부하,,
ocsvm_amp_rel_w1s,time_block,4,FP,normal_550,1.0,8.0,저부하,,
ocsvm_amp_rel_w1s,time_block,4,FP,normal_551,1.0,8.0,저부하,,
ocsvm_amp_rel_w1s,time_block,4,FP,normal_552,1.0,5.0,저부하,,
ocsvm_amp_rel_w1s,time_block,4,FP,normal_556,2.0,9.0,저부하,,
ocsvm_amp_rel_w1s,time_block,4,FP,normal_562,1.0,9.0,저부하,,
ocsvm_amp_rel_w1s,time_block,4,FP,normal_582,1.0,9.0,저부하,,
ocsvm_amp_rel_w1s,time_block,4,FP,normal_585,1.0,1.0,저부하,,
ocsvm_amp_rel_w1s,time_block,4,FP,normal_588,1.0,7.0,저부하,,
hbos_amp_w1s,time_block,4,FP,normal_482,3.0,9.0,저부하,,
hbos_amp_w1s,time_block,4,FP,normal_489,1.0,3.0,저부하,,
hbos_amp_w1s,time_block,4,FP,normal_496,1.0,1.0,저부하,,
hbos_amp_w1s,time_block,4,FP,normal_498,1.0,9.0,저부하,,
hbos_amp_w1s,time_block,4,FP,normal_517,1.0,4.0,저부하,,
hbos_amp_w1s,time_block,4,FP,normal_521,1.0,6.0,저부하,,
hbos_amp_w1s,time_block,4,FP,normal_529,1.0,1.0,저부하,,
hbos_amp_w1s,time_block,4,FP,normal_535,1.0,1.0,저부하,,
hbos_amp_w1s,time_block,4,FP,normal_538,1.0,6.0,저부하,,
hbos_amp_w1s,time_block,4,FP,normal_550,1.0,8.0,저부하,,
hbos_amp_w1s,time_block,4,FP,normal_557,2.0,8.0,저부하,,
hbos_amp_w1s,time_block,4,FP,normal_569,1.0,7.0,고부하,,
hbos_amp_w1s,time_block,4,FN,outlier_19,,,,정상 유사,확실 이상
hbos_amp_sine_w1s,time_block,4,FP,normal_482,3.0,9.0,저부하,,
hbos_amp_sine_w1s,time_block,4,FP,normal_489,1.0,3.0,저부하,,
hbos_amp_sine_w1s,time_block,4,FP,normal_496,1.0,1.0,저부하,,
hbos_amp_sine_w1s,time_block,4,FP,normal_517,1.0,4.0,저부하,,
hbos_amp_sine_w1s,time_block,4,FP,normal_523,1.0,1.0,저부하,,
hbos_amp_sine_w1s,time_block,4,FP,normal_529,1.0,1.0,저부하,,
hbos_amp_sine_w1s,time_block,4,FP,normal_532,1.0,9.0,저부하,,
hbos_amp_sine_w1s,time_block,4,FP,normal_535,1.0,1.0,저부하,,
hbos_amp_sine_w1s,time_block,4,FP,normal_538,1.0,6.0,저부하,,
hbos_amp_sine_w1s,time_block,4,FP,normal_542,1.0,9.0,저부하,,
hbos_amp_sine_w1s,time_block,4,FP,normal_550,1.0,8.0,저부하,,
hbos_amp_sine_w1s,time_block,4,FP,normal_557,1.0,8.0,저부하,,
hbos_amp_sine_w1s,time_block,4,FP,normal_569,1.0,7.0,고부하,,
hbos_amp_shape_w1s,time_block,4,FP,normal_482,3.0,9.0,저부하,,
hbos_amp_shape_w1s,time_block,4,FP,normal_496,1.0,1.0,저부하,,
hbos_amp_shape_w1s,time_block,4,FP,normal_514,1.0,9.0,저부하,,
hbos_amp_shape_w1s,time_block,4,FP,normal_517,1.0,4.0,저부하,,
hbos_amp_shape_w1s,time_block,4,FP,normal_521,1.0,6.0,저부하,,
hbos_amp_shape_w1s,time_block,4,FP,normal_524,1.0,9.0,저부하,,
hbos_amp_shape_w1s,time_block,4,FP,normal_532,1.0,9.0,저부하,,
hbos_amp_shape_w1s,time_block,4,FP,normal_538,1.0,6.0,저부하,,
hbos_amp_shape_w1s,time_block,4,FP,normal_551,1.0,8.0,저부하,,
hbos_amp_shape_w1s,time_block,4,FP,normal_557,2.0,8.0,저부하,,
hbos_amp_shape_w1s,time_block,4,FP,normal_579,1.0,3.0,저부하,,
hbos_amp_shape_w1s,time_block,4,FP,normal_588,1.0,7.0,저부하,,
hbos_amp_shape_w1s,time_block,4,FP,normal_592,1.0,9.0,고부하,,
hbos_amp_shape_w1s,time_block,4,FN,outlier_19,,,,정상 유사,확실 이상
hbos_amp_rel_w1s,time_block,4,FP,normal_481,1.0,7.0,저부하,,
hbos_amp_rel_w1s,time_block,4,FP,normal_482,3.0,9.0,저부하,,
hbos_amp_rel_w1s,time_block,4,FP,normal_489,1.0,3.0,저부하,,
hbos_amp_rel_w1s,time_block,4,FP,normal_493,1.0,6.0,저부하,,
hbos_amp_rel_w1s,time_block,4,FP,normal_496,1.0,1.0,저부하,,
hbos_amp_rel_w1s,time_block,4,FP,normal_498,1.0,9.0,저부하,,
hbos_amp_rel_w1s,time_block,4,FP,normal_501,1.0,3.0,저부하,,
hbos_amp_rel_w1s,time_block,4,FP,normal_511,1.0,6.0,저부하,,
hbos_amp_rel_w1s,time_block,4,FP,normal_517,2.0,4.0,저부하,,
hbos_amp_rel_w1s,time_block,4,FP,normal_518,1.0,1.0,저부하,,
hbos_amp_rel_w1s,time_block,4,FP,normal_520,1.0,9.0,저부하,,
hbos_amp_rel_w1s,time_block,4,FP,normal_521,1.0,6.0,저부하,,
hbos_amp_rel_w1s,time_block,4,FP,normal_523,1.0,1.0,저부하,,
hbos_amp_rel_w1s,time_block,4,FP,normal_524,1.0,9.0,저부하,,
hbos_amp_rel_w1s,time_block,4,FP,normal_529,1.0,1.0,저부하,,
hbos_amp_rel_w1s,time_block,4,FP,normal_532,1.0,9.0,저부하,,
hbos_amp_rel_w1s,time_block,4,FP,normal_535,1.0,1.0,저부하,,
hbos_amp_rel_w1s,time_block,4,FP,normal_538,1.0,6.0,저부하,,
hbos_amp_rel_w1s,time_block,4,FP,normal_542,1.0,9.0,저부하,,
hbos_amp_rel_w1s,time_block,4,FP,normal_550,1.0,8.0,저부하,,
hbos_amp_rel_w1s,time_block,4,FP,normal_555,1.0,9.0,저부하,,
hbos_amp_rel_w1s,time_block,4,FP,normal_557,2.0,8.0,저부하,,
hbos_amp_rel_w1s,time_block,4,FP,normal_569,1.0,7.0,고부하,,
copod_amp_w1s,time_block,4,FN,outlier_19,,,,정상 유사,확실 이상
copod_amp_sine_w1s,time_block,4,FN,outlier_19,,,,정상 유사,확실 이상
copod_amp_shape_w1s,time_block,4,FP,normal_482,3.0,9.0,저부하,,
copod_amp_shape_w1s,time_block,4,FP,normal_588,1.0,7.0,저부하,,
copod_amp_shape_w1s,time_block,4,FN,outlier_19,,,,정상 유사,확실 이상
copod_amp_rel_w1s,time_block,4,FN,outlier_19,,,,정상 유사,확실 이상
deep_svdd_w1s,time_block,4,FP,normal_481,1.0,7.0,저부하,,
deep_svdd_w1s,time_block,4,FP,normal_488,1.0,3.0,저부하,,
deep_svdd_w1s,time_block,4,FP,normal_511,1.0,6.0,저부하,,
deep_svdd_w1s,time_block,4,FP,normal_529,1.0,1.0,저부하,,
deep_svdd_w1s,time_block,4,FP,normal_534,1.0,4.0,저부하,,
deep_svdd_w1s,time_block,4,FP,normal_545,1.0,3.0,저부하,,
deep_svdd_w1s,time_block,4,FP,normal_568,1.0,9.0,저부하,,
deep_svdd_w1s,time_block,4,FP,normal_569,3.0,7.0,고부하,,
deep_svdd_w1s,time_block,4,FP,normal_575,2.0,9.0,고부하,,
deep_svdd_w1s,time_block,4,FP,normal_577,1.0,6.0,저부하,,
mcd_amp_w2s,group_kfold_seg,0,FP,normal_122,1.0,2.0,고부하,,
mcd_amp_w2s,group_kfold_seg,0,FP,normal_403,1.0,1.0,고부하,,
mcd_amp_sine_w2s,group_kfold_seg,0,FP,normal_101,2.0,7.0,고부하,,
mcd_amp_shape_w2s,group_kfold_seg,0,FP,normal_122,1.0,2.0,고부하,,
mcd_amp_shape_w2s,group_kfold_seg,0,FP,normal_27,1.0,7.0,저부하,,
mcd_amp_shape_w2s,group_kfold_seg,0,FP,normal_310,1.0,7.0,고부하,,
mcd_amp_shape_w2s,group_kfold_seg,0,FP,normal_427,1.0,7.0,고부하,,
mcd_amp_shape_w2s,group_kfold_seg,0,FP,normal_460,1.0,7.0,고부하,,
mcd_amp_rel_w2s,group_kfold_seg,0,FP,normal_122,1.0,2.0,고부하,,
mcd_amp_rel_w2s,group_kfold_seg,0,FP,normal_403,1.0,1.0,고부하,,
ocsvm_amp_w2s,group_kfold_seg,0,FP,normal_172,1.0,2.0,고부하,,
ocsvm_amp_w2s,group_kfold_seg,0,FP,normal_178,3.0,3.0,고부하,,
ocsvm_amp_w2s,group_kfold_seg,0,FP,normal_233,3.0,7.0,저부하,,
ocsvm_amp_w2s,group_kfold_seg,0,FP,normal_251,1.0,7.0,고부하,,
ocsvm_amp_w2s,group_kfold_seg,0,FP,normal_27,1.0,7.0,저부하,,
ocsvm_amp_w2s,group_kfold_seg,0,FP,normal_310,1.0,7.0,고부하,,
ocsvm_amp_w2s,group_kfold_seg,0,FP,normal_427,1.0,7.0,고부하,,
ocsvm_amp_w2s,group_kfold_seg,0,FP,normal_460,1.0,7.0,고부하,,
ocsvm_amp_w2s,group_kfold_seg,0,FP,normal_62,1.0,7.0,고부하,,
ocsvm_amp_sine_w2s,group_kfold_seg,0,FP,normal_101,2.0,7.0,고부하,,
ocsvm_amp_sine_w2s,group_kfold_seg,0,FP,normal_132,1.0,6.0,저부하,,
ocsvm_amp_sine_w2s,group_kfold_seg,0,FP,normal_172,1.0,2.0,고부하,,
ocsvm_amp_sine_w2s,group_kfold_seg,0,FP,normal_178,3.0,3.0,고부하,,
ocsvm_amp_sine_w2s,group_kfold_seg,0,FP,normal_233,3.0,7.0,저부하,,
ocsvm_amp_sine_w2s,group_kfold_seg,0,FP,normal_251,1.0,7.0,고부하,,
ocsvm_amp_sine_w2s,group_kfold_seg,0,FP,normal_27,1.0,7.0,저부하,,
ocsvm_amp_sine_w2s,group_kfold_seg,0,FP,normal_310,1.0,7.0,고부하,,
ocsvm_amp_sine_w2s,group_kfold_seg,0,FP,normal_427,1.0,7.0,고부하,,
ocsvm_amp_shape_w2s,group_kfold_seg,0,FP,normal_172,1.0,2.0,고부하,,
ocsvm_amp_shape_w2s,group_kfold_seg,0,FP,normal_178,3.0,3.0,고부하,,
ocsvm_amp_shape_w2s,group_kfold_seg,0,FP,normal_233,3.0,7.0,저부하,,
ocsvm_amp_shape_w2s,group_kfold_seg,0,FP,normal_251,1.0,7.0,고부하,,
ocsvm_amp_shape_w2s,group_kfold_seg,0,FP,normal_27,1.0,7.0,저부하,,
ocsvm_amp_shape_w2s,group_kfold_seg,0,FP,normal_310,1.0,7.0,고부하,,
ocsvm_amp_shape_w2s,group_kfold_seg,0,FP,normal_341,1.0,7.0,저부하,,
ocsvm_amp_shape_w2s,group_kfold_seg,0,FP,normal_427,1.0,7.0,고부하,,
ocsvm_amp_shape_w2s,group_kfold_seg,0,FP,normal_52,1.0,7.0,고부하,,
ocsvm_amp_shape_w2s,group_kfold_seg,0,FP,normal_62,1.0,7.0,고부하,,
ocsvm_amp_rel_w2s,group_kfold_seg,0,FP,normal_172,1.0,2.0,고부하,,
ocsvm_amp_rel_w2s,group_kfold_seg,0,FP,normal_178,3.0,3.0,고부하,,
ocsvm_amp_rel_w2s,group_kfold_seg,0,FP,normal_233,3.0,7.0,저부하,,
ocsvm_amp_rel_w2s,group_kfold_seg,0,FP,normal_251,1.0,7.0,고부하,,
ocsvm_amp_rel_w2s,group_kfold_seg,0,FP,normal_254,2.0,2.0,고부하,,
ocsvm_amp_rel_w2s,group_kfold_seg,0,FP,normal_27,1.0,7.0,저부하,,
ocsvm_amp_rel_w2s,group_kfold_seg,0,FP,normal_310,1.0,7.0,고부하,,
ocsvm_amp_rel_w2s,group_kfold_seg,0,FP,normal_341,1.0,7.0,저부하,,
ocsvm_amp_rel_w2s,group_kfold_seg,0,FP,normal_427,1.0,7.0,고부하,,
ocsvm_amp_rel_w2s,group_kfold_seg,0,FP,normal_460,1.0,7.0,고부하,,
ocsvm_amp_rel_w2s,group_kfold_seg,0,FP,normal_52,1.0,7.0,고부하,,
ocsvm_amp_rel_w2s,group_kfold_seg,0,FP,normal_58,1.0,7.0,저부하,,
ocsvm_amp_rel_w2s,group_kfold_seg,0,FP,normal_62,1.0,7.0,고부하,,
hbos_amp_w2s,group_kfold_seg,0,FP,normal_178,1.0,3.0,고부하,,
hbos_amp_w2s,group_kfold_seg,0,FP,normal_254,1.0,2.0,고부하,,
hbos_amp_w2s,group_kfold_seg,0,FP,normal_310,1.0,7.0,고부하,,
hbos_amp_w2s,group_kfold_seg,0,FP,normal_62,1.0,7.0,고부하,,
hbos_amp_sine_w2s,group_kfold_seg,0,FP,normal_132,2.0,6.0,저부하,,
hbos_amp_sine_w2s,group_kfold_seg,0,FP,normal_178,1.0,3.0,고부하,,
hbos_amp_sine_w2s,group_kfold_seg,0,FP,normal_254,1.0,2.0,고부하,,
hbos_amp_sine_w2s,group_kfold_seg,0,FP,normal_62,1.0,7.0,고부하,,
hbos_amp_shape_w2s,group_kfold_seg,0,FP,normal_178,1.0,3.0,고부하,,
hbos_amp_shape_w2s,group_kfold_seg,0,FP,normal_254,1.0,2.0,고부하,,
hbos_amp_shape_w2s,group_kfold_seg,0,FP,normal_310,1.0,7.0,고부하,,
hbos_amp_shape_w2s,group_kfold_seg,0,FP,normal_427,1.0,7.0,고부하,,
hbos_amp_shape_w2s,group_kfold_seg,0,FP,normal_62,1.0,7.0,고부하,,
hbos_amp_rel_w2s,group_kfold_seg,0,FP,normal_178,2.0,3.0,고부하,,
hbos_amp_rel_w2s,group_kfold_seg,0,FP,normal_254,1.0,2.0,고부하,,
hbos_amp_rel_w2s,group_kfold_seg,0,FP,normal_52,1.0,7.0,고부하,,
hbos_amp_rel_w2s,group_kfold_seg,0,FP,normal_62,1.0,7.0,고부하,,
copod_amp_w2s,group_kfold_seg,0,FP,normal_310,3.0,7.0,고부하,,
copod_amp_w2s,group_kfold_seg,0,FP,normal_62,1.0,7.0,고부하,,
copod_amp_sine_w2s,group_kfold_seg,0,FP,normal_310,1.0,7.0,고부하,,
copod_amp_shape_w2s,group_kfold_seg,0,FP,normal_172,1.0,2.0,고부하,,
copod_amp_shape_w2s,group_kfold_seg,0,FP,normal_310,2.0,7.0,고부하,,
copod_amp_shape_w2s,group_kfold_seg,0,FP,normal_427,1.0,7.0,고부하,,
copod_amp_shape_w2s,group_kfold_seg,0,FP,normal_62,2.0,7.0,고부하,,
copod_amp_rel_w2s,group_kfold_seg,0,FP,normal_172,1.0,2.0,고부하,,
copod_amp_rel_w2s,group_kfold_seg,0,FP,normal_310,1.0,7.0,고부하,,
copod_amp_rel_w2s,group_kfold_seg,0,FP,normal_62,2.0,7.0,고부하,,
deep_svdd_w2s,group_kfold_seg,0,FP,normal_178,1.0,3.0,고부하,,
deep_svdd_w2s,group_kfold_seg,0,FP,normal_216,1.0,7.0,고부하,,
deep_svdd_w2s,group_kfold_seg,0,FP,normal_310,2.0,7.0,고부하,,
deep_svdd_w2s,group_kfold_seg,0,FP,normal_52,4.0,7.0,고부하,,
mcd_amp_w2s,group_kfold_seg,1,FP,normal_212,2.0,4.0,고부하,,
mcd_amp_w2s,group_kfold_seg,1,FP,normal_317,1.0,5.0,고부하,,
mcd_amp_w2s,group_kfold_seg,1,FP,normal_420,1.0,1.0,고부하,,
mcd_amp_w2s,group_kfold_seg,1,FP,normal_425,1.0,1.0,고부하,,
mcd_amp_sine_w2s,group_kfold_seg,1,FP,normal_420,1.0,1.0,고부하,,
mcd_amp_sine_w2s,group_kfold_seg,1,FP,normal_425,1.0,1.0,고부하,,
mcd_amp_shape_w2s,group_kfold_seg,1,FP,normal_420,1.0,1.0,고부하,,
mcd_amp_shape_w2s,group_kfold_seg,1,FP,normal_425,1.0,1.0,고부하,,
mcd_amp_shape_w2s,group_kfold_seg,1,FP,normal_569,2.0,5.0,고부하,,
mcd_amp_rel_w2s,group_kfold_seg,1,FP,normal_212,2.0,4.0,고부하,,
mcd_amp_rel_w2s,group_kfold_seg,1,FP,normal_317,1.0,5.0,고부하,,
mcd_amp_rel_w2s,group_kfold_seg,1,FP,normal_420,1.0,1.0,고부하,,
mcd_amp_rel_w2s,group_kfold_seg,1,FP,normal_425,1.0,1.0,고부하,,
ocsvm_amp_w2s,group_kfold_seg,1,FP,normal_19,1.0,1.0,저부하,,
ocsvm_amp_w2s,group_kfold_seg,1,FP,normal_275,1.0,6.0,저부하,,
ocsvm_amp_w2s,group_kfold_seg,1,FP,normal_422,1.0,7.0,고부하,,
ocsvm_amp_w2s,group_kfold_seg,1,FP,normal_48,2.0,7.0,저부하,,
ocsvm_amp_w2s,group_kfold_seg,1,FP,normal_49,1.0,5.0,고부하,,
ocsvm_amp_w2s,group_kfold_seg,1,FP,normal_569,3.0,5.0,고부하,,
ocsvm_amp_sine_w2s,group_kfold_seg,1,FP,normal_275,1.0,6.0,저부하,,
ocsvm_amp_sine_w2s,group_kfold_seg,1,FP,normal_422,1.0,7.0,고부하,,
ocsvm_amp_sine_w2s,group_kfold_seg,1,FP,normal_48,1.0,7.0,저부하,,
ocsvm_amp_sine_w2s,group_kfold_seg,1,FP,normal_49,1.0,5.0,고부하,,
ocsvm_amp_sine_w2s,group_kfold_seg,1,FP,normal_569,2.0,5.0,고부하,,
ocsvm_amp_shape_w2s,group_kfold_seg,1,FP,normal_19,1.0,1.0,저부하,,
ocsvm_amp_shape_w2s,group_kfold_seg,1,FP,normal_275,1.0,6.0,저부하,,
ocsvm_amp_shape_w2s,group_kfold_seg,1,FP,normal_422,1.0,7.0,고부하,,
ocsvm_amp_shape_w2s,group_kfold_seg,1,FP,normal_48,2.0,7.0,저부하,,
ocsvm_amp_shape_w2s,group_kfold_seg,1,FP,normal_49,1.0,5.0,고부하,,
ocsvm_amp_shape_w2s,group_kfold_seg,1,FP,normal_569,2.0,5.0,고부하,,
ocsvm_amp_rel_w2s,group_kfold_seg,1,FP,normal_19,1.0,1.0,저부하,,
ocsvm_amp_rel_w2s,group_kfold_seg,1,FP,normal_422,1.0,7.0,고부하,,
ocsvm_amp_rel_w2s,group_kfold_seg,1,FP,normal_48,2.0,7.0,저부하,,
ocsvm_amp_rel_w2s,group_kfold_seg,1,FP,normal_49,1.0,5.0,고부하,,
ocsvm_amp_rel_w2s,group_kfold_seg,1,FP,normal_569,2.0,5.0,고부하,,
hbos_amp_w2s,group_kfold_seg,1,FP,normal_275,1.0,6.0,저부하,,
hbos_amp_w2s,group_kfold_seg,1,FP,normal_354,1.0,7.0,고부하,,
hbos_amp_w2s,group_kfold_seg,1,FP,normal_49,3.0,5.0,고부하,,
hbos_amp_w2s,group_kfold_seg,1,FP,normal_569,5.0,5.0,고부하,,
hbos_amp_w2s,group_kfold_seg,1,FP,normal_67,2.0,7.0,고부하,,
hbos_amp_w2s,group_kfold_seg,1,FP,normal_90,1.0,6.0,고부하,,
hbos_amp_sine_w2s,group_kfold_seg,1,FP,normal_275,1.0,6.0,저부하,,
hbos_amp_sine_w2s,group_kfold_seg,1,FP,normal_455,1.0,7.0,고부하,,
hbos_amp_sine_w2s,group_kfold_seg,1,FP,normal_49,3.0,5.0,고부하,,
hbos_amp_sine_w2s,group_kfold_seg,1,FP,normal_569,5.0,5.0,고부하,,
hbos_amp_sine_w2s,group_kfold_seg,1,FP,normal_67,3.0,7.0,고부하,,
hbos_amp_sine_w2s,group_kfold_seg,1,FP,normal_90,1.0,6.0,고부하,,
hbos_amp_shape_w2s,group_kfold_seg,1,FP,normal_275,1.0,6.0,저부하,,
hbos_amp_shape_w2s,group_kfold_seg,1,FP,normal_48,1.0,7.0,저부하,,
hbos_amp_shape_w2s,group_kfold_seg,1,FP,normal_49,2.0,5.0,고부하,,
hbos_amp_shape_w2s,group_kfold_seg,1,FP,normal_569,2.0,5.0,고부하,,
hbos_amp_shape_w2s,group_kfold_seg,1,FP,normal_90,1.0,6.0,고부하,,
hbos_amp_rel_w2s,group_kfold_seg,1,FP,normal_275,1.0,6.0,저부하,,
hbos_amp_rel_w2s,group_kfold_seg,1,FP,normal_354,1.0,7.0,고부하,,
hbos_amp_rel_w2s,group_kfold_seg,1,FP,normal_386,1.0,2.0,고부하,,
hbos_amp_rel_w2s,group_kfold_seg,1,FP,normal_49,3.0,5.0,고부하,,
hbos_amp_rel_w2s,group_kfold_seg,1,FP,normal_569,5.0,5.0,고부하,,
hbos_amp_rel_w2s,group_kfold_seg,1,FP,normal_67,2.0,7.0,고부하,,
copod_amp_w2s,group_kfold_seg,1,FP,normal_354,1.0,7.0,고부하,,
copod_amp_w2s,group_kfold_seg,1,FP,normal_386,1.0,2.0,고부하,,
copod_amp_w2s,group_kfold_seg,1,FP,normal_422,1.0,7.0,고부하,,
copod_amp_sine_w2s,group_kfold_seg,1,FP,normal_354,1.0,7.0,고부하,,
copod_amp_sine_w2s,group_kfold_seg,1,FP,normal_386,1.0,2.0,고부하,,
copod_amp_shape_w2s,group_kfold_seg,1,FP,normal_354,1.0,7.0,고부하,,
copod_amp_shape_w2s,group_kfold_seg,1,FP,normal_48,1.0,7.0,저부하,,
copod_amp_rel_w2s,group_kfold_seg,1,FP,normal_354,1.0,7.0,고부하,,
copod_amp_rel_w2s,group_kfold_seg,1,FP,normal_386,2.0,2.0,고부하,,
deep_svdd_w2s,group_kfold_seg,1,FP,normal_264,1.0,7.0,고부하,,
deep_svdd_w2s,group_kfold_seg,1,FP,normal_422,2.0,7.0,고부하,,
deep_svdd_w2s,group_kfold_seg,1,FP,normal_433,1.0,7.0,저부하,,
deep_svdd_w2s,group_kfold_seg,1,FP,normal_49,1.0,5.0,고부하,,
deep_svdd_w2s,group_kfold_seg,1,FP,normal_569,3.0,5.0,고부하,,
deep_svdd_w2s,group_kfold_seg,1,FP,normal_577,2.0,4.0,저부하,,
deep_svdd_w2s,group_kfold_seg,1,FP,normal_67,4.0,7.0,고부하,,
deep_svdd_w2s,group_kfold_seg,1,FP,normal_94,1.0,7.0,고부하,,
mcd_amp_w2s,group_kfold_seg,2,FP,normal_224,1.0,2.0,고부하,,
mcd_amp_w2s,group_kfold_seg,2,FP,normal_283,1.0,1.0,고부하,,
mcd_amp_w2s,group_kfold_seg,2,FP,normal_43,2.0,5.0,고부하,,
mcd_amp_w2s,group_kfold_seg,2,FP,normal_571,1.0,3.0,고부하,,
mcd_amp_sine_w2s,group_kfold_seg,2,FP,normal_221,3.0,7.0,고부하,,
mcd_amp_sine_w2s,group_kfold_seg,2,FP,normal_224,1.0,2.0,고부하,,
mcd_amp_sine_w2s,group_kfold_seg,2,FP,normal_283,1.0,1.0,고부하,,
mcd_amp_shape_w2s,group_kfold_seg,2,FP,normal_283,1.0,1.0,고부하,,
mcd_amp_rel_w2s,group_kfold_seg,2,FP,normal_23,3.0,7.0,저부하,,
mcd_amp_rel_w2s,group_kfold_seg,2,FP,normal_282,1.0,3.0,저부하,,
mcd_amp_rel_w2s,group_kfold_seg,2,FP,normal_562,1.0,7.0,저부하,,
ocsvm_amp_w2s,group_kfold_seg,2,FP,normal_121,1.0,5.0,저부하,,
ocsvm_amp_w2s,group_kfold_seg,2,FP,normal_56,1.0,7.0,저부하,,
ocsvm_amp_sine_w2s,group_kfold_seg,2,FP,normal_121,1.0,5.0,저부하,,
ocsvm_amp_sine_w2s,group_kfold_seg,2,FP,normal_390,1.0,7.0,고부하,,
ocsvm_amp_sine_w2s,group_kfold_seg,2,FP,normal_56,1.0,7.0,저부하,,
ocsvm_amp_sine_w2s,group_kfold_seg,2,FP,normal_562,1.0,7.0,저부하,,
ocsvm_amp_sine_w2s,group_kfold_seg,2,FP,normal_571,1.0,3.0,고부하,,
ocsvm_amp_shape_w2s,group_kfold_seg,2,FP,normal_121,1.0,5.0,저부하,,
ocsvm_amp_shape_w2s,group_kfold_seg,2,FP,normal_390,1.0,7.0,고부하,,
ocsvm_amp_shape_w2s,group_kfold_seg,2,FP,normal_56,1.0,7.0,저부하,,
ocsvm_amp_rel_w2s,group_kfold_seg,2,FP,normal_121,1.0,5.0,저부하,,
ocsvm_amp_rel_w2s,group_kfold_seg,2,FP,normal_23,1.0,7.0,저부하,,
ocsvm_amp_rel_w2s,group_kfold_seg,2,FP,normal_282,1.0,3.0,저부하,,
ocsvm_amp_rel_w2s,group_kfold_seg,2,FP,normal_56,1.0,7.0,저부하,,
ocsvm_amp_rel_w2s,group_kfold_seg,2,FP,normal_571,1.0,3.0,고부하,,
hbos_amp_w2s,group_kfold_seg,2,FP,normal_121,1.0,5.0,저부하,,
hbos_amp_w2s,group_kfold_seg,2,FP,normal_373,1.0,5.0,고부하,,
hbos_amp_sine_w2s,group_kfold_seg,2,FP,normal_121,1.0,5.0,저부하,,
hbos_amp_sine_w2s,group_kfold_seg,2,FP,normal_468,1.0,4.0,고부하,,
hbos_amp_shape_w2s,group_kfold_seg,2,FP,normal_121,1.0,5.0,저부하,,
hbos_amp_shape_w2s,group_kfold_seg,2,FP,normal_571,1.0,3.0,고부하,,
hbos_amp_rel_w2s,group_kfold_seg,2,FP,normal_121,1.0,5.0,저부하,,
hbos_amp_rel_w2s,group_kfold_seg,2,FP,normal_373,1.0,5.0,고부하,,
hbos_amp_rel_w2s,group_kfold_seg,2,FP,normal_392,1.0,2.0,고부하,,
hbos_amp_rel_w2s,group_kfold_seg,2,FP,normal_571,1.0,3.0,고부하,,
copod_amp_w2s,group_kfold_seg,2,FP,normal_283,1.0,1.0,고부하,,
copod_amp_sine_w2s,group_kfold_seg,2,FP,normal_283,1.0,1.0,고부하,,
copod_amp_shape_w2s,group_kfold_seg,2,FP,normal_571,1.0,3.0,고부하,,
copod_amp_shape_w2s,group_kfold_seg,2,FP,normal_575,1.0,7.0,고부하,,
copod_amp_shape_w2s,group_kfold_seg,2,FP,normal_79,1.0,7.0,고부하,,
copod_amp_rel_w2s,group_kfold_seg,2,FP,normal_283,1.0,1.0,고부하,,
copod_amp_rel_w2s,group_kfold_seg,2,FP,normal_87,1.0,1.0,고부하,,
deep_svdd_w2s,group_kfold_seg,2,FP,normal_121,1.0,5.0,저부하,,
deep_svdd_w2s,group_kfold_seg,2,FP,normal_147,1.0,2.0,고부하,,
deep_svdd_w2s,group_kfold_seg,2,FP,normal_306,2.0,4.0,저부하,,
deep_svdd_w2s,group_kfold_seg,2,FP,normal_312,1.0,1.0,저부하,,
deep_svdd_w2s,group_kfold_seg,2,FP,normal_439,1.0,6.0,저부하,,
mcd_amp_w2s,group_kfold_seg,3,FP,normal_13,2.0,2.0,고부하,,
mcd_amp_w2s,group_kfold_seg,3,FP,normal_289,1.0,1.0,고부하,,
mcd_amp_sine_w2s,group_kfold_seg,3,FP,normal_13,2.0,2.0,고부하,,
mcd_amp_sine_w2s,group_kfold_seg,3,FP,normal_289,1.0,1.0,고부하,,
mcd_amp_sine_w2s,group_kfold_seg,3,FP,normal_361,1.0,7.0,고부하,,
mcd_amp_sine_w2s,group_kfold_seg,3,FP,normal_586,2.0,7.0,고부하,,
mcd_amp_shape_w2s,group_kfold_seg,3,FP,normal_13,2.0,2.0,고부하,,
mcd_amp_shape_w2s,group_kfold_seg,3,FP,normal_289,1.0,1.0,고부하,,
mcd_amp_shape_w2s,group_kfold_seg,3,FP,normal_64,1.0,7.0,저부하,,
mcd_amp_rel_w2s,group_kfold_seg,3,FP,normal_13,2.0,2.0,고부하,,
mcd_amp_rel_w2s,group_kfold_seg,3,FP,normal_188,1.0,7.0,고부하,,
mcd_amp_rel_w2s,group_kfold_seg,3,FP,normal_289,1.0,1.0,고부하,,
mcd_amp_rel_w2s,group_kfold_seg,3,FP,normal_440,1.0,3.0,고부하,,
ocsvm_amp_w2s,group_kfold_seg,3,FP,normal_120,1.0,7.0,저부하,,
ocsvm_amp_w2s,group_kfold_seg,3,FP,normal_13,1.0,2.0,고부하,,
ocsvm_amp_w2s,group_kfold_seg,3,FP,normal_131,1.0,7.0,저부하,,
ocsvm_amp_w2s,group_kfold_seg,3,FP,normal_285,2.0,7.0,저부하,,
ocsvm_amp_w2s,group_kfold_seg,3,FP,normal_289,1.0,1.0,고부하,,
ocsvm_amp_w2s,group_kfold_seg,3,FP,normal_303,1.0,7.0,고부하,,
ocsvm_amp_w2s,group_kfold_seg,3,FP,normal_342,3.0,6.0,고부하,,
ocsvm_amp_w2s,group_kfold_seg,3,FP,normal_378,1.0,7.0,저부하,,
ocsvm_amp_w2s,group_kfold_seg,3,FP,normal_472,3.0,7.0,저부하,,
ocsvm_amp_w2s,group_kfold_seg,3,FP,normal_482,3.0,7.0,저부하,,
ocsvm_amp_w2s,group_kfold_seg,3,FP,normal_532,2.0,7.0,저부하,,
ocsvm_amp_w2s,group_kfold_seg,3,FP,normal_592,1.0,7.0,고부하,,
ocsvm_amp_w2s,group_kfold_seg,3,FP,normal_6,1.0,7.0,저부하,,
ocsvm_amp_w2s,group_kfold_seg,3,FP,normal_64,2.0,7.0,저부하,,
ocsvm_amp_sine_w2s,group_kfold_seg,3,FP,normal_120,1.0,7.0,저부하,,
ocsvm_amp_sine_w2s,group_kfold_seg,3,FP,normal_13,1.0,2.0,고부하,,
ocsvm_amp_sine_w2s,group_kfold_seg,3,FP,normal_131,7.0,7.0,저부하,,
ocsvm_amp_sine_w2s,group_kfold_seg,3,FP,normal_25,2.0,2.0,저부하,,
ocsvm_amp_sine_w2s,group_kfold_seg,3,FP,normal_285,3.0,7.0,저부하,,
ocsvm_amp_sine_w2s,group_kfold_seg,3,FP,normal_303,1.0,7.0,고부하,,
ocsvm_amp_sine_w2s,group_kfold_seg,3,FP,normal_323,7.0,7.0,저부하,,
ocsvm_amp_sine_w2s,group_kfold_seg,3,FP,normal_342,4.0,6.0,고부하,,
ocsvm_amp_sine_w2s,group_kfold_seg,3,FP,normal_445,3.0,5.0,고부하,,
ocsvm_amp_sine_w2s,group_kfold_seg,3,FP,normal_472,3.0,7.0,저부하,,
ocsvm_amp_sine_w2s,group_kfold_seg,3,FP,normal_482,3.0,7.0,저부하,,
ocsvm_amp_sine_w2s,group_kfold_seg,3,FP,normal_532,2.0,7.0,저부하,,
ocsvm_amp_sine_w2s,group_kfold_seg,3,FP,normal_6,1.0,7.0,저부하,,
ocsvm_amp_sine_w2s,group_kfold_seg,3,FP,normal_64,2.0,7.0,저부하,,
ocsvm_amp_sine_w2s,group_kfold_seg,3,FP,normal_71,1.0,7.0,고부하,,
ocsvm_amp_sine_w2s,group_kfold_seg,3,FP,normal_8,1.0,2.0,고부하,,
ocsvm_amp_shape_w2s,group_kfold_seg,3,FP,normal_120,1.0,7.0,저부하,,
ocsvm_amp_shape_w2s,group_kfold_seg,3,FP,normal_13,1.0,2.0,고부하,,
ocsvm_amp_shape_w2s,group_kfold_seg,3,FP,normal_131,1.0,7.0,저부하,,
ocsvm_amp_shape_w2s,group_kfold_seg,3,FP,normal_285,2.0,7.0,저부하,,
ocsvm_amp_shape_w2s,group_kfold_seg,3,FP,normal_289,1.0,1.0,고부하,,
ocsvm_amp_shape_w2s,group_kfold_seg,3,FP,normal_303,1.0,7.0,고부하,,
ocsvm_amp_shape_w2s,group_kfold_seg,3,FP,normal_342,1.0,6.0,고부하,,
ocsvm_amp_shape_w2s,group_kfold_seg,3,FP,normal_377,1.0,7.0,저부하,,
ocsvm_amp_shape_w2s,group_kfold_seg,3,FP,normal_378,1.0,7.0,저부하,,
ocsvm_amp_shape_w2s,group_kfold_seg,3,FP,normal_472,3.0,7.0,저부하,,
ocsvm_amp_shape_w2s,group_kfold_seg,3,FP,normal_482,3.0,7.0,저부하,,
ocsvm_amp_shape_w2s,group_kfold_seg,3,FP,normal_532,2.0,7.0,저부하,,
ocsvm_amp_shape_w2s,group_kfold_seg,3,FP,normal_592,1.0,7.0,고부하,,
ocsvm_amp_shape_w2s,group_kfold_seg,3,FP,normal_6,1.0,7.0,저부하,,
ocsvm_amp_shape_w2s,group_kfold_seg,3,FP,normal_64,1.0,7.0,저부하,,
ocsvm_amp_rel_w2s,group_kfold_seg,3,FP,normal_120,1.0,7.0,저부하,,
ocsvm_amp_rel_w2s,group_kfold_seg,3,FP,normal_13,1.0,2.0,고부하,,
ocsvm_amp_rel_w2s,group_kfold_seg,3,FP,normal_285,1.0,7.0,저부하,,
ocsvm_amp_rel_w2s,group_kfold_seg,3,FP,normal_289,1.0,1.0,고부하,,
ocsvm_amp_rel_w2s,group_kfold_seg,3,FP,normal_30,1.0,2.0,고부하,,
ocsvm_amp_rel_w2s,group_kfold_seg,3,FP,normal_342,1.0,6.0,고부하,,
ocsvm_amp_rel_w2s,group_kfold_seg,3,FP,normal_389,1.0,7.0,고부하,,
ocsvm_amp_rel_w2s,group_kfold_seg,3,FP,normal_472,3.0,7.0,저부하,,
ocsvm_amp_rel_w2s,group_kfold_seg,3,FP,normal_482,3.0,7.0,저부하,,
ocsvm_amp_rel_w2s,group_kfold_seg,3,FP,normal_532,1.0,7.0,저부하,,
ocsvm_amp_rel_w2s,group_kfold_seg,3,FP,normal_6,1.0,7.0,저부하,,
hbos_amp_w2s,group_kfold_seg,3,FP,normal_13,1.0,2.0,고부하,,
hbos_amp_w2s,group_kfold_seg,3,FP,normal_342,2.0,6.0,고부하,,
hbos_amp_w2s,group_kfold_seg,3,FP,normal_467,1.0,6.0,고부하,,
hbos_amp_w2s,group_kfold_seg,3,FP,normal_597,1.0,7.0,고부하,,
hbos_amp_sine_w2s,group_kfold_seg,3,FP,normal_342,2.0,6.0,고부하,,
hbos_amp_sine_w2s,group_kfold_seg,3,FP,normal_467,1.0,6.0,고부하,,
hbos_amp_sine_w2s,group_kfold_seg,3,FP,normal_592,1.0,7.0,고부하,,
hbos_amp_shape_w2s,group_kfold_seg,3,FP,normal_13,1.0,2.0,고부하,,
hbos_amp_shape_w2s,group_kfold_seg,3,FP,normal_217,1.0,7.0,저부하,,
hbos_amp_shape_w2s,group_kfold_seg,3,FP,normal_342,1.0,6.0,고부하,,
hbos_amp_shape_w2s,group_kfold_seg,3,FP,normal_482,1.0,7.0,저부하,,
hbos_amp_shape_w2s,group_kfold_seg,3,FP,normal_592,1.0,7.0,고부하,,
hbos_amp_shape_w2s,group_kfold_seg,3,FP,normal_597,1.0,7.0,고부하,,
hbos_amp_rel_w2s,group_kfold_seg,3,FP,normal_194,1.0,5.0,고부하,,
hbos_amp_rel_w2s,group_kfold_seg,3,FP,normal_467,1.0,6.0,고부하,,
copod_amp_w2s,group_kfold_seg,3,FP,normal_303,2.0,7.0,고부하,,
copod_amp_w2s,group_kfold_seg,3,FP,normal_342,5.0,6.0,고부하,,
copod_amp_sine_w2s,group_kfold_seg,3,FP,normal_303,2.0,7.0,고부하,,
copod_amp_sine_w2s,group_kfold_seg,3,FP,normal_342,5.0,6.0,고부하,,
copod_amp_shape_w2s,group_kfold_seg,3,FP,normal_342,5.0,6.0,고부하,,
copod_amp_shape_w2s,group_kfold_seg,3,FP,normal_482,3.0,7.0,저부하,,
copod_amp_rel_w2s,group_kfold_seg,3,FP,normal_303,1.0,7.0,고부하,,
copod_amp_rel_w2s,group_kfold_seg,3,FP,normal_342,1.0,6.0,고부하,,
deep_svdd_w2s,group_kfold_seg,3,FP,normal_120,2.0,7.0,저부하,,
deep_svdd_w2s,group_kfold_seg,3,FP,normal_259,1.0,3.0,고부하,,
deep_svdd_w2s,group_kfold_seg,3,FP,normal_267,1.0,2.0,고부하,,
deep_svdd_w2s,group_kfold_seg,3,FP,normal_303,1.0,7.0,고부하,,
deep_svdd_w2s,group_kfold_seg,3,FP,normal_366,1.0,7.0,고부하,,
deep_svdd_w2s,group_kfold_seg,3,FP,normal_378,2.0,7.0,저부하,,
deep_svdd_w2s,group_kfold_seg,3,FP,normal_389,1.0,7.0,고부하,,
deep_svdd_w2s,group_kfold_seg,3,FP,normal_434,1.0,6.0,저부하,,
deep_svdd_w2s,group_kfold_seg,3,FP,normal_568,1.0,7.0,저부하,,
deep_svdd_w2s,group_kfold_seg,3,FP,normal_570,1.0,5.0,저부하,,
deep_svdd_w2s,group_kfold_seg,3,FP,normal_66,1.0,7.0,고부하,,
deep_svdd_w2s,group_kfold_seg,3,FP,normal_71,2.0,7.0,고부하,,
mcd_amp_w2s,group_kfold_seg,4,FP,normal_201,1.0,1.0,고부하,,
mcd_amp_w2s,group_kfold_seg,4,FP,normal_219,1.0,1.0,고부하,,
mcd_amp_w2s,group_kfold_seg,4,FP,normal_235,3.0,5.0,고부하,,
mcd_amp_w2s,group_kfold_seg,4,FP,normal_301,1.0,1.0,고부하,,
mcd_amp_w2s,group_kfold_seg,4,FP,normal_50,1.0,1.0,고부하,,
mcd_amp_sine_w2s,group_kfold_seg,4,FP,normal_108,2.0,7.0,고부하,,
mcd_amp_sine_w2s,group_kfold_seg,4,FP,normal_219,1.0,1.0,고부하,,
mcd_amp_sine_w2s,group_kfold_seg,4,FP,normal_235,3.0,5.0,고부하,,
mcd_amp_sine_w2s,group_kfold_seg,4,FP,normal_89,1.0,7.0,고부하,,
mcd_amp_shape_w2s,group_kfold_seg,4,FP,normal_201,1.0,1.0,고부하,,
mcd_amp_shape_w2s,group_kfold_seg,4,FP,normal_219,1.0,1.0,고부하,,
mcd_amp_shape_w2s,group_kfold_seg,4,FP,normal_235,3.0,5.0,고부하,,
mcd_amp_shape_w2s,group_kfold_seg,4,FP,normal_301,1.0,1.0,고부하,,
mcd_amp_shape_w2s,group_kfold_seg,4,FP,normal_492,2.0,7.0,저부하,,
mcd_amp_rel_w2s,group_kfold_seg,4,FP,normal_201,1.0,1.0,고부하,,
mcd_amp_rel_w2s,group_kfold_seg,4,FP,normal_219,1.0,1.0,고부하,,
mcd_amp_rel_w2s,group_kfold_seg,4,FP,normal_235,3.0,5.0,고부하,,
ocsvm_amp_w2s,group_kfold_seg,4,FP,normal_126,1.0,7.0,저부하,,
ocsvm_amp_w2s,group_kfold_seg,4,FP,normal_201,1.0,1.0,고부하,,
ocsvm_amp_w2s,group_kfold_seg,4,FP,normal_492,4.0,7.0,저부하,,
ocsvm_amp_w2s,group_kfold_seg,4,FP,normal_91,1.0,4.0,저부하,,
ocsvm_amp_sine_w2s,group_kfold_seg,4,FP,normal_201,1.0,1.0,고부하,,
ocsvm_amp_sine_w2s,group_kfold_seg,4,FP,normal_492,4.0,7.0,저부하,,
ocsvm_amp_sine_w2s,group_kfold_seg,4,FP,normal_91,1.0,4.0,저부하,,
ocsvm_amp_shape_w2s,group_kfold_seg,4,FP,normal_126,1.0,7.0,저부하,,
ocsvm_amp_shape_w2s,group_kfold_seg,4,FP,normal_201,1.0,1.0,고부하,,
ocsvm_amp_shape_w2s,group_kfold_seg,4,FP,normal_492,4.0,7.0,저부하,,
ocsvm_amp_shape_w2s,group_kfold_seg,4,FP,normal_91,1.0,4.0,저부하,,
ocsvm_amp_rel_w2s,group_kfold_seg,4,FP,normal_201,1.0,1.0,고부하,,
ocsvm_amp_rel_w2s,group_kfold_seg,4,FP,normal_33,1.0,7.0,고부하,,
ocsvm_amp_rel_w2s,group_kfold_seg,4,FP,normal_492,4.0,7.0,저부하,,
ocsvm_amp_rel_w2s,group_kfold_seg,4,FP,normal_539,1.0,1.0,저부하,,
ocsvm_amp_rel_w2s,group_kfold_seg,4,FP,normal_91,1.0,4.0,저부하,,
hbos_amp_w2s,group_kfold_seg,4,FP,normal_201,1.0,1.0,고부하,,
hbos_amp_w2s,group_kfold_seg,4,FP,normal_328,1.0,7.0,고부하,,
hbos_amp_w2s,group_kfold_seg,4,FP,normal_33,1.0,7.0,고부하,,
hbos_amp_w2s,group_kfold_seg,4,FP,normal_395,1.0,7.0,고부하,,
hbos_amp_sine_w2s,group_kfold_seg,4,FP,normal_201,1.0,1.0,고부하,,
hbos_amp_sine_w2s,group_kfold_seg,4,FP,normal_271,1.0,7.0,고부하,,
hbos_amp_sine_w2s,group_kfold_seg,4,FP,normal_273,1.0,6.0,고부하,,
hbos_amp_sine_w2s,group_kfold_seg,4,FP,normal_328,1.0,7.0,고부하,,
hbos_amp_sine_w2s,group_kfold_seg,4,FP,normal_33,1.0,7.0,고부하,,
hbos_amp_sine_w2s,group_kfold_seg,4,FP,normal_395,2.0,7.0,고부하,,
hbos_amp_shape_w2s,group_kfold_seg,4,FP,normal_328,1.0,7.0,고부하,,
hbos_amp_shape_w2s,group_kfold_seg,4,FP,normal_395,1.0,7.0,고부하,,
hbos_amp_rel_w2s,group_kfold_seg,4,FP,normal_185,1.0,1.0,저부하,,
hbos_amp_rel_w2s,group_kfold_seg,4,FP,normal_201,1.0,1.0,고부하,,
hbos_amp_rel_w2s,group_kfold_seg,4,FP,normal_33,1.0,7.0,고부하,,
hbos_amp_rel_w2s,group_kfold_seg,4,FP,normal_395,1.0,7.0,고부하,,
copod_amp_w2s,group_kfold_seg,4,FP,normal_201,1.0,1.0,고부하,,
copod_amp_sine_w2s,group_kfold_seg,4,FP,normal_201,1.0,1.0,고부하,,
copod_amp_shape_w2s,group_kfold_seg,4,FP,normal_201,1.0,1.0,고부하,,
copod_amp_rel_w2s,group_kfold_seg,4,FP,normal_201,1.0,1.0,고부하,,
deep_svdd_w2s,group_kfold_seg,4,FP,normal_170,1.0,5.0,고부하,,
deep_svdd_w2s,group_kfold_seg,4,FP,normal_223,1.0,5.0,저부하,,
deep_svdd_w2s,group_kfold_seg,4,FP,normal_328,1.0,7.0,고부하,,
deep_svdd_w2s,group_kfold_seg,4,FP,normal_356,1.0,3.0,저부하,,
mcd_amp_w2s,time_block,1,FP,normal_120,1.0,7.0,저부하,,
mcd_amp_sine_w2s,time_block,1,FP,normal_201,1.0,1.0,고부하,,
mcd_amp_shape_w2s,time_block,1,FP,normal_120,1.0,7.0,저부하,,
mcd_amp_shape_w2s,time_block,1,FP,normal_122,1.0,2.0,고부하,,
mcd_amp_shape_w2s,time_block,1,FP,normal_154,1.0,6.0,저부하,,
mcd_amp_shape_w2s,time_block,1,FP,normal_201,1.0,1.0,고부하,,
ocsvm_amp_w2s,time_block,1,FP,normal_120,2.0,7.0,저부하,,
ocsvm_amp_w2s,time_block,1,FP,normal_121,1.0,5.0,저부하,,
ocsvm_amp_w2s,time_block,1,FP,normal_122,1.0,2.0,고부하,,
ocsvm_amp_w2s,time_block,1,FP,normal_126,1.0,7.0,저부하,,
ocsvm_amp_w2s,time_block,1,FP,normal_131,1.0,7.0,저부하,,
ocsvm_amp_w2s,time_block,1,FP,normal_146,1.0,5.0,저부하,,
ocsvm_amp_w2s,time_block,1,FP,normal_154,1.0,6.0,저부하,,
ocsvm_amp_w2s,time_block,1,FP,normal_172,1.0,2.0,고부하,,
ocsvm_amp_w2s,time_block,1,FP,normal_178,3.0,3.0,고부하,,
ocsvm_amp_w2s,time_block,1,FP,normal_201,1.0,1.0,고부하,,
ocsvm_amp_w2s,time_block,1,FP,normal_218,1.0,4.0,저부하,,
ocsvm_amp_w2s,time_block,1,FP,normal_224,1.0,2.0,고부하,,
ocsvm_amp_w2s,time_block,1,FP,normal_227,3.0,7.0,고부하,,
ocsvm_amp_w2s,time_block,1,FP,normal_233,3.0,7.0,저부하,,
ocsvm_amp_sine_w2s,time_block,1,FP,normal_120,1.0,7.0,저부하,,
ocsvm_amp_sine_w2s,time_block,1,FP,normal_121,1.0,5.0,저부하,,
ocsvm_amp_sine_w2s,time_block,1,FP,normal_122,1.0,2.0,고부하,,
ocsvm_amp_sine_w2s,time_block,1,FP,normal_126,1.0,7.0,저부하,,
ocsvm_amp_sine_w2s,time_block,1,FP,normal_131,5.0,7.0,저부하,,
ocsvm_amp_sine_w2s,time_block,1,FP,normal_132,1.0,6.0,저부하,,
ocsvm_amp_sine_w2s,time_block,1,FP,normal_146,1.0,5.0,저부하,,
ocsvm_amp_sine_w2s,time_block,1,FP,normal_154,1.0,6.0,저부하,,
ocsvm_amp_sine_w2s,time_block,1,FP,normal_170,1.0,5.0,고부하,,
ocsvm_amp_sine_w2s,time_block,1,FP,normal_172,1.0,2.0,고부하,,
ocsvm_amp_sine_w2s,time_block,1,FP,normal_178,3.0,3.0,고부하,,
ocsvm_amp_sine_w2s,time_block,1,FP,normal_201,1.0,1.0,고부하,,
ocsvm_amp_sine_w2s,time_block,1,FP,normal_227,2.0,7.0,고부하,,
ocsvm_amp_sine_w2s,time_block,1,FP,normal_233,3.0,7.0,저부하,,
ocsvm_amp_shape_w2s,time_block,1,FP,normal_120,2.0,7.0,저부하,,
ocsvm_amp_shape_w2s,time_block,1,FP,normal_121,1.0,5.0,저부하,,
ocsvm_amp_shape_w2s,time_block,1,FP,normal_122,2.0,2.0,고부하,,
ocsvm_amp_shape_w2s,time_block,1,FP,normal_126,1.0,7.0,저부하,,
ocsvm_amp_shape_w2s,time_block,1,FP,normal_131,2.0,7.0,저부하,,
ocsvm_amp_shape_w2s,time_block,1,FP,normal_132,1.0,6.0,저부하,,
ocsvm_amp_shape_w2s,time_block,1,FP,normal_146,1.0,5.0,저부하,,
ocsvm_amp_shape_w2s,time_block,1,FP,normal_154,1.0,6.0,저부하,,
ocsvm_amp_shape_w2s,time_block,1,FP,normal_172,1.0,2.0,고부하,,
ocsvm_amp_shape_w2s,time_block,1,FP,normal_178,3.0,3.0,고부하,,
ocsvm_amp_shape_w2s,time_block,1,FP,normal_190,2.0,2.0,저부하,,
ocsvm_amp_shape_w2s,time_block,1,FP,normal_195,1.0,2.0,저부하,,
ocsvm_amp_shape_w2s,time_block,1,FP,normal_200,2.0,3.0,저부하,,
ocsvm_amp_shape_w2s,time_block,1,FP,normal_201,1.0,1.0,고부하,,
ocsvm_amp_shape_w2s,time_block,1,FP,normal_218,1.0,4.0,저부하,,
ocsvm_amp_shape_w2s,time_block,1,FP,normal_227,3.0,7.0,고부하,,
ocsvm_amp_shape_w2s,time_block,1,FP,normal_233,4.0,7.0,저부하,,
ocsvm_amp_rel_w2s,time_block,1,FP,normal_120,2.0,7.0,저부하,,
ocsvm_amp_rel_w2s,time_block,1,FP,normal_121,1.0,5.0,저부하,,
ocsvm_amp_rel_w2s,time_block,1,FP,normal_122,2.0,2.0,고부하,,
ocsvm_amp_rel_w2s,time_block,1,FP,normal_126,1.0,7.0,저부하,,
ocsvm_amp_rel_w2s,time_block,1,FP,normal_140,1.0,1.0,고부하,,
ocsvm_amp_rel_w2s,time_block,1,FP,normal_154,1.0,6.0,저부하,,
ocsvm_amp_rel_w2s,time_block,1,FP,normal_159,1.0,7.0,저부하,,
ocsvm_amp_rel_w2s,time_block,1,FP,normal_161,1.0,2.0,고부하,,
ocsvm_amp_rel_w2s,time_block,1,FP,normal_172,2.0,2.0,고부하,,
ocsvm_amp_rel_w2s,time_block,1,FP,normal_178,3.0,3.0,고부하,,
ocsvm_amp_rel_w2s,time_block,1,FP,normal_185,1.0,1.0,저부하,,
ocsvm_amp_rel_w2s,time_block,1,FP,normal_193,2.0,7.0,고부하,,
ocsvm_amp_rel_w2s,time_block,1,FP,normal_195,1.0,2.0,저부하,,
ocsvm_amp_rel_w2s,time_block,1,FP,normal_201,1.0,1.0,고부하,,
ocsvm_amp_rel_w2s,time_block,1,FP,normal_217,1.0,7.0,저부하,,
ocsvm_amp_rel_w2s,time_block,1,FP,normal_218,1.0,4.0,저부하,,
ocsvm_amp_rel_w2s,time_block,1,FP,normal_224,1.0,2.0,고부하,,
ocsvm_amp_rel_w2s,time_block,1,FP,normal_227,3.0,7.0,고부하,,
ocsvm_amp_rel_w2s,time_block,1,FP,normal_233,4.0,7.0,저부하,,
ocsvm_amp_rel_w2s,time_block,1,FP,normal_235,3.0,5.0,고부하,,
hbos_amp_w2s,time_block,1,FP,normal_121,1.0,5.0,저부하,,
hbos_amp_w2s,time_block,1,FP,normal_170,3.0,5.0,고부하,,
hbos_amp_w2s,time_block,1,FP,normal_178,1.0,3.0,고부하,,
hbos_amp_w2s,time_block,1,FP,normal_201,1.0,1.0,고부하,,
hbos_amp_w2s,time_block,1,FP,normal_217,1.0,7.0,저부하,,
hbos_amp_sine_w2s,time_block,1,FP,normal_121,1.0,5.0,저부하,,
hbos_amp_sine_w2s,time_block,1,FP,normal_122,2.0,2.0,고부하,,
hbos_amp_sine_w2s,time_block,1,FP,normal_132,1.0,6.0,저부하,,
hbos_amp_sine_w2s,time_block,1,FP,normal_170,3.0,5.0,고부하,,
hbos_amp_sine_w2s,time_block,1,FP,normal_178,1.0,3.0,고부하,,
hbos_amp_sine_w2s,time_block,1,FP,normal_182,1.0,6.0,저부하,,
hbos_amp_sine_w2s,time_block,1,FP,normal_193,1.0,7.0,고부하,,
hbos_amp_sine_w2s,time_block,1,FP,normal_201,1.0,1.0,고부하,,
hbos_amp_sine_w2s,time_block,1,FP,normal_217,2.0,7.0,저부하,,
hbos_amp_shape_w2s,time_block,1,FP,normal_120,1.0,7.0,저부하,,
hbos_amp_shape_w2s,time_block,1,FP,normal_121,1.0,5.0,저부하,,
hbos_amp_shape_w2s,time_block,1,FP,normal_122,1.0,2.0,고부하,,
hbos_amp_shape_w2s,time_block,1,FP,normal_131,2.0,7.0,저부하,,
hbos_amp_shape_w2s,time_block,1,FP,normal_170,1.0,5.0,고부하,,
hbos_amp_shape_w2s,time_block,1,FP,normal_178,1.0,3.0,고부하,,
hbos_amp_shape_w2s,time_block,1,FP,normal_182,1.0,6.0,저부하,,
hbos_amp_shape_w2s,time_block,1,FP,normal_190,1.0,2.0,저부하,,
hbos_amp_shape_w2s,time_block,1,FP,normal_193,1.0,7.0,고부하,,
hbos_amp_shape_w2s,time_block,1,FP,normal_201,1.0,1.0,고부하,,
hbos_amp_shape_w2s,time_block,1,FP,normal_217,2.0,7.0,저부하,,
hbos_amp_shape_w2s,time_block,1,FP,normal_218,1.0,4.0,저부하,,
hbos_amp_shape_w2s,time_block,1,FP,normal_223,1.0,5.0,저부하,,
hbos_amp_rel_w2s,time_block,1,FP,normal_121,1.0,5.0,저부하,,
hbos_amp_rel_w2s,time_block,1,FP,normal_170,2.0,5.0,고부하,,
hbos_amp_rel_w2s,time_block,1,FP,normal_178,2.0,3.0,고부하,,
hbos_amp_rel_w2s,time_block,1,FP,normal_201,1.0,1.0,고부하,,
hbos_amp_rel_w2s,time_block,1,FP,normal_217,1.0,7.0,저부하,,
copod_amp_shape_w2s,time_block,1,FP,normal_201,1.0,1.0,고부하,,
deep_svdd_w2s,time_block,1,FP,normal_120,4.0,7.0,저부하,,
deep_svdd_w2s,time_block,1,FP,normal_121,3.0,5.0,저부하,,
deep_svdd_w2s,time_block,1,FP,normal_125,2.0,7.0,고부하,,
deep_svdd_w2s,time_block,1,FP,normal_126,1.0,7.0,저부하,,
deep_svdd_w2s,time_block,1,FP,normal_131,2.0,7.0,저부하,,
deep_svdd_w2s,time_block,1,FP,normal_132,2.0,6.0,저부하,,
deep_svdd_w2s,time_block,1,FP,normal_147,1.0,2.0,고부하,,
deep_svdd_w2s,time_block,1,FP,normal_152,1.0,7.0,저부하,,
deep_svdd_w2s,time_block,1,FP,normal_159,2.0,7.0,저부하,,
deep_svdd_w2s,time_block,1,FP,normal_160,1.0,4.0,고부하,,
deep_svdd_w2s,time_block,1,FP,normal_165,3.0,5.0,고부하,,
deep_svdd_w2s,time_block,1,FP,normal_170,1.0,5.0,고부하,,
deep_svdd_w2s,time_block,1,FP,normal_175,2.0,7.0,고부하,,
deep_svdd_w2s,time_block,1,FP,normal_178,1.0,3.0,고부하,,
deep_svdd_w2s,time_block,1,FP,normal_181,1.0,7.0,고부하,,
deep_svdd_w2s,time_block,1,FP,normal_198,2.0,7.0,고부하,,
deep_svdd_w2s,time_block,1,FP,normal_200,3.0,3.0,저부하,,
deep_svdd_w2s,time_block,1,FP,normal_210,1.0,7.0,저부하,,
deep_svdd_w2s,time_block,1,FP,normal_218,2.0,4.0,저부하,,
deep_svdd_w2s,time_block,1,FP,normal_223,4.0,5.0,저부하,,
deep_svdd_w2s,time_block,1,FP,normal_228,3.0,7.0,고부하,,
deep_svdd_w2s,time_block,1,FP,normal_229,1.0,5.0,고부하,,
deep_svdd_w2s,time_block,1,FP,normal_234,1.0,7.0,저부하,,
mcd_amp_w2s,time_block,2,FP,normal_289,1.0,1.0,고부하,,
mcd_amp_sine_w2s,time_block,2,FP,normal_283,1.0,1.0,고부하,,
mcd_amp_sine_w2s,time_block,2,FP,normal_289,1.0,1.0,고부하,,
mcd_amp_sine_w2s,time_block,2,FP,normal_301,1.0,1.0,고부하,,
mcd_amp_shape_w2s,time_block,2,FP,normal_283,1.0,1.0,고부하,,
mcd_amp_shape_w2s,time_block,2,FP,normal_289,1.0,1.0,고부하,,
mcd_amp_rel_w2s,time_block,2,FP,normal_282,1.0,3.0,저부하,,
ocsvm_amp_w2s,time_block,2,FP,normal_251,1.0,7.0,고부하,,
ocsvm_amp_w2s,time_block,2,FP,normal_254,1.0,2.0,고부하,,
ocsvm_amp_w2s,time_block,2,FP,normal_283,1.0,1.0,고부하,,
ocsvm_amp_w2s,time_block,2,FP,normal_285,4.0,7.0,저부하,,
ocsvm_amp_w2s,time_block,2,FP,normal_289,1.0,1.0,고부하,,
ocsvm_amp_w2s,time_block,2,FP,normal_303,2.0,7.0,고부하,,
ocsvm_amp_w2s,time_block,2,FP,normal_310,2.0,7.0,고부하,,
ocsvm_amp_w2s,time_block,2,FP,normal_341,1.0,7.0,저부하,,
ocsvm_amp_w2s,time_block,2,FP,normal_342,2.0,6.0,고부하,,
ocsvm_amp_w2s,time_block,2,FP,normal_353,1.0,7.0,저부하,,
ocsvm_amp_sine_w2s,time_block,2,FP,normal_251,1.0,7.0,고부하,,
ocsvm_amp_sine_w2s,time_block,2,FP,normal_283,1.0,1.0,고부하,,
ocsvm_amp_sine_w2s,time_block,2,FP,normal_285,3.0,7.0,저부하,,
ocsvm_amp_sine_w2s,time_block,2,FP,normal_289,1.0,1.0,고부하,,
ocsvm_amp_sine_w2s,time_block,2,FP,normal_301,1.0,1.0,고부하,,
ocsvm_amp_sine_w2s,time_block,2,FP,normal_303,5.0,7.0,고부하,,
ocsvm_amp_sine_w2s,time_block,2,FP,normal_310,1.0,7.0,고부하,,
ocsvm_amp_sine_w2s,time_block,2,FP,normal_323,2.0,7.0,저부하,,
ocsvm_amp_sine_w2s,time_block,2,FP,normal_341,1.0,7.0,저부하,,
ocsvm_amp_sine_w2s,time_block,2,FP,normal_342,4.0,6.0,고부하,,
ocsvm_amp_shape_w2s,time_block,2,FP,normal_251,1.0,7.0,고부하,,
ocsvm_amp_shape_w2s,time_block,2,FP,normal_252,1.0,7.0,저부하,,
ocsvm_amp_shape_w2s,time_block,2,FP,normal_254,2.0,2.0,고부하,,
ocsvm_amp_shape_w2s,time_block,2,FP,normal_283,1.0,1.0,고부하,,
ocsvm_amp_shape_w2s,time_block,2,FP,normal_285,2.0,7.0,저부하,,
ocsvm_amp_shape_w2s,time_block,2,FP,normal_289,1.0,1.0,고부하,,
ocsvm_amp_shape_w2s,time_block,2,FP,normal_303,3.0,7.0,고부하,,
ocsvm_amp_shape_w2s,time_block,2,FP,normal_310,2.0,7.0,고부하,,
ocsvm_amp_shape_w2s,time_block,2,FP,normal_341,1.0,7.0,저부하,,
ocsvm_amp_shape_w2s,time_block,2,FP,normal_342,3.0,6.0,고부하,,
ocsvm_amp_shape_w2s,time_block,2,FP,normal_356,1.0,3.0,저부하,,
ocsvm_amp_rel_w2s,time_block,2,FP,normal_251,1.0,7.0,고부하,,
ocsvm_amp_rel_w2s,time_block,2,FP,normal_254,2.0,2.0,고부하,,
ocsvm_amp_rel_w2s,time_block,2,FP,normal_285,1.0,7.0,저부하,,
ocsvm_amp_rel_w2s,time_block,2,FP,normal_289,1.0,1.0,고부하,,
ocsvm_amp_rel_w2s,time_block,2,FP,normal_292,1.0,7.0,고부하,,
ocsvm_amp_rel_w2s,time_block,2,FP,normal_303,1.0,7.0,고부하,,
ocsvm_amp_rel_w2s,time_block,2,FP,normal_310,1.0,7.0,고부하,,
ocsvm_amp_rel_w2s,time_block,2,FP,normal_312,1.0,1.0,저부하,,
ocsvm_amp_rel_w2s,time_block,2,FP,normal_341,1.0,7.0,저부하,,
ocsvm_amp_rel_w2s,time_block,2,FP,normal_342,2.0,6.0,고부하,,
ocsvm_amp_rel_w2s,time_block,2,FP,normal_348,1.0,7.0,고부하,,
ocsvm_amp_rel_w2s,time_block,2,FP,normal_353,2.0,7.0,저부하,,
ocsvm_amp_rel_w2s,time_block,2,FP,normal_356,1.0,3.0,저부하,,
hbos_amp_w2s,time_block,2,FP,normal_254,1.0,2.0,고부하,,
hbos_amp_w2s,time_block,2,FP,normal_303,1.0,7.0,고부하,,
hbos_amp_w2s,time_block,2,FP,normal_310,2.0,7.0,고부하,,
hbos_amp_w2s,time_block,2,FP,normal_342,2.0,6.0,고부하,,
hbos_amp_sine_w2s,time_block,2,FP,normal_303,1.0,7.0,고부하,,
hbos_amp_sine_w2s,time_block,2,FP,normal_310,2.0,7.0,고부하,,
hbos_amp_sine_w2s,time_block,2,FP,normal_342,2.0,6.0,고부하,,
hbos_amp_shape_w2s,time_block,2,FP,normal_254,2.0,2.0,고부하,,
hbos_amp_shape_w2s,time_block,2,FP,normal_275,1.0,6.0,저부하,,
hbos_amp_shape_w2s,time_block,2,FP,normal_299,1.0,6.0,저부하,,
hbos_amp_shape_w2s,time_block,2,FP,normal_310,1.0,7.0,고부하,,
hbos_amp_shape_w2s,time_block,2,FP,normal_342,2.0,6.0,고부하,,
hbos_amp_rel_w2s,time_block,2,FP,normal_254,2.0,2.0,고부하,,
hbos_amp_rel_w2s,time_block,2,FP,normal_303,1.0,7.0,고부하,,
hbos_amp_rel_w2s,time_block,2,FP,normal_310,1.0,7.0,고부하,,
hbos_amp_rel_w2s,time_block,2,FP,normal_342,2.0,6.0,고부하,,
copod_amp_w2s,time_block,2,FP,normal_283,1.0,1.0,고부하,,
copod_amp_w2s,time_block,2,FP,normal_303,1.0,7.0,고부하,,
copod_amp_w2s,time_block,2,FP,normal_310,2.0,7.0,고부하,,
copod_amp_sine_w2s,time_block,2,FP,normal_283,1.0,1.0,고부하,,
copod_amp_sine_w2s,time_block,2,FP,normal_303,1.0,7.0,고부하,,
copod_amp_sine_w2s,time_block,2,FP,normal_310,3.0,7.0,고부하,,
copod_amp_sine_w2s,time_block,2,FP,normal_342,3.0,6.0,고부하,,
copod_amp_shape_w2s,time_block,2,FP,normal_310,1.0,7.0,고부하,,
copod_amp_shape_w2s,time_block,2,FP,normal_342,1.0,6.0,고부하,,
copod_amp_rel_w2s,time_block,2,FP,normal_283,1.0,1.0,고부하,,
copod_amp_rel_w2s,time_block,2,FP,normal_310,1.0,7.0,고부하,,
deep_svdd_w2s,time_block,2,FP,normal_264,1.0,7.0,고부하,,
deep_svdd_w2s,time_block,2,FP,normal_270,2.0,7.0,고부하,,
deep_svdd_w2s,time_block,2,FP,normal_277,1.0,1.0,저부하,,
deep_svdd_w2s,time_block,2,FP,normal_306,2.0,4.0,저부하,,
deep_svdd_w2s,time_block,2,FP,normal_310,1.0,7.0,고부하,,
deep_svdd_w2s,time_block,2,FP,normal_312,1.0,1.0,저부하,,
deep_svdd_w2s,time_block,2,FP,normal_315,2.0,7.0,저부하,,
deep_svdd_w2s,time_block,2,FP,normal_355,1.0,6.0,저부하,,
deep_svdd_w2s,time_block,2,FP,normal_356,2.0,3.0,저부하,,
mcd_amp_w2s,time_block,3,FP,normal_420,1.0,1.0,고부하,,
mcd_amp_w2s,time_block,3,FP,normal_425,1.0,1.0,고부하,,
mcd_amp_w2s,time_block,3,FP,normal_436,1.0,1.0,저부하,,
mcd_amp_sine_w2s,time_block,3,FP,normal_420,1.0,1.0,고부하,,
mcd_amp_sine_w2s,time_block,3,FP,normal_425,1.0,1.0,고부하,,
mcd_amp_sine_w2s,time_block,3,FP,normal_436,1.0,1.0,저부하,,
mcd_amp_shape_w2s,time_block,3,FP,normal_363,1.0,1.0,저부하,,
mcd_amp_shape_w2s,time_block,3,FP,normal_420,1.0,1.0,고부하,,
mcd_amp_shape_w2s,time_block,3,FP,normal_425,1.0,1.0,고부하,,
ocsvm_amp_w2s,time_block,3,FP,normal_378,1.0,7.0,저부하,,
ocsvm_amp_w2s,time_block,3,FP,normal_391,1.0,4.0,저부하,,
ocsvm_amp_w2s,time_block,3,FP,normal_422,1.0,7.0,고부하,,
ocsvm_amp_w2s,time_block,3,FP,normal_427,1.0,7.0,고부하,,
ocsvm_amp_w2s,time_block,3,FP,normal_460,2.0,7.0,고부하,,
ocsvm_amp_w2s,time_block,3,FP,normal_472,3.0,7.0,저부하,,
ocsvm_amp_sine_w2s,time_block,3,FP,normal_378,1.0,7.0,저부하,,
ocsvm_amp_sine_w2s,time_block,3,FP,normal_390,1.0,7.0,고부하,,
ocsvm_amp_sine_w2s,time_block,3,FP,normal_391,1.0,4.0,저부하,,
ocsvm_amp_sine_w2s,time_block,3,FP,normal_395,1.0,7.0,고부하,,
ocsvm_amp_sine_w2s,time_block,3,FP,normal_396,1.0,5.0,저부하,,
ocsvm_amp_sine_w2s,time_block,3,FP,normal_422,1.0,7.0,고부하,,
ocsvm_amp_sine_w2s,time_block,3,FP,normal_427,1.0,7.0,고부하,,
ocsvm_amp_sine_w2s,time_block,3,FP,normal_445,3.0,5.0,고부하,,
ocsvm_amp_sine_w2s,time_block,3,FP,normal_455,1.0,7.0,고부하,,
ocsvm_amp_sine_w2s,time_block,3,FP,normal_460,1.0,7.0,고부하,,
ocsvm_amp_sine_w2s,time_block,3,FP,normal_472,3.0,7.0,저부하,,
ocsvm_amp_shape_w2s,time_block,3,FP,normal_377,1.0,7.0,저부하,,
ocsvm_amp_shape_w2s,time_block,3,FP,normal_378,1.0,7.0,저부하,,
ocsvm_amp_shape_w2s,time_block,3,FP,normal_389,1.0,7.0,고부하,,
ocsvm_amp_shape_w2s,time_block,3,FP,normal_390,1.0,7.0,고부하,,
ocsvm_amp_shape_w2s,time_block,3,FP,normal_391,1.0,4.0,저부하,,
ocsvm_amp_shape_w2s,time_block,3,FP,normal_396,1.0,5.0,저부하,,
ocsvm_amp_shape_w2s,time_block,3,FP,normal_422,1.0,7.0,고부하,,
ocsvm_amp_shape_w2s,time_block,3,FP,normal_427,1.0,7.0,고부하,,
ocsvm_amp_shape_w2s,time_block,3,FP,normal_460,1.0,7.0,고부하,,
ocsvm_amp_shape_w2s,time_block,3,FP,normal_472,3.0,7.0,저부하,,
ocsvm_amp_rel_w2s,time_block,3,FP,normal_378,1.0,7.0,저부하,,
ocsvm_amp_rel_w2s,time_block,3,FP,normal_389,1.0,7.0,고부하,,
ocsvm_amp_rel_w2s,time_block,3,FP,normal_390,1.0,7.0,고부하,,
ocsvm_amp_rel_w2s,time_block,3,FP,normal_391,1.0,4.0,저부하,,
ocsvm_amp_rel_w2s,time_block,3,FP,normal_422,1.0,7.0,고부하,,
ocsvm_amp_rel_w2s,time_block,3,FP,normal_427,1.0,7.0,고부하,,
ocsvm_amp_rel_w2s,time_block,3,FP,normal_460,2.0,7.0,고부하,,
ocsvm_amp_rel_w2s,time_block,3,FP,normal_472,3.0,7.0,저부하,,
hbos_amp_w2s,time_block,3,FP,normal_395,1.0,7.0,고부하,,
hbos_amp_w2s,time_block,3,FP,normal_422,1.0,7.0,고부하,,
hbos_amp_sine_w2s,time_block,3,FP,normal_380,1.0,2.0,고부하,,
hbos_amp_sine_w2s,time_block,3,FP,normal_395,1.0,7.0,고부하,,
hbos_amp_sine_w2s,time_block,3,FP,normal_422,1.0,7.0,고부하,,
hbos_amp_sine_w2s,time_block,3,FP,normal_455,1.0,7.0,고부하,,
hbos_amp_shape_w2s,time_block,3,FP,normal_412,1.0,5.0,저부하,,
hbos_amp_shape_w2s,time_block,3,FP,normal_427,1.0,7.0,고부하,,
hbos_amp_shape_w2s,time_block,3,FP,normal_472,2.0,7.0,저부하,,
hbos_amp_rel_w2s,time_block,3,FP,normal_475,1.0,2.0,저부하,,
copod_amp_shape_w2s,time_block,3,FP,normal_427,1.0,7.0,고부하,,
deep_svdd_w2s,time_block,3,FP,normal_368,1.0,2.0,저부하,,
deep_svdd_w2s,time_block,3,FP,normal_372,1.0,7.0,고부하,,
deep_svdd_w2s,time_block,3,FP,normal_378,1.0,7.0,저부하,,
deep_svdd_w2s,time_block,3,FP,normal_379,1.0,5.0,고부하,,
deep_svdd_w2s,time_block,3,FP,normal_396,1.0,5.0,저부하,,
deep_svdd_w2s,time_block,3,FP,normal_407,1.0,4.0,저부하,,
deep_svdd_w2s,time_block,3,FP,normal_422,3.0,7.0,고부하,,
deep_svdd_w2s,time_block,3,FP,normal_433,1.0,7.0,저부하,,
deep_svdd_w2s,time_block,3,FP,normal_434,1.0,6.0,저부하,,
deep_svdd_w2s,time_block,3,FP,normal_449,1.0,7.0,고부하,,
deep_svdd_w2s,time_block,3,FP,normal_478,1.0,7.0,저부하,,
mcd_amp_w2s,time_block,4,FP,normal_482,2.0,7.0,저부하,,
mcd_amp_w2s,time_block,4,FP,normal_492,4.0,7.0,저부하,,
mcd_amp_w2s,time_block,4,FP,normal_504,1.0,7.0,저부하,,
mcd_amp_w2s,time_block,4,FP,normal_551,1.0,6.0,저부하,,
mcd_amp_w2s,time_block,4,FP,normal_562,1.0,7.0,저부하,,
mcd_amp_w2s,time_block,4,FP,normal_588,1.0,5.0,저부하,,
mcd_amp_sine_w2s,time_block,4,FP,normal_482,3.0,7.0,저부하,,
mcd_amp_sine_w2s,time_block,4,FP,normal_492,4.0,7.0,저부하,,
mcd_amp_sine_w2s,time_block,4,FP,normal_504,1.0,7.0,저부하,,
mcd_amp_sine_w2s,time_block,4,FP,normal_515,1.0,7.0,저부하,,
mcd_amp_sine_w2s,time_block,4,FP,normal_520,1.0,7.0,저부하,,
mcd_amp_sine_w2s,time_block,4,FP,normal_551,1.0,6.0,저부하,,
mcd_amp_sine_w2s,time_block,4,FP,normal_562,1.0,7.0,저부하,,
mcd_amp_sine_w2s,time_block,4,FP,normal_588,1.0,5.0,저부하,,
mcd_amp_shape_w2s,time_block,4,FP,normal_482,2.0,7.0,저부하,,
mcd_amp_shape_w2s,time_block,4,FP,normal_492,3.0,7.0,저부하,,
mcd_amp_shape_w2s,time_block,4,FP,normal_562,1.0,7.0,저부하,,
mcd_amp_shape_w2s,time_block,4,FP,normal_569,2.0,5.0,고부하,,
mcd_amp_shape_w2s,time_block,4,FP,normal_588,1.0,5.0,저부하,,
mcd_amp_rel_w2s,time_block,4,FP,normal_482,2.0,7.0,저부하,,
mcd_amp_rel_w2s,time_block,4,FP,normal_492,5.0,7.0,저부하,,
mcd_amp_rel_w2s,time_block,4,FP,normal_504,1.0,7.0,저부하,,
mcd_amp_rel_w2s,time_block,4,FP,normal_515,1.0,7.0,저부하,,
mcd_amp_rel_w2s,time_block,4,FP,normal_520,1.0,7.0,저부하,,
mcd_amp_rel_w2s,time_block,4,FP,normal_562,1.0,7.0,저부하,,
mcd_amp_rel_w2s,time_block,4,FP,normal_588,1.0,5.0,저부하,,
ocsvm_amp_w2s,time_block,4,FP,normal_482,3.0,7.0,저부하,,
ocsvm_amp_w2s,time_block,4,FP,normal_492,4.0,7.0,저부하,,
ocsvm_amp_w2s,time_block,4,FP,normal_522,1.0,2.0,저부하,,
ocsvm_amp_w2s,time_block,4,FP,normal_532,2.0,7.0,저부하,,
ocsvm_amp_w2s,time_block,4,FP,normal_534,1.0,2.0,저부하,,
ocsvm_amp_w2s,time_block,4,FP,normal_569,3.0,5.0,고부하,,
ocsvm_amp_sine_w2s,time_block,4,FP,normal_482,3.0,7.0,저부하,,
ocsvm_amp_sine_w2s,time_block,4,FP,normal_484,1.0,5.0,저부하,,
ocsvm_amp_sine_w2s,time_block,4,FP,normal_492,4.0,7.0,저부하,,
ocsvm_amp_sine_w2s,time_block,4,FP,normal_517,1.0,2.0,저부하,,
ocsvm_amp_sine_w2s,time_block,4,FP,normal_522,1.0,2.0,저부하,,
ocsvm_amp_sine_w2s,time_block,4,FP,normal_525,1.0,7.0,저부하,,
ocsvm_amp_sine_w2s,time_block,4,FP,normal_532,2.0,7.0,저부하,,
ocsvm_amp_sine_w2s,time_block,4,FP,normal_562,1.0,7.0,저부하,,
ocsvm_amp_sine_w2s,time_block,4,FP,normal_569,2.0,5.0,고부하,,
ocsvm_amp_shape_w2s,time_block,4,FP,normal_482,3.0,7.0,저부하,,
ocsvm_amp_shape_w2s,time_block,4,FP,normal_492,4.0,7.0,저부하,,
ocsvm_amp_shape_w2s,time_block,4,FP,normal_522,1.0,2.0,저부하,,
ocsvm_amp_shape_w2s,time_block,4,FP,normal_532,2.0,7.0,저부하,,
ocsvm_amp_shape_w2s,time_block,4,FP,normal_534,1.0,2.0,저부하,,
ocsvm_amp_shape_w2s,time_block,4,FP,normal_569,2.0,5.0,고부하,,
ocsvm_amp_shape_w2s,time_block,4,FP,normal_592,1.0,7.0,고부하,,
ocsvm_amp_rel_w2s,time_block,4,FP,normal_482,3.0,7.0,저부하,,
ocsvm_amp_rel_w2s,time_block,4,FP,normal_484,1.0,5.0,저부하,,
ocsvm_amp_rel_w2s,time_block,4,FP,normal_492,4.0,7.0,저부하,,
ocsvm_amp_rel_w2s,time_block,4,FP,normal_493,1.0,4.0,저부하,,
ocsvm_amp_rel_w2s,time_block,4,FP,normal_501,1.0,1.0,저부하,,
ocsvm_amp_rel_w2s,time_block,4,FP,normal_504,2.0,7.0,저부하,,
ocsvm_amp_rel_w2s,time_block,4,FP,normal_506,1.0,4.0,저부하,,
ocsvm_amp_rel_w2s,time_block,4,FP,normal_511,4.0,4.0,저부하,,
ocsvm_amp_rel_w2s,time_block,4,FP,normal_514,2.0,7.0,저부하,,
ocsvm_amp_rel_w2s,time_block,4,FP,normal_515,1.0,7.0,저부하,,
ocsvm_amp_rel_w2s,time_block,4,FP,normal_517,2.0,2.0,저부하,,
ocsvm_amp_rel_w2s,time_block,4,FP,normal_520,5.0,7.0,저부하,,
ocsvm_amp_rel_w2s,time_block,4,FP,normal_522,2.0,2.0,저부하,,
ocsvm_amp_rel_w2s,time_block,4,FP,normal_524,1.0,7.0,저부하,,
ocsvm_amp_rel_w2s,time_block,4,FP,normal_525,1.0,7.0,저부하,,
ocsvm_amp_rel_w2s,time_block,4,FP,normal_532,2.0,7.0,저부하,,
ocsvm_amp_rel_w2s,time_block,4,FP,normal_534,2.0,2.0,저부하,,
ocsvm_amp_rel_w2s,time_block,4,FP,normal_539,1.0,1.0,저부하,,
ocsvm_amp_rel_w2s,time_block,4,FP,normal_542,1.0,7.0,저부하,,
ocsvm_amp_rel_w2s,time_block,4,FP,normal_543,2.0,7.0,저부하,,
ocsvm_amp_rel_w2s,time_block,4,FP,normal_548,2.0,7.0,저부하,,
ocsvm_amp_rel_w2s,time_block,4,FP,normal_550,2.0,6.0,저부하,,
ocsvm_amp_rel_w2s,time_block,4,FP,normal_551,4.0,6.0,저부하,,
ocsvm_amp_rel_w2s,time_block,4,FP,normal_552,2.0,3.0,저부하,,
ocsvm_amp_rel_w2s,time_block,4,FP,normal_556,2.0,7.0,저부하,,
ocsvm_amp_rel_w2s,time_block,4,FP,normal_557,1.0,6.0,저부하,,
ocsvm_amp_rel_w2s,time_block,4,FP,normal_569,2.0,5.0,고부하,,
hbos_amp_w2s,time_block,4,FP,normal_482,1.0,7.0,저부하,,
hbos_amp_w2s,time_block,4,FP,normal_517,1.0,2.0,저부하,,
hbos_amp_w2s,time_block,4,FP,normal_569,4.0,5.0,고부하,,
hbos_amp_sine_w2s,time_block,4,FP,normal_482,2.0,7.0,저부하,,
hbos_amp_sine_w2s,time_block,4,FP,normal_517,1.0,2.0,저부하,,
hbos_amp_sine_w2s,time_block,4,FP,normal_569,4.0,5.0,고부하,,
hbos_amp_sine_w2s,time_block,4,FP,normal_592,2.0,7.0,고부하,,
hbos_amp_shape_w2s,time_block,4,FP,normal_482,2.0,7.0,저부하,,
hbos_amp_shape_w2s,time_block,4,FP,normal_505,1.0,7.0,저부하,,
hbos_amp_shape_w2s,time_block,4,FP,normal_517,1.0,2.0,저부하,,
hbos_amp_shape_w2s,time_block,4,FP,normal_520,1.0,7.0,저부하,,
hbos_amp_shape_w2s,time_block,4,FP,normal_548,1.0,7.0,저부하,,
hbos_amp_shape_w2s,time_block,4,FP,normal_569,2.0,5.0,고부하,,
hbos_amp_shape_w2s,time_block,4,FP,normal_571,1.0,3.0,고부하,,
hbos_amp_shape_w2s,time_block,4,FP,normal_592,2.0,7.0,고부하,,
hbos_amp_shape_w2s,time_block,4,FP,normal_597,1.0,7.0,고부하,,
hbos_amp_rel_w2s,time_block,4,FP,normal_482,3.0,7.0,저부하,,
hbos_amp_rel_w2s,time_block,4,FP,normal_484,1.0,5.0,저부하,,
hbos_amp_rel_w2s,time_block,4,FP,normal_517,1.0,2.0,저부하,,
hbos_amp_rel_w2s,time_block,4,FP,normal_520,2.0,7.0,저부하,,
hbos_amp_rel_w2s,time_block,4,FP,normal_569,4.0,5.0,고부하,,
hbos_amp_rel_w2s,time_block,4,FP,normal_571,1.0,3.0,고부하,,
hbos_amp_rel_w2s,time_block,4,FP,normal_592,1.0,7.0,고부하,,
copod_amp_shape_w2s,time_block,4,FP,normal_482,1.0,7.0,저부하,,
deep_svdd_w2s,time_block,4,FP,normal_480,1.0,7.0,저부하,,
deep_svdd_w2s,time_block,4,FP,normal_483,1.0,5.0,저부하,,
deep_svdd_w2s,time_block,4,FP,normal_486,1.0,5.0,저부하,,
deep_svdd_w2s,time_block,4,FP,normal_493,3.0,4.0,저부하,,
deep_svdd_w2s,time_block,4,FP,normal_499,3.0,7.0,저부하,,
deep_svdd_w2s,time_block,4,FP,normal_501,1.0,1.0,저부하,,
deep_svdd_w2s,time_block,4,FP,normal_505,1.0,7.0,저부하,,
deep_svdd_w2s,time_block,4,FP,normal_510,1.0,7.0,저부하,,
deep_svdd_w2s,time_block,4,FP,normal_512,1.0,2.0,저부하,,
deep_svdd_w2s,time_block,4,FP,normal_519,2.0,7.0,저부하,,
deep_svdd_w2s,time_block,4,FP,normal_526,1.0,6.0,저부하,,
deep_svdd_w2s,time_block,4,FP,normal_534,1.0,2.0,저부하,,
deep_svdd_w2s,time_block,4,FP,normal_537,3.0,7.0,저부하,,
deep_svdd_w2s,time_block,4,FP,normal_543,1.0,7.0,저부하,,
deep_svdd_w2s,time_block,4,FP,normal_555,1.0,7.0,저부하,,
deep_svdd_w2s,time_block,4,FP,normal_569,3.0,5.0,고부하,,
deep_svdd_w2s,time_block,4,FP,normal_577,1.0,4.0,저부하,,
