seg_uid,label,n,AI0_Vibration_dc,AI0_Vibration_ac_std,AI0_Vibration_lin_r2,AI0_Vibration_halfdiff_over_std,AI0_Vibration_lf_frac,AI1_Vibration_dc,AI1_Vibration_ac_std,AI1_Vibration_lin_r2,AI1_Vibration_halfdiff_over_std,AI1_Vibration_lf_frac,AI2_Current_dc,AI2_Current_ac_std,AI2_Current_lin_r2,AI2_Current_halfdiff_over_std,AI2_Current_lf_frac
normal_0,0,41,-0.006957170731707318,0.06865779941728768,0.0009079777843208277,0.12925916757194247,0.0,-0.009436463414634149,0.16290504856916446,0.00045529944113497755,0.062343678659461776,0.0,19.043902439024393,147.88326815230016,3.266133144777286e-07,-0.24346905806084584,0.0
normal_1,0,37,0.0070609459459459465,0.07306394142598509,0.004573317361690043,-0.019336943857108397,0.0,0.0068128378378378394,0.1322362314487126,0.002004360469210318,-0.154426495326267,0.0,-5.705405405405405,139.6329589102259,0.05872407760102984,-0.0783005202973797,0.0
normal_2,0,24,-0.010856083333333334,0.039480344802737675,0.0024344136987505443,0.06408252036908656,0.0,-0.006255083333333332,0.04933441201037793,0.008030457914493265,-0.29617257821835075,0.0,-6.016666666666666,79.87068019965497,0.0005366904633710331,-0.7151143138369492,0.0
normal_3,0,10,0.0278652,0.04798267442483797,0.29193659365296964,0.592238768276951,,0.0212689,0.12465709147373044,0.02927956321415779,0.10885381521082207,,15.13,153.9943119079403,0.972652696017161,-1.8098071061651313,
normal_4,0,50,-4.0000000000595114e-08,0.03932644874939002,0.09323683439971989,0.46612090801319356,0.10569223650564845,-9.999999999975306e-08,0.048270070391599806,0.04893024914082735,0.20863362987248854,0.014989162387992156,0.4100000000000006,81.57958139142416,0.039305875101499264,0.4564377429364248,1.0472370212391918e-06
normal_5,0,50,3.999999999781956e-08,0.07042797295250233,0.0876106980458725,0.7548989097819974,0.09725449503192317,1.999999999946489e-08,0.1461447072856886,0.0029290107538707585,0.08049747553979353,0.002862864415831634,0.3279999999999983,151.34405708847638,0.058882578322979835,-0.5608413150334591,4.566836377991692e-06
normal_6,0,50,-1.0000000000065512e-07,0.07715632412582912,0.42833366905877346,-1.2237104484918382,0.3900852036482842,8.000000000105145e-08,0.04931737054581884,0.16153303520151754,-0.6770823267833568,0.296881696011363,0.6220000000000002,81.26953498082784,0.030775815991184074,-0.40482574445345826,1.0928686858344814e-07
normal_7,0,41,-0.0034115365853658536,0.08506309462869098,0.005014000788826888,-0.05014277952875411,0.0,-0.0031008048780487825,0.1780681209566583,0.00025913442197669534,0.04131256038687889,0.0,11.34390243902439,174.77462846621268,7.74111211623978e-06,0.31034252783713195,0.0
normal_8,0,26,-0.00835869230769231,0.06855648914736677,0.017116648073586236,0.26551489811039114,0.0,-0.00597930769230769,0.10364928110544018,0.0043432463519469085,-0.21473005067902218,0.0,20.126923076923074,125.82877119229653,0.02657673991683463,0.4045179772296481,0.0
normal_9,0,13,0.02027330769230769,0.048591297765347964,0.155366050440154,0.5477455406767746,,0.026354692307692308,0.050463677836919525,0.009224245740037492,-0.1655448108042605,,-26.77692307692308,72.09057501447163,0.21881387154579415,0.9783988173096734,
normal_10,0,50,4.0000000000595114e-08,0.07070980549257933,0.003181474608459568,0.10753699500415109,0.016755027278290292,1.4000000000014e-07,0.12373030605668282,0.001807663816772247,-0.09972560800380846,0.0002816920069331261,0.18600000000000022,151.0242589917262,0.0026748559921699207,-0.11799428859290917,2.388791459238729e-05
normal_11,0,50,-2.0000000000575113e-08,0.044882711215562726,0.0034533799958138003,0.0005053170672126131,0.364178846569079,5.999999999978245e-08,0.049176771985322505,0.0028003016352144707,0.2064966769886981,0.05535500966030472,0.8399999999999989,81.85320519075597,0.0038516458871244146,-0.14386730455522728,3.410727845494114e-05
normal_12,0,40,0.011411999999999999,0.06761678552585888,0.07768758086938846,0.6445322660795981,0.0,0.0074617749999999995,0.12562667319452656,0.0015844835363000205,-0.0436455878403289,0.0,23.22,135.3318646882544,3.639949583833052e-05,0.09029654640575263,0.0
normal_13,0,25,-0.002059680000000001,0.06708330368949937,0.09263800312925863,-0.5905555404670368,0.0,5.1719999999999545e-05,0.1682141416745976,0.002449851195948577,-0.25367318253903126,0.0,-49.583999999999996,160.65561348424774,0.0005531897287664456,-0.10633511623301206,0.0
normal_14,0,14,-0.002087428571428572,0.037181236242634697,0.009649206655260424,0.15529338406933108,,-0.0019812857142857145,0.03741564246299089,0.06000932371928392,-0.8506144387542242,,13.449999999999998,83.88482537724823,0.634793659515257,-1.6159912385525392,
normal_15,0,50,-1.9999999997938332e-08,0.079024177840833,0.016433755677450503,-0.05543063046885132,0.05458013206344647,1.9999999999100597e-08,0.1873561205864906,0.0016952014814230806,0.11384757505241606,0.001091051459113974,0.36000000000000026,178.75157397908416,0.03956666326295345,-0.46066167791974316,5.1831987175006084e-06
normal_16,0,50,-3.999999999920734e-08,0.09163788125528874,0.0006254992595710806,0.15050718994230355,0.003529243443404388,-2.000000000015878e-08,0.11989239887006849,0.002187559433352728,0.1583943617691762,0.0001918363661932354,0.7880000000000007,112.19018252948874,0.0006715733197870849,0.057331219675209766,2.306312775614412e-05
normal_17,0,36,-0.01347225,0.04728239381417369,0.0733951171763134,0.20808896611945768,0.0,-0.008774861111111112,0.05412026934325314,0.010650268159996165,0.18778649254491417,0.0,8.25,83.47353705749438,7.466325262556468e-06,-0.002395968914822048,0.0
normal_18,0,36,-0.0018165555555555558,0.08793410959047197,0.002098180963356882,0.0646557345144311,0.0,0.006316166666666666,0.09048252220165076,0.0002557112323268942,0.042221782067693454,0.0,6.525000000000001,100.97809271487223,0.055792649932782094,-0.04120805809692475,0.0
normal_19,0,23,0.0271374347826087,0.08196651357497799,0.02249697785737465,0.2684178180537995,0.0,0.008214130434782608,0.03866614868140544,0.14043726677354654,0.6708263846237793,0.0,-18.608695652173914,81.25728817101498,0.003731667295661005,0.6203639334234166,0.0
normal_20,0,22,0.002201727272727272,0.06869373865418343,0.034527187538251784,0.05620996619082077,0.0,0.0005824090909090893,0.0746243493924184,0.02997040106727531,-0.10104793442128783,0.0,13.004545454545452,79.07466826460308,0.03941829674512679,0.9649107821063713,0.0
normal_21,0,11,0.028278363636363643,0.08410019558108565,0.10564572981860307,-0.3949479519102354,,0.017000818181818186,0.08256035701981715,0.13648633571770552,-0.1249170954714319,,52.78181818181818,75.55626221783723,0.39714738115457404,-1.3161053376794003,
normal_22,0,50,-6.000000000006e-08,0.07985647950352183,0.000963331960956452,-0.11284694812526228,0.006583295100366974,-2.000000000061848e-08,0.07542172149944337,0.0029959221726209594,-0.18993944602690782,0.0011265729251590578,-0.28799999999999953,99.34188369464312,0.016862900623622074,0.29949099909814114,0.00017302100544319075
normal_23,0,50,4.000000000004e-08,0.06435881918617214,0.07912467130873858,-0.3130846751820035,0.05509959084357077,-2.0000000000436335e-08,0.035981350066660915,0.0056562214139136415,0.021392193416144116,0.06969836079038393,0.9280000000000009,82.18817929605206,0.001257099292692411,-0.0806928691790423,5.884213268698325e-05
normal_24,0,36,0.0031841944444444457,0.06894212857124744,0.01461109114983319,0.17198724368385318,0.0,-0.013345749999999998,0.18540783104961028,0.0001154047114707114,0.0126319128070102,0.0,15.130555555555553,170.70390352147527,0.019522465937376086,0.03218698770853371,0.0
normal_25,0,26,0.006729076923076923,0.06695139656607567,0.0003142648751280893,-0.07889305183928594,0.0,0.005082153846153847,0.04322491678213487,0.007583876444964382,-0.1665421189137957,0.0,-17.61538461538461,82.4991733865707,0.020111036652780002,-0.3024738931251906,0.0
normal_26,0,12,0.01819508333333333,0.054252247759053476,0.16003445132125624,0.43685133143099386,,0.013112916666666667,0.0484271818876175,0.20632156019943415,0.46309735825727033,,-25.14166666666667,83.17843729330069,0.7073640415724484,1.5975694862451562,
normal_27,0,50,3.999999999976245e-08,0.06875499048766133,0.012154853048343779,-0.1768959593148756,0.03909919170621824,3.999999999969306e-08,0.039374558502647365,0.06502065022125697,-0.5418564883353678,0.09867139990513053,0.6360000000000001,83.72410587160665,0.05329490874851227,-0.5359507818311313,3.790649228240581e-06
normal_28,0,50,-6.000000000089267e-08,0.06570484865895666,0.02105266530962215,-0.25927036356818095,0.014108119815796025,-6.000000000033756e-08,0.04639626957608122,0.005811488501677384,-0.17012488443832086,0.015296429666096503,0.3119999999999996,89.63698709796085,0.013441547524444378,0.27167356677647614,6.267651799083659e-05
normal_29,0,42,0.009552666666666668,0.08723368794103371,0.04730186746043132,0.43649257576494394,0.0,0.004588642857142859,0.07085529929767374,0.03688646370054767,0.3063997729773245,0.0,-6.3928571428571415,97.9239364503489,0.003564441102702481,0.342588546413562,0.0
normal_30,0,27,-0.0075385925925925915,0.0718302548148059,0.00366738908145447,-0.07964610476114821,0.0,-0.0005361851851851827,0.18429138097388603,0.006278682589870954,-0.1706373886495322,0.0,4.096296296296295,183.36067570144365,0.06754492642604365,0.33464939102564256,0.0
normal_31,0,13,0.011610461538461538,0.09224577306606635,0.009594621691471352,-0.07704598737089582,,0.022966384615384618,0.12432411655615115,0.0010726097297482876,-0.13638678589771752,,-6.515384615384621,130.47605643096034,0.8753064291627123,1.9826115258948844,
normal_32,0,2,0.006829500000000002,0.0410535,,,,-0.1120645,0.062255500000000005,,,,-6.55,19.65,,,
normal_33,0,50,1.999999999946489e-08,0.08181021370476671,0.051842487735239355,0.4062167606593562,0.14142086054190697,-5.999999999894978e-08,0.1449893252905758,4.876325448989354e-06,0.01387550425500713,0.0013279020784899578,0.16999999999999857,139.22289359153544,0.062224594861777976,-0.5770602659337671,5.4008079899867615e-05
normal_34,0,50,-4.000000000045634e-08,0.07435992531302327,0.021641455660475675,0.2565962770898357,0.012274669708876357,-2.0000000000575113e-08,0.13499989203143684,0.00020603521449863083,0.07659295014541315,0.0005380206765304333,0.33800000000000013,157.6584852013998,0.010839737007908136,0.2406974794380624,6.073608596656479e-06
normal_35,0,38,0.00925744736842105,0.04038418494234786,0.5319100400352198,1.3708427816504072,0.0,0.0003940000000000003,0.03965639039098372,0.16165829501542678,0.8373881017984518,0.0,-5.55,79.94474654409757,0.028752298626878114,0.12014877240991026,0.0
normal_36,0,37,0.001058405405405405,0.07934121460091949,0.0007261923966085013,0.010066927084992792,0.0,0.0030050540540540504,0.1265715640503792,0.004934812078871151,0.19729769451089407,0.0,-4.805405405405405,141.46779969010606,0.05665732904422623,-0.0847464151923709,0.0
normal_37,0,24,-0.016280208333333334,0.053379377466848225,0.10949894039275439,0.6801987032517028,0.0,-0.0069837916666666685,0.04131540016747101,0.028842886500438644,0.4481238616017008,0.0,-1.837500000000001,80.41684013366437,0.0005511724397755022,-0.742692698453812,0.0
normal_38,0,12,-0.03371983333333334,0.058769311183407814,0.08071337121970856,-0.46419351841978584,,-0.011482583333333343,0.16816670371016687,0.07110418693461461,0.05797124590213359,,61.80000000000002,151.88652013921447,0.5652253379155094,-1.465128920784848,
normal_39,0,12,0.027967499999999996,0.0501800365758137,8.304591756903646e-05,0.2598908694223459,,0.020500583333333336,0.026319593045417495,0.2999104559200684,0.655449597449998,,-26.133333333333326,81.54722898759684,0.658196558334997,1.537759180254587,
normal_40,0,1,0.033547,0.0,,,,-0.251701,0.0,,,,14.3,0.0,,,
normal_41,0,50,1.5265566588595903e-18,0.058167380088843604,8.295894576393066e-05,0.0949398097621933,0.00698761953678531,-3.999999999990123e-08,0.05680807622652258,0.006337329182446165,-0.0562567897433556,0.002712004708280504,1.1920000000000008,90.04237189234856,0.03905323871171461,-0.45747351090715027,0.00013007816017652121
normal_42,0,50,4.000000000163595e-08,0.06608519661133196,0.10926090341460407,-0.6372731286204336,0.2503747721526771,9.999999999871223e-08,0.05255228953689839,0.1815012300929892,-0.7045850966017748,0.14530600515492692,0.5719999999999996,81.73739912671556,0.06602275612056306,0.591650829567364,2.1382301741419484e-06
normal_43,0,43,-0.001194116279069767,0.07059721542180017,0.028228873374741018,-0.1985003423271577,0.0,-0.00455888372093023,0.17850457635788336,0.0012804890280718594,-0.06951322383214953,0.0,29.441860465116285,164.87156415314954,6.658536095403415e-05,0.018918044691747616,0.0
normal_44,0,29,-0.003393275862068965,0.06684658510345061,0.03093496781980354,0.48791572448352927,0.0,-0.006975241379310345,0.10714613258557298,3.695336823600441e-05,-0.00538183547299122,0.0,6.365517241379309,131.25045359754017,0.11360228306111565,-0.15526476953031526,0.0
normal_45,0,17,-0.035898294117647056,0.04903110627510411,0.556776679862964,-1.4127613113875823,,-0.002347529411764707,0.04185206953224043,0.0018821426272435183,-0.018887954857072092,,-1.8235294117647058,81.51540113890975,0.005912247161020009,-0.19367505746670677,
normal_46,0,5,0.012499800000000002,0.08429809889054438,0.1737668084969116,0.48524819110230627,,-0.00021680000000000587,0.19227804787380176,0.676129849821339,-2.1325107287812655,,151.16000000000003,81.63767757598202,0.9498349995822772,2.0952335377350724,
normal_47,0,50,-2.0000000000575113e-08,0.07598718413140206,0.007568354155329381,-0.15561939997080676,0.008095447029684752,-3.999999999983184e-08,0.13413533480436243,0.0071697881215059215,-0.18812880317334024,3.223155257408015e-05,0.9059999999999997,147.15683933817007,0.004424725590066302,0.15235445461340932,1.2217189009438461e-05
normal_48,0,50,2.0000000000679195e-08,0.03997765626071143,0.07247347980904888,-0.5854720408660463,0.41473116577813096,-7.999999999938611e-08,0.05301952533881834,0.004030022061039068,-0.12259634461949837,0.02749478619376665,0.40400000000000075,80.99698749953605,0.06791141162118121,0.6011087758082223,8.624482966129e-06
normal_49,0,40,-0.024033949999999995,0.08427691888232211,0.3967646533074874,-1.1042964222499787,0.0,-0.014120325,0.1066969385156827,0.07688167559767684,-0.40048712357120986,0.0,-22.025,125.9598601737871,6.920401977519551e-06,-0.009844405974166434,0.0
normal_50,0,22,-0.004618954545454545,0.06124149947208056,4.0462780789813277e-05,0.1688026479077337,0.0,-0.004192863636363638,0.15554909600926514,0.01691469884715136,0.04789426156784189,0.0,31.31363636363636,159.45722223574725,0.023598579627363125,0.8195415444313555,0.0
normal_51,0,50,1.999999999946489e-08,0.05711142228293391,0.36817077588322944,1.2120552637801327,0.28426075133218986,1.9999999999447543e-08,0.050300254970125156,0.07024988389447191,0.5518357713392508,0.09690445575510297,1.0959999999999994,82.11178224834728,0.016427478042356534,0.305437286991841,0.0001669487823763265
normal_52,0,50,1.9999999999499586e-08,0.09395278661976769,0.03241304753903245,0.5994819528657772,0.2670486190228015,1.999999999835467e-08,0.13439956054399732,0.023996589072717536,0.1826800616060241,0.02482544708544001,1.0000000000000007,122.46630393704221,0.05540908225373375,0.5451295405658699,2.970226697728221e-05
normal_53,0,50,8.000000000230045e-08,0.07783810733075157,0.004741888260969526,-0.27566857334829825,0.07614419503191554,-1.999999999835467e-08,0.16344190508929954,0.0008666108997398049,0.06084975572553529,0.0031808948770021836,0.6459999999999991,167.0091904177731,0.02644236462843086,-0.37432670527661605,1.9037020062512856e-06
normal_54,0,50,8.326672684688674e-19,0.03445378750558493,0.07217667579240743,-0.6430828539941632,0.08998709894119207,6.000000000054572e-08,0.04558633940750672,0.006714317577138536,-0.19454863266646888,0.021441203952020475,0.19,81.96009821858438,0.047893457171730804,-0.47823271142825863,1.0023030998354722e-05
normal_55,0,50,-4.000000000031756e-08,0.07003753406822945,0.001426606199552907,-0.048792123330198056,0.002876744072049522,3.999999999993592e-08,0.13092826696813184,0.0061829689871534255,0.20327650106663403,0.00023268110168245094,0.8319999999999986,136.15581579939948,0.043636125983982484,-0.4765716368340852,9.434376100735899e-06
normal_56,0,50,-4.000000000045634e-08,0.05252674948974475,0.1923202148656286,0.7225727913624308,0.10906934406469469,6.000000000047634e-08,0.046633396739851576,0.08545837131410523,0.5277977098109696,0.06875184220924693,0.18199999999999933,84.19770469555569,0.010305561693647573,0.23653851458318026,2.8573558527321177e-05
normal_57,0,50,5.551115123125783e-19,0.06828654274511194,0.00419450181305183,-0.20298582184397101,0.015309704217383738,-1.9999999998632224e-08,0.06645312003374709,0.0023097784612538834,0.017841750686768233,0.0018246261196619958,0.7179999999999984,96.35519848975456,0.007962459893195706,-0.20395370782293185,4.308744929011197e-05
normal_58,0,50,-3.999999999976245e-08,0.06792512336005287,0.03800523328161877,0.4658376523259858,0.023333418787790244,-3.999999999823589e-08,0.05006239032325964,0.06069349360477926,0.6187798824621324,0.08905194683462457,0.42400000000000093,83.48975161060189,0.018024758294826564,-0.3132360498803916,1.0944341769849686e-05
normal_59,0,50,-4.000000000198289e-08,0.06965039125746818,0.03434568352215913,0.2484189921638777,0.026737881509752637,-1.999999999835467e-08,0.16901088331613323,0.004614223314439799,-0.1681617150467079,0.0004173303886309278,0.09599999999999966,167.76497007420826,0.03855360560085182,-0.4519656276662549,2.211140772715862e-06
normal_60,0,50,-3.999999999837467e-08,0.08547066283326929,0.021220847654832543,0.2812127483659136,0.0098392681241472,-2.220446049250313e-18,0.10958985281439154,0.0007064501607774701,-0.10048667570209419,0.0008003680411594519,0.4719999999999995,107.99790746120964,0.05649142664031406,0.5466031832255911,8.795773284502894e-06
normal_61,0,50,-2.000000000140778e-08,0.05739244692064976,0.012863648901473564,0.17652427355131317,0.01827017179305127,-1.6696713456276769e-19,0.034895954152308256,0.1073915231078196,0.7305626288001549,0.15759111133214987,0.5280000000000004,81.47122692091976,2.4085635126959316e-05,-0.012863437063704056,2.7213021151932255e-05
normal_62,0,50,1.9999999999811833e-08,0.08310144745008718,0.0007478799462746241,0.06095441361647051,0.027194598428039923,-5.999999999450889e-08,0.203495270195394,0.0018052071677882016,-0.07551841369700708,0.00016055001575591274,0.3400000000000006,178.62841767199305,0.0017897694347397462,-0.09660277029205053,7.886103411738254e-06
normal_63,0,50,6.000000000061511e-08,0.07176861694178312,0.0001809982532760717,0.0902372133665796,0.011819163071925692,4.000000000031756e-08,0.12428329865721462,0.0019881019103051953,0.14067215940430064,8.941587085419388e-05,-0.4580000000000007,143.6417893093789,0.03424195037077565,0.4358898639527865,7.811318762893694e-05
normal_64,0,50,-1.999999999821589e-08,0.08676287596904335,0.36286374669630256,-1.2120432711050377,0.34780598317588757,1.1102230246251566e-18,0.05931049007755711,0.14712152412401736,-0.776723307120875,0.24467478255599306,0.5260000000000005,82.17734678121458,0.021026678933347767,0.33756261410889526,3.954337061090848e-06
normal_65,0,50,2.0000000000297557e-08,0.06931448568906501,0.08068552498328871,0.48273141851038304,0.11177071337208418,4.163336342344337e-19,0.14630078371246,0.009896863562326646,0.22643104950898957,0.0012878349035249463,-0.12199999999999989,145.10631177174892,0.005104008345573401,-0.16597486150625856,0.00010000449043091003
normal_66,0,50,5.551115123125783e-19,0.07531182452443971,0.005531824716248434,-0.010806271194982066,0.005128925229259098,-6.000000000144779e-08,0.12767527323509592,0.00023077638625775674,-0.07956779525581226,4.166594540674493e-05,0.6680000000000024,156.9413488408966,0.06504210637222131,-0.588704001095752,5.355754197018489e-06
normal_67,0,50,-4.0000000001705336e-08,0.09134365734761445,0.2370990614806733,-1.0996634349524796,0.2786719672771221,-1.9999999999326113e-08,0.12129022701347211,0.10494068747901682,-0.5058020049149201,0.05766184980329143,0.8860000000000002,126.09769706065214,0.006424382828145471,-0.18712474969824777,2.2812438005155154e-05
normal_68,0,50,2.0000000000575113e-08,0.08600951761857288,0.018018045227888607,0.4377176043116223,0.07070798261908566,2.000000000002e-08,0.15906422373337,0.0013308882386584369,-0.09381594207515917,0.0033760939565423867,0.26000000000000184,166.76086231487292,0.05670414295289721,0.5475625319542147,6.397412347470419e-06
normal_69,0,50,4.163336342344337e-19,0.03945196426694113,0.16635200655697446,0.7004102460661198,0.23418741433906493,-2.7755575615628914e-19,0.042746213670920616,0.05943714639094827,0.24937319787112794,0.04334226418138534,0.4059999999999998,81.75292388654977,0.06726978355354901,0.6012751307612533,2.9447757657771276e-06
normal_70,0,50,-3.999999999948489e-08,0.05759604249424088,0.00035641445071084044,-0.029867329863367067,0.0014581588061711045,7.999999999896978e-08,0.10304488089620756,0.001699438619240273,-0.11064537996297125,3.6823428891699977e-05,0.977999999999999,116.08547245887402,0.0056783062550102344,-0.17624944419508162,4.1966876945103954e-05
normal_71,0,50,-8.000000000008e-08,0.07114055441303223,0.02392944250711119,0.2330305145466099,0.03121773946432071,3.3306690738754695e-18,0.14791483182899545,0.011779445314288114,0.18781186211344025,0.0033048227442774004,0.5960000000000002,165.23490183372274,0.04440427426060147,-0.4903080348092988,7.929584517481158e-06
normal_72,0,50,-6.591949208711867e-19,0.03185954540479195,1.0521639882868793e-08,-0.1487704843173029,0.022091356999280134,-3.999999999962367e-08,0.05140715209499938,0.0006516977393087306,0.12000353547303572,0.003807054653225852,-0.001999999999999602,81.26886363177475,0.05060175571963978,-0.523447703080317,0.00013442747271178116
normal_73,0,50,-3.999999999948489e-08,0.08227932227551707,0.20788496120625388,-0.8457609770651539,0.2041062921448587,-8.000000000230045e-08,0.09033303587743301,0.019530259402587524,-0.307586252693864,0.047600404427056764,0.16800000000000068,101.59299275048451,0.04475853471594935,-0.4932623662645375,8.426267877820176e-05
normal_74,0,50,4.000000000004e-08,0.07820858676768427,0.0027743672771287095,-0.013662949864752314,0.026286065151473033,2.498001805406602e-18,0.16812127000995442,0.006020962676381142,-0.20843858720508784,0.0002469616415595336,0.5519999999999999,178.09909628069423,0.005120157912334992,-0.16687339026785178,4.344732226653899e-07
normal_75,0,50,3.999999999920734e-08,0.09607042585873345,4.207947464988441e-06,0.046524203052584694,0.0014329417741174393,3.999999999927673e-08,0.10110509365644442,0.005944211874653955,-0.1579006499340938,6.231636818052471e-05,1.215999999999999,106.79932464205942,0.017977263201107038,-0.30944015901562294,0.00012602917449406663
normal_76,0,50,4.000000000281556e-08,0.08667427480722524,0.13499150776663052,-0.8791471306737482,0.19395807512574953,2.0000000000575113e-08,0.16615168416642545,0.000730239901103675,-0.04968785024008953,0.007689957190478391,0.8820000000000005,173.31891032429206,0.011087642322274837,-0.24401261190062093,2.824794925977804e-06
normal_77,0,12,-0.030377666666666664,0.03423951205925043,0.03836422752503891,0.417626667944005,,-0.01756325,0.05258626923149711,8.637638202995396e-05,-0.030911110899390276,,-19.166666666666664,84.08241327544198,0.8294562845615071,1.7419417564391588,
normal_78,0,50,-2.000000000047103e-08,0.05085096736876891,0.013038741000987855,0.10740012004873332,0.07426981246389952,-2.0000000000644503e-08,0.09311770589431205,0.009804110960163717,0.2240772557657538,0.001767079708338333,0.41200000000000003,104.46504801128461,0.06754151523341988,-0.5966397487633104,1.9862001147062636e-05
normal_79,0,50,-5.551115123125783e-19,0.0921418694203672,0.008330874489949307,-0.4384586535322652,0.07611164491822357,-2.220446049250313e-18,0.1586757919672689,0.0031485642471783194,0.08322731423785246,0.0016971060078311642,0.5700000000000017,170.54513801337168,0.027089886509306764,0.36515846024949256,4.418562475654982e-06
normal_80,0,42,0.000768857142857144,0.0552157497560474,0.0062739918873754305,0.15370355705307862,0.0,0.001409285714285714,0.05030967433770553,0.0015725930127520164,0.10349424784210134,0.0,14.957142857142859,85.67166599139705,0.0006215194215837633,-0.17152973419139253,0.0
normal_81,0,31,0.0007045161290322587,0.07563116503300567,0.17924858307074987,-0.7835729266826842,0.0,0.009174677419354842,0.10378420019984616,0.031031442478937125,-0.16382904752289906,0.0,-9.877419354838707,110.50861799608566,0.032766674319238236,-0.03673921612288926,0.0
normal_82,0,16,-0.01899475,0.08876219392673605,0.04701084879657793,0.6952847520977152,,0.0011888124999999972,0.17710290853209423,0.010418154973104376,0.2844525559605404,,1.7124999999999986,179.76750219032917,0.670598237343574,-1.8160957682681935,
normal_83,0,5,0.0112792,0.06576333804605725,0.05084895170484606,-0.19153528963475686,,0.00023920000000000053,0.06645774258700035,0.7830834750677673,1.5512639458831978,,-33.120000000000005,56.08509249346033,0.9905339551496696,2.1369314852066053,
normal_84,0,50,-5.999999999811712e-08,0.07889496039150029,0.036001146396168665,0.234223832654219,0.006747313290541835,-4.000000000004e-08,0.1889753670888309,0.016504741971355597,0.2527677587605712,0.0007560247609256298,0.6679999999999978,171.65247267662647,0.056813904447149906,0.5500415958345609,7.13932738239307e-09
normal_85,0,46,0.0012216956521739126,0.07462990670137006,0.0001058095823363309,-0.16643520040783924,0.0,-0.003463695652173915,0.09510852336030108,0.0009386021969124165,0.047182714044140726,0.0,-7.952173913043476,108.01199357545283,0.029921443128807516,0.42756926492048186,0.0
normal_86,0,33,0.014441606060606061,0.07059835053654707,0.21075453079106435,0.7137967759446847,0.0,0.0031935454545454554,0.041677441165048935,0.048833441210179636,0.5145259497836742,0.0,0.9787878787878785,82.32829241435836,0.14473852799604758,-0.006149161912068391,0.0
normal_87,0,23,-0.07315556521739132,0.07869149787610398,0.03427379261007829,-0.21962636039713085,0.0,-0.027880478260869562,0.18435090463189313,0.0200932818402086,-0.019774047996361052,0.0,24.143478260869564,177.96350829187955,0.007709137671363649,0.8793426843117015,0.0
normal_88,0,12,-0.002777916666666666,0.0620601423103137,0.02116848589363142,0.005518840067872058,,-0.0057975,0.03615913350386041,0.022998874495742103,-0.19560756341810223,,-31.691666666666666,80.80850262950194,0.5974189031115924,-1.5169608314036505,
normal_89,0,50,5.999999999860284e-08,0.08812093450013112,0.009364290612940826,0.1633005832453875,0.013399392226817583,-2.0000000000575113e-08,0.188121006251454,0.001185172197962549,-0.07214186374199824,0.0006454153476551638,0.14199999999999988,171.7314660625711,0.023713129310214656,0.3542973305651,1.5926112292142703e-06
normal_90,0,49,-0.0016054693877551004,0.07697439331099662,0.0032281116827199917,0.06654377444680569,0.0,0.0020771428571428542,0.12590999519206292,7.122723156126867e-05,0.03981415448672827,0.0,-3.840816326530611,128.52036115723715,0.004686691419723305,0.1584703504042386,0.0
normal_91,0,36,-0.02121272222222222,0.04632507851442115,0.02523651578914773,0.17148858624706179,0.0,-0.010071083333333335,0.05718030025978013,0.0186375988853473,0.3330605105862947,0.0,-5.861111111111111,81.45873965040276,0.033996949588287396,0.021824273066431976,0.0
normal_92,0,23,-0.016344260869565218,0.07458291645761281,0.003055374887221756,-0.05358526649754686,0.0,-0.010415217391304346,0.18107426942338775,0.016315781823883112,-0.024412885765725943,0.0,32.856521739130436,169.07453161276425,0.005343038936174036,0.762869587462342,0.0
normal_93,0,8,0.007025124999999998,0.03409082942829897,0.07086277311624337,-0.2915666813242439,,-0.017776375000000004,0.11677640617001525,0.008195409442111308,0.9352338677129348,,131.7375,61.18118455661021,0.21182480894068084,-0.9157227079864846,
normal_94,0,50,5.999999999992123e-08,0.0918784534396199,0.0006966685260709245,0.06698545490912722,0.0014203156116146148,4.000000000226045e-08,0.155151497484228,0.006953421689784225,-0.23837862089445647,7.623205188903942e-06,-0.06599999999999795,148.42723282470774,0.057534767558697714,-0.5541570669658678,3.927857998275474e-05
normal_95,0,50,1.999999999613422e-08,0.07959213396724328,4.8892194429835056e-08,0.040659796875554134,0.009536095360140514,6.000000000172533e-08,0.13787420609329507,0.00018650722855496126,-0.042983819583989655,0.00018218126140122292,1.0659999999999998,143.67588191481548,0.047692965609082316,-0.5040511951959854,2.048954638011432e-05
normal_96,0,38,-0.008208447368421055,0.03219114428951358,0.04490401341283265,-0.22636660363681993,0.0,-0.0010098157894736829,0.045190133423508354,0.000641477746946343,-0.028908266519369175,0.0,-10.350000000000001,82.07633080826267,0.00883884212290864,-0.056622516811933046,0.0
normal_97,0,25,-0.008468400000000001,0.07346102339118345,0.00845596523649482,-0.1583209180837863,0.0,-0.00017684000000000032,0.1567212839573949,0.00026378577072291013,-0.204250070730887,0.0,-16.115999999999996,144.26616701084146,0.01053136827756636,-0.5744012500203137,0.0
normal_98,0,24,0.01765783333333333,0.06622131334879193,0.38446957821665306,1.0908144676352065,0.0,0.011453208333333333,0.048139750089348524,0.0033156591108654478,0.05178845608267823,0.0,-10.933333333333332,79.11068547014085,0.00044934803513596393,0.6731075541002413,0.0
normal_99,0,12,-0.016770499999999997,0.07105924151544259,0.02084437054510385,0.2728662205387163,,-0.004552333333333341,0.1955097105995562,0.1007276007702102,0.03866645111122078,,3.3833333333333306,184.20247389459482,0.9276239051351671,-1.8530333828667938,
normal_100,0,50,5.999999999894978e-08,0.06975845018531017,0.034382813299865214,-0.07841401271772933,0.01414421074525165,2.0000000001685338e-08,0.06096860921277113,0.07238688345139027,-0.5876630689567195,0.04425493705778508,0.42800000000000127,91.00776019658983,3.68462010879596e-05,0.019075296395054578,8.800655679844231e-06
normal_101,0,50,-5.551115123125783e-19,0.07218383736543799,0.06382450009469091,-0.42474993182726273,0.008912485060089473,-3.9999999998652226e-08,0.18200642633082603,0.008719945340846027,-0.18907596118308898,0.0004902590461089322,0.47799999999999954,172.42599953603286,0.015686837101487973,-0.288703560564816,2.0874721197790205e-06
normal_102,0,45,0.0017487999999999983,0.0821707422309317,0.00724005414704862,-0.07005147649761657,0.0,-0.001368711111111111,0.08896504610853816,0.002118033193231989,-0.012640306544364606,0.0,1.3488888888888892,105.29493102122927,0.03548216087116963,0.5145719519099564,0.0
normal_103,0,34,-0.001599029411764708,0.07539858086450625,0.043693755478949686,-0.7272121580698587,0.0,-0.00014870588235294172,0.0724271731849349,0.018113311676000093,0.026666949430350317,0.0,-0.9088235294117645,90.79693363456416,0.11080135334787647,0.006154652002466247,0.0
normal_104,0,34,-0.005597029411764705,0.03424045858551246,0.1707813660498946,-0.6714399489507246,0.0,-0.004234205882352941,0.052880455638321014,0.019230602751626413,-0.2920716579784667,0.0,-2.561764705882353,82.2066478444839,0.007041734727139353,0.004221785374170322,0.0
normal_105,0,22,-0.005322045454545456,0.0595310235610409,0.4211348986995492,-1.0626987689818128,0.0,0.007420727272727271,0.07186484920838422,0.004009919659660201,-0.1186596039564177,0.0,21.077272727272724,100.59378677640349,0.01443613253501877,-0.7465669839721788,0.0
normal_106,0,9,-0.009316888888888888,0.0733839033704023,0.06791602639319946,0.020154283597246178,,-0.012199666666666657,0.1961400845422022,0.06474407633132494,0.28302093439781245,,143.04444444444442,103.42988082229226,0.3214981227834248,1.1846189807616232,
normal_107,0,50,-2.000000000002e-08,0.0722077139725362,0.2765275632200579,-0.8605989108536979,0.2354778477696445,1.9999999999117945e-08,0.08275108166168949,0.08992455277795107,-0.5874809008388673,0.07317430515923501,0.47399999999999864,102.86493243083379,0.002420840364497368,0.11039719495889184,5.790153292023767e-06
normal_108,0,50,1.9999999999742446e-08,0.09511370889151365,0.013761685358797253,0.19335719544883503,0.03941627276992749,-7.999999999785956e-08,0.20057952602714366,0.00041321735611556825,-0.038127121703164735,0.0016316416534118282,0.7160000000000007,177.33224000164213,0.019993643453758862,0.32693434650948483,1.5901227280135871e-06
normal_109,0,37,0.00014610810810810796,0.08552534406158901,0.00024000534876880442,-0.0007574103149018514,0.0,0.001024648648648649,0.09700091694139364,0.006363244590942751,-0.2072964367604209,0.0,-9.024324324324326,102.93641281880248,0.02440068217308716,0.057856645597695745,0.0
normal_110,0,23,0.02756986956521739,0.05911041223536814,0.06602783753479013,0.39126317002555117,0.0,0.005394956521739131,0.0519859199227589,0.283695275211745,0.6404671260361096,0.0,-22.804347826086957,80.47091550346606,0.0008290726779942113,-0.3111231365981571,0.0
normal_111,0,10,-0.021265700000000002,0.08174966105623925,0.004723282802698003,0.4479358021412276,,-0.017011000000000005,0.16994866255490215,0.15594514945636914,0.052881851877455546,,-8.930000000000007,168.61909767283183,0.9767780138968983,-1.8224507439616824,
normal_112,0,50,-4.163336342344337e-19,0.06093545107767727,0.3057778975720393,-1.1331387358071885,0.4490201966112196,-1.9999999999187335e-08,0.04378944201128395,0.12565578273717679,-0.716652201046849,0.16685176018154868,0.8619999999999993,82.64138645981201,0.004903980916794507,0.15929064799029682,4.294072761331771e-05
normal_113,0,50,1.9999999998996515e-08,0.07335227240092566,0.009624377738316708,0.25059619011568657,0.00321197625632403,8.000000000341067e-08,0.18292766054950138,0.0005167336191372274,0.09119014560122234,0.00037372200023145824,0.07199999999999776,169.6508320521889,0.06694477915795786,-0.5979339963908605,1.054693863725163e-05
normal_114,0,40,2.3325000000000428e-05,0.07506818143107888,0.004717885370264633,0.07179406637082487,0.0,-0.0023803,0.12666321439139305,0.0024964424343675447,0.17565557693214406,0.0,4.740000000000002,138.39855273809766,0.004048807925381428,-0.25534949102305016,0.0
normal_115,0,27,0.0015434814814814814,0.03514095709332406,0.0211719923542832,0.25920663477033407,0.0,0.001035259259259261,0.05098431574121056,0.013640333427969682,0.2533554419308,0.0,16.599999999999998,79.46944439589718,0.029351165807419647,-0.22524380453481732,0.0
normal_116,0,27,-0.0007357407407407408,0.06780398504435965,0.004088566489962027,0.013615038195024803,0.0,0.003858185185185183,0.11752352030347483,0.006982579893401411,-0.17701726644991586,0.0,34.44444444444445,123.20842724103687,0.0004996876515455414,-0.011175559235322015,0.0
normal_117,0,17,-0.006556000000000001,0.07049269328761085,0.08012702779018643,-0.5832200201552749,,-0.0034538823529411777,0.04893640907627241,0.029100216594919334,-0.2959759466091025,,2.041176470588236,82.0126249881044,0.20432207475092803,1.1210164290355924,
normal_118,0,2,-0.0802975,0.029654499999999997,,,,-0.11405950000000001,0.07400050000000001,,,,-150.2,27.4,,,
normal_119,0,50,4.000000000031756e-08,0.07314871485404512,0.0028530902558760417,0.048611106935986886,0.014461338796451069,-2.7755575615628914e-19,0.15521985149496825,4.032862665097693e-06,0.01262467384890856,0.0003101044187991766,1.0219999999999994,159.02712383741334,0.03498672619956436,-0.4333097294172936,2.858192773248063e-05
normal_120,0,50,-3.9999999998791e-08,0.04394701344208045,0.15863168526712065,-0.5628068453979819,0.04799445078167175,-5.999999999922734e-08,0.05303184826362739,0.005860483629663809,-0.2386860050035562,0.02775997223885657,0.7179999999999995,80.68238392610867,0.06156893614999912,-0.5719712005815758,2.401610608537472e-07
normal_121,0,42,-0.005893928571428571,0.05718985134760857,0.07825191668794373,-0.6155396144265564,0.0,-0.002790238095238096,0.10292933262930805,0.016577036732685187,-0.2965178163769672,0.0,16.54523809523809,110.08369154416529,0.0013402657902607767,-0.2293060560449118,0.0
normal_122,0,29,0.03804255172413793,0.10024709921182386,0.2235801094117498,0.9808498990588219,0.0,0.003787137931034481,0.19019700339343687,0.007914963769873008,0.1728470975538746,0.0,-25.82068965517242,169.44443576971622,0.04649632389564342,-0.09303513356856528,0.0
normal_123,0,18,0.00903077777777778,0.044521275794782225,0.24096896618278973,0.9618272839970228,,0.0011791666666666665,0.043406634694159625,0.19484815580665965,0.9152697060646193,,-7.222222222222224,83.3768789930235,0.00752650148255234,0.21455455163278214,
normal_124,0,7,0.07320514285714286,0.055579467692481475,0.07427889660027295,0.9472742756606523,,0.024385571428571427,0.09739960936539023,0.00990774447119651,0.8513826069080672,,128.05714285714285,69.3419447818018,0.6330476824623519,1.684406175332036,
normal_125,0,50,-1.99999999998075e-08,0.09484494612566134,0.08005734659367701,0.5808634223589303,0.1568611136008016,-3.999999999892978e-08,0.1723827674289933,0.012305229736592748,0.2374891679173402,0.0029969383734782594,-0.3600000000000017,178.69009373773355,0.015272592043987716,0.28576849970736207,7.18602995002761e-05
normal_126,0,50,-8.000000000001062e-08,0.040147953527839994,0.0007311707748377208,-0.12728718529716154,0.06376227651826913,-1.3877787807814457e-19,0.047610434034148434,0.00030069781640458147,0.07471471479232074,0.01630458109603598,0.35999999999999993,81.49577166945535,0.059602664832057166,0.5669987418171633,7.608491560693753e-05
normal_127,0,48,-0.0032788541666666678,0.08389054493902297,0.008467164523160525,-0.23028568571951472,0.0,-0.005097229166666668,0.12996539467460808,0.0035475415259930525,-0.05791958455951472,0.0,6.287499999999999,107.78514048984984,0.014337525075360298,-0.2658065840040166,0.0
normal_128,0,36,0.009860638888888891,0.07615227574886196,0.0029410028084389346,-0.01007265440215053,0.0,-0.005407305555555555,0.15053040485190644,0.002004086605227031,-0.05258996610470235,0.0,4.30277777777778,159.32155550282422,0.08621795265222247,0.053176873621925184,0.0
normal_129,0,20,-0.0004758499999999999,0.0694910372301889,0.00014612605206515487,-0.09524537643718822,0.0,-0.0010356999999999977,0.0699197550039329,0.0023117104923486916,-0.04328962536882097,0.0,10.48,82.2194964713358,0.14868207798297536,-1.2296353582662296,0.0
normal_130,0,7,-0.02514657142857143,0.05492455003484883,0.0386191821601772,-0.5502518147924326,,-0.023964999999999997,0.061935269970233554,0.01738858467170529,0.39514910774472845,,3.3999999999999977,84.17766924784743,0.9923990256909894,-2.0294376746205978,
normal_131,0,50,-6.000000000019878e-08,0.034021992971259046,0.2582844797949656,-0.8841422084065178,0.21448220928310682,-2.0000000000852668e-08,0.04295459402740992,0.09966603424595583,-0.5979514084945187,0.052328175399635524,-0.24000000000000057,81.95451665405635,0.04601976260198396,-0.5003751065130625,0.00020094044550132996
normal_132,0,49,-0.0016522653061224496,0.05291541809370548,0.00424156766274253,-0.011771143882808933,0.0,0.0018404897959183682,0.09668137580462116,4.741475162128364e-06,0.009020610151043319,0.0,-1.0204081632653066,118.92236359532512,0.06291357140574118,-0.579264470679491,0.0
normal_133,0,35,0.02120457142857143,0.09321237364037818,0.0812672974112843,0.7180894651138529,0.0,0.015374857142857142,0.18325748090286875,0.002659131808528783,0.08672304661465391,0.0,-8.722857142857142,180.3441663450578,0.04319553468478422,-0.008937160200671599,0.0
normal_134,0,22,0.0009566818181818165,0.04486409565503594,0.016650409793256948,-0.006859098979580764,0.0,0.0007901818181818174,0.0389054855627845,0.013712869169681565,0.19371421139014458,0.0,21.618181818181817,81.1704415320774,0.01095139183905366,-0.5033180143340765,0.0
normal_135,0,9,0.015800555555555554,0.08823047834584036,0.03180795581165418,-0.48543316100041545,,0.002825444444444447,0.07316498774400394,0.008731170884951862,0.512690579970392,,-50.2,76.43101464719672,0.7931770368721942,-1.8637721958493543,
normal_136,0,50,1.942890293094024e-18,0.07974816478941693,0.0007991646004214475,-0.13441914341610736,0.008191628678887994,8.000000000230045e-08,0.10876770999884845,0.0037169755241722867,0.11415152530223767,0.0008088887145687234,0.38199999999999934,118.49155191826968,0.033783458262930756,-0.42085700788522695,5.542783108669066e-06
normal_137,0,48,-0.006150062499999998,0.07739387149144042,0.08485941452724143,-0.4767824758675851,0.0,0.001567312500000001,0.05305945725479273,0.16523575261061393,-0.7178071601909021,0.0,-0.770833333333333,83.1090998786468,0.06297568798835487,0.575548687245777,0.0
normal_138,0,48,0.0001783541666666675,0.059309723276587616,2.0594896742254034e-05,0.09744116165206695,0.0,0.0013142291666666667,0.05574540593486889,0.0020196491079263394,-0.19415576019505976,0.0,5.806250000000001,85.404889609851,0.006451835451062147,0.1767560780453501,0.0
normal_139,0,35,-0.0050218571428571395,0.06383870492561383,0.010148731947500468,-0.13082787883421135,0.0,-0.007415885714285713,0.04458377582918408,0.03570251122904066,-0.5277269227638675,0.0,-0.4800000000000004,84.23060115794361,0.11251976768143847,0.015014802992815513,0.0
normal_140,0,23,0.05339604347826086,0.07647707074699964,0.005449582942966222,-0.2417932091673612,0.0,0.018416000000000002,0.1868376196398778,0.002064224194689642,-0.026007999548692515,0.0,3.6260869565217404,178.68119586082165,0.01024843846480989,0.9758873978465517,0.0
normal_141,0,13,0.014824846153846152,0.0319625138196081,0.5657091260527767,-1.2565396731100766,,0.001439846153846153,0.04814347517392658,0.0336787765322123,0.15996629461232165,,28.900000000000002,67.18925051386854,0.14563235444130299,0.7808788796630052,
normal_142,0,2,-0.002224999999999998,0.053315,,,,-0.096992,0.066161,,,,13.099999999999998,32.2,,,
normal_143,0,1,0.011576,0.0,,,,-0.046519,0.0,,,,-40.5,0.0,,,
normal_144,0,50,-2.000000000224045e-08,0.07008185335548425,0.16355379338344814,0.7620683164455814,0.23166927676850907,-2.0000000000575113e-08,0.14440665722458781,0.006434626089784514,-0.1872863794495136,0.00235288218885292,0.021999999999999888,143.8881514093499,0.0540546274704093,-0.5406143538441853,4.962079263910746e-05
normal_145,0,50,5.999999999950489e-08,0.0901320222709798,0.02678026574087512,-0.2823826577803836,0.016730888766502156,-2.0000000000575113e-08,0.15688460927885692,0.00033749799957628613,0.007469183914128713,0.0014109326796320446,0.14599999999999994,150.05137414898937,0.04251983588425061,0.47479738458949555,2.436451122178687e-05
normal_146,0,40,-0.0098519,0.04076546712525198,0.02111120771730078,-0.11307119297413194,0.0,-0.004653599999999999,0.056327423655267606,0.04542675039830777,-0.37872848810838533,0.0,13.685000000000002,81.93363335651605,0.0009283697003009721,0.10557325051559038,0.0
normal_147,0,26,-0.03319784615384616,0.08579061459860922,0.060316919630310335,0.6110404816051789,0.0,-0.03615719230769231,0.12357571317244502,0.0010123659832305964,0.010592696302495402,0.0,-2.065384615384616,133.71604225230908,0.04038172643534457,-0.4368039266184883,0.0
normal_148,0,26,-0.0011842692307692303,0.038265824743152585,0.09322699547958228,-0.4498108881989969,0.0,0.00649076923076923,0.05857808535904329,0.006401468993097063,-0.18133323718328054,0.0,-22.880769230769236,76.99652349410015,0.0008162099569569527,-0.09900546904122302,0.0
normal_149,0,15,-0.061691200000000015,0.09843482199587705,0.006680135124483492,0.5883530583704853,,-0.01513293333333333,0.17461938989221354,0.02072763564225978,0.31286412631990856,,15.420000000000005,141.31725631830437,0.45444308279665546,1.5266561406833132,
normal_150,0,3,0.003898,0.026059406171284872,,,,-0.047299,0.11132021880443223,,,,39.733333333333334,64.70807952300513,,,
normal_151,0,3,0.003015999999999999,0.026143614032238666,,,,-0.08806366666666669,0.1425453577692222,,,,-54.03333333333334,69.11856158482725,,,
normal_152,0,50,2.0000000000991446e-08,0.06220299527401876,0.030017795600354228,-0.2413549369104208,0.12729107886337765,4.000000000031756e-08,0.051165659204571966,0.07261198904839847,-0.40140360388760116,0.0746904851559892,0.5000000000000001,80.7689271935687,0.06785760946227437,0.6017165472995142,7.251239896824558e-07
normal_153,0,50,8.326672684688674e-19,0.08614201860509191,0.003883311512431002,0.1991659851698189,0.010448110788848093,6.938893903907229e-19,0.06751136315436092,0.006307498724554217,-0.13811956334935407,0.0029002129463089835,-0.1,97.85917023968679,0.050754006013194755,0.5213205862572341,0.00010033316372756435
normal_154,0,47,0.000391404255319149,0.05397715481873734,0.07582150289303366,-0.5404605307022156,0.0,-0.00035570212765957383,0.047520750216566605,0.10047597598728912,-0.5764099821189174,0.0,-6.136170212765957,83.02551114101225,0.0043639532778819955,-0.14547650118107974,0.0
normal_155,0,34,0.016947676470588233,0.08142087406972294,0.021219956883969687,0.20175126948177516,0.0,0.0006127058823529409,0.19034159991486038,0.010790479310812905,0.027718585965232793,0.0,-0.8117647058823532,175.0900571045821,0.12921501491615367,-0.004501884956533147,0.0
normal_156,0,19,-0.0007331052631578922,0.07671014822172778,0.006657247979516235,-0.12129497558342724,,0.015993894736842106,0.10914319599011332,0.00025454893802674054,-0.022527998703652637,,5.957894736842106,109.3784416158171,0.3008502665805919,-1.5974100530333013,
normal_157,0,6,0.0539155,0.08089306446733655,0.0008209820061390766,0.1345438788644402,,0.015477999999999999,0.058380868587234985,0.36071741399257823,-0.49181636658528083,,-71.73333333333333,45.86896796552352,0.8130077174117885,-1.5856762547612122,
normal_158,0,50,-2.0000000000089392e-08,0.0881060426739256,0.0007355171048258575,0.16498527863517237,0.006185179369896503,-1.8735013540549518e-18,0.10981413025089257,0.005299364470237445,0.19964643848574123,0.00010083737913548674,0.9080000000000007,112.44448379533786,0.006329621025202056,0.18320151691473285,2.652671341291204e-05
normal_159,0,50,2.000000000015878e-08,0.059835697599840844,0.09458610552988554,-0.4534289911925781,0.1259882486143209,-3.999999999976245e-08,0.043664749073347484,0.05189986437093241,-0.5985294901408769,0.1328723122919376,0.5939999999999995,83.79965968904648,0.0664228789346015,0.5956587435464795,1.6851070565647643e-05
normal_160,0,38,0.0031843947368421083,0.08922917586356803,0.005695425320572916,0.1356406707337925,0.0,0.008191052631578951,0.19548729524998582,0.006218937140165975,0.18002569833042803,0.0,15.939473684210528,168.69649567301204,0.021585586484299077,0.122767969975696,0.0
normal_161,0,26,-0.0034410384615384624,0.08999430010219056,0.01005928963925441,-0.22241152170794012,0.0,-0.008784000000000002,0.11481538991488767,0.0012670819546371321,0.10312608394431132,0.0,-2.8884615384615384,113.25289375458351,0.032714940945913026,0.475382656933502,0.0
normal_162,0,13,0.004996538461538464,0.07308297789564049,0.05238342439689643,-0.4369644968800815,,0.0057545384615384585,0.07439374471803122,0.034049465171225604,-0.14797839130684917,,29.43846153846154,68.21706913016756,0.14426036252356153,0.7720452862929575,
normal_163,0,2,-0.070769,0.011568999999999996,,,,0.079149,0.09376100000000001,,,,-153.8,33.39999999999999,,,
normal_164,0,50,-2.0000000000297557e-08,0.07482647565333811,0.19980765842656473,-0.8945021052453382,0.37821611193503396,-8.000000000008e-08,0.05646680530004863,0.06281037601175718,-0.7846280618245256,0.15761545275973377,0.49999999999999944,81.686914496754,0.061548744335462244,-0.5726253744332422,1.844728833640737e-06
normal_165,0,43,0.0020538604651162778,0.08126816863840969,0.12217395623405067,0.7280558045797713,0.0,0.006661069767441858,0.1660197730803361,0.016662891648429604,0.11264980605078527,0.0,25.28372093023256,147.3964452100975,0.0007224009602391461,-0.11908279692472878,0.0
normal_166,0,32,-0.002709218750000006,0.08594161353963457,5.176772790573769e-05,0.10856571241470869,0.0,-0.004072000000000002,0.1151202949489142,0.0031931445372415847,0.06907122678523854,0.0,2.1593750000000025,135.05340809142646,0.15519789599533798,-0.016521241718606014,0.0
normal_167,0,19,0.05449473684210527,0.06421112644758376,0.10101911398600245,-0.2412285286444842,,0.02543894736842105,0.08778914338013717,0.01974117603082521,-0.4907997416299833,,6.968421052631581,79.85444029200274,0.24065279501375508,-1.4548693516973128,
normal_168,0,7,0.024035714285714282,0.05427930334513011,0.03242139553797428,0.02517227099702494,,-0.03687514285714287,0.16869444783261545,0.023046911472885113,0.6811308936142985,,134.37142857142857,84.76381833045976,0.7882689654847238,-1.8514188768787394,
normal_169,0,50,1.999999999979449e-08,0.077074962703978,0.23228182443359272,0.847831743376599,0.22917450713972468,8.326672684688674e-19,0.058291806470892625,0.08647853927800968,0.562835876709065,0.0676282838161478,0.6220000000000004,82.15975727812247,0.004649465457447912,-0.15915334262412534,1.4435382796737018e-05
normal_170,0,42,-0.0030448095238095243,0.08536528570020724,0.01911956869496987,0.12208598233367669,0.0,0.0029061904761904732,0.19511484672393994,0.00011580993366735867,-0.13287607618489955,0.0,22.592857142857138,162.70453705275406,0.0014590252108995195,-0.2567025322294766,0.0
normal_171,0,27,-0.006520629629629628,0.08279484522831929,0.0010576373344986173,-0.02422856150607148,0.0,0.0023632962962962956,0.11691796200939668,0.006585917993032612,-0.22584935368377293,0.0,30.11851851851852,127.13681180650917,0.020123317993281795,-0.18828898725959672,0.0
normal_172,0,26,-0.02060723076923077,0.059052974734104174,0.05746326671614433,0.5839711026329537,0.0,-0.008039423076923076,0.1868319154153876,0.0026272041317816227,0.2256569654236428,0.0,25.353846153846156,165.76603120238994,0.02738529161069077,-0.4066899842288838,0.0
normal_173,0,14,-0.00844107142857143,0.10281758697286894,0.0040003113485742895,0.38857304507336143,,-0.0017952142857142908,0.14515805219492822,0.005338367207445354,0.37687688322140295,,-27.6,134.76526682664618,0.4223579646204396,-1.3244192549650604,
normal_174,0,3,0.10529266666666666,0.02881716698235427,,,,0.07900666666666667,0.04512242238129017,,,,105.3,4.93153120237518,,,
normal_175,0,50,4.000000000142778e-08,0.07394759550166861,0.0747850795393081,-0.35334969071996936,0.0927505006475226,6.000000000117022e-08,0.14713180083549715,0.0011330411564979687,0.01690810542570213,0.01605190759006596,0.5440000000000006,134.66971175435106,0.05172353810711578,0.5229980749381415,8.970966016665414e-06
normal_176,0,50,-2.000000000140778e-08,0.08180409585674547,0.0021188560015257037,0.07961899623468466,0.010067409956309637,1.9999999997799554e-08,0.14241150935236802,0.00016448326099231597,0.016001796556776055,0.00035039110906835675,0.6939999999999992,155.88251782672745,0.04908120705446327,-0.511795685059951,4.165366268912575e-07
normal_177,0,46,0.005189565217391303,0.06551129561170355,0.19864912456477177,0.816240253263839,0.0,0.0024438043478260878,0.06562624000505324,0.009673855205236304,0.34767574939774326,0.0,-7.591304347826088,80.38797451189303,0.01269346984509024,-0.25993504999708167,0.0
normal_178,0,32,0.018429250000000005,0.14663710793976228,0.031055959560307378,-0.17484745410099337,0.0,0.0177670625,0.1817011134586717,0.001546504862687486,-0.3036683372474219,0.0,7.8968750000000005,122.17308798477009,0.0011998245682405728,0.005064535980928408,0.0
normal_179,0,20,-0.00838215,0.09129602446452695,0.03312573371735222,0.07210281103267213,0.0,0.0130545,0.1556824476928918,0.0004114101518044467,0.11167989877894144,0.0,8.825,152.62001466059425,0.19926607017389106,1.4073514570003363,0.0
normal_180,0,7,0.04316628571428571,0.01590893660551727,0.05927133772053881,0.30900871138647396,,0.02519928571428572,0.055403722102179295,0.15557353849390335,-0.867835797108694,,24.37142857142857,71.97201270108332,0.9710188352656323,2.070249176146178,
normal_181,0,50,-1.908195823574488e-18,0.08991420328379716,0.020478638848589827,-0.35096301638126837,0.031855997155885156,-5.551115123125783e-19,0.19986513949731205,0.004131063439351467,-0.1245111581869167,0.001214702180410829,0.4299999999999977,177.07542037222444,0.009223303022467074,-0.2213971872414057,3.29121678130332e-06
normal_182,0,47,0.000590021276595746,0.06537160348232718,0.002631056303562947,-0.15871271003213172,0.0,-0.002961617021276593,0.06263410784309245,3.399160428176718e-05,-0.06849303275376847,0.0,9.206382978723406,93.04235001023885,0.0016583460510873522,-0.10588913448509517,0.0
normal_183,0,32,-0.009286906250000001,0.04600711292857291,0.0831248187003683,0.26355299709470636,0.0,-0.00984425,0.044533117407161156,0.00040329555291143795,0.08304213168344964,0.0,4.878124999999999,82.37966122766211,0.0009082911763545205,0.0006828141699265645,0.0
normal_184,0,33,-0.005616333333333333,0.03767598341333132,0.016799298109530722,0.10334169535233208,0.0,-0.005355272727272727,0.05118273762514474,0.0014246486600770084,-0.08244845226736865,0.0,2.066666666666667,82.09532768850386,4.836514196853243e-05,0.009211851895755355,0.0
normal_185,0,22,-1.3045454545454976e-05,0.06229124281913533,0.00012615930369005394,0.12657404457874308,0.0,-0.010142454545454545,0.10496000966849979,0.042294869490475846,0.10177555880665644,0.0,15.072727272727274,109.88651245641891,0.031342642760447396,-0.9724081970198487,0.0
normal_186,0,9,0.010796333333333331,0.0640156199497869,0.030545291632369315,-1.0329393053112206,,0.045609,0.1732665099422146,0.025270131558667735,-0.4277139305496233,,132.17777777777778,112.94489096484944,0.5295345686507831,-1.512020584031095,
normal_187,0,50,2.0000000000991446e-08,0.05799546961875212,0.0060061310064047375,0.09604819198151464,0.02579245545160094,-2.0000000000297557e-08,0.04509657242518105,0.16306244615324425,0.4797624040251688,0.061214647437243815,0.8279999999999993,83.57389314851856,0.001360813266035879,-0.08969308138701775,3.7173619759019175e-05
normal_188,0,50,7.999999999841467e-08,0.08258982559246386,0.009593002178137017,-0.1620625773693524,0.015858076572828825,1.6653345369377347e-18,0.19743004443802367,0.0008795105767346209,0.07701806502289116,0.0021314682339103248,1.048,169.90571413581125,0.05741203410936224,0.5545663986596922,5.54567133485629e-06
normal_189,0,36,-0.004224027777777777,0.07917771897779706,0.0007982879697801836,-0.10788318424328151,0.0,-0.006214000000000001,0.1359316002315135,0.0017081060377289524,-0.03933922969594179,0.0,-1.652777777777777,129.8365157635451,0.09271051465748839,-0.05002016887353907,0.0
normal_190,0,26,-0.025600653846153846,0.04602980327832953,0.004525022834486731,0.21010634756953103,0.0,-0.016456038461538463,0.048255874433530625,0.024526251507659025,-0.0030940832398209553,0.0,21.653846153846153,79.26123910000803,0.008478927710376515,-0.16906119753051713,0.0
normal_191,0,12,0.005977333333333334,0.06619847323558317,0.12941784271609713,-0.038329182068952264,,-0.013659916666666673,0.17623305154560648,0.04007102479644272,-0.13935619029050933,,-33.78333333333335,165.99076697883598,0.8267885809755946,1.7498965270984108,
normal_192,0,50,-1.9999999999187335e-08,0.06305759650715843,0.11115125544580715,-0.46309218266327323,0.269442554297476,-1.999999999835467e-08,0.059126162077540595,0.009384347140248387,-0.20438397446044185,0.1446171813662605,0.23799999999999955,82.12785371602013,0.060204067563348534,0.5620991893885947,9.389227533613991e-07
normal_193,0,50,0.0,0.09109788735245182,0.03968610396484346,-0.296154398132416,0.008014378882032144,-1.9999999996411777e-08,0.19390336800834482,0.008258188253189004,-0.18832370151728609,0.0012921294367447447,0.35600000000000004,173.11481757492626,0.06373222989216334,-0.5837050890012068,3.893572634544586e-06
normal_194,0,42,-0.0019416190476190466,0.05980514323038827,0.0003578704708482127,-0.008183720412526034,0.0,-0.0042160714285714275,0.11713872099848781,0.000960104277765102,-0.15861332398363612,0.0,7.385714285714288,141.5503588184525,0.002984055182299857,-0.3649382685309649,0.0
normal_195,0,29,0.02618237931034483,0.05028470709279162,0.00018294828143777122,-0.07002412981436289,0.0,0.008262206896551726,0.0764755090823557,0.001985752769995715,-0.09417580796208817,0.0,-10.275862068965518,80.8520259920273,0.07012861373681205,0.12226922163569656,0.0
normal_196,0,18,0.003130944444444444,0.09126855023285964,0.007173827136998553,-0.19344499720220068,,0.005570277777777775,0.19040254362995304,0.033110872679804934,-0.5558474995138062,,-3.6500000000000017,168.12175564816775,0.4213478585661806,1.6410725603971343,
normal_197,0,6,-0.013319166666666668,0.0735886884342439,0.03178883824025061,0.10049098791328367,,0.008216833333333335,0.08378375027696136,0.14770368241288523,-0.5870549659578992,,41.33333333333334,71.88260491168144,0.983835349760847,-1.7686244605288821,
normal_198,0,50,1.1102230246251566e-18,0.08367412469933581,0.0015787931809569283,-0.04875868154773042,0.0030459769916134933,4.0000000000352254e-08,0.19846635614017405,0.004800430650237951,-0.13764388348373718,8.817999835429768e-05,1.2379999999999989,162.00812928986002,0.04754168690637384,0.5044932026452055,4.488519141543813e-05
normal_199,0,49,-0.0011912653061224492,0.06922666358487081,1.3668561552978219e-05,0.0599829090647402,0.0,0.0024502653061224487,0.12090442459717722,0.0031346465914142536,0.154634539325507,0.0,2.7,124.40016897422738,0.03540105322737281,0.4359251849400751,0.0
normal_200,0,33,-0.0040511515151515146,0.033571855712893596,0.22241789300545917,-0.9340673708411213,0.0,0.0003427272727272718,0.04408474548321176,0.00042238698319358163,-0.09545535431530455,0.0,-0.03636363636363581,81.797209770082,0.08620851308873065,-0.0036676067660895597,0.0
normal_201,0,22,0.0013602727272727282,0.08932454792048122,0.002189766539843822,-0.02479619704183499,0.0,-0.0008647727272727273,0.17891997052845413,0.015435794674886245,0.025970473558162108,0.0,44.16818181818182,153.65148990894838,0.00010557019206952383,-0.10797753474919528,0.0
normal_202,0,8,-0.0178885,0.09323564995483219,0.21023041517480995,-1.0489549871468584,,-0.039554,0.16134233046692986,0.0016831188507621226,-0.5779636362641567,,122.63750000000002,113.48487715880914,0.7796233463144652,-1.6207005250806938,
normal_203,0,50,2.0000000001130224e-08,0.0703096506495346,0.012941962949285651,-0.13041339155140147,0.009593279016678152,-4.000000000087267e-08,0.06581256415000407,0.00985882534547429,-0.09794482380762246,0.012388118507492912,0.02599999999999966,93.09714025683066,0.0005700721136045468,0.05787503230642658,6.0990398000947904e-05
normal_204,0,48,0.001507770833333332,0.09241009703022166,0.012807022018474366,0.20059541394707486,0.0,-0.0027327083333333305,0.19100763818889094,0.00019891327846835807,-0.11014742760807371,0.0,-2.460416666666667,176.5735986064349,0.05695575404967885,0.5437534306247128,0.0
normal_205,0,33,-0.004259606060606061,0.0730375228698648,0.0005024584693519646,-0.022092240215689958,0.0,-0.001479151515151515,0.0588653215925061,0.007991600929656506,-0.07115500920890627,0.0,2.0666666666666664,93.54167979347953,2.7772628016416155e-05,-0.0024721600094263084,0.0
normal_206,0,22,-0.0035985454545454554,0.06910677653045143,0.0002461519529216362,-0.05607922609075611,0.0,-0.013555136363636361,0.05698305526948376,0.000897604936627331,-0.08073053832436959,0.0,-25.736363636363635,93.05317417015121,0.0006451950110391022,0.12934930746537132,0.0
normal_207,0,12,0.009876999999999999,0.10667233212428298,0.11334299450156343,0.19955815073520336,,0.014911916666666664,0.18385762666823582,0.0832389113985711,-0.05549130696878853,,21.858333333333324,193.26789463649214,0.8944494833627282,-1.8217373040439493,
normal_208,0,11,0.05861009090909091,0.0861814527108668,0.013069861211363625,0.3052095221491126,,0.04063281818181818,0.12980815781397503,0.0051365077005469766,0.13470956135945897,,57.436363636363645,123.31253178759962,0.7046118696534607,1.7539174394094246,
normal_209,0,50,-4.0000000000595114e-08,0.0794190402802653,0.05901905107843489,-0.4223662220246606,0.040786195978295296,-1.9999999999742446e-08,0.15220071228998766,0.003952287453763372,-0.11564755338637074,0.0038383441592672756,0.28800000000000003,163.57636215541658,0.06481559089493834,0.5865395142413183,2.364712636974594e-06
normal_210,0,50,-4.000000000050838e-08,0.043919701393320056,0.020752177053973725,0.06788024293019075,0.02338278057749195,5.999999999756201e-08,0.06352992239328173,0.017161867030389303,0.11630362074519639,0.003663444296495705,0.7139999999999997,82.04553616132934,0.05044030239636637,0.5265856257559983,1.6753942890803724e-05
normal_211,0,50,2.862293735361732e-19,0.06637793404227041,0.05122851937740832,0.49979741729945015,0.1174918339440795,-2.000000000002e-08,0.13575583388267187,0.00552156989864636,-0.1604324424011364,0.00963415363457695,1.2860000000000003,127.14313353067871,0.06636285049733581,0.5918054550845578,5.098488266462034e-05
normal_212,0,38,0.010835026315789472,0.08897598859286843,0.00024209752951855624,0.031160979396981314,0.0,0.008910815789473687,0.1752882958145561,0.0127739876164376,0.27313469828085296,0.0,-23.431578947368422,177.8377544210085,0.006938028173378211,-0.07014081037593647,0.0
normal_213,0,23,-0.013531565217391305,0.060272961687589006,0.01137691012532334,0.2864016010487047,0.0,-0.0065948260869565225,0.05796573990965786,0.0011393520115513679,0.05754653141538688,0.0,-17.26521739130435,88.15297281576548,0.004619608202990089,0.7228137609306616,0.0
normal_214,0,12,0.0033287500000000014,0.04803541577510806,4.882113712706287e-05,0.22776597551598315,,0.004393333333333336,0.09913221813175685,1.0964861301179628e-05,-0.049512998153734965,,20.16666666666667,113.21223677480963,0.8519831710136222,-1.7636491633304932,
normal_215,0,10,-0.057391000000000005,0.03654936548012838,3.310191372907718e-08,-0.025171435616309162,,0.0032962000000000004,0.04851793460525706,0.0036611981948191205,0.12383874228951562,,46.25,65.7752575061474,0.645388794213176,1.4646844976775044,
normal_216,0,50,1.9999999998319973e-08,0.08764599564281075,0.011932025175159214,0.3343627941592539,0.06017987909533133,4.000000000226045e-08,0.17212301631053994,7.488716916748335e-06,0.0485304067930658,0.007373848720945348,0.6939999999999992,176.08313537644653,0.0017094740984172697,-0.09452353267345537,3.9303202150630485e-06
normal_217,0,50,-3.999999999837467e-08,0.08925939047606364,0.009470762271946914,0.07673904071568644,0.004523441696275855,1.9999999999673056e-08,0.08592941138527367,1.1488969975468988e-05,0.00036541621190923975,0.00046095744098993214,-0.26199999999999934,97.234573871643,0.05626750188224839,0.5456906724355395,0.000143079007943518
normal_218,0,38,-0.0034830789473684213,0.058234757721331576,0.12645727612229546,-0.6497918968820477,0.0,0.0003097894736842101,0.04552516788151241,0.06474354990467784,-0.6535702364521109,0.0,12.894736842105265,86.50619980023465,0.003936965900748512,0.04429253575138582,0.0
normal_219,0,24,0.012451625,0.07804950250525437,0.0017906743077565454,0.10544696723440716,0.0,0.021038458333333326,0.19620244900484363,0.0011953832494669195,0.047733434083870506,0.0,-36.7625,163.00499688787662,0.0003452105313934774,0.5192581103810435,0.0
normal_220,0,14,0.008100642857142858,0.05679868816217394,0.0011678076613069242,0.0823233298893531,,0.005367642857142857,0.09700384754269666,0.0034615759682035687,-0.3546295270018756,,-17.54285714285714,103.24088139800402,0.5384693371778919,1.4947013588482314,
normal_221,0,50,-2.0000000001685338e-08,0.09654200228408151,0.007475509113358343,0.20482981015674026,0.04060779655605805,0.0,0.18693359463788203,7.236989899443144e-05,0.04781505441712973,0.0032438729026775925,0.6699999999999988,176.99800366105828,0.008529056606590726,-0.2128611578701618,1.4596835063917691e-06
normal_222,0,50,-3.999999999892978e-08,0.08340016353436244,0.00482519342696999,0.06151930383069386,0.004883188439671677,2.7755575615628914e-19,0.10477456484395438,0.000345967417654995,-0.09172073407618171,0.00016778909293011567,0.23800000000000004,111.33625625105238,0.06347699115754367,0.5807631959008754,2.2389817384235467e-05
normal_223,0,40,-0.0107836,0.05163281376498864,0.19091000909921,0.6927764998981143,0.0,-0.008859574999999998,0.06715128599546233,0.005405611885500564,0.25300408991643203,0.0,-1.9075000000000017,80.20697409670808,0.0032139637805303324,-0.2704877006560758,0.0
normal_224,0,29,-0.009828793103448275,0.0812618751603597,0.009608255640514792,-0.1878521047611857,0.0,0.0015232758620689663,0.1807344595516891,0.009200864874696305,0.25053803937099806,0.0,32.64137931034484,157.35329788955232,0.0006702236346187759,-0.0070814258692426515,0.0
normal_225,0,15,0.018358600000000003,0.1000882189995739,0.0008044124870425104,-0.014906849326656072,,0.013084199999999999,0.14167217366309684,0.020486705986755782,-0.33473455091713733,,22.486666666666668,120.30515016222519,0.015928411520210035,0.2759649105232115,
normal_226,0,2,0.005770499999999998,0.0496025,,,,-0.0006465000000000012,0.0546095,,,,-74.55,23.25,,,
normal_227,0,50,1.0000000000121023e-07,0.09073073130582603,0.004947256266363114,0.13567222288232095,0.009766506974570975,1.999999999946489e-08,0.18316363835461338,0.010276236773197363,0.21421828236473073,0.0004502832816742315,0.6960000000000008,170.9055469667383,0.060214420559605734,0.5677990078279083,5.524457085967652e-07
normal_228,0,50,4.0000000000664505e-08,0.08258559337220021,0.009770107523111306,-0.09661539833030838,0.026045741751684965,1.199999999995649e-07,0.1924279823498277,0.003588172302100804,0.1419144953167694,0.0007954660552880595,0.9519999999999998,168.50629096861636,0.05885265326304116,0.5614508482512406,7.84986407656783e-06
normal_229,0,43,0.001423883720930232,0.06939505145825209,0.006542866311944167,0.19380687545608533,0.0,0.0018486279069767418,0.13411203692609475,0.006534976888834221,-0.004418480564112033,0.0,-8.427906976744186,135.6542824148199,0.011376861108715136,0.4054073127383261,0.0
normal_230,0,32,0.0201781875,0.052555714980293475,0.08340027317577939,0.4590390409310588,0.0,0.00416834375,0.05259520727013143,0.01834132803934803,0.20950696977778951,0.0,-2.153125,81.88258737506024,0.12091147886501616,-0.012746910343943346,0.0
normal_231,0,16,-0.0008236874999999998,0.10336216756852984,0.005088116998161338,0.25591205778905896,,0.008245062499999997,0.16916104888739486,0.014961285398346907,0.4510132533570798,,-2.53125,149.42866073293135,0.5583111745773544,1.6594038839923404,
normal_232,0,4,-0.03138875,0.06521991263554022,0.5156410683030199,-1.8925584995760643,,-0.062034250000000006,0.08767582114350285,0.05724301243712648,0.4211024147646202,,-115.025,60.52934722099686,0.9900838660933323,1.7916928726166748,
normal_233,0,50,0.0,0.041630063412394655,0.004639137907625871,0.17897834856003667,0.2968075810359156,7.999999999841467e-08,0.0669368487276896,0.04819991760971926,0.27390234748854786,0.014389386619017714,0.8599999999999994,80.84359220123757,0.057747222668813124,0.5520783872258063,1.7245189825501014e-07
normal_234,0,50,1.9999999999690403e-08,0.06630329791299676,0.005536434611954788,-0.24900179206265072,0.08084991449391149,-4.0000000000595114e-08,0.09299874788747642,0.008186347453126692,0.1602223722197722,0.003481618877001874,1.05,103.0452895575533,0.06587610673418343,0.5896824615749353,6.505720263570166e-05
normal_235,0,41,-0.004834536585365857,0.09208882177499719,0.0855229591506728,0.6708930444452076,0.0,-0.009897000000000001,0.17338799488261764,0.00039068535021251024,0.035471025569928705,0.0,31.958536585365852,171.18906532154236,5.6958626703185075e-06,0.021146210438152666,0.0
normal_236,0,26,-0.0015713846153846138,0.07464787714693821,0.0048002899199898075,0.018600147673703597,0.0,0.0032554999999999984,0.06170822982406181,9.178811292738275e-05,-0.0745979540400417,0.0,26.549999999999997,87.7646777117432,0.0013808204040187742,-0.10982164795407079,0.0
normal_237,0,15,-0.009719000000000004,0.08670250976913337,0.03197523719411298,0.39721209692762915,,0.003528999999999999,0.068295836555386,0.0016860779026516958,-0.2930025921364753,,-12.79333333333334,86.67010608559845,0.22714793640157882,-1.076495740155823,
normal_238,0,3,0.007155000000000002,0.040659887948689674,,,,-0.08962166666666667,0.1253826758217507,,,,222.53333333333333,45.81996168580774,,,
normal_239,0,50,6.000000000123961e-08,0.07525413654422193,0.000653264352221766,0.043052517094474024,0.00054002825002219,-6.938893903907229e-20,0.08714828686187698,0.0024528794902490126,-0.16948399712560777,0.00015417629750539403,0.3520000000000006,100.14687861336469,0.06789330932736781,0.6013567355654263,6.611449944849725e-05
normal_240,0,50,-4.0000000001705336e-08,0.06452338714945458,0.023517227278541757,-0.3292982736753244,0.01081198077365217,1.9999999999881224e-08,0.04738209421563804,0.08752110095606254,-0.6306660879952751,0.02932247886422351,1.2880000000000007,86.64026463486823,0.0025623924203872226,0.11551211255156182,0.00014928148273345775
normal_241,0,43,0.0016866511627906984,0.08378781943581386,0.01566049957698213,-0.2685951269711712,0.0,0.005786325581395347,0.20382269074252235,0.0011209746428529946,-0.04171786560206405,0.0,0.21395348837209607,173.10302159225856,0.013010959532232871,0.43805458004762304,0.0
normal_242,0,29,0.002580068965517241,0.0753543691083628,0.002193153120225875,-0.08626478661218275,0.0,0.007687758620689655,0.1285202378679381,0.002238142287660058,0.09011143341520376,0.0,-5.679310344827585,134.0085416199676,0.1121628160309089,0.15697293643691082,0.0
normal_243,0,16,0.005208187500000001,0.057343113547115174,0.02082879054095857,-0.16149062070707654,,0.005911562500000001,0.055769210282162814,0.021400971216151136,0.22675818674887582,,-2.6812499999999995,80.72656175904868,0.3870515115983569,1.380741326909121,
normal_244,0,6,0.0011678333333333298,0.08486039683192757,0.09230777135133245,1.3600886983272076,,0.007634166666666674,0.1880533463111081,0.00019080207555291078,0.32973444973472377,,-165.10000000000002,60.645939682719074,0.6445168108924622,-1.5137039755714792,
normal_245,0,50,-5.551115123125783e-19,0.043713329810482295,0.042218398982482724,-0.3608034452735273,0.03258669964243027,4.000000000004e-08,0.053283072038672843,0.001675007342258239,0.04608442993335266,7.550697439803802e-05,0.5499999999999998,81.54598273366996,0.06225386586804408,-0.5759204613841606,6.4446920181517866e-06
normal_246,0,50,6.000000000214168e-08,0.09307652828149747,0.003640776820983097,-0.03931345600830073,0.007035453258781942,-1.999999999835467e-08,0.1049541154605173,0.000426337707205779,0.0696925505770343,0.00033198202309718273,0.8100000000000003,110.15681958008773,0.05750550072975638,-0.5488538996538798,2.2087101699886535e-06
normal_247,0,50,2.000000000002e-08,0.08421891063329898,0.004903769984251745,-0.1257537044870363,0.010171960675183223,1.9999999999326113e-08,0.0614970272746545,0.02252564192449365,0.1800730944366158,0.005501187744007233,0.6480000000000002,91.4251568005218,0.02216976550747305,-0.34170026164857176,4.747619101675535e-06
normal_248,0,35,-0.00024802857142856995,0.0719840196148664,0.010334154419959494,0.2930993670694927,0.0,0.00011588571428571261,0.1856450556309419,0.004158152712224359,0.058964514573426746,0.0,-8.685714285714285,166.38038026995707,0.031020219734870947,-0.010146841180302818,0.0
normal_249,0,23,-0.0026372608695652156,0.07577822300417897,0.0019957747184837804,-0.0672824625917169,0.0,0.00039165217391304476,0.11497168790378019,0.014654513915545106,-0.02286491770059291,0.0,6.995652173913044,114.31140716124251,0.008902424166947386,-0.9545694916016965,0.0
normal_250,0,9,0.03077211111111111,0.037639844923651626,0.4659499490508971,1.2807106431437265,,0.014523444444444446,0.04848414116689454,0.22453011882575263,0.7145583930370984,,-67.28888888888889,40.1403771350396,0.060693668989736105,-0.42289089469421237,
normal_251,0,50,-6.000000000117022e-08,0.07818959792821804,0.0019331573933365064,0.029445860587666395,0.0029225124959990573,1.999999999835467e-08,0.15659547431372212,0.002960759602017691,-0.14865027295338765,0.00028211011656436875,1.4520000000000026,148.979005554474,0.04659339428384089,-0.5002047081912616,5.527292216674547e-05
normal_252,0,50,4.77048955893622e-19,0.04086637829463237,0.09639201645255129,-0.6139110204266681,0.12758017102842162,-2.0000000000297557e-08,0.05111180108409016,0.006956263863216498,-0.08448694642741074,0.009242884813244836,0.6680000000000004,80.07250074775983,0.06522706403984763,-0.589565700573186,1.1750835884878325e-06
normal_253,0,38,-0.0030407105263157894,0.07146723556505416,0.03162636701895562,-0.2619418956096928,0.0,0.008101921052631578,0.15781861862483673,0.005343309101001549,-0.19346159769553453,0.0,-4.8921052631578945,139.7433312250844,0.03418587723703218,-0.13728176048283697,0.0
normal_254,0,27,0.00041862962962962736,0.09138795509302661,0.00805973914685118,0.23486262891829576,0.0,-0.004952370370370367,0.1393934808867139,0.0114191555735242,0.20711431002177058,0.0,4.807407407407412,137.3672906398132,0.06741182801695156,-0.33324471104954245,0.0
normal_255,0,13,-0.006142307692307692,0.03956012953891955,0.006794599093441848,0.5916731552569618,,-0.0037550769230769235,0.04501543665055618,0.006253416423195107,0.0062608152736834495,,12.923076923076927,84.09642957614564,0.80506931109562,1.9396384304160221,
normal_256,0,6,-0.013367666666666672,0.08596442303004707,0.2557570817052064,1.4161362228974954,,-0.029004000000000005,0.2240795636323551,0.08872629946011452,0.7448098521848793,,-53.833333333333336,133.22460566860596,0.9951040040168343,-1.7804518828153346,
normal_257,0,50,-2.359223927328458e-18,0.04606763590027167,0.12729002035062614,0.690280700942426,0.05222509050911815,3.999999999976245e-08,0.0539895866914945,6.918811439942708e-06,0.005735920924336063,0.005833338861522334,0.9780000000000004,81.29579642269334,0.013442830931487603,0.2691898100882764,3.652713086720237e-05
normal_258,0,45,0.0035793333333333332,0.0748229852970032,0.18650581514042375,-0.7761937876857538,0.0,-0.00042326666666666653,0.12955920498184947,0.0019610326162636514,-0.046108439212093164,0.0,-17.397777777777776,132.4167201407719,0.0016761491143894225,0.12920642416533407,0.0
normal_259,0,32,0.008718875,0.08664888374596567,0.10609589892794573,-0.7041175530762753,0.0,0.012228874999999998,0.1886036581335563,0.0015943906545576234,-0.11155801646806196,0.0,1.8187500000000014,180.38010463584254,0.1566527540909693,-0.013651727306464165,0.0
normal_260,0,19,-0.005385157894736843,0.0589321716233012,0.05611723337724218,0.3760047723918664,,0.0034191052631578943,0.05176205474028526,2.7503339658715773e-05,0.024734978929205394,,14.868421052631579,91.33805947157649,0.024073223070140915,-0.4234574064912549,
normal_261,0,21,-0.010516666666666667,0.0803941867457339,0.0025126097315017926,0.057775321674567136,0.0,0.0052609999999999974,0.1363374970306094,0.0020788781387732873,0.021991748897420674,0.0,-9.600000000000001,136.18619956655283,0.10706271108235474,-1.2920545588322268,0.0
normal_262,0,8,0.02023325,0.01836715530335332,0.1438751957493976,-0.47288215603067685,,0.005653500000000002,0.06086481028270769,0.006657140469890674,-0.49132659513926347,,-1.3375000000000057,80.0612099818008,0.9780492814058643,-1.8126755770115046,
normal_263,0,9,0.004155777777777778,0.05172095046127134,0.12347328346904796,-0.504703602064438,,-0.03394955555555555,0.10052540874835919,0.0016846886681092376,0.3440995707522015,,-105.56666666666666,64.61695683882917,0.061442089412218855,0.5582899871001361,
normal_264,0,50,-1.200000000015078e-07,0.08032302203095697,0.0016416836838592703,0.12103229876302722,0.0032283223627735487,-2.000000000279556e-08,0.19122318783719613,0.0002594932515210015,-0.04911475489047944,0.0011333729114126963,1.126000000000001,157.78164888224487,0.06735998991480383,0.5998923237938806,2.915792185710848e-05
normal_265,0,50,4.000000000031756e-08,0.06642257211760472,0.0004668283587445527,0.08246594230499862,0.0045239963157556904,5.999999999992123e-08,0.12919517397540978,0.006495212970060052,-0.1870543554869914,5.498890531399135e-05,1.1140000000000003,137.62244731147604,0.06755706205803932,-0.5985360790276483,6.714873324050273e-05
normal_266,0,39,0.004607846153846154,0.05875844695829435,0.0009299716267998679,-0.14317851822040847,0.0,0.005323512820512822,0.06914449930728375,0.006694400237333245,0.14607167211803063,0.0,-10.210256410256411,79.89651253539712,0.006373012466011943,0.1136997127664508,0.0
normal_267,0,26,-0.006668038461538462,0.07761930592889332,0.04456383988359908,-0.46430260774118715,0.0,-0.010572923076923079,0.1588535560176593,0.0003239616707683773,0.10863900525949713,0.0,-28.70384615384615,146.34921218880552,0.019751550057572856,-0.36093858062542705,0.0
normal_268,0,15,0.00776393333333333,0.07916628747344975,0.0008815727179012011,-0.04191899777647634,,0.013002800000000002,0.1345799839907852,0.017586074457285064,-0.30642000970087496,,3.5733333333333266,141.77554310325255,0.7468490479906419,1.9459330449172871,
normal_269,0,4,-0.06598224999999999,0.02961752679052557,0.15137414504040234,0.12035103488587945,,-0.016718,0.040726131377777586,0.6524976153080263,-1.2802590925307098,,-77.80000000000001,28.190512588457842,0.9580636840085318,1.7133423824217962,
normal_270,0,50,7.999999999938611e-08,0.08862084661541889,0.0040575570949437974,0.19220218098251,0.01842678637973896,-5.999999999797834e-08,0.20094946507890088,0.0029986744127786747,0.1826713994266522,0.0004254656163593216,0.7380000000000007,163.10115252811673,0.00022265614021460206,0.03357425692657814,4.3068198801683835e-06
normal_271,0,50,-7.28583859910259e-19,0.07316301524048882,0.018391684497324017,-0.23954944916350204,0.021186513655417866,2.220446049250313e-18,0.15916394223139863,0.005589847358341695,0.1655269380152528,0.0008689914491689955,0.08799999999999926,147.0950585709799,0.04634813000495376,0.4958970118279078,2.8763861422878896e-05
normal_272,0,43,-0.0005091860465116285,0.0370621274444624,0.052232229272012605,-0.6360259870618478,0.0,-0.0037696976744186045,0.06371342831757186,0.004298102671719161,-0.11355982412722022,0.0,4.437209302325582,82.72176964745951,0.008986485526421551,0.4129735728272577,0.0
normal_273,0,45,-0.0010775111111111096,0.0745889163984457,0.0033812929427277888,0.0918525452439015,0.0,0.0018135555555555574,0.1172153696185986,1.1112079364683718e-06,0.023281154167653546,0.0,13.735555555555553,126.53632443875212,0.017889034519815123,-0.36741156578648904,0.0
normal_274,0,50,-4.000000000038695e-08,0.045245125358632836,0.001119749845212281,0.07068164746259933,0.008295595966356654,-3.999999999899917e-08,0.06578221294056928,6.000287371803659e-05,0.06698953718661362,0.00024152397052230618,0.9999999999999989,81.8425757170435,0.018839788533696167,-0.32032227444352757,0.00013197763974276882
normal_275,0,47,-0.002135893617021276,0.05973087786248185,0.020269354875050147,-0.26803775547452463,0.0,-0.0034916808510638297,0.08704967367607365,0.013036801643346191,-0.1637930371553085,0.0,10.042553191489361,109.69305093427043,0.0030482482199095046,0.14177902593266872,0.0
normal_276,0,32,-0.021914406249999997,0.10692988935041134,0.01189378606051592,0.10353220757314299,0.0,0.00020593749999999605,0.19977151222223502,0.009525541263374798,-0.022438134197099387,0.0,2.5312500000000018,178.3511782227342,0.1599881311155639,-0.00581717491489914,0.0
normal_277,0,21,0.01587304761904762,0.05204886844886501,0.1621915983533466,1.0132650636163838,0.0,0.006129619047619048,0.059499268037495494,0.10718547315248586,0.2546989315977793,0.0,-12.819047619047618,78.83397635324758,0.06357907006937581,-0.9677299500681248,0.0
normal_278,0,8,-0.021063875000000003,0.07903148844833542,0.0005511386829597006,0.08249559926056695,,-0.025319749999999995,0.08546864277580112,0.0024049650753116426,-0.7342458937205438,,-25.937500000000004,97.81325239327235,0.983784104910027,1.7668873672161727,
normal_279,0,8,-0.019225625,0.029767075998229572,0.026236220877026664,-0.16524128874104207,,-0.014073500000000001,0.055983793206159226,0.03339470320102002,0.3475380799645323,,49.33749999999999,64.69619265265925,0.8451921730755554,1.6998681914781832,
normal_280,0,50,-4.000000000087267e-08,0.08911963400507433,0.006363259222976787,0.3815123387744622,0.03837470819947797,4.000000000226045e-08,0.19057507734212886,9.099366271014272e-05,0.07838464613703054,0.004904078076925,0.1139999999999992,184.55291166492063,0.06197547942975664,-0.5862600542246857,1.5622774786174844e-05
normal_281,0,48,0.0004794375000000001,0.03493617051907322,0.06146714324779989,-0.3925170235581517,0.0,-0.0007595416666666659,0.057474072761100406,0.001858471981458522,-0.14958194052244045,0.0,-2.708333333333334,81.49403565428713,0.020257102382713495,0.3393908905268249,0.0
normal_282,0,33,-0.010757999999999998,0.07746335017049265,0.025802717119296,-0.35449748093208955,0.0,-0.006107818181818182,0.04683259406908472,0.058026806355270445,-0.4591046668967959,0.0,0.03636363636363731,84.01977695822688,0.020652801401763277,0.011530023466756458,0.0
normal_283,0,22,0.012361318181818187,0.11334855047169824,0.2862806607013662,-0.7640575712826814,0.0,0.006647272727272735,0.2110321425542008,0.04344654852228065,-0.03337880151688668,0.0,-44.7,183.13941783143346,0.01175332744633361,-0.5698589500797449,0.0
normal_284,0,10,-0.017568000000000004,0.04999950394353928,0.020640812432969488,0.3809317792734041,,-0.0129717,0.03373843012367351,0.0430673872704139,-0.19578267203858837,,-12.520000000000001,92.11918149875194,0.9543326898635266,1.8089609274508986,
normal_285,0,50,2.5500435096859064e-18,0.08654506409749778,0.01251201619611868,0.1603797991802666,0.019696357293263907,4.163336342344337e-19,0.06138228615944505,0.029795615606286928,0.4482830751615129,0.05362006000557141,-0.042000000000000454,88.95634230340184,0.026062286443870115,-0.3741610675321929,0.00013855619563843936
normal_286,0,50,-6.00000000007886e-08,0.08626492643511847,0.01865127132885751,-0.23161255478525652,0.01840800499074467,-3.999999999726445e-08,0.19626589172425857,0.00010682104556560843,0.04898619885266424,0.0011193494369967493,0.17000000000000115,177.7261896851446,0.06688128744810284,-0.5964905914418595,1.0129083806784763e-05
normal_287,0,50,6.000000000033756e-08,0.06099114953152138,0.023045858416538518,0.2957471721479465,0.016088561420761077,-6.938893903907229e-19,0.0547630508434291,0.004380477800646266,0.06231793056521224,0.011829171010265684,1.1860000000000002,91.07633723421249,1.0472453617879022e-06,0.0021520408698031315,8.548859273881362e-05
normal_288,0,36,0.006135861111111111,0.06704468784000746,0.11989678522843222,0.664625528833041,0.0,-0.0019998611111111102,0.04333358023657402,0.05708492194493027,0.37286582421532544,0.0,4.572222222222223,80.57370887410107,0.07021438477172455,0.05750428270061467,0.0
normal_289,0,24,0.0011648333333333337,0.08916064537379831,0.015072770727395657,-0.3422025476832886,0.0,0.009864916666666668,0.19436924987505882,0.003632990745040277,-0.1292582718175998,0.0,-49.23333333333333,166.62422959728542,0.00015813305297051914,0.22475722822852956,0.0
normal_290,0,13,-0.016546307692307693,0.09889330453293482,0.00014172458021265171,0.23553835900901923,,0.008048461538461539,0.09476866079817362,0.013408203841934054,0.11850260665021202,,28.60769230769231,100.50713301543452,0.5791229307476196,1.6446593892456915,
normal_291,0,1,-0.050063,0.0,,,,0.124048,0.0,,,,-7.2,0.0,,,
normal_292,0,50,-2.0000000000436335e-08,0.08557469323684193,0.0018818932394569637,0.07908272579219063,0.0003465803175676533,-2.000000000612623e-08,0.2001380105070988,0.003782555303837255,-0.17068242016320212,0.0002048580747877485,0.06999999999999972,170.52253135582993,0.062122216784626115,-0.5751967157661284,2.9573327014448418e-05
normal_293,0,50,2.0000000001962893e-08,0.08702267965386724,0.0003562277671650828,-0.03133298136583903,0.004741540508142582,1.999999999835467e-08,0.098317971768846,0.002760277624914317,-0.0861396939708188,0.0001536524807761605,0.7380000000000001,104.2419145833383,3.4719736998713067e-06,-0.005103513324044738,2.6810509646440375e-05
normal_294,0,42,-0.0076933571428571415,0.05406432245761544,0.11826707915792943,0.49248127889774757,0.0,-0.0069523333333333355,0.052273490664219296,0.0012509513340142728,0.3903827046437293,0.0,-9.054761904761904,80.94681146807497,0.0024397860138699154,0.2853725746703504,0.0
normal_295,0,29,0.014473172413793107,0.08539632228940823,0.07859589763938249,0.39583253647136774,0.0,0.0011863103448275867,0.1807052933394694,0.020443700414706483,0.33278454360746584,0.0,20.672413793103445,158.95500967591477,0.07179365004341845,0.12056421344227414,0.0
normal_296,0,20,-0.007284449999999998,0.08129226503208961,0.0009853434602059995,-0.04030518769167795,0.0,0.01023125,0.09017572135163378,9.743304535358045e-06,0.037039903312506124,0.0,13.955000000000002,99.75401483148435,0.12357215606591454,1.1014093035313386,0.0
normal_297,0,8,-0.005674375000000001,0.04281495100411041,0.11270598993353635,-0.9894849580916913,,-0.019080875,0.05519696058760278,0.0594795395294749,0.15936112978611425,,26.837500000000006,77.05098859683761,0.9521322398927179,1.8257390665818622,
normal_298,0,50,-5.551115123125783e-19,0.0850682054734905,0.00813390954233226,0.07467325735441256,0.015507021166601189,1.9999999997799554e-08,0.1406103955504699,0.003027422810420429,0.10723844379335158,0.0005882501088139193,-0.07199999999999875,145.16653476610924,0.014691363545780309,0.27752952886084653,4.431663998336193e-05
normal_299,0,48,-0.0001271666666666678,0.03711727643470834,0.13131718155731723,0.5936700852884067,0.0,0.0005402499999999991,0.0471266424331379,0.0023405801625691145,0.08352670867478212,0.0,4.941666666666667,80.09253198991499,1.2196821698162447e-05,0.009364168935181627,0.0
normal_300,0,36,-0.005581722222222224,0.08111031293539925,0.06967339411321892,-0.5859742594435549,0.0,0.0024649722222222195,0.16477631949243024,0.00042765542512471634,0.06790923215060272,0.0,0.8888888888888905,139.8199671358728,0.09143884032802105,0.048713436647372974,0.0
normal_301,0,20,0.0410024,0.10580592867386969,0.04038353687106882,0.08617475517940211,0.0,0.014873799999999998,0.18266930163182868,0.005216920582822023,-0.11008965283357712,0.0,-38.325,181.40823541118522,0.003761743834446944,0.18328826100223383,0.0
normal_302,0,9,-0.014809777777777776,0.027309051721922117,0.09665714509322446,0.9088927822446192,,-0.018363777777777774,0.0580492706218467,0.08811606083995467,-0.42958334760910877,,-28.200000000000003,79.18132495874404,0.9221140778474091,1.9272221079845457,
normal_303,0,50,-1.1102230246251566e-18,0.10654231740731003,0.1505083489780832,0.8078232395768666,0.2788871465016948,4.0000000000595114e-08,0.19767611270560334,0.004556997756396579,0.11325677995976387,0.014091735983625342,0.4080000000000007,179.78420491244498,0.01396002604346532,0.27286045525462205,1.4840374000398353e-05
normal_304,0,50,-2.000000000002e-08,0.05420572985561213,0.004746297830543125,-0.0009733288370165867,0.013414916311533855,1.9999999999742446e-08,0.06540010499272612,0.008131384071641204,-0.19360274729540944,0.0007991686395923051,1.3400000000000003,85.8542509139763,0.018978716112782422,-0.322127322824243,0.0003254547255006252
normal_305,0,38,-0.0033410789473684215,0.07464869268689298,0.042002756134955785,0.24684114025064485,0.0,-0.0012354473684210517,0.07246485306419694,0.025350518729237128,0.3172783127762803,0.0,11.142105263157895,93.12804606555922,0.015231084358656187,-0.09765840932282477,0.0
normal_306,0,35,-0.00016891428571428642,0.03492266333761864,0.008061709971116606,0.13847572648507941,0.0,-0.002595714285714286,0.062390338435448445,0.0032461394799111133,-0.08002558816983406,0.0,-4.494285714285713,81.0552014471166,0.029251443191444054,-0.01705446308807671,0.0
normal_307,0,23,-0.015345565217391303,0.0779037105483575,0.14329591166134792,-0.684000562272387,0.0,-0.007020869565217393,0.10609564084447759,0.01249909431999677,0.09095995338395528,0.0,33.995652173913044,112.12609547043111,0.0006152113182993925,-0.19718060114669125,0.0
normal_308,0,9,-0.006707666666666667,0.07511406177718435,0.0007135122534083037,0.049461444529797616,,-0.028942666666666665,0.1915352125107954,0.07911155799604963,-0.12326323546731303,,4.788888888888891,193.48049826759424,0.9885206687598018,-1.9992971046880377,
normal_309,0,50,-1.0408340855860842e-18,0.0702649641514176,0.0008897254160133278,-0.10396646590835297,0.012791775791384744,8.326672684688674e-19,0.07616620600581338,0.06069842187879061,-0.3642350256737557,0.009573763675148157,0.49400000000000005,93.92304809789768,0.03060732119105881,-0.4066733434820772,3.0581837506180954e-05
normal_310,0,50,2.0000000001685338e-08,0.09938394380753664,0.2953345910111188,0.9929929948354109,0.3304610336590932,-7.999999999785956e-08,0.20236454509314025,0.014704954354935122,0.2876468304920137,0.012255593303232764,0.9320000000000016,183.51132111126003,0.042109461045833955,0.469551412295472,1.2502549075868016e-05
normal_311,0,38,-0.007730631578947369,0.08093107871985275,0.0035321316539225194,-0.0366809836950703,0.0,-0.0036361052631578954,0.08871777911586876,0.008559576149386381,-0.20045468804641367,0.0,4.7368421052631575,97.68923450102433,0.036192505211099964,-0.12510132456254228,0.0
normal_312,0,24,0.01757858333333334,0.038013926970822884,0.005227137735688902,0.1601079872122873,0.0,0.0025120000000000003,0.04421890953257441,0.090410876580032,0.5666731027866625,0.0,4.170833333333334,79.88224917113244,0.00039438136901625366,0.7411951209146702,0.0
normal_313,0,17,-0.020418882352941176,0.07326045619960603,0.004101208622117385,0.2423169458791258,,-0.00010276470588235286,0.20439532514584097,7.492176755139199e-05,0.05246267248210685,,-0.7058823529411782,182.84405271284257,0.5599611502352844,-1.8540389745812573,
normal_314,0,1,0.093078,0.0,,,,0.238408,0.0,,,,-114.4,0.0,,,
normal_315,0,50,5.999999999950489e-08,0.055319518453583814,0.08527231896023302,0.5636122813715513,0.019234788923580545,7.999999999980246e-08,0.053848478804824185,0.023707289457239985,0.158896224924249,0.006364405868948125,0.5759999999999996,80.74237935557758,0.03334765871925003,-0.4217859353639106,1.4312353259302847e-06
normal_316,0,50,4.000000000004e-08,0.06941730122612373,0.007239118958756876,-0.095762870099858,0.0280960490770763,-1.9999999999742446e-08,0.16647458886490635,0.0041789933028559545,0.15801787035105525,0.0011714766784762078,1.0,149.34450240969701,0.06655822241105765,0.5965268125880171,1.609244339028834e-05
normal_317,0,42,0.004496214285714286,0.08881415524097704,0.002061444915530514,0.09856376068775906,0.0,-0.006067309523809527,0.16547652305682403,0.0005482855427663813,-0.01989665065840164,0.0,26.70952380952381,160.29192239625652,0.0005376445520293465,0.1695715665182338,0.0
normal_318,0,31,-0.009168870967741936,0.03790325697448272,0.009464492587378076,-0.06845146144248317,0.0,-0.011529290322580647,0.0563801988119677,0.0019419508050774641,0.14153668902942565,0.0,0.07741935483870895,84.5461611256372,0.15954208708850157,0.04226487975040397,0.0
normal_319,0,16,-0.0014479374999999987,0.058618938145522506,0.01031076406223313,-0.31487477569413885,,0.0203849375,0.10581205218302683,0.08154073388057112,-0.6988889590014242,,-2.818749999999998,111.70729172009095,0.50414702743991,-1.5817006864935221,
normal_320,0,3,0.13283166666666668,0.07585203064885973,,,,-0.007894000000000003,0.21838959620061268,,,,-235.6,19.946428251694588,,,
normal_321,0,3,-0.09564366666666667,0.09220717136366828,,,,0.047091333333333325,0.04192928769037488,,,,81.43333333333332,46.79802939820816,,,
normal_322,0,50,-1.999999999835467e-08,0.08919541328375355,0.003043698495255881,-0.011532880022961513,0.011549961091275313,-6.000000000394579e-08,0.2030380249493587,0.0035906769401121215,-0.15213445859564623,0.0006383753431945596,0.6720000000000013,174.32917373750155,0.04468499488458244,-0.48795045703644674,9.185324384223159e-07
normal_323,0,50,-2.0816681711721684e-18,0.05826497679395401,0.01180937345968116,0.3067132432438278,0.02051955948127365,-9.020562075079397e-19,0.06428771696832919,0.0006937032310987215,-0.07143261911544206,0.005576400033217326,1.3840000000000003,83.31189917412757,0.048107699806841125,-0.508258729182228,0.00042416240497007067
normal_324,0,44,-0.0007763636363636362,0.07773378898788623,0.07765474364914325,0.5152761001088674,0.0,-0.0006022272727272734,0.07956472047872373,0.01928890127712168,0.3752165510087251,0.0,12.895454545454545,92.95445354518685,0.007674306358261594,0.26356994275793477,0.0
normal_325,0,30,-0.02276556666666667,0.09174404387703988,0.008741853703986719,-0.24644288295128244,0.0,-0.0002248666666666686,0.19030098889246186,0.00720362186337315,-0.2759179916628724,0.0,-12.2,179.48685560044038,0.11124160869827059,-0.08186300486561796,0.0
normal_326,0,19,-0.00652142105263158,0.050986482991305794,0.008251792529850513,0.16593940531472576,,-0.005052894736842106,0.051015854740818455,0.0008024898633781546,-0.14601343127237573,,1.6263157894736846,82.15011190757194,0.3414937016393851,1.6814746824538567,
normal_327,0,3,0.03959066666666667,0.019895565340603476,,,,0.009071333333333332,0.03084312791458667,,,,-10.333333333333334,36.625795402815335,,,
normal_328,0,50,-1.457167719820518e-18,0.08075172274694825,0.04972548578843277,-0.41995289817246145,0.09006705673239168,1.9999999998632224e-08,0.17352448045558183,0.0007762492185158829,0.033530024033060525,0.0014513570572067503,0.6420000000000021,152.67850941111524,0.04088172736445858,0.4676231139233421,5.408826784052666e-06
normal_329,0,50,-1.9999999997868945e-08,0.06866789410386487,0.00686380208318218,0.2767843727849267,0.009175623795329416,3.999999999976245e-08,0.14418566511383302,0.006417493267187035,0.20578966693099718,0.00028084318965331846,0.3280000000000007,144.76571837282472,0.01383566033792657,0.2720533593358877,5.601849868572341e-06
normal_330,0,42,-7.2857142857143855e-06,0.04205621597241444,0.006075713463568796,0.033026090170913756,0.0,0.0005122857142857141,0.06796788866890632,0.01939340610411696,0.16578977474602602,0.0,13.880952380952381,80.06647011819749,0.0006477709620803477,0.13964587628812147,0.0
normal_331,0,30,0.0168668,0.10498365367408395,0.0010990851450354226,-0.10275885456883381,0.0,0.004947766666666664,0.17785876888919167,6.385091519748782e-05,-0.02380577968188087,0.0,-2.0233333333333317,141.5723906306907,0.14042146605706787,0.09611101858243928,0.0
normal_332,0,14,-0.03422721428571429,0.10159295611914003,0.00025778249055074685,0.10570052276887591,,-0.02325714285714286,0.17231409695041416,0.009190790394992158,-0.458688945520899,,43.600000000000016,153.4721612727021,0.11476534606861756,0.7057585220411662,
normal_333,0,2,0.100361,0.020497999999999995,,,,-0.013476499999999999,0.016246499999999997,,,,43.5,20.900000000000002,,,
normal_334,0,50,-6.000000000033756e-08,0.09037115925634905,0.0168004709778058,-0.21313215586140463,0.04951743737716496,-4.000000000031756e-08,0.19078337443907004,0.0004517823024043537,0.00144540896611546,0.0024054162809139055,-0.26600000000000024,182.37883716045567,0.02326418912773667,0.3574318216682566,6.617483017885722e-05
normal_335,0,45,0.0001239111111111089,0.06607196217519946,0.017787149838178213,-0.28001493757031004,0.0,0.00018935555555555403,0.056634497436399846,0.014264226402389722,-0.23938188455715448,0.0,-1.266666666666666,90.25618599913865,0.03154981195280764,-0.5042716558405285,0.0
normal_336,0,34,0.005454676470588235,0.06213166722738214,0.0639091229830387,0.37505644694290974,0.0,0.005322970588235294,0.10408283671375165,0.04935602258172006,0.17374226919878785,0.0,-1.5764705882352947,105.87237060787619,0.09205949954116949,-0.0006667295243209154,0.0
normal_337,0,32,-0.0210671875,0.03944498318975233,0.05637866875299058,-0.10042151573356708,0.0,-0.0064251875,0.05164778993967064,0.03871403981905169,-0.44979417371267566,0.0,-3.384375,80.45796305126905,0.07558666120012206,0.0044277780158688855,0.0
normal_338,0,20,0.027801100000000002,0.05692358734118924,0.031651568234625206,0.23048090629570467,0.0,0.012278250000000004,0.1252248141395606,0.00416396997254005,0.20438041913543228,0.0,9.830000000000002,102.71085677765521,0.15568827386148978,-1.2775669886978,0.0
normal_339,0,6,-0.0007288333333333377,0.09917614274010438,0.16068739977723268,0.5557821852154373,,-0.012346166666666672,0.178492387790457,0.017403241629583895,-0.2226855002540996,,123.18333333333334,115.39932721737256,0.9640642819488112,1.7697965686457435,
normal_340,0,50,4.000000000156656e-08,0.08397721261484213,0.013666631291681844,-0.19284850610935514,0.009069783510572573,4.000000000031756e-08,0.09747014673836496,0.0003364516082057274,0.06459988222754594,0.00146828711992562,0.23599999999999993,104.14850120861077,0.06924365033872955,0.606134502824518,7.107089141387155e-05
normal_341,0,50,-2.000000000114757e-08,0.06341499229913695,0.0003950882486599775,-0.07259923612830993,0.00600042485138948,7.999999999896978e-08,0.04440103855354737,0.12305652622742838,-0.6286393496480497,0.03626819823104867,0.6860000000000006,84.8608084100075,0.05276691924906662,-0.5343809568829442,1.5086642363350994e-05
normal_342,0,45,0.002131288888888888,0.08508978640043761,0.014366172358834748,0.12404971363648117,0.0,-0.000655999999999998,0.20088322538596068,0.014352378561685622,0.045911793148427145,0.0,8.662222222222226,179.75475921857642,0.033585720351812516,0.4982293169784157,0.0
normal_343,0,34,0.003814558823529416,0.07828594798714862,0.0014001383028966992,-0.2271138561460671,0.0,-0.0002725588235294121,0.09997782114201811,0.00010284972356610889,0.039563480610530215,0.0,0.16764705882353023,106.1924327662598,0.1426011544737256,-0.004708433425765394,0.0
normal_344,0,21,-0.008037476190476192,0.04617777664183029,0.025133898719580463,-0.2603698331614488,0.0,-0.009742904761904763,0.044274703174939804,0.05349354274687116,0.08152059169631926,0.0,-4.023809523809524,77.80140716539836,0.10752353698001277,-1.3134723872378533,0.0
normal_345,0,14,0.012105142857142858,0.08241861004466089,0.14135376050297035,0.3605184381940862,,-0.026881500000000003,0.17087910834051656,0.0018962987641639951,0.16663325981548,,-28.007142857142856,166.14320184830967,0.5286048114691061,1.4812523007994733,
normal_346,0,3,-0.04739933333333333,0.005603585538642992,,,,0.006601,0.024009103648408033,,,,69.53333333333333,24.70159688945006,,,
normal_347,0,50,-2.0000000000206485e-08,0.06604528302384358,0.06907693723193419,0.5029561306900255,0.09277136033223375,3.999999999990123e-08,0.08221025964074315,0.0028551674507239677,0.0252659462344112,0.0010012448753490204,0.8800000000000006,105.17644603236981,0.0011397149594633154,0.07309621393400084,9.096390210229104e-06
normal_348,0,50,-4.000000000045634e-08,0.09452101997100115,0.04424905424797176,-0.2210039629958379,0.03703116334943113,2.0000000001130224e-08,0.20976084663659136,5.085464182880564e-07,0.04374448400228441,0.002472479534973989,0.8300000000000014,179.69293503084643,0.03897590458519478,0.45559943681673615,3.68087437251007e-06
normal_349,0,41,0.0007928048780487798,0.058136004155612896,0.00022427958268740142,0.15125824568992158,0.0,0.002229487804878047,0.05383005494083002,0.001314154203858153,0.012441005321955101,0.0,-10.848780487804877,93.31723266978578,6.107960298287986e-05,-0.23564779377689274,0.0
normal_350,0,28,-0.023101928571428572,0.05144467854191153,0.03147389259102571,0.5079381391104586,0.0,-0.01566,0.03814721610981031,0.006396447538848126,-0.33160255388757337,0.0,5.575,84.5090596369069,0.09067459747989955,-0.23894310538557328,0.0
normal_351,0,18,0.04251772222222222,0.08122544038443288,0.008613202426230574,-0.13081150649271933,,-0.0038347222222222207,0.21205307874361332,0.01012317113539535,0.3607739282800975,,-7.949999999999998,180.13332176782592,0.3746383154046372,-1.5486677530225486,
normal_352,0,5,0.007740200000000003,0.07393846699357513,0.21573056265367038,-0.5209196452956867,,0.011651400000000003,0.04105134826336402,0.5315020975277505,-1.9789362210181114,,-94.89999999999999,26.57088632319216,0.8925131584165705,1.9946643614119648,
normal_353,0,50,8.000000000105145e-08,0.07795987865301998,0.030239263331413874,-0.4684153006770412,0.04861298687475228,4.85722573273506e-19,0.048533289375025886,0.030344847328946194,-0.35162174704732546,0.058821701519656856,0.4019999999999999,84.37758586259743,0.052961729143745306,0.5351658208559457,1.8477853467619937e-05
normal_354,0,50,-2.0000000001130224e-08,0.0856478923973007,0.011987178391253538,0.13691171693525025,0.013187113791661677,-1.1102230246251566e-18,0.21730477947251878,0.007181068216443054,0.1560230754348765,0.000539298179395072,0.8099999999999983,177.2779334829916,0.0030185489839819717,0.12750599894695108,3.0915929930493965e-06
normal_355,0,46,-0.0010251739130434777,0.0851542412838135,0.002949457565245042,0.1581661880380184,0.0,0.00028447826086956554,0.10075207477996133,0.006996814593004895,-0.009407509364214467,0.0,-12.436956521739129,104.02220364713875,0.00016176035149441476,-0.03080446014157379,0.0
normal_356,0,32,-0.000603625,0.03768089511837364,0.13517348127603257,0.6932558241500575,0.0,-0.00626390625,0.04494629993556156,0.07274084702487478,0.6050651007755801,0.0,4.996875000000001,79.74640463829309,0.003273372527083993,7.837343925846874e-05,0.0
normal_357,0,20,-0.020450100000000006,0.10380745273673754,0.007465257666239487,0.4181048552464851,0.0,-0.01605115,0.1983898998294205,0.001446824222892643,0.21144776037524413,0.0,-10.194999999999997,154.53631765704785,0.1938998884277694,-1.3861466563179146,0.0
normal_358,0,7,-0.030964857142857145,0.12359944102905109,0.057920523264955344,-0.6347196989471877,,-0.02289628571428571,0.13783760099967984,0.060755975387752445,-1.1190608770608608,,123.27142857142859,66.99419408289293,0.703538542692784,-1.7673173268343507,
normal_359,0,50,3.999999999920734e-08,0.10230285169827086,0.06262710333714612,0.31735889529019606,0.07316391596810226,2.220446049250313e-18,0.17506632976937628,0.004414474629590892,0.11183235534663456,0.003077553488730605,0.5919999999999999,143.7300564808906,0.005257798273763937,-0.16831552559235524,1.1195396767145842e-05
normal_360,0,50,4.000000000087267e-08,0.062317984031886015,0.1421989497992892,-0.7794128894661875,0.1761128186402469,6.938893903907229e-19,0.04423315631830946,0.1438854831252594,-0.7487867192124864,0.14763622265128834,0.8139999999999995,82.0706695720219,0.0032093667666602483,-0.13242246050475656,2.3765417971648825e-05
normal_361,0,50,6.000000000006e-08,0.09685382593339512,0.009852528106764916,-0.09268854289941536,0.04563082505250983,2.0000000000575113e-08,0.1965280633547779,0.002642784587685458,0.10607238296735191,0.003028421210080605,0.5499999999999988,177.38139051208276,0.04991399902357739,-0.515431747017296,7.023438611421611e-07
normal_362,0,34,-1.7617647058823393e-05,0.07921108447612125,0.041756421420243155,-0.13682948335309306,0.0,0.003427911764705881,0.15008804905265907,0.010550520932013674,0.02036726023314924,0.0,0.5617647058823522,143.05507580835038,0.13687637931939878,0.008840692126487406,0.0
normal_363,0,21,0.0030757142857142854,0.03390967761167733,0.1760400550421374,-0.8976228069333859,0.0,0.010236380952380952,0.054477720450418286,0.002527895259151311,0.026012468735540164,0.0,21.633333333333333,83.37704567824258,0.0006610718707715906,-0.06572552379881243,0.0
normal_364,0,9,-0.016002444444444444,0.11848272657894166,0.003865694904858085,-0.6232765073210694,,0.026654777777777777,0.18240726609904662,0.08713935033430985,0.043305566543115265,,110.87777777777778,125.11460326683405,0.728188410242266,-1.7557902456158165,
normal_365,0,50,-3.4694469519536144e-19,0.05425084486162405,0.07137752533017852,-0.4315228649380924,0.359577311221773,4.000000000031756e-08,0.06412395001587472,0.03398484241616,-0.5014600627696744,0.07957473353418859,0.5980000000000001,81.15870992074726,0.0695124725014385,-0.608043179200225,1.957758665820329e-06
normal_366,0,50,4.0000000001289006e-08,0.09760631502335493,0.019790776157519174,-0.23150059496246037,0.023112787313189116,4.0000000001150225e-08,0.17361074863440454,0.005162832532366729,-0.2049034422108954,0.000873174394824671,0.48,146.47535765445326,0.004980357067595451,0.1622662021831041,3.562788334812691e-06
normal_367,0,37,0.0009918378378378366,0.08990397942294774,4.543184694116599e-05,0.03947050595904766,0.0,-0.006524513513513515,0.1540275840949981,0.0029959041397315607,0.1751169018965951,0.0,-19.74864864864865,162.55118715075506,3.477779310972185e-05,0.009398748816032145,0.0
normal_368,0,27,0.03689333333333334,0.056828074162662216,0.21756918945308423,0.8298485036235315,0.0,0.01210511111111111,0.08121991279890498,0.02667483362636387,0.29850390997696813,0.0,-20.7,76.03444151367388,0.0001962445725275376,-0.06272461103529077,0.0
normal_369,0,15,0.050678533333333324,0.052171389598599814,0.0017698460645696069,0.2540226432088359,,0.022659799999999997,0.19135025224517824,0.00883386428300443,-0.29650041170958646,,15.093333333333335,153.41051883390816,0.5318489737349826,1.6419064103317553,
normal_370,0,1,0.103244,0.0,,,,-0.138295,0.0,,,,-139.5,0.0,,,
normal_371,0,50,1.457167719820518e-18,0.05192057817282084,0.23045168024521914,0.9036232193685337,0.21762686467195388,-1.9999999999360808e-08,0.050642419084988434,0.04392370775757175,0.6943625647303144,0.07900973016203393,0.7180000000000004,81.80210679438518,0.06621054516727935,-0.5957303779778068,1.954060124845756e-06
normal_372,0,50,-8.847089727481716e-19,0.07401890987146462,0.0129824908033587,0.13216838801041944,0.003260844339853431,-1.6653345369377347e-18,0.17470707142791903,0.004135683095015298,-0.19507350058272308,0.00028677146894607865,1.0979999999999992,156.96348682416556,0.059767567963954674,0.5649466751419524,3.674727315736636e-05
normal_373,0,43,-0.0012693953488372085,0.07823161356470108,0.008266340044418211,0.11248345143084774,0.0,0.0028240000000000036,0.15670015561411665,0.00531665484297247,-0.021343158067514353,0.0,0.4139534883720946,145.78401287504514,0.012989947952108324,-0.43880962877774515,0.0
normal_374,0,30,0.0017043666666666664,0.057598073013764,0.3040681077243451,1.1494655382685937,0.0,-0.0006172000000000001,0.07412042398439628,0.032531835673212994,0.22115541779394268,0.0,-10.840000000000002,76.86490573293727,0.000612103719124377,0.0010407870696928388,0.0
normal_375,0,21,-0.0029362380952380925,0.06607313195521976,0.02372979515914485,0.06620391482220989,0.0,-0.005946666666666665,0.19422440086695333,0.007575128924893486,0.0526324187608259,0.0,6.823809523809524,164.2228245396274,0.11311758345225638,1.3348327226408414,0.0
normal_376,0,6,-0.0025096666666666622,0.06354725220040772,0.4229840368473329,1.56910010342446,,-0.0021950000000000073,0.14517129743054125,0.7468345950177826,1.8335901888183204,,182.38333333333333,41.45171555222078,0.024696091320768537,-0.30638056424952026,
normal_377,0,50,-1.9999999999326113e-08,0.04707438440064405,0.3585634056048464,-1.2567845709139123,0.31994220816276536,-2.000000000002e-08,0.05513848101335038,0.06377188325841306,-0.4595969916883312,0.04202323280385451,0.16799999999999982,81.19582609962164,0.004919992094420506,-0.16256993289044827,1.5618508296602903e-05
normal_378,0,50,-6.000000000117022e-08,0.06999556705175264,0.0033260505835580514,0.05298335532103019,0.001106570700839508,2.3245294578089216e-18,0.09250955573928567,0.010607445493886914,0.23405063214248217,0.0015991962280383514,1.0520000000000003,106.02324884665626,0.06827939479786926,0.5999438867601354,3.797958889290165e-05
normal_379,0,43,-0.0010089302325581404,0.10347550091180338,0.002126878670178806,-0.044999379488891086,0.0,-0.003431209302325585,0.20027999607242392,0.008030071129871846,-0.02587068630911741,0.0,15.853488372093024,184.73950150973076,0.011254557222263132,0.396362493811063,0.0
normal_380,0,29,-0.0005143103448275843,0.1019985742571429,0.0013970698791557364,0.11855767959293254,0.0,-0.004951586206896554,0.11209153663936275,0.0034462139161424957,-0.1870308147886464,0.0,-4.113793103448274,110.8418684872747,0.11760193070364741,-0.15459604317010917,0.0
normal_381,0,13,-0.03724230769230769,0.06937195201940226,0.07015604349306631,-0.20195481880172006,,-0.018913692307692305,0.05751614807684563,0.003078785057443001,0.23851562489322337,,-22.846153846153847,75.10912692040536,0.5136553511925701,-1.5160163795717323,
normal_382,0,1,-0.060781,0.0,,,,-0.189527,0.0,,,,196.7,0.0,,,
normal_383,0,50,6.000000000019878e-08,0.08165006081012066,0.0010882856168853267,0.09102601916346342,0.03000184110057148,-1.942890293094024e-18,0.19362179681451155,0.004794349834780725,0.1746985130625792,4.271953690421664e-05,0.29000000000000115,176.8274517714939,0.06212660802461931,-0.5744583150543119,5.662997167957693e-06
normal_384,0,50,-1.9999999999881224e-08,0.0731874396610484,0.0022780398620042917,-0.007266274137514811,0.0005238493216144408,-4.000000000031756e-08,0.07454259055223665,0.007762596165973384,0.20222533035575718,2.181351223964048e-05,1.2879999999999998,97.07795556149708,0.03454105647165617,-0.42621416737385937,0.00013386240605775575
normal_385,0,40,-0.009570349999999998,0.05533574391772013,0.18854830591390256,-0.9675554390234699,0.0,-0.004740925000000002,0.04690413827818794,0.14787664885289245,-0.7034549873682211,0.0,-14.007500000000002,82.60441994076345,0.00017298476704977612,0.07935410725843318,0.0
normal_386,0,28,0.001946464285714286,0.1087474623652965,0.08810328099950149,-0.4873828014404936,0.0,0.006304392857142855,0.21636123662017173,0.00855540711996122,-0.18082490473412485,0.0,14.77142857142857,180.22488304723007,0.08862735598545911,-0.2207559445345178,0.0
normal_387,0,17,-0.004778705882352946,0.09787432959593986,0.03340917922105488,-0.08657913709328256,,0.000503411764705885,0.09597354694244035,0.06216616037956597,-0.5522315959811953,,1.2588235294117638,100.22485930219773,0.5638586732928338,-1.8584461110429877,
normal_388,0,4,0.059758000000000006,0.04120278632568433,0.16411685467883919,-0.028930082314771895,,0.03704,0.03574767275641871,0.02021320191712063,-0.03049149541641937,,102.225,8.912175660297546,0.5836831047425698,-1.2735386321616862,
normal_389,0,50,3.9999999998791e-08,0.08430130746339821,0.022695742200290414,0.3485649378897011,0.02028996406585442,2.0000000001685338e-08,0.20262234072130247,0.00019126644513901633,0.012576105827860961,0.0010801029007101702,0.861999999999999,167.74279941624917,0.06681854384897055,0.5981776883966806,7.299575330323676e-07
normal_390,0,50,6.000000000047634e-08,0.07125568326341696,0.0010872498183428787,0.05257405203948579,3.92442110675201e-06,8.44593492366208e-19,0.1462160308543492,0.006262937218294923,0.187066765799753,2.8131110888350032e-05,0.30999999999999944,139.80497737920493,0.0648457990198451,0.5931405415922939,8.071343933409758e-06
normal_391,0,39,0.0034476923076923074,0.025063696591452793,0.0015656602466458753,-0.08267566945585712,0.0,0.0025278205128205123,0.0547642055126277,0.017464946796458766,0.18028583513439622,0.0,-1.8333333333333337,80.18519696281734,0.012386521507327001,-0.21765403391152513,0.0
normal_392,0,25,-0.013962000000000004,0.05943812604852209,0.10946375780700844,-0.6577077587330616,0.0,-0.00976796,0.14371581543796216,0.0003495104719962176,-0.22933163780823115,0.0,21.552,140.81732882,0.01014532330251771,0.5382860237101323,0.0
normal_393,0,14,0.005365714285714284,0.0595037378182828,8.692970456333866e-05,-0.12451078561623974,,0.002818357142857144,0.12604343561340112,0.0038648597047186433,-0.3386032289425839,,-31.600000000000005,114.02343117597741,0.11021147966432743,-0.706621680653331,
normal_394,0,1,0.097474,0.0,,,,0.008393,0.0,,,,-88.2,0.0,,,
normal_395,0,50,-4.000000000021347e-08,0.08010040135753628,0.01280823382518146,-0.20235104600352952,0.0012286240501779013,5.551115123125783e-19,0.13409878512484744,0.0003317015629465157,0.055507736278669485,0.0002906477901064855,-0.19199999999999942,137.14599351056523,0.06917251948637392,0.6001196089892309,9.794944054846417e-05
normal_396,0,44,0.007589590909090908,0.06431287995110599,0.18303844133942374,0.9388604308767206,0.0,0.005448977272727271,0.06742316301117371,0.013703605593757846,0.3327740915160491,0.0,-6.395454545454544,82.85967314613482,0.01812370576061636,0.40802829199511526,0.0
normal_397,0,32,0.011300625,0.07891454286748656,0.015104573132585024,-0.3901071194405123,0.0,0.013870000000000002,0.2016782274050672,3.155389219435818e-06,0.05530530064406821,0.0,2.8218750000000004,163.0955792134918,0.15739312064929786,-0.014676976601962875,0.0
normal_398,0,22,0.005053681818181819,0.09153348385421407,0.005922197863404028,0.03950963508845017,0.0,0.001562545454545456,0.11982511848285296,0.00019411575144092407,0.02664033934286168,0.0,14.740909090909092,108.9167516087022,0.03840210033890464,0.9930019382427501,0.0
normal_399,0,7,-0.0015845714285714293,0.044008899680655966,0.0065946743758153745,-0.04833113337152847,,-0.0035622857142857136,0.03173054928935334,0.21476645019952548,-0.6209053138981504,,-22.14285714285715,72.04458653486458,0.9696492008239663,2.002463663204613,
normal_400,0,50,3.999999999979714e-08,0.0912001494060092,0.05741633294671022,0.39472917790667567,0.016986806769057915,5.551115123125783e-19,0.20673190156519142,0.00035146783970642706,-0.01653232991194752,0.0004774370232816395,0.4800000000000006,174.14083151288787,0.01897481557034392,0.3176279768476151,7.096162506083786e-07
normal_401,0,46,0.0002639130434782592,0.07427180957654826,0.01380132839438191,-0.20014147561460593,0.0,-0.0025174782608695643,0.13948984724028876,0.0015690382693745767,-0.06420788324944192,0.0,-6.145652173913044,135.9849795198332,0.04195112960091019,0.496634134498993,0.0
normal_402,0,34,-0.022712499999999997,0.04854920805572667,0.04310590274547943,-0.23046719911799252,0.0,-0.0135005,0.04766746567890934,0.0320357499603615,-0.3337422460423016,0.0,-2.073529411764707,84.53630027398786,6.492448279291925e-06,0.0006262537667132542,0.0
normal_403,0,21,0.006881666666666665,0.08781437682669233,0.1446896855569746,-0.5655941748356514,0.0,0.003780428571428571,0.20365123655606987,0.029853976345720002,-0.006812136392886788,0.0,29.566666666666666,162.24149646315266,0.0536384923941358,-0.9522224792538626,0.0
normal_404,0,12,0.013731333333333333,0.07030662139316766,0.0038415139624268495,-0.04026647766457906,,-0.00014199999999999833,0.05392362160037102,0.06315632084277598,0.18184362206486507,,24.441666666666663,87.37628833893602,0.7722926661984728,1.742082086117143,
normal_405,0,50,-3.9999999998652226e-08,0.08570927446337649,0.03649006217074589,-0.3712914407366497,0.009894463502894215,-2.0000000000575113e-08,0.21366042581802464,0.001011402275468738,-0.017989854626957045,2.0270818421933733e-05,0.8299999999999994,173.34108370493132,0.031917066353464967,0.41400456525447704,1.2181128301052385e-06
normal_406,0,50,-2.0000000000366948e-08,0.07655700993938831,0.011349170386287487,-0.13971444298135896,0.011922125509826142,2.0000000000575113e-08,0.13234172900646116,0.0005036264012479428,0.08015340346265325,0.0001425278036707171,0.5259999999999999,130.02311765220827,0.03288038698243286,-0.4165720756279689,1.876376217551334e-05
normal_407,0,38,0.005605105263157895,0.04516125326671635,0.028055476780665282,0.166463144105587,0.0,0.0019762368421052633,0.05888063184614954,8.477127544919484e-05,-0.039953268340553044,0.0,-7.902631578947367,80.7199299946299,0.018655866124279344,0.09030574834115285,0.0
normal_408,0,25,0.00652404,0.07086550572315418,0.006407004613298861,0.015300109537576363,0.0,0.00908488,0.16574641459538605,0.009706572542047973,0.021840090330179834,0.0,-3.4879999999999973,149.9962941408887,0.01171978696149356,0.6146262959008361,0.0
normal_409,0,13,0.00684576923076923,0.05811859179848608,0.09056960870433634,-0.1519508025467456,,0.03543161538461538,0.17293141291076533,2.047592404906616e-05,-0.025014734226253662,,58.592307692307706,128.55853178484327,0.06149488953627984,0.5362019336740776,
normal_410,0,50,9.999999999820916e-08,0.0849141101149273,0.05293055560322118,0.45105012521666926,0.04423573736539199,4.000000000004e-08,0.19178805692263115,0.006425453934398958,0.1434333317798682,0.002605961880956286,-0.2880000000000018,156.24245087683437,0.04027778584524384,-0.46450884246056484,4.366065808782449e-05
normal_411,0,50,0.0,0.08803119080007948,0.0012450263920530894,-0.03096266192956618,0.0036216260172186824,2.000000000140778e-08,0.16539473720907688,0.009360196643130826,-0.20793769245828564,0.0009328618180298641,0.35799999999999954,157.8473440891547,0.05237220823697013,0.5294989312762379,2.0427359357178604e-06
normal_412,0,40,-0.007261449999999998,0.04334747150120177,0.20315537863559371,-0.7068762937914498,0.0,0.0014474749999999988,0.054072316774846765,0.009339903541432248,-0.28449215638483416,0.0,0.625,80.21451785680695,0.0027935391197519734,-0.272768578364562,0.0
normal_413,0,28,-0.030584607142857132,0.10529228387152298,0.002668316953035658,-0.032810028713577966,0.0,-0.018424035714285712,0.178496534101102,0.0016364376137756923,-0.0993828820785517,0.0,9.789285714285711,144.1414740040535,0.09320096761248196,0.21154811516635136,0.0
normal_414,0,15,0.0009279333333333361,0.10214230549415958,0.0036240655850463773,-0.05236811499526854,,0.02240666666666667,0.1677118579574967,0.00039767230999824524,0.13937510100675787,,-22.400000000000013,162.36114067103617,0.1876030421872427,-0.9794743420211804,
normal_415,0,14,0.03845428571428571,0.07010074260094597,0.19511744361228697,0.3574366047904506,,-0.01705492857142857,0.1255297045241622,0.014863836921129494,0.03652749547740019,,-23.078571428571422,142.05217441173522,0.5082002333554421,1.4565070957682402,
normal_416,0,1,0.035278,0.0,,,,0.124262,0.0,,,,-165.7,0.0,,,
normal_417,0,50,-4.000000000031756e-08,0.06085292831013476,0.000979546775651929,0.014342777319635435,0.004284308367549967,4.000000000031756e-08,0.12179736020833293,8.91151278581335e-06,-0.013306692339043984,0.00048043936653195576,0.38199999999999873,133.98561667582084,0.010032309258572096,-0.22906936402180783,5.461380713785321e-07
normal_418,0,50,-4.85722573273506e-19,0.04069112202630938,0.08338530506083223,0.3156953989053005,0.04797585257139865,-2.0000000000575113e-08,0.060788710326339375,0.005425019205464967,0.11483250693304128,0.0007154873463771352,0.5720000000000002,81.35365766823271,0.009955347681793719,-0.23099145801944657,2.947280244323377e-06
normal_419,0,38,0.006259684210526317,0.08387761195810844,5.560379263522024e-07,-0.0010842865729949187,0.0,0.007710315789473685,0.20234715365874317,0.0029910886438718363,-0.11754577319971712,0.0,-8.536842105263156,158.03849035008201,0.028216109822849587,-0.14213725937888388,0.0
normal_420,0,23,0.008485826086956522,0.07970213479310607,0.00907822200668676,0.013079380472814066,0.0,-0.008354478260869568,0.1756868326886297,0.05743694039044478,0.13186376530440236,0.0,-47.573913043478264,169.9125048943447,0.0009638665350870415,-0.36034588958208336,0.0
normal_421,0,10,0.0406323,0.048963544479643226,0.03107575782420235,1.0738969279861077,,0.0314596,0.060170024584006936,0.07320710853378774,0.33348166530969625,,-44.34000000000001,67.78081144394775,0.7275495746888958,1.5337674156641088,
normal_422,0,50,-1.9999999997799554e-08,0.11763444874091773,0.059670901052497324,0.4803997519847529,0.2975904188998477,-3.999999999892978e-08,0.1919667209080741,0.0018175219338825979,-0.033907543813893555,0.013584451810121896,0.09399999999999921,178.68907343203725,0.0336262657809928,0.4221634739669261,3.5582479787716026e-05
normal_423,0,49,-0.00287895918367347,0.06886906294984832,0.0006318942528592706,-0.07394466806827976,0.0,0.0016052857142857156,0.09111170287496283,0.0001430363797253098,0.04454696676638812,0.0,3.7673469387755096,100.17486219311832,0.016511633707503602,-0.29847807469261517,0.0
normal_424,0,36,-0.007578583333333331,0.06915684171720547,0.01668957002097663,-0.2611109857351768,0.0,-0.004532111111111112,0.06742359974847983,0.009300145325930818,-0.1291618303982932,0.0,-5.7250000000000005,92.34953340133585,0.05226522715779309,0.029417221361157066,0.0
normal_425,0,24,0.005061583333333332,0.0953315654802213,0.20098845444094168,0.8318685729522255,0.0,-0.009145375000000002,0.18813734539599267,0.00013993701101847218,0.12787687960637673,0.0,-52.94166666666666,172.35053891383365,1.6074941555842152e-05,0.12445565958296124,0.0
normal_426,0,11,0.0018257272727272705,0.08083594579606156,0.03860009672879353,-0.1249691569822912,,-0.0018773636363636366,0.09096648395602809,0.08594545581092612,0.03833939543805891,,-37.06363636363637,96.51372274286155,0.7688703196658009,1.7757060356753858,
normal_427,0,50,3.999999999948489e-08,0.0818141986970379,0.04080671421311654,-0.3356102050412688,0.030719485954071923,2.0816681711721684e-18,0.1820817403994151,0.009463836701916813,-0.2261981893936922,0.0005383977588238398,0.21799999999999828,173.15905600343285,0.05297859185097373,-0.5328049374337716,9.40376179516272e-06
normal_428,0,50,6.000000000122228e-08,0.07602873901108975,4.3416210052384235e-07,0.0023785742385339643,0.0021330374799985174,4.0000000001150225e-08,0.12112119515658026,0.0029917654884568496,-0.1823218469026168,8.976990593902698e-05,1.1680000000000004,122.12641391607305,0.06213467118677463,-0.576779402107126,5.102504094416599e-05
normal_429,0,39,-0.0016902307692307694,0.06233444040157507,0.49661434672623966,-1.4080160850312915,0.0,0.0006867692307692304,0.058597815737913284,0.07232625152072332,-0.3497256277673435,0.0,2.3512820512820523,80.2154658397918,0.01566957288520677,-0.2026121946534289,0.0
normal_430,0,28,-0.001986464285714286,0.08274025657030652,0.015989537950109614,0.3399424867329049,0.0,-0.0001615357142857186,0.2103991462850147,0.01579528353439616,0.30291506669060436,0.0,11.150000000000006,170.803900716582,0.09226815458418541,0.21837908761751632,0.0
normal_431,0,25,0.015343800000000001,0.04411837274605671,0.08027288929121669,0.386558530422173,0.0,0.01372052,0.0399569541062579,0.06838144971515997,0.47536364465675196,0.0,-0.7720000000000016,83.80054663306201,0.013488982336121216,0.6066985086539757,0.0
normal_432,0,11,0.004275999999999999,0.06581828003885187,0.07630482330315796,-0.048159872882258495,,0.0025992727272727317,0.22067677003959305,0.17469623740680704,0.11441893043599378,,-62.74545454545455,162.19987312872718,0.7754061355320818,-1.821086504584234,
normal_433,0,50,3.9999999998513445e-08,0.03938964279094697,0.05290969161806523,0.5315569910375577,0.27368982650985646,3.9999999998166505e-08,0.06216128451953354,0.014959781579406368,0.07986836241197508,0.007775409284115316,0.6240000000000003,81.26307294214267,0.009841058872373222,-0.22770490125538814,4.766715114058303e-06
normal_434,0,49,0.00017983673469387613,0.05764501092182589,0.023726471883585787,0.38305425419402894,0.0,0.0009911836734693871,0.10777948936273911,0.01299854968885597,-0.1899603853607737,0.0,3.4020408163265303,111.68722998970762,0.0018387935313205562,-0.08580509458616238,0.0
normal_435,0,35,-0.004298542857142859,0.10026223921991281,0.02635661041468288,-0.2789203262182294,0.0,0.004436314285714281,0.19667100692429354,0.00044878970828752764,-0.12042655465644182,0.0,1.7085714285714277,170.54190163195935,0.11835699025036216,0.012451657870846419,0.0
normal_436,0,22,-0.00044431818181818206,0.05405788740060919,0.0007130136674384196,-0.13987530774793883,0.0,-0.0013019090909090916,0.05959925394507818,2.053840755657421e-05,0.024191883058584007,0.0,24.227272727272727,84.0086585462701,0.001134266018556846,-0.12790889333789554,0.0
normal_437,0,10,0.007741299999999997,0.10973151007167449,0.05148412959876399,-1.0562636012599558,,0.018897,0.07866099312238563,0.2500874184497308,1.3060297858197738,,-49.239999999999995,73.64436434649973,0.6814048810945863,1.5186498110539493,
normal_438,0,50,-4.0000000002191063e-08,0.07801496204753547,0.0005355697083960492,-0.09187365874295676,0.006859971312907025,-3.999999999781956e-08,0.12241442183353399,0.004460770608863677,-0.19119446589248595,0.0005894145400400644,1.1420000000000021,129.33136060522986,0.06158766895327856,-0.5744314422452291,7.948310409424163e-05
normal_439,0,49,0.0007192040816326535,0.05619062631972747,0.07108100858464718,0.41336669218044747,0.0,-0.0010709795918367345,0.05078466833260452,0.09960036848355945,0.5114904921673595,0.0,1.4346938775510207,84.34153006849024,0.054717623524511996,-0.5407083156973015,0.0
normal_440,0,34,-0.0028905000000000024,0.1009168904793182,0.01222569515132823,0.17373469022487864,0.0,-0.0015707647058823598,0.21907375406725724,0.030204890455458048,0.02445536862494221,0.0,1.6117647058823537,174.68037831271735,0.12765427422355863,0.004916542646102343,0.0
normal_441,0,17,-0.0012805882352941176,0.0738869371588294,0.008438901167537151,-0.14097722006812483,,0.0066042941176470615,0.14246242499722503,0.002360003116699648,0.051800501080504206,,0.07647058823529311,130.73589690855542,0.5670797959172464,-1.8670273870590381,
normal_442,0,4,-0.07111724999999999,0.02678152720043239,0.9666496647862944,-1.7524952796284983,,0.02763975,0.03262492819436542,0.09092172106380234,1.1174124210423904,,-103.725,6.249949999799997,0.4645226323621174,0.9520076160913915,
normal_443,0,50,2.000000000002e-08,0.06771709188631479,0.22609547230213606,0.8242769800821941,0.25030052930474306,-2.0000000001269e-08,0.06553080829090696,0.07104928005088347,0.4353024286434481,0.04650773741953642,0.4539999999999992,82.03321817410311,0.044216715599883175,0.48414533629180295,3.708831813857274e-06
normal_444,0,50,4.163336342344337e-19,0.08501113563904436,0.03666659479669588,0.4817223025214059,0.03122477140224666,1.1102230246251566e-18,0.21141936248858573,0.004148676261023999,0.14643162118924374,0.00029019313294520395,0.5960000000000016,173.10422982700337,0.034596552109228136,-0.429475351782552,4.104110070608163e-07
normal_445,0,44,0.0008919318181818198,0.08788032410882782,0.00025044176673719826,0.024210094018954447,0.0,0.0030931590909090904,0.15781643917783136,0.004982316997216245,-0.00906778445896199,0.0,-4.061363636363639,141.36066415685718,0.02060371601660438,-0.4584983860270888,0.0
normal_446,0,31,-0.002999516129032258,0.03943050804191202,0.12813784440133733,-0.6723761536410511,0.0,-0.000156354838709678,0.057518599281673244,0.0014609272571579324,-0.20017409111354825,0.0,6.964516129032255,81.93004312644632,0.07182068549304309,0.022376813966811494,0.0
normal_447,0,21,-0.023468714285714284,0.0837941358018299,0.000468674491532885,-0.12921548621978324,0.0,-0.00249104761904762,0.2105945929874961,0.024473173472949212,-0.03556454082581643,0.0,17.704761904761906,160.7983548725086,0.09479840518396705,1.2232712216238564,0.0
normal_448,0,7,-0.015261714285714286,0.03838023151763078,0.13611804655864146,-0.39422204439759284,,-0.031520428571428574,0.11495519668469245,0.024143265235757667,-0.5570866028410494,,134.0285714285714,58.21805596905764,0.4196588393292393,1.3918934939428722,
normal_449,0,50,6.000000000103146e-08,0.08897774313173154,0.0005019938879761484,0.0960541333055238,0.08114088731634823,8.000000000230045e-08,0.14208484253231798,0.0012362256028570456,0.07609200114038105,0.008458222040686319,0.5020000000000004,133.5501890526554,0.0005791202303669627,0.05460119563833003,1.0207393866412759e-05
normal_450,0,48,0.003188833333333333,0.08660472815598592,0.03615889470117842,0.3702665433644335,0.0,0.00967514583333333,0.19660860348523976,0.003243882882034233,0.16713684489973835,0.0,-1.583333333333335,168.3057316479613,0.06507484787795775,0.5825707718919961,0.0
normal_451,0,37,0.013353135135135133,0.0345649189240331,0.06834284547885058,0.5049355270849598,0.0,0.006812675675675675,0.05969154386264126,0.013163627998891668,0.17414899246270305,0.0,-7.502702702702702,81.30604341251701,0.02602599480542753,0.05534643934361253,0.0
normal_452,0,24,0.02397954166666667,0.10149895671343094,0.10810679198560251,-0.30674617429389567,0.0,0.019995166666666665,0.14618294007870944,0.012781026593955557,-0.04171941447738674,0.0,-29.900000000000002,117.77857402770674,0.00011562448332324102,-0.45211958490406956,0.0
normal_453,0,11,-0.011692636363636362,0.11409773980254644,0.15643272725854207,-0.17365637596580843,,-0.0005903636363636389,0.20206732831647642,0.1559634623699285,-0.19568428171658972,,32.300000000000004,183.89849967255898,0.9203270714436955,-1.95890668298777,
normal_454,0,50,-3.9999999998895086e-08,0.0762131310528468,0.019004926288549516,-0.3233248609470371,0.0680618300375421,-1.9999999999187335e-08,0.07160704981033361,0.0365029236983439,-0.3397905662144558,0.009776012436934583,0.8660000000000005,94.1604069872258,0.06828470221381142,0.6006346171344886,4.7323887799299145e-05
normal_455,0,50,1.19999999997622e-07,0.10903198560489302,0.10403885605474095,0.7649447044121069,0.3013083603469471,-1.999999999835467e-08,0.1985870435258544,9.42990108328399e-06,0.04924369599533732,0.011526562271270293,-0.6719999999999989,179.07893012858884,0.06732404575360593,0.5985740473378418,0.00012499410451840713
normal_456,0,39,0.0013546410256410244,0.05812494641430656,0.0006641228240330796,0.14840534338033867,0.0,0.0003102307692307685,0.04827009537871064,0.003272148485310691,-0.1532789487080115,0.0,-2.815384615384615,87.60692964764812,0.017693176868671518,0.18191303095954345,0.0
normal_457,0,27,-0.012858222222222224,0.07949355439201686,0.003799516798150473,0.050174363091996896,0.0,-0.008695370370370372,0.07037289404895744,0.009099507332033054,-0.08832071921130118,0.0,-12.837037037037037,93.87235284287854,0.048554048273019235,0.30598015340206686,0.0
normal_458,0,18,-0.0012760000000000017,0.08244027174465969,2.9871011043882515e-06,-0.06380915944500401,,0.0021332777777777773,0.16763266743614197,0.018833398598669733,0.4080542490220753,,13.383333333333333,160.07358117093804,0.1322687170819796,0.9217288909585019,
normal_459,0,5,-0.0135306,0.025852853247562445,0.23974863766430063,1.6213490866410318,,-0.0015839999999999993,0.06382140879986903,0.13129542789684584,1.3758157591811135,,21.68,62.10147824327534,0.9985259530586783,2.131189204249442,
normal_460,0,50,1.9999999998632224e-08,0.11562275399565435,0.23210654247642779,0.9777047864146946,0.31359521159128206,2.6020852139652106e-18,0.20391329209239895,0.00028299713745254327,0.021301210702987402,0.012559103592641261,1.0019999999999998,176.39653793654796,0.0029395946961649853,0.11630613752396807,1.9609855061118103e-05
normal_461,0,48,0.0008313333333333329,0.04974502101187839,0.0007156583865303283,0.14753905383979649,0.0,0.0003544374999999997,0.06001626422267629,0.0009796730256150744,-0.12198151775721343,0.0,6.0354166666666655,86.58988703842031,0.00204991517565026,-0.10494874529594703,0.0
normal_462,0,34,0.0024477941176470584,0.08263208058787545,0.004030927720396246,-0.08231598585052,0.0,0.008241705882352943,0.06905322834107946,0.04700833589167792,0.5172531517798932,0.0,2.6264705882352946,92.03554399323932,0.09298179965177863,-0.006838790073888389,0.0
normal_463,0,34,0.004965352941176469,0.03831499842856991,0.16140803721150407,0.5900499969490975,0.0,0.0024732352941176476,0.05680987669155199,0.014705730461897548,0.23379737421565502,0.0,1.8882352941176472,83.96621437047965,0.005882767784380149,-0.0032225846707845712,0.0
normal_464,0,20,-0.009342450000000002,0.07118072541740143,0.07229788736908592,-0.34424628094629706,0.0,-0.0019238500000000013,0.07343816472875327,0.025324063818434057,-0.19092661222932544,0.0,-6.615,87.26807706716129,0.1711617970118656,1.3318730503314482,0.0
normal_465,0,8,-0.019555749999999997,0.12165639086557474,0.09409692881228938,0.373523328093885,,0.060620249999999994,0.202967943983619,0.007346206030046462,0.08285298490956391,,65.27499999999998,167.0768741478006,0.9712344292674345,1.783610098764365,
normal_466,0,50,-4.000000000142778e-08,0.05569680648797021,4.8394669015307205e-06,-0.10375891122677196,0.02391937516763677,-4.0000000000178784e-08,0.04674765965177722,0.0006624815498188901,0.11217502735028666,0.03321505534293178,0.5680000000000007,85.14903273672579,0.0672731064000449,0.6014865742322159,1.799416925129394e-05
normal_467,0,49,-6.726530612244827e-05,0.08868737277116771,0.036714281459149144,0.355881177674569,0.0,-0.005444897959183675,0.20391722839849574,0.0012874401215903946,0.09810148701236915,0.0,4.522448979591836,164.5894735460496,0.020850608759655883,0.3336837535844437,0.0
normal_468,0,36,0.0031175833333333333,0.07447348135088647,0.00022649449302486843,-0.013391045506239235,0.0,-0.0009923888888888881,0.11248137068082721,0.0001171485078735163,-0.12143936888381997,0.0,-12.508333333333333,131.70174295438244,0.0036646858921571507,-0.0191088334156547,0.0
normal_469,0,37,-0.0026584054054054093,0.11006796705241659,0.015728979121029003,0.2314070177008942,0.0,-0.005321864864864867,0.2060377148404083,5.8725823627906394e-05,-0.0809768143211111,0.0,-1.7378378378378385,170.2782291576195,0.061270140427062775,-0.08949405314042162,0.0
normal_470,0,24,-0.006334125000000002,0.09130150356662282,0.0021821779385223753,0.15562266532626498,0.0,0.007433749999999999,0.100257561759388,0.0034310420679831807,0.03903944930750815,0.0,-1.3458333333333339,104.16550524352526,0.00012965699350810006,0.7677685603600631,0.0
normal_471,0,11,-0.00539981818181818,0.07157228376050477,0.010570764795909689,0.1527574561765373,,-0.0029484545454545445,0.050281749181918765,0.00014300497332468318,0.06832697859356562,,-26.772727272727273,97.0540345366163,0.8738440008515495,1.879571528076734,
normal_472,0,50,3.999999999892978e-08,0.028781895089767803,0.0007963963547421557,-0.020938162623427913,0.0006359784424114668,1.9999999999083253e-08,0.04070209556349157,0.00709216870556489,-0.038235869147630074,0.0008595394424068823,0.6439999999999995,85.49075075117776,0.005279820791811839,-0.1688135836121568,7.919455252754887e-07
normal_473,0,50,4.000000000031756e-08,0.03793755648797639,0.00207007497587999,0.04591755930701798,0.003201496221895376,-8.000000000092569e-08,0.051230644837573544,0.0057860150118252615,-0.10632073863737808,0.0007732902855580511,0.5480000000000007,86.04522355133956,7.10161161825939e-05,0.01905974477504244,1.2340359139014814e-06
normal_474,0,39,0.0020844102564102564,0.048644049723722604,0.0004836252716479808,0.036841202024426145,0.0,1.210256410256402e-05,0.049922538714823696,0.00017967884370948125,0.09075217454883033,0.0,12.22307692307692,85.8920206482847,0.005388236848683295,0.10453761945115403,0.0
normal_475,0,27,-0.0034021851851851856,0.039680795410035746,0.008518784866613458,0.029884636676064263,0.0,-0.004579407407407406,0.03370188692954442,0.011556183018743237,-0.12710541450238658,0.0,5.0259259259259235,87.97678815330946,0.0607643902166484,0.34808132424330795,0.0
normal_476,0,14,0.0024514285714285705,0.049878917678878386,0.022302260151040313,0.658171000305381,,-0.0034014999999999987,0.06181145681569535,0.018219682838453096,0.30274785093778894,,-10.214285714285714,88.9553166895995,0.7196160455768166,1.7267096078806792,
normal_477,0,50,2.000000000002e-08,0.04248165111503554,2.2249573363059857e-05,0.16732023858376474,0.0013656169255729887,1.999999999996796e-08,0.0499696133863331,0.004550961635529681,0.14933315457751611,0.00038466782422344595,0.5919999999999999,85.50573978394668,0.038087977805027914,-0.4478763659230968,1.2298634426145034e-06
normal_478,0,50,2.7755575615628914e-19,0.040187018971802324,0.002335713475325661,-0.023910208435072324,0.0012181223592784252,-5.999999999978245e-08,0.05560131205696858,0.006471989541425003,-0.10496946536117778,0.0005597787727631677,0.6439999999999992,84.96342544883652,0.05631182823033101,-0.5470589227595284,1.5045270319323782e-06
normal_479,0,50,4.0000000000595114e-08,0.04767542571344697,0.0016706714758552286,0.011232621250594422,0.0005993105395966731,-1.4224732503009817e-18,0.05239898754937923,0.0009951387040259636,0.004859635880560421,0.0011061707091826875,0.5499999999999993,85.00940477382487,0.049331192123073644,-0.5120845171874898,1.5975251148969507e-06
normal_480,0,50,-4.0000000000525724e-08,0.03863028552985857,0.008386398347052189,0.12554087896273844,0.0025727000097967617,3.999999999920734e-08,0.04539067228625723,0.00017372470490714946,0.18708160889194453,0.0007346869031817898,0.49999999999999944,85.00727498279191,0.00862963521790939,0.21494630905059378,8.333788016100728e-07
normal_481,0,41,-0.002782439024390245,0.040246941941123125,6.781980658043093e-05,-0.06440365093556387,0.0,-0.0018177804878048787,0.04408531742169185,0.001385796817235046,-0.028529906861487913,0.0,13.429268292682927,85.26609781179135,4.312586335479153e-06,0.16929354538849087,0.0
normal_482,0,50,-2.7755575615628914e-19,0.030964455536631026,0.0009194556507265441,-0.0918420799175923,0.0021727131415031314,-2.000000000002e-08,0.03890834266760279,0.0007053814461069933,0.008192587454140457,0.0004860714005761481,0.7660000000000005,86.04805310987575,0.0002447622140696495,0.035375582479630095,4.826841811667681e-06
normal_483,0,44,0.0007012272727272721,0.046024511544918614,0.006935222699066466,-0.0014241423177622262,0.0,-0.0006963181818181817,0.05470381055772189,0.00040336783562095027,0.07147914886214202,0.0,12.595454545454544,83.52368459562683,0.0052349090698901824,0.2044058204015244,0.0
normal_484,0,44,-0.00028970454545454547,0.02928531489235731,0.008023036757507563,-0.08988836557110334,0.0,-0.0008655227272727276,0.03934831279881159,0.0025366167691482306,-0.1407534071213433,0.0,12.818181818181815,83.69309266797696,0.004568012463851847,0.18726428637191522,0.0
normal_485,0,44,-0.0002026818181818187,0.042092283580665045,0.00803340839204366,-0.1748539013307606,0.0,0.00019352272727272827,0.044220302159389026,0.0024432072584391396,0.0217865786497014,0.0,-9.484090909090908,85.05293256443258,0.011153404787655965,-0.31728904368958566,0.0
normal_486,0,43,-0.0008706744186046527,0.03804594818552769,0.0005347951829468881,0.1358632880915786,0.0,5.783720930232577e-05,0.05384696455737562,0.001235343801519194,0.008142122309632032,0.0,15.025581395348837,83.43472338614448,0.000695794180786335,-0.10684143666455853,0.0
normal_487,0,35,0.0008757428571428577,0.041597611960539176,7.472587461906312e-06,-0.013325142755138934,0.0,-0.0015094571428571433,0.04321646261212625,0.005360741426440107,0.11075300133041084,0.0,-4.122857142857143,86.57984617256666,0.02509730016749734,0.003804716446935188,0.0
normal_488,0,23,-0.0009786086956521747,0.03296997769214887,7.769741016323377e-05,-0.14653551702048004,0.0,0.001175434782608696,0.0370614719537174,0.012181372764236245,-0.08845255316020992,0.0,26.847826086956523,85.50978011475706,4.44732202585784e-05,0.130447598386707,0.0
normal_489,0,21,-0.002406142857142859,0.03575533339941611,0.029152993293794737,-0.26627356242622746,0.0,-0.0007410952380952381,0.030384639631148156,0.010799744262265385,-0.1685094857847595,0.0,-15.552380952380954,83.70359620793236,0.05271054701863475,-0.8800099797028725,0.0
normal_490,0,8,-0.002215000000000001,0.02761729655940277,0.006381784981895138,-0.22753856397506464,,-0.001023000000000001,0.02817211846400622,0.012390403551469678,-0.029621485550197,,-81.05000000000001,32.166208977745576,0.021722035404604167,-0.16632361008726407,
normal_491,0,50,-2.0000000000297557e-08,0.04386271804641842,0.003460831939663658,0.03245854482828278,0.0008264118890046389,3.999999999920734e-08,0.049164278163707435,0.0020715777582045124,0.07044138812469129,0.0016214812657323351,0.6420000000000005,84.82163188715482,0.06897313103063459,-0.6065905460113149,5.9389982269865015e-06
normal_492,0,50,2.0000000000245514e-08,0.047619155189268104,0.004259521601065183,-0.1792144351591376,0.000625943828021467,-4.0000000000178784e-08,0.037761921636993,0.0029699166339600762,0.1074775812262711,0.0014943943595779696,0.5999999999999985,85.3684461613306,0.0004865498900361029,-0.050885311790619246,1.4130601523681692e-06
normal_493,0,39,0.0007306153846153839,0.0362556163604011,0.000940667898415227,0.0036785589224817825,0.0,-0.001829282051282053,0.044936380129877586,0.00041211231942209816,0.056527870900930144,0.0,-7.894871794871794,84.14182456048941,0.009406141499211044,-0.16938819253558232,0.0
normal_494,0,27,-0.0028169999999999996,0.04179080837891226,0.0008492672745447526,0.0778051104457504,0.0,0.0004556296296296299,0.045407204079388884,7.390511357531367e-05,-0.09897785568232631,0.0,19.237037037037037,81.98033706502386,0.023180802402056343,-0.1779976542513309,0.0
normal_495,0,15,-0.0013053333333333333,0.03236355614507707,0.0004376350415209962,-0.1952902111854946,,0.004765933333333331,0.04007277082752771,0.0006017640970395487,0.20932988655893492,,-12.08,80.81886908389649,0.0003927533324827401,-0.04419052891870017,
normal_496,0,13,-0.004794538461538462,0.03807902515642838,0.00032132321734203325,-0.05689046199145196,,-9.976923076923074e-05,0.04213778661660749,0.0347080077012123,0.3553777864410041,,-29.069230769230778,74.14572330231643,0.07541093243908466,0.5839851318659566,
normal_497,0,50,4.0000000000733895e-08,0.03995843844194114,0.005675257945768959,-0.04436009186333686,0.0008193552473885877,1.99999999993955e-08,0.0431091405497674,0.005899974996117865,-0.10708355446499174,0.0019023308016162237,0.5720000000000003,86.40790713817803,0.049895136203295824,-0.5152306250029463,6.998149316651579e-07
normal_498,0,50,2.7755575615628914e-19,0.029579136643925225,0.0003871917122951959,-0.005893343071451698,0.00205066559924178,-2.0816681711721684e-19,0.03853606323795932,0.0015050569020705292,0.04268417325980868,0.0018381916002241994,0.7900000000000006,85.92766085493075,0.025321861349512954,0.3624909568129207,7.434811753070265e-06
normal_499,0,50,1.249000902703301e-18,0.04933484223264528,0.006343000713948388,0.08221045850058917,0.0013666970273861496,-1.999999999946489e-08,0.046947441553503215,2.6926975237176177e-05,-0.035964473124180454,0.0015352286352979954,0.5279999999999996,85.97308192684498,0.007587808757352249,0.20322640073397663,4.685970402954127e-07
normal_500,0,37,0.0012421621621621635,0.046490952040104803,0.00044449628864729265,0.01838350537389298,0.0,0.001001162162162162,0.04056628973668568,0.007732851613181766,0.19719849074283843,0.0,11.467567567567567,87.89541713617798,0.004899888804982648,0.011313951020947271,0.0
normal_501,0,24,-0.0008201250000000009,0.029973227900512177,0.0004120990500500027,0.09945820127308988,0.0,0.000694875000000001,0.045407899090092706,0.010964985587494532,-0.01368888113717979,0.0,5.770833333333335,84.21991292229463,0.00024242447868782748,0.7431932009288205,0.0
normal_502,0,11,0.0047771818181818184,0.03853885388402482,0.040846389581397725,-0.2647821346921256,,0.004431454545454546,0.05248929811159541,0.013267112912616058,0.3639408543697015,,-31.75454545454545,80.76215769593132,0.763289850459246,-1.8184259087396646,
normal_503,0,13,0.004567846153846153,0.04478884608891293,0.047852472268527325,0.10485497491965674,,-0.001147769230769232,0.05231106877744951,0.004081402485805422,0.23497576365008535,,-12.815384615384621,90.90497867514735,0.8224294746612394,1.9166533656639781,
normal_504,0,50,-4.000000000031756e-08,0.03735611411855361,0.002226727586943334,0.022651178259993018,0.001829771464310207,4.163336342344337e-19,0.0440595070430889,0.013734780878425348,-0.13129334366684386,0.0029163454412242536,0.5260000000000005,85.93271742473875,0.046650039340887496,-0.4993208790072246,2.2377375573075775e-06
normal_505,0,50,1.3877787807814457e-19,0.04123436950021183,0.006649550323017208,-0.09036539287889099,0.0006612672232165151,2.000000000002e-08,0.04549003042535364,0.0026821741653939354,-0.10128724814903614,0.0008701154662829841,0.5960000000000011,86.64129029510121,0.0007419120785303354,0.06324928889372561,1.4399305511097743e-06
normal_506,0,38,-0.0015289473684210533,0.03479302803946682,0.0016308725891451238,-0.07218627089655603,0.0,9.781578947368397e-05,0.04225476138281576,0.002204737574624725,0.010249857033485165,0.0,-11.671052631578949,86.86233484474982,0.005663474988749894,-0.03629457560152058,0.0
normal_507,0,27,0.0011429259259259248,0.03580603341661221,0.0063385896119645705,-0.12346006979271942,0.0,0.0005288148148148138,0.05114065672968509,0.0043771561303724334,0.11663458414891496,0.0,-8.385185185185183,87.77872307664144,0.05804123886832472,-0.30706582653648523,0.0
normal_508,0,13,-3.846153846152355e-06,0.04569578182661461,0.020053334098612558,0.2442311497301753,,-0.002141,0.04337783611299847,0.10029741326889668,0.5500697008300806,,7.900000000000001,92.75366051246462,0.8750864373228628,-1.9939913851178486,
normal_509,0,50,1.9999999999811833e-08,0.03919587159510042,0.0013459208284195652,0.1075756151963483,0.007011434279145853,-1.999999999871896e-08,0.04475706737555087,0.0027470970864743823,-0.08243882399711373,0.0018529323696457102,0.6220000000000004,86.85924772872488,0.016265925540981215,0.2955125754734281,1.7402235616778503e-06
normal_510,0,50,6.000000000061511e-08,0.04886547205846271,0.000117069238314684,-0.13490998290393666,0.0012369036005721078,2.0000000000575113e-08,0.046915401965448404,0.001000581124243245,-0.009236199240478178,0.0016107858837390084,0.5920000000000004,86.39403646085765,0.003656190866965935,-0.14176904450516298,1.449886149700253e-06
normal_511,0,38,-0.0015733421052631581,0.030370349610032408,2.3203055557193236e-05,-0.15960338252789102,0.0,0.0018396052631578967,0.0346566170263718,0.0013960389590340677,0.11904918769548734,0.0,13.581578947368419,88.44555522812996,0.0006328425936424095,-0.0006545805121894155,0.0
normal_512,0,26,-0.0012475769230769244,0.03969212485752836,0.0004274061404115744,-0.04281608869672806,0.0,0.0038684230769230788,0.05651938235356698,2.355065217764877e-06,-0.07370786628315243,0.0,-24.434615384615388,81.31139073533062,4.611712567212287e-06,-0.03244885513088499,0.0
normal_513,0,13,-0.0003048461538461537,0.042416662445945164,0.01060781787737034,0.18481730719204045,,-0.0006111538461538458,0.037192984300901434,0.0033373659787633275,0.27416012791117156,,-26.94615384615384,77.80027304069762,0.2782752816212007,1.1053945781785763,
normal_514,0,50,1.9999999999187335e-08,0.03849455054497454,0.003050444645284981,0.04976392691640578,0.0006342136207253389,5.551115123125783e-19,0.03640855659264729,0.0005795454358628831,-0.08641265390442225,0.0020547294082163634,0.5000000000000009,85.84226464859836,0.043090914827112206,-0.4801364475730077,2.7666216047763365e-06
normal_515,0,50,0.0,0.04182454714686102,0.00037935949808072544,0.12284651838449405,0.0018822148378453368,-4.163336342344337e-19,0.04144428437167181,7.638018917985197e-05,-0.07538795873468151,0.0013409497743278795,0.5240000000000012,86.40197812550359,0.042940316028758745,0.4786927440471599,2.191964568624064e-06
normal_516,0,40,0.0002791250000000002,0.03315415740913008,0.001988356210879025,-0.04606209656166527,0.0,-0.00044889999999999893,0.041035196244687315,0.0013993302673411864,0.07411929948778477,0.0,13.7975,85.53119456519943,0.0014498230667431362,-0.1248082650343738,0.0
normal_517,0,25,3.175999999999901e-05,0.03371240039899859,2.2780333264736642e-06,0.1709361124827482,0.0,-0.00422028,0.034195955906533744,0.025261844705197913,-0.3310966565056123,0.0,-17.508,83.74297305445991,0.0065765115561171525,-0.4329716513617655,0.0
normal_518,0,13,-0.0014817692307692299,0.047875918231248656,0.042723750472135745,-0.21333968539253523,,0.001284076923076923,0.037751902673317295,0.043514992345546816,0.4793224195855683,,22.91538461538463,82.84014120028309,0.582097975591141,-1.597253031555848,
normal_519,0,50,-1.3877787807814457e-19,0.0476403292574684,0.004675048460581182,-0.140464184532288,0.0006828618168654683,-1.1102230246251566e-18,0.05403252979196884,0.0013168455314112482,-0.008158048525529529,0.0005806195108604015,0.40800000000000014,85.4975270753488,0.045871659197998266,-0.494610796903303,2.8224416141238077e-06
normal_520,0,50,-5.724587470723464e-19,0.039317069848603926,0.0002741691177733717,0.014888189843597518,0.0010383238650673223,1.1999999999998122e-07,0.03155660828583452,0.00258455553140356,0.18359894534675855,0.0015317765772398357,0.5719999999999993,86.0568371252395,0.013072901296641393,-0.2637326766607777,1.0981622831488303e-06
normal_521,0,39,0.0004011282051282058,0.027852458148829185,0.003513057312959222,-0.0061527216067223545,0.0,0.0016076153846153833,0.04174130711258879,0.0010038396453562607,-0.11728631777920112,0.0,10.999999999999998,85.23067342399501,0.008922787230040535,-0.12226880550078,0.0
normal_522,0,25,-0.0001073200000000006,0.05253498887006259,0.003533325788801148,-0.02054979655565401,0.0,0.0027137999999999997,0.050448072083678276,0.004970696281034,-0.13474912028467134,0.0,-25.412,81.81270473465598,0.0002667772169305374,0.05714271414400105,0.0
normal_523,0,11,-0.0011468181818181814,0.04044790990626245,0.009639233478605777,0.37331471601359884,,0.0007703636363636366,0.033241794178885786,0.02174404469327818,-0.08361161208817644,,51.036363636363625,58.84113083282774,0.1273427245592713,0.6600824873734581,
normal_524,0,50,-3.999999999976245e-08,0.03962421085798934,0.0032996045075445357,0.10588677753197537,0.0007067354346420675,2.000000000071389e-08,0.032589583983530686,0.0007599933082951576,-0.06361173560999253,0.002007891846546929,0.6480000000000012,86.27313194732182,0.003240326157690762,-0.1312111864318542,3.53191932897015e-06
normal_525,0,50,-6.00000000001641e-08,0.03421330166085115,0.008139574245054366,-0.16742143324198241,0.0028576465318996013,-2.7755575615628914e-19,0.04415142268194763,0.0020288645818888388,0.10944879477181176,0.00105197792515377,0.5260000000000001,86.12891688625835,0.06340362842655477,-0.5802929121470722,1.3259278705072803e-07
normal_526,0,49,-0.0009509999999999995,0.045534966822772804,0.0019549199544183775,0.006263501507388737,0.0,0.0007028367346938773,0.049255040700646305,0.007126367413540523,-0.1262366567607989,0.0,2.70408163265306,85.81557101271443,0.025690239644453102,0.37046501341762816,0.0
normal_527,0,36,-0.0012077777777777783,0.03439207856155179,2.4356461645914816e-06,-0.009191393028059162,0.0,-0.00046841666666666754,0.043662562524925806,0.002643974156633435,0.06111897600118345,0.0,7.580555555555555,86.32178436088374,0.040309741036714745,0.031600108801896544,0.0
normal_528,0,25,-0.0018937199999999976,0.045954518017291834,0.001979022274591799,-0.00940966602030196,0.0,0.0017893199999999992,0.05165801585947335,0.001459713858447407,-0.03280226644030607,0.0,16.392,84.46249780819888,0.006014714851221278,-0.5081150543774314,0.0
normal_529,0,11,0.00400709090909091,0.025711774322475633,0.007051609196740641,0.005841681640333355,,-0.0025669090909090893,0.04867821115794201,0.09123046468406182,0.6036006521411827,,52.45454545454547,57.185159607531425,0.01301118782602137,0.16717624057730054,
normal_530,0,1,0.002891,0.0,,,,0.056153,0.0,,,,-23.8,0.0,,,
normal_531,0,50,1.3877787807814457e-19,0.03742973229025289,0.0025558418782268195,0.0772754658668294,0.00028398303554307436,-1.999999999870161e-08,0.04299195529653891,1.5879594910049796e-05,0.03221905099327992,0.0019331446207364134,0.5039999999999998,85.1936733801284,0.0023080542452159963,-0.11043073536719261,1.0817642156082601e-06
normal_532,0,50,-2.000000000022817e-08,0.022874660887969463,0.015265740707334068,-0.23498315565530298,0.003966854678602219,-2.0000000000991446e-08,0.03975561503057902,0.0016019452735691136,-0.060897058142298344,0.0026768062455665214,0.5019999999999999,85.36690808504196,0.011469802210960847,0.2451066867638646,4.026251208823635e-06
normal_533,0,38,-0.0007395789473684209,0.037459793876854136,0.003194162225384385,0.12178952562615979,0.0,0.0006620789473684219,0.04628179195820089,4.964478378479903e-05,0.09094516623209668,0.0,12.110526315789473,87.15339106086005,0.006726722508483951,-0.05338440102345977,0.0
normal_534,0,25,0.0025549600000000002,0.029490125828799035,0.004702255077551119,0.0022154308093704665,0.0,0.0013754000000000006,0.05041397049707551,0.013449417390995902,0.13117891597892747,0.0,22.22,83.59678941203424,0.004421397552278915,0.3493953959089322,0.0
normal_535,0,10,0.0084743,0.0337209916077508,0.03196193083165688,-0.10324132933267002,,-0.0086413,0.035539286152228775,0.09820141824182765,-0.43918158437802957,,48.66,69.71195306401908,0.6555483690125253,1.4706229777532134,
normal_536,0,50,5.999999999978245e-08,0.03097815702226974,0.03196718872836692,0.22666680896969404,0.001411414089630418,-4.0000000001150225e-08,0.03988674807499854,0.0034126164657595453,0.06876870470469161,0.001026040571775198,0.5739999999999992,86.7680351512007,0.002164967260441693,0.10662912884770986,4.590018315771646e-07
normal_537,0,50,-1.9999999999187335e-08,0.03706663323771934,0.0025882164551188592,0.030270890609460616,0.002032206629076295,-4.000000000101145e-08,0.04774402113310525,0.0034955252517951023,0.024951396462372485,0.0012398107040503133,0.55,86.85408280558835,0.009692362256294365,-0.22672509298242202,9.099414987542544e-07
normal_538,0,35,-0.003287599999999999,0.0372324343413489,0.0021970744994252293,-0.004234132460376144,0.0,-0.0016833428571428576,0.042402595438718035,0.0011447498968930538,-0.049819369931926025,0.0,-2.551428571428571,85.92873582694165,0.0888246605295062,-0.018688536931060918,0.0
normal_539,0,23,-0.000496956521739131,0.03407201873203832,0.021367736232638046,0.03520350686842879,0.0,0.004603130434782609,0.04489874103619344,0.00015564634891239567,-0.15828951627554447,0.0,5.282608695652172,83.16298116754213,0.0077686973525355,0.9421805754737259,0.0
normal_540,0,10,-0.0048643,0.03269213206277621,0.00016942584256053383,0.5012031631505822,,0.0107419,0.04904317423342417,0.028073921504973967,0.2701089439470221,,42.559999999999995,75.30230009767298,0.7527885272933607,1.6174804732659676,
normal_541,0,8,-0.004508374999999999,0.029498033357910066,0.057803119932585474,0.6593914165055405,,0.008664249999999998,0.049814151693444504,0.0035229439986765613,0.07195746345454104,,59.4625,63.327520429509946,0.8476723372285857,-1.5952779978564176,
normal_542,0,50,-5.99999999994355e-08,0.027323792278825424,0.0004431907917260714,-0.2194029269006617,0.0027166060145508973,4.000000000038695e-08,0.039497011795810576,8.12551773998941e-05,0.08954398925883146,0.000929918438339299,0.4319999999999999,86.1367434722256,0.0003846221030298519,-0.04653066552594203,1.0147331289323152e-07
normal_543,0,50,-1.1999999999984247e-07,0.036508978238038926,4.336450517134243e-05,0.07265719633961706,0.0027718711234288873,3.4694469519536144e-19,0.04265532563748634,0.002800610935624279,0.09586235572906912,0.0018654504026144915,0.5719999999999993,85.96423218990557,0.057349824185711565,0.5538117282875052,3.850903159188834e-06
normal_544,0,36,0.00010844444444444496,0.039048922307254846,0.008754807887367877,0.17120119653033763,0.0,-0.0001641388888888897,0.04092140370009643,7.163789383868036e-05,0.09207759518854348,0.0,8.469444444444445,87.35773138666485,0.005653989502683204,-0.013545834061276565,0.0
normal_545,0,22,0.001323590909090909,0.029433956747049655,0.0031443989887934877,-0.16519263003130227,0.0,-0.0010951363636363643,0.052004348466166715,0.0005164800685895563,0.009763169575282568,0.0,-22.25909090909091,86.26357947957005,0.007294838949312649,-0.4157448204677156,0.0
normal_546,0,7,0.004376285714285714,0.02091379338901404,0.005960563580782388,-0.16305028631445048,,-0.015336285714285715,0.04173739845309783,0.13103639815643117,1.1223267797258507,,74.41428571428573,50.221379299811254,0.7065479132298209,1.6686120765367933,
normal_547,0,8,0.001295625,0.016917159232104396,0.010253661483813467,0.4932417958308727,,-0.0017371250000000008,0.033629418261536655,0.024188061150020958,-0.5660594498529444,,-39.325,75.69025284011146,0.9178283663779258,1.6930845807941062,
normal_548,0,50,7.99999999994555e-08,0.030233793962941534,0.000643261376315099,0.11052532818394868,0.0004108441889797575,1.999999999960367e-08,0.03802640324274175,0.008626475039292807,0.027074871989017715,0.0007364534546234211,0.621999999999999,86.1006719834404,0.012000549158532789,0.25147306636775485,1.1343134984888925e-06
normal_549,0,49,0.00011624489795918342,0.04796957792164573,1.4874979933631997e-06,-0.03974393944249636,0.0,-0.0009548163265306138,0.05394621486510788,0.0031202579943010104,-0.05507723462642963,0.0,2.8204081632653057,85.34395948303293,0.015500363022370386,0.2869271609652504,0.0
normal_550,0,46,-0.0007463260869565218,0.03010375477379232,0.00010468279384923293,0.08446006939987456,0.0,-0.0002908478260869567,0.04145101781829362,0.0027381336485427536,-0.07460350715400427,0.0,8.491304347826086,83.2657709988793,0.010801790343275388,-0.2515778793093558,0.0
normal_551,0,45,-0.0010074888888888889,0.03879370204019217,0.004395213120573322,0.1467178168979688,0.0,0.0006258222222222213,0.04091964044171828,0.0007078709094815136,-0.024755838249429715,0.0,-4.288888888888887,86.79483144422886,0.029488597930633298,-0.4824334188566647,0.0
normal_552,0,31,0.0014583548387096777,0.025830284601916893,0.0030519928538937503,-0.04667389533565306,0.0,0.00018529032258064512,0.040552051879348724,0.0008028834404264708,0.03746131855061461,0.0,-1.3741935483870948,88.95759035863186,0.1565870480635262,-0.03941953297666406,0.0
normal_553,0,17,0.003932705882352942,0.047693529712560655,0.01788530266752851,0.057397722846230105,,-0.005044764705882353,0.05262028135562025,0.005787344038897188,0.29558944952959115,,2.8764705882352937,86.70661504998108,0.009648201634621384,0.24032191762979613,
normal_554,0,3,0.005102333333333334,0.021245973647310734,,,,-0.028478000000000003,0.03823018964117233,,,,-52.833333333333336,39.51677562195018,,,
normal_555,0,50,6.938893903907229e-19,0.03381703703283302,0.009412157591968012,-0.03151784110965059,0.0014300734031948102,-5.999999999894978e-08,0.04580465372313604,0.0006929370434463127,-0.061421706558583734,0.00048126815214517827,0.5680000000000001,86.00608685436166,0.046044442944981355,-0.4954998135441713,2.7210537560053232e-06
normal_556,0,50,5.999999999922734e-08,0.03652649098142881,0.001020292977553131,0.07339002263762323,0.0010537503872345495,1.9999999999187335e-08,0.03953364774896949,0.0050260025477481965,0.006935863893489305,0.0024471048731083663,0.5259999999999997,86.08491345177737,0.001544831009390512,-0.0918627862062017,2.0633845136787033e-07
normal_557,0,45,0.00013506666666666681,0.029185394200524347,6.481182226321358e-06,0.11543289504015053,0.0,0.0005713777777777777,0.0443206146193288,0.008198735838008576,0.010584034384900706,0.0,11.762222222222224,83.11395200135745,0.004093849915406504,0.15581018214352862,0.0
normal_558,0,30,0.0005703999999999999,0.043997011041357496,0.0068288059590259015,-0.14820400702229491,0.0,0.0042613666666666645,0.05320676925635393,0.0017477621985559136,0.01822199218039444,0.0,9.293333333333331,84.80760552895923,0.07829584831501811,0.05235379506716367,0.0
normal_559,0,19,-0.000885842105263158,0.03921387184908067,0.006127820495379568,-0.14112352948207377,,-0.0006117368421052624,0.03397348341968468,0.05085004436759827,-0.2430555719717564,,12.999999999999998,85.68155239637427,0.08897381178989308,-0.8562714448410399,
normal_560,0,5,0.0012361999999999985,0.07059813680657585,0.06441949450371545,-0.5525641577040376,,0.018418799999999992,0.14223446906766304,0.899509902201313,2.1696885573720692,,124.22,83.25338191328926,0.9844658131718169,-2.126039758773409,
normal_561,0,50,3.9999999998791e-08,0.061403473844713376,0.00012690178131357288,-0.03362285341088648,0.02049061042512745,-1.9999999999326113e-08,0.04458868654871547,0.025748776857798666,-0.26014042793853415,0.0603863980528614,0.9100000000000011,87.69052457363908,0.017276095921708246,0.30447987544627336,4.180103214019418e-05
normal_562,0,50,4.0000000001150225e-08,0.060278623243056904,0.0333615282798806,0.5749169130864598,0.19871786319253715,2.7755575615628914e-19,0.05086989533034249,0.06160620630082799,0.3394950960258585,0.015093038330837937,-0.09600000000000136,82.48706313113591,0.05702223743378183,0.535453661743088,0.0001730748466814996
normal_563,0,44,0.0002851363636363643,0.0637847066917622,0.14464717688742498,0.8739398970568497,0.0,-0.0024779090909090914,0.12540487122041918,0.005422726569519722,0.15542820909400867,0.0,21.650000000000002,131.87947234984193,0.0007054505166699233,0.09567965046682222,0.0
normal_564,0,30,-0.0018693000000000004,0.05913441885802775,0.018398431368800802,0.41879614520477654,0.0,0.0018918999999999995,0.14753473972827552,0.002307772309720691,0.23079355228049286,0.0,-20.983333333333327,145.24683377692688,0.01667714516242321,0.04823972051210178,0.0
normal_565,0,18,-0.0072572222222222205,0.07297078221799581,0.02181280355533767,-0.15301101336665926,,-0.0029272777777777765,0.04969494046324094,0.0806875579434173,-0.4409011330190177,,-5.366666666666668,83.52182016960863,0.2388829574299865,-1.2324124776532115,
normal_566,0,4,0.04876375,0.0633420319628878,2.3203186045708072e-06,-0.23515980682033213,,0.02331325,0.13178297159795532,0.8981970747453714,-1.8506146662410208,,43.225,71.3752539400036,0.9978092236332277,-1.7786276474296154,
normal_567,0,50,4.000000000210432e-08,0.0698794448194775,0.00046776725716744,0.050841846399582814,0.0081508195289058,4.000000000226045e-08,0.14244304888367984,0.0029380894448356844,0.11177351316736776,0.0007720927027214706,0.6239999999999992,159.01630552870986,0.01637472195557265,-0.2945106782872945,2.8557134335077107e-06
normal_568,0,50,-2.0000000000297557e-08,0.04855763641673264,0.0015503556330185347,0.00658269272533736,0.029461051627547682,0.0,0.04156228364996322,0.015208752921852673,-0.14658674800717775,0.02275051107470425,0.5739999999999997,82.74380897686545,0.024043411856406568,0.3584558212481216,2.6610788937468177e-06
normal_569,0,44,0.003421613636363638,0.11556603023266432,0.3286605406552799,-1.264095510643483,0.0,-0.006356227272727274,0.12261602279323108,0.08387374897514127,-0.3635962597474531,0.0,-15.85227272727273,121.34360770637383,0.005690834754176178,0.24247447252371238,0.0
normal_570,0,42,-0.00744752380952381,0.050882038091966106,0.20015040822204233,-0.6380958834419299,0.0,-0.002478547619047619,0.052296950166562516,0.002665070245421904,-0.26726223910733093,0.0,11.042857142857143,80.90691930753965,0.0015517738685092279,0.25743869136085656,0.0
normal_571,0,30,0.004753699999999999,0.06651827185024678,9.742764707954372e-05,0.19830641465997528,0.0,-0.0088328,0.17203830509964926,0.0024154606621254278,-0.11060405019865618,0.0,23.44333333333333,152.3324143298318,0.008521677815682287,0.039693893734096264,0.0
normal_572,0,20,0.0060002999999999975,0.08684134795194048,0.012595278575779424,-0.2424490233805674,0.0,-0.014789449999999999,0.09483291476458741,0.0011519861714400785,-0.11028554828207707,0.0,-22.835,117.45475416091082,0.03243860800893664,0.5916320756569803,0.0
normal_573,0,8,-0.00468625,0.0438768963771083,8.681930393456321e-05,0.17284723000500937,,0.004350875000000001,0.05536492074959898,7.025757733499936e-05,-0.7768231114159326,,11.350000000000001,80.88045190279293,0.971654330051813,1.8199700488433712,
normal_574,0,50,-4.000000000142778e-08,0.07405576580225473,0.0019480688982577063,-0.05588437247480327,0.010352345535042388,-2.000000000002e-08,0.1107480673276947,0.007070632980390669,0.13342101904386866,0.0005258602838311055,0.06599999999999938,121.77433655742085,0.05263641787641753,0.5306536814473173,9.28438817540968e-05
normal_575,0,50,-1.999999999946489e-08,0.09572787963085572,0.004767056381560742,0.12997551024821313,0.14408203602935976,-1.9999999997244443e-08,0.1760304514936538,0.0036482651226797357,0.15686672257950499,0.0008841912634131296,1.0019999999999996,181.41805035883283,0.06452024139128888,-0.5939651527886326,2.039876836595333e-05
normal_576,0,49,-0.0011537551020408157,0.07027341159561676,0.008629050430096836,-0.1571030410505257,0.0,-0.002743755102040816,0.10074673697587909,1.2764163124801363e-05,0.00981834942111817,0.0,-2.673469387755101,107.48990227944661,0.019266728604665745,-0.3208440911067275,0.0
normal_577,0,35,-0.024806057142857142,0.057411820476743966,0.006617576268956591,-0.0554210527203304,0.0,-0.0076327428571428555,0.05702580787545375,0.00986523788118998,-0.14850861118720063,0.0,4.191428571428571,82.12322229927614,0.06022200529215468,-0.005873526728148362,0.0
normal_578,0,35,4.954285714285832e-05,0.10372191605947204,0.0009794235374907252,0.013920706517928984,0.0,0.004923000000000001,0.09769089973819026,0.0024756387883194462,-0.01740483629697152,0.0,-1.328571428571429,104.633309559565,0.1080451375962881,0.006746248932700867,0.0
normal_579,0,24,-0.007458666666666668,0.06256139610059509,0.003952140055906358,0.30157841484754205,0.0,-0.011451125,0.06917967591491528,0.0005828811712845934,0.054513843121183334,0.0,21.308333333333334,91.11189053697778,0.00013704659088704897,0.5420075584239039,0.0
normal_580,0,10,0.0019958000000000003,0.08525828864784937,0.11477297305218054,0.09071258786279994,,0.005173299999999997,0.18491438720718842,0.14742970152683324,-0.12846701848776715,,-25.98,177.95549893161493,0.9594205500666452,-1.819331248226362,
normal_581,0,50,-2.000000000071389e-08,0.06023942026629738,0.0006944561586833778,-0.07284731460895459,0.029937172247664023,4.163336342344337e-19,0.05964628345370732,0.005451725657425855,0.0918427718007216,0.0028341673310802286,1.2420000000000015,92.59089175507492,0.06795677897437848,-0.5953501360135528,9.597613758122105e-05
normal_582,0,50,1.3877787807814458e-18,0.07838578121037003,0.1248426382173314,0.7091980094043585,0.14080020613889951,-3.999999999990123e-08,0.05417992979802023,0.009064056523430614,0.4243253929214221,0.030055720467286023,0.6199999999999991,82.20989234879218,0.014408653799600081,0.2786039410296893,8.161608651295749e-07
normal_583,0,37,0.003663621621621622,0.07646307831547491,0.03055915654937941,0.2750855622383694,0.0,0.00229708108108108,0.18617323086314116,0.00031448473148126024,-0.13172856924506807,0.0,-2.902702702702702,162.95312455889334,0.06026988432737331,-0.08700525268328775,0.0
normal_584,0,25,-0.0049270799999999995,0.07549299153745068,0.005838896707371684,-0.15461148241215256,0.0,0.00922108,0.09356203171027017,0.0022512236548842663,0.060306692399961025,0.0,28.276,100.41059019844471,0.0030634186544106806,0.3066575607793174,0.0
normal_585,0,11,0.011069818181818182,0.07512874895176846,0.0020350307996057997,-0.24626258600256506,,0.014272818181818182,0.050966875750678736,0.39261972901122616,1.0770289367652475,,45.309090909090905,63.71384114710875,0.36719696100448174,-1.2119815507859104,
normal_586,0,50,-7.99999999995249e-08,0.07595339273418666,0.026110054656106794,0.2519524054306871,0.07617916496119631,-6.000000000061511e-08,0.17296870591900837,0.007738231266468896,0.16128489747193184,0.0013104584688794498,0.6960000000000002,181.4524256768148,0.03840414491996629,-0.4522617964124894,1.3587103324455529e-06
normal_587,0,50,7.999999999785956e-08,0.07547686914117199,9.870402733036e-05,-0.08209243534480543,0.00630283629627364,-2.0000000000575113e-08,0.10124274006910125,0.00673250961275521,0.1365640636608931,4.1541200403243636e-05,0.18599999999999944,115.37466448055223,0.06367178186272154,0.581098114580442,3.513385092646331e-05
normal_588,0,42,0.0008457857142857143,0.06384917364440303,0.059701793279865994,0.3241888546823026,0.0,-0.0011207142857142856,0.03998604921677042,0.012908953015134684,0.4379146360659251,0.0,-14.24761904761905,82.38803437767393,6.391005285707247e-05,0.06646827439876936,0.0
normal_589,0,29,0.0011933793103448276,0.07115336225240267,0.02123185424061874,-0.11761717054452399,0.0,-0.010970689655172415,0.18851006387643285,0.0005021660260168159,0.046012700672271804,0.0,-1.765517241379311,180.15711012386032,0.12555473238020082,0.14364446349511037,0.0
normal_590,0,18,-0.006099722222222224,0.10348171501811085,0.0011810948278229583,-0.2740763320739817,,0.001178611111111111,0.08835853167140423,0.027592203760765866,0.4099723577375725,,4.438888888888886,99.45397114516447,0.3788281769339062,1.55415278934472,
normal_591,0,6,0.007366666666666667,0.048966070755393706,0.05850304647180668,0.09900733150956342,,-0.01631516666666667,0.03235616602450846,0.3027418373928553,-1.5853031936626851,,-67.93333333333334,48.06938272492747,0.9276047655616023,1.6864511685236951,
normal_592,0,50,-1.6653345369377347e-18,0.09305263186777685,8.266969057625085e-05,-0.009211131193128648,0.005085416698681045,-6.000000000168956e-08,0.0978391271662641,0.0018177586844172308,0.12034408258764509,0.0016986352536206382,-0.3040000000000026,112.34471230992584,0.027204391702372276,0.3797597512404735,0.00021435240497755264
normal_593,0,46,0.0037454130434782596,0.07469229975694662,0.028590041980890636,0.19098004984252906,0.0,0.002959217391304349,0.056376261425745894,0.011002557585966296,0.35457569672727846,0.0,9.432608695652174,81.51636019935646,0.009189926223142955,0.2250281810425385,0.0
normal_594,0,35,-0.0023851428571428543,0.09295547538292355,0.006603794697608452,0.05998317670813243,0.0,-0.0136228,0.1903020535944746,0.00022944843210084153,-0.027973485646402105,0.0,-10.60285714285714,180.765893568314,0.016037715426175086,-0.010022713190625542,0.0
normal_595,0,22,-0.0009526363636363645,0.06791279740462997,0.0006861537829109401,0.0029503075122918904,0.0,-0.0010895454545454535,0.09125749195482143,0.027594274774343893,0.03121437367526684,0.0,-6.827272727272729,99.37891299016827,0.04388355639083804,1.0860178430201803,0.0
normal_596,0,8,0.057186375,0.050657349350655675,0.0009322403184950933,0.1387804551583591,,0.007981,0.04491489107189285,0.0635441062209417,-0.35742043711748134,,16.825000000000006,79.77489815098481,0.9708130495520177,1.842058133648472,
normal_597,0,50,-2.000000000140778e-08,0.07109877739468942,0.0066671405060975695,-0.13223124706926712,0.004873708850530756,1.9999999999256722e-08,0.13308369270913548,0.006040476619889844,-0.15714291942369904,7.2038275641162815e-06,0.6440000000000006,148.23670687113903,0.05716813090493087,-0.5543026537376332,9.095199276794119e-07
normal_598,0,44,-0.002507295454545453,0.06720720875991704,0.3754833200135183,0.9049022518210237,0.0,-0.0039013636363636364,0.04409616615941433,0.08009978377862033,0.7180133585576294,0.0,0.7318181818181816,84.42759074208145,0.02295609437241846,0.4769014016595367,0.0
outlier_0,1,4,0.627165,0.3673882731981248,0.010396048771376303,-0.29864045208876844,,-0.13137675000000001,0.44643712317154755,0.8914533198254491,1.8707729636522041,,-24.725,52.07794038746156,0.4128723948749348,-0.5155733848196593,
outlier_1,1,50,0.015244279999999983,0.39095876584888284,0.02771644432653847,0.13525150122977114,0.020745149421377954,0.0034173000000000025,0.25304311115857314,0.10686399600261277,-0.21757984142669543,0.0047513110309198685,43.98799999999999,88.7457281000049,0.07849891917850921,0.877292931917426,0.2968170568620083
outlier_2,1,47,0.06324110638297872,0.5113190691624545,0.02162210535463429,0.24259471595888296,0.0,-0.07527768085106383,0.28047888857695913,0.0008450444292769864,-0.11115275077627029,0.0,-9.265957446808509,101.61046452348813,0.03715751643473935,-0.5525363802257938,0.0
outlier_3,1,31,0.035757774193548385,0.02866244896196762,0.17776188436608276,-0.7824197679836764,0.0,-0.07924099999999999,0.06426851618919867,0.39234654758183285,-0.8579307039081779,0.0,73.4483870967742,66.57638286557072,0.030153504627476454,-0.09993533813285689,0.0
outlier_4,1,18,-0.1224013333333333,0.6884447879095962,6.837023290362242e-05,0.45118021389894675,,-0.048511888888888896,0.2939557700769679,0.0004228894607453694,0.44736057464628026,,-120.27222222222223,95.50714810686253,0.3697134013942943,-1.1762935724846768,
outlier_5,1,3,0.8401580000000001,0.47350087257012174,,,,0.04980266666666666,0.34307487060633796,,,,-141.83333333333334,18.77486499433633,,,
outlier_6,1,50,-0.05769087999999997,0.5566765350134902,0.13055519154017053,0.6199557162789997,0.11412563853014879,0.0458484,0.2506737137919331,0.010913919370078125,-0.24223042408985945,0.12037039816773086,-74.38799999999999,129.7159568287572,0.21570264260127825,-0.9520494087171681,0.5107118773232867
outlier_7,1,40,-0.044564574999999995,0.3344606264422531,0.06817045183963288,0.534315060941426,0.0,0.0331949,0.22782977562379772,0.14306360663469955,-0.8677118671548674,0.0,-81.42,132.90691893201046,0.4549141620665417,1.1220634802036797,0.0
outlier_8,1,25,0.07708607999999999,0.3222743769875502,0.03522393612178811,-0.008202896420261816,0.0,-0.08592791999999999,0.24569314460504102,0.20225070474199305,0.5881665938718059,0.0,-26.232,91.1867785153089,0.35429553251733403,-0.9630416612636835,0.0
outlier_9,1,8,0.09956199999999998,0.4581839840236125,0.04528505792638692,-0.5622010130906825,,-0.029365749999999996,0.3997351658869751,0.502538376290823,1.769186352245932,,-108.77499999999999,51.13941117181541,0.1265729647369187,-0.349045864842451,
outlier_10,1,4,-0.18001975,0.5715283182386394,0.9287766818582767,1.8160543701469187,,-0.2850725,0.3539269777429378,0.4360602078253051,-1.3648860651443773,,-184.74999999999997,74.32706438438154,0.5247941786718738,1.2027920211898717,
outlier_11,1,50,0.07146344,0.34886450665633273,0.015097917065208244,-0.19430947748083116,0.02728763681623435,-0.06327559999999999,0.2029366296884818,0.1260105216932435,-0.5989948694161216,0.2441783518141069,-9.795999999999998,62.809438653756494,0.002078997387397667,0.03731923179446871,0.2974701724716856
outlier_12,1,42,-0.09302704761904762,0.45690419397594423,0.044562411110234054,0.4106550179967896,0.0,0.011373214285714282,0.21426628997420763,0.0945357232241398,-0.6472553382834708,0.0,1.9023809523809545,72.7279486727117,0.46082060592782303,1.3449339284195523,0.0
outlier_13,1,28,0.07802510714285714,0.8349038406956275,0.026816313071607548,0.030418473076899613,0.0,-0.01107557142857142,0.3156796393873778,0.017311149454200415,0.13656702299550438,0.0,97.24999999999997,56.81587743378983,0.020493247586488676,0.33868802194037617,0.0
outlier_14,1,15,-0.07801106666666667,0.220131426774542,0.08097906991593111,0.13484736501319855,,-0.036024400000000005,0.1024274354996746,0.08351748851718167,0.7652790587422298,,47.04,49.06932239189777,0.03500777584479939,-0.38546050347352695,
outlier_15,1,50,0.0062038999999999974,0.34740598892127633,0.013068116916770737,0.3531327723535586,0.05127238364580046,0.04105945999999999,0.22663579701787712,0.0013421471999327448,-0.05299162867484988,0.010983269776826187,155.362,125.50519812342434,0.6860865163083585,1.3708117478194686,0.5536609907787047
outlier_16,1,50,-0.03606274,0.21864281135356908,0.028767867543082307,-0.17682410759656975,0.056068138224397567,0.01521946,0.19408954689752975,0.42907849908006135,1.0206651680452827,0.20504644359361016,231.88400000000001,110.23621611793466,0.06938091860698255,0.4290423026621402,0.25180214501985054
outlier_17,1,36,0.03949419444444445,0.3711430126405168,0.03605680682421089,-0.24016603144508095,0.0,0.027299499999999994,0.26366809260744845,0.06090846444749447,0.2995276679399693,0.0,272.42777777777775,118.04862842421977,0.7098213219123212,-1.5167007599701203,0.0
outlier_18,1,24,-0.013310000000000025,0.6656819371745163,0.009150383564986658,0.914337813115545,0.0,0.06329583333333333,0.2061253150510361,0.12646443959584378,0.7332925925631321,0.0,225.54999999999998,87.9144375704772,0.13646390948795759,0.7628629440176101,0.0
outlier_19,1,10,-0.0184921,0.026272401966512312,0.5817717102786205,-1.5275268721586,,0.0231047,0.0641159107056119,0.5615999182895596,-1.0988879238337506,,198.48,59.59011327393162,0.3667213902462656,0.9404244583726167,
outlier_20,1,15,-0.0375866,0.02144047310982977,0.2290631941473871,-1.1733283196153328,,0.005570800000000001,0.02103428335266025,0.067965508098813,0.4392421031056599,,180.09333333333333,34.62660762413142,0.03615564419588589,0.3688327978894498,
