split,fold,seed,seg_uid,state,ridge_diff,mcd_diff_amp,ridge&mcd,ridge|mcd,ridge+mcd[cal]
group_kfold_seg,0,0,normal_1,0.0,False,False,False,False,False
group_kfold_seg,0,0,normal_16,0.0,False,False,False,False,False
group_kfold_seg,0,0,normal_24,0.0,False,False,False,False,False
group_kfold_seg,0,0,normal_26,1.0,False,False,False,False,False
group_kfold_seg,0,0,normal_27,1.0,False,False,False,False,False
group_kfold_seg,0,0,normal_28,1.0,False,False,False,False,False
group_kfold_seg,0,0,normal_35,1.0,False,False,False,False,False
group_kfold_seg,0,0,normal_38,0.0,False,False,False,False,False
group_kfold_seg,0,0,normal_44,0.0,False,False,False,False,False
group_kfold_seg,0,0,normal_51,1.0,False,False,False,False,False
group_kfold_seg,0,0,normal_52,0.0,True,False,False,True,True
group_kfold_seg,0,0,normal_57,1.0,False,False,False,False,False
group_kfold_seg,0,0,normal_58,1.0,False,False,False,False,False
group_kfold_seg,0,0,normal_61,1.0,False,False,False,False,False
group_kfold_seg,0,0,normal_62,0.0,False,False,False,False,False
group_kfold_seg,0,0,normal_65,0.0,False,False,False,False,False
group_kfold_seg,0,0,normal_73,1.0,True,False,False,True,True
group_kfold_seg,0,0,normal_76,0.0,False,False,False,False,False
group_kfold_seg,0,0,normal_77,1.0,False,False,False,False,False
group_kfold_seg,0,0,normal_82,0.0,False,False,False,False,False
group_kfold_seg,0,0,normal_85,1.0,False,False,False,False,False
group_kfold_seg,0,0,normal_86,1.0,False,False,False,False,False
group_kfold_seg,0,0,normal_101,0.0,False,False,False,False,False
group_kfold_seg,0,0,normal_109,1.0,False,False,False,False,False
group_kfold_seg,0,0,normal_122,0.0,False,False,False,False,False
group_kfold_seg,0,0,normal_123,1.0,False,False,False,False,False
group_kfold_seg,0,0,normal_132,1.0,False,False,False,False,False
group_kfold_seg,0,0,normal_138,1.0,False,False,False,False,False
group_kfold_seg,0,0,normal_146,1.0,False,False,False,False,False
group_kfold_seg,0,0,normal_148,1.0,False,False,False,False,False
group_kfold_seg,0,0,normal_154,1.0,False,False,False,False,False
group_kfold_seg,0,0,normal_156,1.0,False,False,False,False,False
group_kfold_seg,0,0,normal_162,1.0,False,False,False,False,False
group_kfold_seg,0,0,normal_172,0.0,False,False,False,False,False
group_kfold_seg,0,0,normal_178,0.0,True,False,False,True,True
group_kfold_seg,0,0,normal_203,1.0,False,False,False,False,False
group_kfold_seg,0,0,normal_215,1.0,False,False,False,False,False
group_kfold_seg,0,0,normal_216,0.0,False,False,False,False,False
group_kfold_seg,0,0,normal_227,0.0,False,False,False,False,False
group_kfold_seg,0,0,normal_230,1.0,False,False,False,False,False
group_kfold_seg,0,0,normal_231,0.0,False,False,False,False,False
group_kfold_seg,0,0,normal_233,1.0,False,False,False,False,False
group_kfold_seg,0,0,normal_234,1.0,False,False,False,False,False
group_kfold_seg,0,0,normal_237,1.0,False,False,False,False,False
group_kfold_seg,0,0,normal_243,1.0,False,False,False,False,False
group_kfold_seg,0,0,normal_246,0.0,False,False,False,False,False
group_kfold_seg,0,0,normal_247,1.0,False,False,False,False,False
group_kfold_seg,0,0,normal_251,0.0,False,False,False,False,False
group_kfold_seg,0,0,normal_254,0.0,False,False,False,False,False
group_kfold_seg,0,0,normal_255,1.0,False,False,False,False,False
group_kfold_seg,0,0,normal_272,1.0,False,False,False,False,False
group_kfold_seg,0,0,normal_280,0.0,False,True,False,True,False
group_kfold_seg,0,0,normal_292,0.0,False,False,False,False,False
group_kfold_seg,0,0,normal_298,0.0,False,False,False,False,False
group_kfold_seg,0,0,normal_310,0.0,False,True,False,True,False
group_kfold_seg,0,0,normal_316,0.0,False,False,False,False,False
group_kfold_seg,0,0,normal_318,1.0,False,False,False,False,False
group_kfold_seg,0,0,normal_324,1.0,False,False,False,False,False
group_kfold_seg,0,0,normal_331,0.0,True,False,False,True,True
group_kfold_seg,0,0,normal_341,1.0,False,False,False,False,False
group_kfold_seg,0,0,normal_351,0.0,False,False,False,False,False
group_kfold_seg,0,0,normal_353,1.0,False,False,False,False,False
group_kfold_seg,0,0,normal_355,1.0,False,False,False,False,False
group_kfold_seg,0,0,normal_359,0.0,False,False,False,False,False
group_kfold_seg,0,0,normal_372,0.0,False,False,False,False,False
group_kfold_seg,0,0,normal_380,0.0,False,False,False,False,False
group_kfold_seg,0,0,normal_381,1.0,False,False,False,False,False
group_kfold_seg,0,0,normal_384,1.0,False,False,False,False,False
group_kfold_seg,0,0,normal_400,0.0,False,False,False,False,False
group_kfold_seg,0,0,normal_403,0.0,False,False,False,False,False
group_kfold_seg,0,0,normal_404,1.0,False,False,False,False,False
group_kfold_seg,0,0,normal_405,0.0,False,False,False,False,False
group_kfold_seg,0,0,normal_413,0.0,True,False,False,True,True
group_kfold_seg,0,0,normal_415,0.0,False,False,False,False,False
group_kfold_seg,0,0,normal_421,1.0,False,False,False,False,False
group_kfold_seg,0,0,normal_423,1.0,False,False,False,False,False
group_kfold_seg,0,0,normal_427,0.0,False,False,False,False,False
group_kfold_seg,0,0,normal_435,0.0,False,False,False,False,False
group_kfold_seg,0,0,normal_437,1.0,False,False,False,False,False
group_kfold_seg,0,0,normal_441,0.0,False,False,False,False,False
group_kfold_seg,0,0,normal_444,0.0,False,True,False,True,False
group_kfold_seg,0,0,normal_446,1.0,False,False,False,False,False
group_kfold_seg,0,0,normal_450,0.0,False,False,False,False,False
group_kfold_seg,0,0,normal_454,1.0,False,False,False,False,False
group_kfold_seg,0,0,normal_460,0.0,False,False,False,False,True
group_kfold_seg,0,0,normal_462,1.0,False,False,False,False,False
group_kfold_seg,0,0,normal_463,1.0,False,False,False,False,False
group_kfold_seg,0,0,normal_470,1.0,False,False,False,False,False
group_kfold_seg,0,0,normal_476,1.0,False,False,False,False,False
group_kfold_seg,0,0,normal_479,1.0,False,False,False,False,False
group_kfold_seg,0,0,normal_480,1.0,False,False,False,False,False
group_kfold_seg,0,0,normal_481,1.0,False,False,False,False,False
group_kfold_seg,0,0,normal_487,1.0,False,False,False,False,False
group_kfold_seg,0,0,normal_488,1.0,False,False,False,False,False
group_kfold_seg,0,0,normal_507,1.0,False,False,False,False,False
group_kfold_seg,0,0,normal_509,1.0,False,False,False,False,False
group_kfold_seg,0,0,normal_510,1.0,False,False,False,False,False
group_kfold_seg,0,0,normal_511,1.0,False,False,False,False,False
group_kfold_seg,0,0,normal_521,1.0,False,False,False,False,False
group_kfold_seg,0,0,normal_528,1.0,False,False,False,False,False
group_kfold_seg,0,0,normal_540,1.0,False,False,False,False,False
group_kfold_seg,0,0,normal_545,1.0,False,False,False,False,False
group_kfold_seg,0,0,normal_558,1.0,False,False,False,False,False
group_kfold_seg,0,0,normal_565,1.0,False,False,False,False,False
group_kfold_seg,0,0,normal_567,0.0,False,False,False,False,False
group_kfold_seg,0,0,normal_574,0.0,False,False,False,False,False
group_kfold_seg,0,0,normal_578,0.0,False,False,False,False,False
group_kfold_seg,0,0,normal_595,1.0,False,False,False,False,False
group_kfold_seg,0,0,normal_598,1.0,False,False,False,False,False
group_kfold_seg,0,1,normal_1,0.0,False,False,False,False,False
group_kfold_seg,0,1,normal_16,0.0,False,False,False,False,False
group_kfold_seg,0,1,normal_24,0.0,False,False,False,False,False
group_kfold_seg,0,1,normal_26,1.0,False,False,False,False,False
group_kfold_seg,0,1,normal_27,1.0,False,False,False,False,False
group_kfold_seg,0,1,normal_28,1.0,False,False,False,False,False
group_kfold_seg,0,1,normal_35,1.0,False,False,False,False,False
group_kfold_seg,0,1,normal_38,0.0,False,False,False,False,False
group_kfold_seg,0,1,normal_44,0.0,False,False,False,False,False
group_kfold_seg,0,1,normal_51,1.0,False,False,False,False,False
group_kfold_seg,0,1,normal_52,0.0,True,False,False,True,True
group_kfold_seg,0,1,normal_57,1.0,False,False,False,False,False
group_kfold_seg,0,1,normal_58,1.0,False,False,False,False,False
group_kfold_seg,0,1,normal_61,1.0,False,False,False,False,False
group_kfold_seg,0,1,normal_62,0.0,False,False,False,False,False
group_kfold_seg,0,1,normal_65,0.0,False,False,False,False,False
group_kfold_seg,0,1,normal_73,1.0,True,False,False,True,True
group_kfold_seg,0,1,normal_76,0.0,False,False,False,False,False
group_kfold_seg,0,1,normal_77,1.0,False,False,False,False,False
group_kfold_seg,0,1,normal_82,0.0,False,False,False,False,False
group_kfold_seg,0,1,normal_85,1.0,False,False,False,False,False
group_kfold_seg,0,1,normal_86,1.0,False,False,False,False,False
group_kfold_seg,0,1,normal_101,0.0,False,False,False,False,False
group_kfold_seg,0,1,normal_109,1.0,False,False,False,False,False
group_kfold_seg,0,1,normal_122,0.0,False,False,False,False,False
group_kfold_seg,0,1,normal_123,1.0,False,False,False,False,False
group_kfold_seg,0,1,normal_132,1.0,False,False,False,False,False
group_kfold_seg,0,1,normal_138,1.0,False,False,False,False,False
group_kfold_seg,0,1,normal_146,1.0,False,False,False,False,False
group_kfold_seg,0,1,normal_148,1.0,False,False,False,False,False
group_kfold_seg,0,1,normal_154,1.0,False,False,False,False,False
group_kfold_seg,0,1,normal_156,1.0,False,False,False,False,False
group_kfold_seg,0,1,normal_162,1.0,False,False,False,False,False
group_kfold_seg,0,1,normal_172,0.0,False,False,False,False,False
group_kfold_seg,0,1,normal_178,0.0,True,False,False,True,True
group_kfold_seg,0,1,normal_203,1.0,False,False,False,False,False
group_kfold_seg,0,1,normal_215,1.0,False,False,False,False,False
group_kfold_seg,0,1,normal_216,0.0,False,True,False,True,False
group_kfold_seg,0,1,normal_227,0.0,False,False,False,False,False
group_kfold_seg,0,1,normal_230,1.0,False,False,False,False,False
group_kfold_seg,0,1,normal_231,0.0,False,False,False,False,False
group_kfold_seg,0,1,normal_233,1.0,False,False,False,False,False
group_kfold_seg,0,1,normal_234,1.0,False,False,False,False,False
group_kfold_seg,0,1,normal_237,1.0,False,False,False,False,False
group_kfold_seg,0,1,normal_243,1.0,False,False,False,False,False
group_kfold_seg,0,1,normal_246,0.0,False,False,False,False,False
group_kfold_seg,0,1,normal_247,1.0,False,False,False,False,False
group_kfold_seg,0,1,normal_251,0.0,False,False,False,False,False
group_kfold_seg,0,1,normal_254,0.0,False,False,False,False,False
group_kfold_seg,0,1,normal_255,1.0,False,False,False,False,False
group_kfold_seg,0,1,normal_272,1.0,False,False,False,False,False
group_kfold_seg,0,1,normal_280,0.0,False,True,False,True,False
group_kfold_seg,0,1,normal_292,0.0,False,False,False,False,False
group_kfold_seg,0,1,normal_298,0.0,False,False,False,False,False
group_kfold_seg,0,1,normal_310,0.0,False,True,False,True,False
group_kfold_seg,0,1,normal_316,0.0,False,False,False,False,False
group_kfold_seg,0,1,normal_318,1.0,False,False,False,False,False
group_kfold_seg,0,1,normal_324,1.0,False,False,False,False,False
group_kfold_seg,0,1,normal_331,0.0,True,False,False,True,True
group_kfold_seg,0,1,normal_341,1.0,False,False,False,False,False
group_kfold_seg,0,1,normal_351,0.0,False,False,False,False,False
group_kfold_seg,0,1,normal_353,1.0,False,False,False,False,False
group_kfold_seg,0,1,normal_355,1.0,False,False,False,False,False
group_kfold_seg,0,1,normal_359,0.0,False,False,False,False,False
group_kfold_seg,0,1,normal_372,0.0,False,False,False,False,False
group_kfold_seg,0,1,normal_380,0.0,False,False,False,False,False
group_kfold_seg,0,1,normal_381,1.0,False,False,False,False,False
group_kfold_seg,0,1,normal_384,1.0,False,False,False,False,False
group_kfold_seg,0,1,normal_400,0.0,False,False,False,False,False
group_kfold_seg,0,1,normal_403,0.0,False,False,False,False,False
group_kfold_seg,0,1,normal_404,1.0,False,False,False,False,False
group_kfold_seg,0,1,normal_405,0.0,False,False,False,False,False
group_kfold_seg,0,1,normal_413,0.0,True,False,False,True,True
group_kfold_seg,0,1,normal_415,0.0,False,False,False,False,False
group_kfold_seg,0,1,normal_421,1.0,False,False,False,False,False
group_kfold_seg,0,1,normal_423,1.0,False,False,False,False,False
group_kfold_seg,0,1,normal_427,0.0,False,False,False,False,False
group_kfold_seg,0,1,normal_435,0.0,False,False,False,False,False
group_kfold_seg,0,1,normal_437,1.0,False,False,False,False,False
group_kfold_seg,0,1,normal_441,0.0,False,False,False,False,False
group_kfold_seg,0,1,normal_444,0.0,False,True,False,True,False
group_kfold_seg,0,1,normal_446,1.0,False,False,False,False,False
group_kfold_seg,0,1,normal_450,0.0,False,False,False,False,False
group_kfold_seg,0,1,normal_454,1.0,False,False,False,False,False
group_kfold_seg,0,1,normal_460,0.0,False,False,False,False,True
group_kfold_seg,0,1,normal_462,1.0,False,False,False,False,False
group_kfold_seg,0,1,normal_463,1.0,False,False,False,False,False
group_kfold_seg,0,1,normal_470,1.0,False,False,False,False,False
group_kfold_seg,0,1,normal_476,1.0,False,False,False,False,False
group_kfold_seg,0,1,normal_479,1.0,False,False,False,False,False
group_kfold_seg,0,1,normal_480,1.0,False,False,False,False,False
group_kfold_seg,0,1,normal_481,1.0,False,False,False,False,False
group_kfold_seg,0,1,normal_487,1.0,False,False,False,False,False
group_kfold_seg,0,1,normal_488,1.0,False,False,False,False,False
group_kfold_seg,0,1,normal_507,1.0,False,False,False,False,False
group_kfold_seg,0,1,normal_509,1.0,False,False,False,False,False
group_kfold_seg,0,1,normal_510,1.0,False,False,False,False,False
group_kfold_seg,0,1,normal_511,1.0,False,False,False,False,False
group_kfold_seg,0,1,normal_521,1.0,False,False,False,False,False
group_kfold_seg,0,1,normal_528,1.0,False,False,False,False,False
group_kfold_seg,0,1,normal_540,1.0,False,False,False,False,False
group_kfold_seg,0,1,normal_545,1.0,False,False,False,False,False
group_kfold_seg,0,1,normal_558,1.0,False,False,False,False,False
group_kfold_seg,0,1,normal_565,1.0,False,False,False,False,False
group_kfold_seg,0,1,normal_567,0.0,False,False,False,False,False
group_kfold_seg,0,1,normal_574,0.0,False,False,False,False,False
group_kfold_seg,0,1,normal_578,0.0,False,False,False,False,False
group_kfold_seg,0,1,normal_595,1.0,False,False,False,False,False
group_kfold_seg,0,1,normal_598,1.0,False,False,False,False,False
group_kfold_seg,0,2,normal_1,0.0,False,False,False,False,False
group_kfold_seg,0,2,normal_16,0.0,False,False,False,False,False
group_kfold_seg,0,2,normal_24,0.0,False,False,False,False,False
group_kfold_seg,0,2,normal_26,1.0,False,False,False,False,False
group_kfold_seg,0,2,normal_27,1.0,False,False,False,False,False
group_kfold_seg,0,2,normal_28,1.0,False,False,False,False,False
group_kfold_seg,0,2,normal_35,1.0,False,False,False,False,False
group_kfold_seg,0,2,normal_38,0.0,False,False,False,False,False
group_kfold_seg,0,2,normal_44,0.0,False,False,False,False,False
group_kfold_seg,0,2,normal_51,1.0,False,False,False,False,False
group_kfold_seg,0,2,normal_52,0.0,True,False,False,True,True
group_kfold_seg,0,2,normal_57,1.0,False,False,False,False,False
group_kfold_seg,0,2,normal_58,1.0,False,False,False,False,False
group_kfold_seg,0,2,normal_61,1.0,False,False,False,False,False
group_kfold_seg,0,2,normal_62,0.0,False,False,False,False,False
group_kfold_seg,0,2,normal_65,0.0,False,False,False,False,False
group_kfold_seg,0,2,normal_73,1.0,True,False,False,True,True
group_kfold_seg,0,2,normal_76,0.0,False,False,False,False,False
group_kfold_seg,0,2,normal_77,1.0,False,False,False,False,False
group_kfold_seg,0,2,normal_82,0.0,False,False,False,False,False
group_kfold_seg,0,2,normal_85,1.0,False,False,False,False,False
group_kfold_seg,0,2,normal_86,1.0,False,False,False,False,False
group_kfold_seg,0,2,normal_101,0.0,False,False,False,False,False
group_kfold_seg,0,2,normal_109,1.0,False,False,False,False,False
group_kfold_seg,0,2,normal_122,0.0,False,False,False,False,False
group_kfold_seg,0,2,normal_123,1.0,False,False,False,False,False
group_kfold_seg,0,2,normal_132,1.0,False,False,False,False,False
group_kfold_seg,0,2,normal_138,1.0,False,False,False,False,False
group_kfold_seg,0,2,normal_146,1.0,False,False,False,False,False
group_kfold_seg,0,2,normal_148,1.0,False,False,False,False,False
group_kfold_seg,0,2,normal_154,1.0,False,False,False,False,False
group_kfold_seg,0,2,normal_156,1.0,False,False,False,False,False
group_kfold_seg,0,2,normal_162,1.0,False,False,False,False,False
group_kfold_seg,0,2,normal_172,0.0,False,False,False,False,False
group_kfold_seg,0,2,normal_178,0.0,True,False,False,True,True
group_kfold_seg,0,2,normal_203,1.0,False,False,False,False,False
group_kfold_seg,0,2,normal_215,1.0,False,False,False,False,False
group_kfold_seg,0,2,normal_216,0.0,False,True,False,True,False
group_kfold_seg,0,2,normal_227,0.0,False,False,False,False,False
group_kfold_seg,0,2,normal_230,1.0,False,False,False,False,False
group_kfold_seg,0,2,normal_231,0.0,False,False,False,False,False
group_kfold_seg,0,2,normal_233,1.0,False,False,False,False,False
group_kfold_seg,0,2,normal_234,1.0,False,False,False,False,False
group_kfold_seg,0,2,normal_237,1.0,False,False,False,False,False
group_kfold_seg,0,2,normal_243,1.0,False,False,False,False,False
group_kfold_seg,0,2,normal_246,0.0,False,False,False,False,False
group_kfold_seg,0,2,normal_247,1.0,False,False,False,False,False
group_kfold_seg,0,2,normal_251,0.0,False,False,False,False,False
group_kfold_seg,0,2,normal_254,0.0,False,False,False,False,False
group_kfold_seg,0,2,normal_255,1.0,False,False,False,False,False
group_kfold_seg,0,2,normal_272,1.0,False,False,False,False,False
group_kfold_seg,0,2,normal_280,0.0,False,True,False,True,False
group_kfold_seg,0,2,normal_292,0.0,False,False,False,False,False
group_kfold_seg,0,2,normal_298,0.0,False,False,False,False,False
group_kfold_seg,0,2,normal_310,0.0,False,True,False,True,False
group_kfold_seg,0,2,normal_316,0.0,False,False,False,False,False
group_kfold_seg,0,2,normal_318,1.0,False,False,False,False,False
group_kfold_seg,0,2,normal_324,1.0,False,False,False,False,False
group_kfold_seg,0,2,normal_331,0.0,True,False,False,True,True
group_kfold_seg,0,2,normal_341,1.0,False,False,False,False,False
group_kfold_seg,0,2,normal_351,0.0,False,False,False,False,False
group_kfold_seg,0,2,normal_353,1.0,False,False,False,False,False
group_kfold_seg,0,2,normal_355,1.0,False,False,False,False,False
group_kfold_seg,0,2,normal_359,0.0,False,False,False,False,False
group_kfold_seg,0,2,normal_372,0.0,False,False,False,False,False
group_kfold_seg,0,2,normal_380,0.0,False,False,False,False,False
group_kfold_seg,0,2,normal_381,1.0,False,False,False,False,False
group_kfold_seg,0,2,normal_384,1.0,False,False,False,False,False
group_kfold_seg,0,2,normal_400,0.0,False,False,False,False,False
group_kfold_seg,0,2,normal_403,0.0,False,False,False,False,False
group_kfold_seg,0,2,normal_404,1.0,False,False,False,False,False
group_kfold_seg,0,2,normal_405,0.0,False,False,False,False,False
group_kfold_seg,0,2,normal_413,0.0,True,False,False,True,True
group_kfold_seg,0,2,normal_415,0.0,False,False,False,False,False
group_kfold_seg,0,2,normal_421,1.0,False,False,False,False,False
group_kfold_seg,0,2,normal_423,1.0,False,False,False,False,False
group_kfold_seg,0,2,normal_427,0.0,False,False,False,False,False
group_kfold_seg,0,2,normal_435,0.0,False,False,False,False,False
group_kfold_seg,0,2,normal_437,1.0,False,False,False,False,False
group_kfold_seg,0,2,normal_441,0.0,False,False,False,False,False
group_kfold_seg,0,2,normal_444,0.0,False,True,False,True,False
group_kfold_seg,0,2,normal_446,1.0,False,False,False,False,False
group_kfold_seg,0,2,normal_450,0.0,False,False,False,False,False
group_kfold_seg,0,2,normal_454,1.0,False,False,False,False,False
group_kfold_seg,0,2,normal_460,0.0,False,False,False,False,True
group_kfold_seg,0,2,normal_462,1.0,False,False,False,False,False
group_kfold_seg,0,2,normal_463,1.0,False,False,False,False,False
group_kfold_seg,0,2,normal_470,1.0,False,False,False,False,False
group_kfold_seg,0,2,normal_476,1.0,False,False,False,False,False
group_kfold_seg,0,2,normal_479,1.0,False,False,False,False,False
group_kfold_seg,0,2,normal_480,1.0,False,False,False,False,False
group_kfold_seg,0,2,normal_481,1.0,False,False,False,False,False
group_kfold_seg,0,2,normal_487,1.0,False,False,False,False,False
group_kfold_seg,0,2,normal_488,1.0,False,False,False,False,False
group_kfold_seg,0,2,normal_507,1.0,False,False,False,False,False
group_kfold_seg,0,2,normal_509,1.0,False,False,False,False,False
group_kfold_seg,0,2,normal_510,1.0,False,False,False,False,False
group_kfold_seg,0,2,normal_511,1.0,False,False,False,False,False
group_kfold_seg,0,2,normal_521,1.0,False,False,False,False,False
group_kfold_seg,0,2,normal_528,1.0,False,False,False,False,False
group_kfold_seg,0,2,normal_540,1.0,False,False,False,False,False
group_kfold_seg,0,2,normal_545,1.0,False,False,False,False,False
group_kfold_seg,0,2,normal_558,1.0,False,False,False,False,False
group_kfold_seg,0,2,normal_565,1.0,False,False,False,False,False
group_kfold_seg,0,2,normal_567,0.0,False,False,False,False,False
group_kfold_seg,0,2,normal_574,0.0,False,False,False,False,False
group_kfold_seg,0,2,normal_578,0.0,False,False,False,False,False
group_kfold_seg,0,2,normal_595,1.0,False,False,False,False,False
group_kfold_seg,0,2,normal_598,1.0,False,False,False,False,False
group_kfold_seg,1,0,normal_2,1.0,False,False,False,False,False
group_kfold_seg,1,0,normal_3,0.0,False,False,False,False,False
group_kfold_seg,1,0,normal_14,1.0,False,False,False,False,False
group_kfold_seg,1,0,normal_15,0.0,False,True,False,True,False
group_kfold_seg,1,0,normal_19,1.0,False,False,False,False,False
group_kfold_seg,1,0,normal_36,0.0,False,False,False,False,False
group_kfold_seg,1,0,normal_41,1.0,False,False,False,False,False
group_kfold_seg,1,0,normal_42,1.0,False,False,False,False,False
group_kfold_seg,1,0,normal_48,1.0,False,False,False,False,False
group_kfold_seg,1,0,normal_49,0.0,False,False,False,False,False
group_kfold_seg,1,0,normal_60,1.0,False,False,False,False,False
group_kfold_seg,1,0,normal_63,0.0,False,False,False,False,False
group_kfold_seg,1,0,normal_67,0.0,True,False,False,True,True
group_kfold_seg,1,0,normal_68,0.0,False,False,False,False,False
group_kfold_seg,1,0,normal_74,0.0,False,True,False,True,False
group_kfold_seg,1,0,normal_90,0.0,False,False,False,False,False
group_kfold_seg,1,0,normal_94,0.0,True,False,False,True,True
group_kfold_seg,1,0,normal_97,0.0,False,False,False,False,False
group_kfold_seg,1,0,normal_112,1.0,False,False,False,False,False
group_kfold_seg,1,0,normal_128,0.0,False,False,False,False,False
group_kfold_seg,1,0,normal_136,0.0,False,False,False,False,False
group_kfold_seg,1,0,normal_137,1.0,False,False,False,False,False
group_kfold_seg,1,0,normal_140,0.0,False,False,False,False,False
group_kfold_seg,1,0,normal_153,1.0,False,False,False,False,False
group_kfold_seg,1,0,normal_158,0.0,False,False,False,False,False
group_kfold_seg,1,0,normal_160,0.0,False,False,False,False,False
group_kfold_seg,1,0,normal_169,1.0,False,False,False,False,False
group_kfold_seg,1,0,normal_183,1.0,False,False,False,False,False
group_kfold_seg,1,0,normal_184,1.0,False,False,False,False,False
group_kfold_seg,1,0,normal_190,1.0,False,False,False,False,False
group_kfold_seg,1,0,normal_193,0.0,False,False,False,False,False
group_kfold_seg,1,0,normal_199,0.0,False,False,False,False,False
group_kfold_seg,1,0,normal_209,0.0,False,False,False,False,False
group_kfold_seg,1,0,normal_210,1.0,False,False,False,False,False
group_kfold_seg,1,0,normal_211,0.0,False,False,False,False,False
group_kfold_seg,1,0,normal_212,0.0,False,False,False,False,False
group_kfold_seg,1,0,normal_213,1.0,False,False,False,False,False
group_kfold_seg,1,0,normal_218,1.0,False,False,False,False,False
group_kfold_seg,1,0,normal_242,0.0,False,False,False,False,False
group_kfold_seg,1,0,normal_264,0.0,False,False,False,False,False
group_kfold_seg,1,0,normal_275,1.0,False,False,False,False,False
group_kfold_seg,1,0,normal_276,0.0,False,True,False,True,False
group_kfold_seg,1,0,normal_284,1.0,False,False,False,False,False
group_kfold_seg,1,0,normal_288,1.0,False,False,False,False,False
group_kfold_seg,1,0,normal_299,1.0,False,False,False,False,False
group_kfold_seg,1,0,normal_309,1.0,False,False,False,False,False
group_kfold_seg,1,0,normal_315,1.0,False,False,False,False,False
group_kfold_seg,1,0,normal_317,0.0,False,False,False,False,False
group_kfold_seg,1,0,normal_319,1.0,False,False,False,False,False
group_kfold_seg,1,0,normal_322,0.0,False,False,False,False,False
group_kfold_seg,1,0,normal_332,0.0,False,False,False,False,False
group_kfold_seg,1,0,normal_340,1.0,False,False,False,False,False
group_kfold_seg,1,0,normal_344,1.0,False,False,False,False,False
group_kfold_seg,1,0,normal_348,0.0,False,True,False,True,True
group_kfold_seg,1,0,normal_349,1.0,False,False,False,False,False
group_kfold_seg,1,0,normal_354,0.0,False,True,False,True,True
group_kfold_seg,1,0,normal_365,1.0,False,False,False,False,False
group_kfold_seg,1,0,normal_368,1.0,False,False,False,False,False
group_kfold_seg,1,0,normal_369,0.0,False,False,False,False,False
group_kfold_seg,1,0,normal_383,0.0,False,False,False,False,False
group_kfold_seg,1,0,normal_386,0.0,False,True,False,True,True
group_kfold_seg,1,0,normal_387,1.0,False,False,False,False,False
group_kfold_seg,1,0,normal_393,0.0,False,False,False,False,False
group_kfold_seg,1,0,normal_396,1.0,False,False,False,False,False
group_kfold_seg,1,0,normal_397,0.0,False,False,False,False,False
group_kfold_seg,1,0,normal_401,0.0,False,False,False,False,False
group_kfold_seg,1,0,normal_407,1.0,False,False,False,False,False
group_kfold_seg,1,0,normal_417,0.0,False,False,False,False,False
group_kfold_seg,1,0,normal_420,0.0,False,False,False,False,False
group_kfold_seg,1,0,normal_422,0.0,False,True,False,True,True
group_kfold_seg,1,0,normal_425,0.0,False,False,False,False,False
group_kfold_seg,1,0,normal_426,1.0,False,False,False,False,False
group_kfold_seg,1,0,normal_433,1.0,False,False,False,False,False
group_kfold_seg,1,0,normal_449,0.0,False,False,False,False,False
group_kfold_seg,1,0,normal_451,1.0,False,False,False,False,False
group_kfold_seg,1,0,normal_453,0.0,False,False,False,False,False
group_kfold_seg,1,0,normal_455,0.0,False,True,False,True,False
group_kfold_seg,1,0,normal_466,1.0,False,False,False,False,False
group_kfold_seg,1,0,normal_485,1.0,False,False,False,False,False
group_kfold_seg,1,0,normal_489,1.0,False,False,False,False,False
group_kfold_seg,1,0,normal_494,1.0,False,False,False,False,False
group_kfold_seg,1,0,normal_497,1.0,False,False,False,False,False
group_kfold_seg,1,0,normal_500,1.0,False,False,False,False,False
group_kfold_seg,1,0,normal_502,1.0,False,False,False,False,False
group_kfold_seg,1,0,normal_503,1.0,False,False,False,False,False
group_kfold_seg,1,0,normal_514,1.0,False,False,False,False,False
group_kfold_seg,1,0,normal_515,1.0,False,False,False,False,False
group_kfold_seg,1,0,normal_517,1.0,False,False,False,False,False
group_kfold_seg,1,0,normal_522,1.0,False,False,False,False,False
group_kfold_seg,1,0,normal_525,1.0,False,False,False,False,False
group_kfold_seg,1,0,normal_529,1.0,False,False,False,False,False
group_kfold_seg,1,0,normal_531,1.0,False,False,False,False,False
group_kfold_seg,1,0,normal_544,1.0,False,False,False,False,False
group_kfold_seg,1,0,normal_551,1.0,False,False,False,False,False
group_kfold_seg,1,0,normal_552,1.0,False,False,False,False,False
group_kfold_seg,1,0,normal_557,1.0,False,False,False,False,False
group_kfold_seg,1,0,normal_559,1.0,False,False,False,False,False
group_kfold_seg,1,0,normal_561,1.0,False,False,False,False,False
group_kfold_seg,1,0,normal_563,0.0,False,False,False,False,False
group_kfold_seg,1,0,normal_569,0.0,True,False,False,True,True
group_kfold_seg,1,0,normal_572,0.0,False,False,False,False,False
group_kfold_seg,1,0,normal_577,1.0,False,False,False,False,False
group_kfold_seg,1,0,normal_590,1.0,False,False,False,False,False
group_kfold_seg,1,0,normal_593,1.0,False,False,False,False,False
group_kfold_seg,1,1,normal_2,1.0,False,False,False,False,False
group_kfold_seg,1,1,normal_3,0.0,False,False,False,False,False
group_kfold_seg,1,1,normal_14,1.0,False,False,False,False,False
group_kfold_seg,1,1,normal_15,0.0,False,True,False,True,False
group_kfold_seg,1,1,normal_19,1.0,False,False,False,False,False
group_kfold_seg,1,1,normal_36,0.0,False,False,False,False,False
group_kfold_seg,1,1,normal_41,1.0,False,False,False,False,False
group_kfold_seg,1,1,normal_42,1.0,False,False,False,False,False
group_kfold_seg,1,1,normal_48,1.0,False,False,False,False,False
group_kfold_seg,1,1,normal_49,0.0,False,False,False,False,False
group_kfold_seg,1,1,normal_60,1.0,False,False,False,False,False
group_kfold_seg,1,1,normal_63,0.0,False,False,False,False,False
group_kfold_seg,1,1,normal_67,0.0,True,False,False,True,True
group_kfold_seg,1,1,normal_68,0.0,False,False,False,False,False
group_kfold_seg,1,1,normal_74,0.0,False,True,False,True,False
group_kfold_seg,1,1,normal_90,0.0,False,False,False,False,False
group_kfold_seg,1,1,normal_94,0.0,True,False,False,True,True
group_kfold_seg,1,1,normal_97,0.0,False,False,False,False,False
group_kfold_seg,1,1,normal_112,1.0,False,False,False,False,False
group_kfold_seg,1,1,normal_128,0.0,False,False,False,False,False
group_kfold_seg,1,1,normal_136,0.0,False,False,False,False,False
group_kfold_seg,1,1,normal_137,1.0,False,False,False,False,False
group_kfold_seg,1,1,normal_140,0.0,False,False,False,False,False
group_kfold_seg,1,1,normal_153,1.0,False,False,False,False,False
group_kfold_seg,1,1,normal_158,0.0,False,False,False,False,False
group_kfold_seg,1,1,normal_160,0.0,False,False,False,False,False
group_kfold_seg,1,1,normal_169,1.0,False,False,False,False,False
group_kfold_seg,1,1,normal_183,1.0,False,False,False,False,False
group_kfold_seg,1,1,normal_184,1.0,False,False,False,False,False
group_kfold_seg,1,1,normal_190,1.0,False,False,False,False,False
group_kfold_seg,1,1,normal_193,0.0,False,False,False,False,False
group_kfold_seg,1,1,normal_199,0.0,False,False,False,False,False
group_kfold_seg,1,1,normal_209,0.0,False,False,False,False,False
group_kfold_seg,1,1,normal_210,1.0,False,False,False,False,False
group_kfold_seg,1,1,normal_211,0.0,False,False,False,False,False
group_kfold_seg,1,1,normal_212,0.0,False,False,False,False,False
group_kfold_seg,1,1,normal_213,1.0,False,False,False,False,False
group_kfold_seg,1,1,normal_218,1.0,False,False,False,False,False
group_kfold_seg,1,1,normal_242,0.0,False,False,False,False,False
group_kfold_seg,1,1,normal_264,0.0,False,False,False,False,False
group_kfold_seg,1,1,normal_275,1.0,False,False,False,False,False
group_kfold_seg,1,1,normal_276,0.0,False,True,False,True,False
group_kfold_seg,1,1,normal_284,1.0,False,False,False,False,False
group_kfold_seg,1,1,normal_288,1.0,False,False,False,False,False
group_kfold_seg,1,1,normal_299,1.0,False,False,False,False,False
group_kfold_seg,1,1,normal_309,1.0,False,False,False,False,False
group_kfold_seg,1,1,normal_315,1.0,False,False,False,False,False
group_kfold_seg,1,1,normal_317,0.0,False,False,False,False,False
group_kfold_seg,1,1,normal_319,1.0,False,False,False,False,False
group_kfold_seg,1,1,normal_322,0.0,False,False,False,False,False
group_kfold_seg,1,1,normal_332,0.0,False,False,False,False,False
group_kfold_seg,1,1,normal_340,1.0,False,False,False,False,False
group_kfold_seg,1,1,normal_344,1.0,False,False,False,False,False
group_kfold_seg,1,1,normal_348,0.0,False,True,False,True,True
group_kfold_seg,1,1,normal_349,1.0,False,False,False,False,False
group_kfold_seg,1,1,normal_354,0.0,False,True,False,True,True
group_kfold_seg,1,1,normal_365,1.0,False,False,False,False,False
group_kfold_seg,1,1,normal_368,1.0,False,False,False,False,False
group_kfold_seg,1,1,normal_369,0.0,False,False,False,False,False
group_kfold_seg,1,1,normal_383,0.0,False,False,False,False,False
group_kfold_seg,1,1,normal_386,0.0,False,True,False,True,True
group_kfold_seg,1,1,normal_387,1.0,False,False,False,False,False
group_kfold_seg,1,1,normal_393,0.0,False,False,False,False,False
group_kfold_seg,1,1,normal_396,1.0,False,False,False,False,False
group_kfold_seg,1,1,normal_397,0.0,False,False,False,False,False
group_kfold_seg,1,1,normal_401,0.0,False,False,False,False,False
group_kfold_seg,1,1,normal_407,1.0,False,False,False,False,False
group_kfold_seg,1,1,normal_417,0.0,False,False,False,False,False
group_kfold_seg,1,1,normal_420,0.0,False,False,False,False,False
group_kfold_seg,1,1,normal_422,0.0,False,True,False,True,True
group_kfold_seg,1,1,normal_425,0.0,False,False,False,False,False
group_kfold_seg,1,1,normal_426,1.0,False,False,False,False,False
group_kfold_seg,1,1,normal_433,1.0,False,False,False,False,False
group_kfold_seg,1,1,normal_449,0.0,False,False,False,False,False
group_kfold_seg,1,1,normal_451,1.0,False,False,False,False,False
group_kfold_seg,1,1,normal_453,0.0,False,False,False,False,False
group_kfold_seg,1,1,normal_455,0.0,False,True,False,True,False
group_kfold_seg,1,1,normal_466,1.0,False,False,False,False,False
group_kfold_seg,1,1,normal_485,1.0,False,False,False,False,False
group_kfold_seg,1,1,normal_489,1.0,False,False,False,False,False
group_kfold_seg,1,1,normal_494,1.0,False,False,False,False,False
group_kfold_seg,1,1,normal_497,1.0,False,False,False,False,False
group_kfold_seg,1,1,normal_500,1.0,False,False,False,False,False
group_kfold_seg,1,1,normal_502,1.0,False,False,False,False,False
group_kfold_seg,1,1,normal_503,1.0,False,False,False,False,False
group_kfold_seg,1,1,normal_514,1.0,False,False,False,False,False
group_kfold_seg,1,1,normal_515,1.0,False,False,False,False,False
group_kfold_seg,1,1,normal_517,1.0,False,False,False,False,False
group_kfold_seg,1,1,normal_522,1.0,False,False,False,False,False
group_kfold_seg,1,1,normal_525,1.0,False,False,False,False,False
group_kfold_seg,1,1,normal_529,1.0,False,False,False,False,False
group_kfold_seg,1,1,normal_531,1.0,False,False,False,False,False
group_kfold_seg,1,1,normal_544,1.0,False,False,False,False,False
group_kfold_seg,1,1,normal_551,1.0,False,False,False,False,False
group_kfold_seg,1,1,normal_552,1.0,False,False,False,False,False
group_kfold_seg,1,1,normal_557,1.0,False,False,False,False,False
group_kfold_seg,1,1,normal_559,1.0,False,False,False,False,False
group_kfold_seg,1,1,normal_561,1.0,False,False,False,False,False
group_kfold_seg,1,1,normal_563,0.0,False,False,False,False,False
group_kfold_seg,1,1,normal_569,0.0,True,False,False,True,True
group_kfold_seg,1,1,normal_572,0.0,False,False,False,False,False
group_kfold_seg,1,1,normal_577,1.0,False,False,False,False,False
group_kfold_seg,1,1,normal_590,1.0,False,False,False,False,False
group_kfold_seg,1,1,normal_593,1.0,False,False,False,False,False
group_kfold_seg,1,2,normal_2,1.0,False,False,False,False,False
group_kfold_seg,1,2,normal_3,0.0,False,False,False,False,False
group_kfold_seg,1,2,normal_14,1.0,False,False,False,False,False
group_kfold_seg,1,2,normal_15,0.0,False,True,False,True,False
group_kfold_seg,1,2,normal_19,1.0,False,False,False,False,False
group_kfold_seg,1,2,normal_36,0.0,False,False,False,False,False
group_kfold_seg,1,2,normal_41,1.0,False,False,False,False,False
group_kfold_seg,1,2,normal_42,1.0,False,False,False,False,False
group_kfold_seg,1,2,normal_48,1.0,False,False,False,False,False
group_kfold_seg,1,2,normal_49,0.0,False,False,False,False,False
group_kfold_seg,1,2,normal_60,1.0,False,False,False,False,False
group_kfold_seg,1,2,normal_63,0.0,False,False,False,False,False
group_kfold_seg,1,2,normal_67,0.0,True,False,False,True,True
group_kfold_seg,1,2,normal_68,0.0,False,False,False,False,False
group_kfold_seg,1,2,normal_74,0.0,False,True,False,True,False
group_kfold_seg,1,2,normal_90,0.0,False,False,False,False,False
group_kfold_seg,1,2,normal_94,0.0,True,False,False,True,True
group_kfold_seg,1,2,normal_97,0.0,False,False,False,False,False
group_kfold_seg,1,2,normal_112,1.0,False,False,False,False,False
group_kfold_seg,1,2,normal_128,0.0,False,False,False,False,False
group_kfold_seg,1,2,normal_136,0.0,False,False,False,False,False
group_kfold_seg,1,2,normal_137,1.0,False,False,False,False,False
group_kfold_seg,1,2,normal_140,0.0,False,False,False,False,False
group_kfold_seg,1,2,normal_153,1.0,False,False,False,False,False
group_kfold_seg,1,2,normal_158,0.0,False,False,False,False,False
group_kfold_seg,1,2,normal_160,0.0,False,False,False,False,False
group_kfold_seg,1,2,normal_169,1.0,False,False,False,False,False
group_kfold_seg,1,2,normal_183,1.0,False,False,False,False,False
group_kfold_seg,1,2,normal_184,1.0,False,False,False,False,False
group_kfold_seg,1,2,normal_190,1.0,False,False,False,False,False
group_kfold_seg,1,2,normal_193,0.0,False,False,False,False,False
group_kfold_seg,1,2,normal_199,0.0,False,False,False,False,False
group_kfold_seg,1,2,normal_209,0.0,False,False,False,False,False
group_kfold_seg,1,2,normal_210,1.0,False,False,False,False,False
group_kfold_seg,1,2,normal_211,0.0,False,False,False,False,False
group_kfold_seg,1,2,normal_212,0.0,False,False,False,False,False
group_kfold_seg,1,2,normal_213,1.0,False,False,False,False,False
group_kfold_seg,1,2,normal_218,1.0,False,False,False,False,False
group_kfold_seg,1,2,normal_242,0.0,False,False,False,False,False
group_kfold_seg,1,2,normal_264,0.0,False,False,False,False,False
group_kfold_seg,1,2,normal_275,1.0,False,False,False,False,False
group_kfold_seg,1,2,normal_276,0.0,False,True,False,True,False
group_kfold_seg,1,2,normal_284,1.0,False,False,False,False,False
group_kfold_seg,1,2,normal_288,1.0,False,False,False,False,False
group_kfold_seg,1,2,normal_299,1.0,False,False,False,False,False
group_kfold_seg,1,2,normal_309,1.0,False,False,False,False,False
group_kfold_seg,1,2,normal_315,1.0,False,False,False,False,False
group_kfold_seg,1,2,normal_317,0.0,False,False,False,False,False
group_kfold_seg,1,2,normal_319,1.0,False,False,False,False,False
group_kfold_seg,1,2,normal_322,0.0,False,False,False,False,False
group_kfold_seg,1,2,normal_332,0.0,False,False,False,False,False
group_kfold_seg,1,2,normal_340,1.0,False,False,False,False,False
group_kfold_seg,1,2,normal_344,1.0,False,False,False,False,False
group_kfold_seg,1,2,normal_348,0.0,False,True,False,True,True
group_kfold_seg,1,2,normal_349,1.0,False,False,False,False,False
group_kfold_seg,1,2,normal_354,0.0,False,True,False,True,True
group_kfold_seg,1,2,normal_365,1.0,False,False,False,False,False
group_kfold_seg,1,2,normal_368,1.0,False,False,False,False,False
group_kfold_seg,1,2,normal_369,0.0,False,False,False,False,False
group_kfold_seg,1,2,normal_383,0.0,False,False,False,False,False
group_kfold_seg,1,2,normal_386,0.0,False,True,False,True,True
group_kfold_seg,1,2,normal_387,1.0,False,False,False,False,False
group_kfold_seg,1,2,normal_393,0.0,False,False,False,False,False
group_kfold_seg,1,2,normal_396,1.0,False,False,False,False,False
group_kfold_seg,1,2,normal_397,0.0,False,False,False,False,False
group_kfold_seg,1,2,normal_401,0.0,False,False,False,False,False
group_kfold_seg,1,2,normal_407,1.0,False,False,False,False,False
group_kfold_seg,1,2,normal_417,0.0,False,False,False,False,False
group_kfold_seg,1,2,normal_420,0.0,False,False,False,False,False
group_kfold_seg,1,2,normal_422,0.0,False,True,False,True,True
group_kfold_seg,1,2,normal_425,0.0,False,False,False,False,False
group_kfold_seg,1,2,normal_426,1.0,False,False,False,False,False
group_kfold_seg,1,2,normal_433,1.0,False,False,False,False,False
group_kfold_seg,1,2,normal_449,0.0,False,False,False,False,False
group_kfold_seg,1,2,normal_451,1.0,False,False,False,False,False
group_kfold_seg,1,2,normal_453,0.0,False,False,False,False,False
group_kfold_seg,1,2,normal_455,0.0,False,True,False,True,False
group_kfold_seg,1,2,normal_466,1.0,False,False,False,False,False
group_kfold_seg,1,2,normal_485,1.0,False,False,False,False,False
group_kfold_seg,1,2,normal_489,1.0,False,False,False,False,False
group_kfold_seg,1,2,normal_494,1.0,False,False,False,False,False
group_kfold_seg,1,2,normal_497,1.0,False,False,False,False,False
group_kfold_seg,1,2,normal_500,1.0,False,False,False,False,False
group_kfold_seg,1,2,normal_502,1.0,False,False,False,False,False
group_kfold_seg,1,2,normal_503,1.0,False,False,False,False,False
group_kfold_seg,1,2,normal_514,1.0,False,False,False,False,False
group_kfold_seg,1,2,normal_515,1.0,False,False,False,False,False
group_kfold_seg,1,2,normal_517,1.0,False,False,False,False,False
group_kfold_seg,1,2,normal_522,1.0,False,False,False,False,False
group_kfold_seg,1,2,normal_525,1.0,False,False,False,False,False
group_kfold_seg,1,2,normal_529,1.0,False,False,False,False,False
group_kfold_seg,1,2,normal_531,1.0,False,False,False,False,False
group_kfold_seg,1,2,normal_544,1.0,False,False,False,False,False
group_kfold_seg,1,2,normal_551,1.0,False,False,False,False,False
group_kfold_seg,1,2,normal_552,1.0,False,False,False,False,False
group_kfold_seg,1,2,normal_557,1.0,False,False,False,False,False
group_kfold_seg,1,2,normal_559,1.0,False,False,False,False,False
group_kfold_seg,1,2,normal_561,1.0,False,False,False,False,False
group_kfold_seg,1,2,normal_563,0.0,False,False,False,False,False
group_kfold_seg,1,2,normal_569,0.0,True,False,False,True,True
group_kfold_seg,1,2,normal_572,0.0,False,False,False,False,False
group_kfold_seg,1,2,normal_577,1.0,False,False,False,False,False
group_kfold_seg,1,2,normal_590,1.0,False,False,False,False,False
group_kfold_seg,1,2,normal_593,1.0,False,False,False,False,False
group_kfold_seg,2,0,normal_4,1.0,False,False,False,False,False
group_kfold_seg,2,0,normal_23,1.0,False,False,False,False,False
group_kfold_seg,2,0,normal_29,1.0,False,False,False,False,False
group_kfold_seg,2,0,normal_37,1.0,False,False,False,False,False
group_kfold_seg,2,0,normal_43,0.0,False,False,False,False,False
group_kfold_seg,2,0,normal_45,1.0,False,False,False,False,False
group_kfold_seg,2,0,normal_56,1.0,False,False,False,False,False
group_kfold_seg,2,0,normal_69,1.0,False,False,False,False,False
group_kfold_seg,2,0,normal_79,0.0,False,False,False,False,False
group_kfold_seg,2,0,normal_84,0.0,False,False,False,False,False
group_kfold_seg,2,0,normal_87,0.0,False,False,False,False,False
group_kfold_seg,2,0,normal_88,1.0,False,False,False,False,False
group_kfold_seg,2,0,normal_92,0.0,False,False,False,False,False
group_kfold_seg,2,0,normal_98,1.0,False,False,False,False,False
group_kfold_seg,2,0,normal_103,1.0,False,False,False,False,False
group_kfold_seg,2,0,normal_107,1.0,False,False,False,False,False
group_kfold_seg,2,0,normal_110,1.0,False,False,False,False,False
group_kfold_seg,2,0,normal_114,0.0,False,False,False,False,False
group_kfold_seg,2,0,normal_115,1.0,False,False,False,False,False
group_kfold_seg,2,0,normal_116,0.0,False,False,False,False,False
group_kfold_seg,2,0,normal_119,0.0,False,False,False,False,False
group_kfold_seg,2,0,normal_121,1.0,False,False,False,False,False
group_kfold_seg,2,0,normal_125,0.0,False,True,False,True,False
group_kfold_seg,2,0,normal_139,1.0,False,False,False,False,False
group_kfold_seg,2,0,normal_141,1.0,False,False,False,False,False
group_kfold_seg,2,0,normal_145,0.0,False,False,False,False,False
group_kfold_seg,2,0,normal_147,0.0,False,False,False,False,False
group_kfold_seg,2,0,normal_159,1.0,False,False,False,False,False
group_kfold_seg,2,0,normal_164,1.0,False,False,False,False,False
group_kfold_seg,2,0,normal_166,0.0,False,False,False,False,False
group_kfold_seg,2,0,normal_176,0.0,False,False,False,False,False
group_kfold_seg,2,0,normal_177,1.0,False,False,False,False,False
group_kfold_seg,2,0,normal_189,0.0,False,False,False,False,False
group_kfold_seg,2,0,normal_191,0.0,False,False,False,False,False
group_kfold_seg,2,0,normal_198,0.0,False,False,False,False,False
group_kfold_seg,2,0,normal_205,1.0,False,False,False,False,False
group_kfold_seg,2,0,normal_207,0.0,False,False,False,False,False
group_kfold_seg,2,0,normal_221,0.0,False,True,False,True,False
group_kfold_seg,2,0,normal_224,0.0,False,False,False,False,False
group_kfold_seg,2,0,normal_225,0.0,False,False,False,False,False
group_kfold_seg,2,0,normal_229,0.0,False,False,False,False,False
group_kfold_seg,2,0,normal_239,1.0,False,False,False,False,False
group_kfold_seg,2,0,normal_241,0.0,False,False,False,False,False
group_kfold_seg,2,0,normal_245,1.0,False,False,False,False,False
group_kfold_seg,2,0,normal_252,1.0,False,False,False,False,False
group_kfold_seg,2,0,normal_257,1.0,False,False,False,False,False
group_kfold_seg,2,0,normal_260,1.0,False,False,False,False,False
group_kfold_seg,2,0,normal_266,1.0,False,False,False,False,False
group_kfold_seg,2,0,normal_268,0.0,False,False,False,False,False
group_kfold_seg,2,0,normal_274,1.0,False,False,False,False,False
group_kfold_seg,2,0,normal_281,1.0,False,False,False,False,False
group_kfold_seg,2,0,normal_282,1.0,False,False,False,False,False
group_kfold_seg,2,0,normal_283,0.0,False,True,False,True,False
group_kfold_seg,2,0,normal_286,0.0,False,False,False,False,False
group_kfold_seg,2,0,normal_287,1.0,False,False,False,False,False
group_kfold_seg,2,0,normal_290,1.0,False,False,False,False,False
group_kfold_seg,2,0,normal_293,1.0,False,False,False,False,False
group_kfold_seg,2,0,normal_306,1.0,False,False,False,False,False
group_kfold_seg,2,0,normal_311,1.0,False,False,False,False,False
group_kfold_seg,2,0,normal_312,1.0,False,False,False,False,False
group_kfold_seg,2,0,normal_334,0.0,False,True,False,True,False
group_kfold_seg,2,0,normal_338,1.0,False,False,False,False,False
group_kfold_seg,2,0,normal_347,1.0,False,False,False,False,False
group_kfold_seg,2,0,normal_371,1.0,False,False,False,False,False
group_kfold_seg,2,0,normal_373,0.0,False,False,False,False,False
group_kfold_seg,2,0,normal_374,1.0,False,False,False,False,False
group_kfold_seg,2,0,normal_375,0.0,False,False,False,False,False
group_kfold_seg,2,0,normal_390,0.0,False,False,False,False,False
group_kfold_seg,2,0,normal_391,1.0,False,False,False,False,False
group_kfold_seg,2,0,normal_392,0.0,False,False,False,False,False
group_kfold_seg,2,0,normal_402,1.0,False,False,False,False,False
group_kfold_seg,2,0,normal_412,1.0,False,False,False,False,False
group_kfold_seg,2,0,normal_418,1.0,False,False,False,False,False
group_kfold_seg,2,0,normal_439,1.0,False,False,False,False,False
group_kfold_seg,2,0,normal_443,1.0,False,False,False,False,False
group_kfold_seg,2,0,normal_447,0.0,False,False,False,False,False
group_kfold_seg,2,0,normal_456,1.0,False,False,False,False,False
group_kfold_seg,2,0,normal_468,0.0,False,False,False,False,False
group_kfold_seg,2,0,normal_473,1.0,False,False,False,False,False
group_kfold_seg,2,0,normal_475,1.0,False,False,False,False,False
group_kfold_seg,2,0,normal_483,1.0,False,False,False,False,False
group_kfold_seg,2,0,normal_498,1.0,False,False,False,False,False
group_kfold_seg,2,0,normal_499,1.0,False,False,False,False,False
group_kfold_seg,2,0,normal_508,1.0,False,False,False,False,False
group_kfold_seg,2,0,normal_513,1.0,False,False,False,False,False
group_kfold_seg,2,0,normal_518,1.0,False,False,False,False,False
group_kfold_seg,2,0,normal_519,1.0,False,False,False,False,False
group_kfold_seg,2,0,normal_523,1.0,False,False,False,False,False
group_kfold_seg,2,0,normal_526,1.0,False,False,False,False,False
group_kfold_seg,2,0,normal_542,1.0,False,False,False,False,False
group_kfold_seg,2,0,normal_543,1.0,False,False,False,False,False
group_kfold_seg,2,0,normal_550,1.0,False,False,False,False,False
group_kfold_seg,2,0,normal_553,1.0,False,False,False,False,False
group_kfold_seg,2,0,normal_555,1.0,False,False,False,False,False
group_kfold_seg,2,0,normal_562,1.0,False,False,False,False,False
group_kfold_seg,2,0,normal_571,0.0,False,False,False,False,False
group_kfold_seg,2,0,normal_575,0.0,False,False,False,False,False
group_kfold_seg,2,0,normal_580,0.0,False,False,False,False,False
group_kfold_seg,2,0,normal_584,1.0,False,False,False,False,False
group_kfold_seg,2,0,normal_585,1.0,False,False,False,False,False
group_kfold_seg,2,0,normal_589,0.0,False,False,False,False,False
group_kfold_seg,2,0,normal_594,0.0,False,False,False,False,False
group_kfold_seg,2,1,normal_4,1.0,False,False,False,False,False
group_kfold_seg,2,1,normal_23,1.0,False,False,False,False,False
group_kfold_seg,2,1,normal_29,1.0,False,False,False,False,False
group_kfold_seg,2,1,normal_37,1.0,False,False,False,False,False
group_kfold_seg,2,1,normal_43,0.0,False,False,False,False,False
group_kfold_seg,2,1,normal_45,1.0,False,False,False,False,False
group_kfold_seg,2,1,normal_56,1.0,False,False,False,False,False
group_kfold_seg,2,1,normal_69,1.0,False,False,False,False,False
group_kfold_seg,2,1,normal_79,0.0,False,False,False,False,False
group_kfold_seg,2,1,normal_84,0.0,False,False,False,False,False
group_kfold_seg,2,1,normal_87,0.0,False,False,False,False,False
group_kfold_seg,2,1,normal_88,1.0,False,False,False,False,False
group_kfold_seg,2,1,normal_92,0.0,False,False,False,False,False
group_kfold_seg,2,1,normal_98,1.0,False,False,False,False,False
group_kfold_seg,2,1,normal_103,1.0,False,False,False,False,False
group_kfold_seg,2,1,normal_107,1.0,False,False,False,False,False
group_kfold_seg,2,1,normal_110,1.0,False,False,False,False,False
group_kfold_seg,2,1,normal_114,0.0,False,False,False,False,False
group_kfold_seg,2,1,normal_115,1.0,False,False,False,False,False
group_kfold_seg,2,1,normal_116,0.0,False,False,False,False,False
group_kfold_seg,2,1,normal_119,0.0,False,False,False,False,False
group_kfold_seg,2,1,normal_121,1.0,False,False,False,False,False
group_kfold_seg,2,1,normal_125,0.0,False,True,False,True,False
group_kfold_seg,2,1,normal_139,1.0,False,False,False,False,False
group_kfold_seg,2,1,normal_141,1.0,False,False,False,False,False
group_kfold_seg,2,1,normal_145,0.0,False,False,False,False,False
group_kfold_seg,2,1,normal_147,0.0,False,False,False,False,False
group_kfold_seg,2,1,normal_159,1.0,False,False,False,False,False
group_kfold_seg,2,1,normal_164,1.0,False,False,False,False,False
group_kfold_seg,2,1,normal_166,0.0,False,False,False,False,False
group_kfold_seg,2,1,normal_176,0.0,False,False,False,False,False
group_kfold_seg,2,1,normal_177,1.0,False,False,False,False,False
group_kfold_seg,2,1,normal_189,0.0,False,False,False,False,False
group_kfold_seg,2,1,normal_191,0.0,False,False,False,False,False
group_kfold_seg,2,1,normal_198,0.0,False,False,False,False,False
group_kfold_seg,2,1,normal_205,1.0,False,False,False,False,False
group_kfold_seg,2,1,normal_207,0.0,False,False,False,False,False
group_kfold_seg,2,1,normal_221,0.0,False,True,False,True,False
group_kfold_seg,2,1,normal_224,0.0,False,False,False,False,False
group_kfold_seg,2,1,normal_225,0.0,False,False,False,False,False
group_kfold_seg,2,1,normal_229,0.0,False,False,False,False,False
group_kfold_seg,2,1,normal_239,1.0,False,False,False,False,False
group_kfold_seg,2,1,normal_241,0.0,False,False,False,False,False
group_kfold_seg,2,1,normal_245,1.0,False,False,False,False,False
group_kfold_seg,2,1,normal_252,1.0,False,False,False,False,False
group_kfold_seg,2,1,normal_257,1.0,False,False,False,False,False
group_kfold_seg,2,1,normal_260,1.0,False,False,False,False,False
group_kfold_seg,2,1,normal_266,1.0,False,False,False,False,False
group_kfold_seg,2,1,normal_268,0.0,False,False,False,False,False
group_kfold_seg,2,1,normal_274,1.0,False,False,False,False,False
group_kfold_seg,2,1,normal_281,1.0,False,False,False,False,False
group_kfold_seg,2,1,normal_282,1.0,False,False,False,False,False
group_kfold_seg,2,1,normal_283,0.0,False,True,False,True,False
group_kfold_seg,2,1,normal_286,0.0,False,False,False,False,False
group_kfold_seg,2,1,normal_287,1.0,False,False,False,False,False
group_kfold_seg,2,1,normal_290,1.0,False,False,False,False,False
group_kfold_seg,2,1,normal_293,1.0,False,False,False,False,False
group_kfold_seg,2,1,normal_306,1.0,False,False,False,False,False
group_kfold_seg,2,1,normal_311,1.0,False,False,False,False,False
group_kfold_seg,2,1,normal_312,1.0,False,False,False,False,False
group_kfold_seg,2,1,normal_334,0.0,False,True,False,True,False
group_kfold_seg,2,1,normal_338,1.0,False,False,False,False,False
group_kfold_seg,2,1,normal_347,1.0,False,False,False,False,False
group_kfold_seg,2,1,normal_371,1.0,False,False,False,False,False
group_kfold_seg,2,1,normal_373,0.0,False,False,False,False,False
group_kfold_seg,2,1,normal_374,1.0,False,False,False,False,False
group_kfold_seg,2,1,normal_375,0.0,False,False,False,False,False
group_kfold_seg,2,1,normal_390,0.0,False,False,False,False,False
group_kfold_seg,2,1,normal_391,1.0,False,False,False,False,False
group_kfold_seg,2,1,normal_392,0.0,False,False,False,False,False
group_kfold_seg,2,1,normal_402,1.0,False,False,False,False,False
group_kfold_seg,2,1,normal_412,1.0,False,False,False,False,False
group_kfold_seg,2,1,normal_418,1.0,False,False,False,False,False
group_kfold_seg,2,1,normal_439,1.0,False,False,False,False,False
group_kfold_seg,2,1,normal_443,1.0,False,False,False,False,False
group_kfold_seg,2,1,normal_447,0.0,False,False,False,False,False
group_kfold_seg,2,1,normal_456,1.0,False,False,False,False,False
group_kfold_seg,2,1,normal_468,0.0,False,False,False,False,False
group_kfold_seg,2,1,normal_473,1.0,False,False,False,False,False
group_kfold_seg,2,1,normal_475,1.0,False,False,False,False,False
group_kfold_seg,2,1,normal_483,1.0,False,False,False,False,False
group_kfold_seg,2,1,normal_498,1.0,False,False,False,False,False
group_kfold_seg,2,1,normal_499,1.0,False,False,False,False,False
group_kfold_seg,2,1,normal_508,1.0,False,False,False,False,False
group_kfold_seg,2,1,normal_513,1.0,False,False,False,False,False
group_kfold_seg,2,1,normal_518,1.0,False,False,False,False,False
group_kfold_seg,2,1,normal_519,1.0,False,False,False,False,False
group_kfold_seg,2,1,normal_523,1.0,False,False,False,False,False
group_kfold_seg,2,1,normal_526,1.0,False,False,False,False,False
group_kfold_seg,2,1,normal_542,1.0,False,False,False,False,False
group_kfold_seg,2,1,normal_543,1.0,False,False,False,False,False
group_kfold_seg,2,1,normal_550,1.0,False,False,False,False,False
group_kfold_seg,2,1,normal_553,1.0,False,False,False,False,False
group_kfold_seg,2,1,normal_555,1.0,False,False,False,False,False
group_kfold_seg,2,1,normal_562,1.0,False,False,False,False,False
group_kfold_seg,2,1,normal_571,0.0,False,False,False,False,False
group_kfold_seg,2,1,normal_575,0.0,False,False,False,False,False
group_kfold_seg,2,1,normal_580,0.0,False,False,False,False,False
group_kfold_seg,2,1,normal_584,1.0,False,False,False,False,False
group_kfold_seg,2,1,normal_585,1.0,False,False,False,False,False
group_kfold_seg,2,1,normal_589,0.0,False,False,False,False,False
group_kfold_seg,2,1,normal_594,0.0,False,False,False,False,False
group_kfold_seg,2,2,normal_4,1.0,False,False,False,False,False
group_kfold_seg,2,2,normal_23,1.0,False,False,False,False,False
group_kfold_seg,2,2,normal_29,1.0,False,False,False,False,False
group_kfold_seg,2,2,normal_37,1.0,False,False,False,False,False
group_kfold_seg,2,2,normal_43,0.0,False,False,False,False,False
group_kfold_seg,2,2,normal_45,1.0,False,False,False,False,False
group_kfold_seg,2,2,normal_56,1.0,False,False,False,False,False
group_kfold_seg,2,2,normal_69,1.0,False,False,False,False,False
group_kfold_seg,2,2,normal_79,0.0,False,False,False,False,False
group_kfold_seg,2,2,normal_84,0.0,False,False,False,False,False
group_kfold_seg,2,2,normal_87,0.0,False,False,False,False,False
group_kfold_seg,2,2,normal_88,1.0,False,False,False,False,False
group_kfold_seg,2,2,normal_92,0.0,False,False,False,False,False
group_kfold_seg,2,2,normal_98,1.0,False,False,False,False,False
group_kfold_seg,2,2,normal_103,1.0,False,False,False,False,False
group_kfold_seg,2,2,normal_107,1.0,False,False,False,False,False
group_kfold_seg,2,2,normal_110,1.0,False,False,False,False,False
group_kfold_seg,2,2,normal_114,0.0,False,False,False,False,False
group_kfold_seg,2,2,normal_115,1.0,False,False,False,False,False
group_kfold_seg,2,2,normal_116,0.0,False,False,False,False,False
group_kfold_seg,2,2,normal_119,0.0,False,False,False,False,False
group_kfold_seg,2,2,normal_121,1.0,False,False,False,False,False
group_kfold_seg,2,2,normal_125,0.0,False,True,False,True,False
group_kfold_seg,2,2,normal_139,1.0,False,False,False,False,False
group_kfold_seg,2,2,normal_141,1.0,False,False,False,False,False
group_kfold_seg,2,2,normal_145,0.0,False,False,False,False,False
group_kfold_seg,2,2,normal_147,0.0,False,False,False,False,False
group_kfold_seg,2,2,normal_159,1.0,False,False,False,False,False
group_kfold_seg,2,2,normal_164,1.0,False,False,False,False,False
group_kfold_seg,2,2,normal_166,0.0,False,False,False,False,False
group_kfold_seg,2,2,normal_176,0.0,False,False,False,False,False
group_kfold_seg,2,2,normal_177,1.0,False,False,False,False,False
group_kfold_seg,2,2,normal_189,0.0,False,False,False,False,False
group_kfold_seg,2,2,normal_191,0.0,False,False,False,False,False
group_kfold_seg,2,2,normal_198,0.0,False,False,False,False,False
group_kfold_seg,2,2,normal_205,1.0,False,False,False,False,False
group_kfold_seg,2,2,normal_207,0.0,False,False,False,False,False
group_kfold_seg,2,2,normal_221,0.0,False,True,False,True,False
group_kfold_seg,2,2,normal_224,0.0,False,False,False,False,False
group_kfold_seg,2,2,normal_225,0.0,False,False,False,False,False
group_kfold_seg,2,2,normal_229,0.0,False,False,False,False,False
group_kfold_seg,2,2,normal_239,1.0,False,False,False,False,False
group_kfold_seg,2,2,normal_241,0.0,False,False,False,False,False
group_kfold_seg,2,2,normal_245,1.0,False,False,False,False,False
group_kfold_seg,2,2,normal_252,1.0,False,False,False,False,False
group_kfold_seg,2,2,normal_257,1.0,False,False,False,False,False
group_kfold_seg,2,2,normal_260,1.0,False,False,False,False,False
group_kfold_seg,2,2,normal_266,1.0,False,False,False,False,False
group_kfold_seg,2,2,normal_268,0.0,False,False,False,False,False
group_kfold_seg,2,2,normal_274,1.0,False,False,False,False,False
group_kfold_seg,2,2,normal_281,1.0,False,False,False,False,False
group_kfold_seg,2,2,normal_282,1.0,False,False,False,False,False
group_kfold_seg,2,2,normal_283,0.0,False,True,False,True,False
group_kfold_seg,2,2,normal_286,0.0,False,False,False,False,False
group_kfold_seg,2,2,normal_287,1.0,False,False,False,False,False
group_kfold_seg,2,2,normal_290,1.0,False,False,False,False,False
group_kfold_seg,2,2,normal_293,1.0,False,False,False,False,False
group_kfold_seg,2,2,normal_306,1.0,False,False,False,False,False
group_kfold_seg,2,2,normal_311,1.0,False,False,False,False,False
group_kfold_seg,2,2,normal_312,1.0,False,False,False,False,False
group_kfold_seg,2,2,normal_334,0.0,False,True,False,True,False
group_kfold_seg,2,2,normal_338,1.0,False,False,False,False,False
group_kfold_seg,2,2,normal_347,1.0,False,False,False,False,False
group_kfold_seg,2,2,normal_371,1.0,False,False,False,False,False
group_kfold_seg,2,2,normal_373,0.0,False,False,False,False,False
group_kfold_seg,2,2,normal_374,1.0,False,False,False,False,False
group_kfold_seg,2,2,normal_375,0.0,False,False,False,False,False
group_kfold_seg,2,2,normal_390,0.0,False,False,False,False,False
group_kfold_seg,2,2,normal_391,1.0,False,False,False,False,False
group_kfold_seg,2,2,normal_392,0.0,False,False,False,False,False
group_kfold_seg,2,2,normal_402,1.0,False,False,False,False,False
group_kfold_seg,2,2,normal_412,1.0,False,False,False,False,False
group_kfold_seg,2,2,normal_418,1.0,False,False,False,False,False
group_kfold_seg,2,2,normal_439,1.0,False,False,False,False,False
group_kfold_seg,2,2,normal_443,1.0,False,False,False,False,False
group_kfold_seg,2,2,normal_447,0.0,False,False,False,False,False
group_kfold_seg,2,2,normal_456,1.0,False,False,False,False,False
group_kfold_seg,2,2,normal_468,0.0,False,False,False,False,False
group_kfold_seg,2,2,normal_473,1.0,False,False,False,False,False
group_kfold_seg,2,2,normal_475,1.0,False,False,False,False,False
group_kfold_seg,2,2,normal_483,1.0,False,False,False,False,False
group_kfold_seg,2,2,normal_498,1.0,False,False,False,False,False
group_kfold_seg,2,2,normal_499,1.0,False,False,False,False,False
group_kfold_seg,2,2,normal_508,1.0,False,False,False,False,False
group_kfold_seg,2,2,normal_513,1.0,False,False,False,False,False
group_kfold_seg,2,2,normal_518,1.0,False,False,False,False,False
group_kfold_seg,2,2,normal_519,1.0,False,False,False,False,False
group_kfold_seg,2,2,normal_523,1.0,False,False,False,False,False
group_kfold_seg,2,2,normal_526,1.0,False,False,False,False,False
group_kfold_seg,2,2,normal_542,1.0,False,False,False,False,False
group_kfold_seg,2,2,normal_543,1.0,False,False,False,False,False
group_kfold_seg,2,2,normal_550,1.0,False,False,False,False,False
group_kfold_seg,2,2,normal_553,1.0,False,False,False,False,False
group_kfold_seg,2,2,normal_555,1.0,False,False,False,False,False
group_kfold_seg,2,2,normal_562,1.0,False,False,False,False,False
group_kfold_seg,2,2,normal_571,0.0,False,False,False,False,False
group_kfold_seg,2,2,normal_575,0.0,False,False,False,False,False
group_kfold_seg,2,2,normal_580,0.0,False,False,False,False,False
group_kfold_seg,2,2,normal_584,1.0,False,False,False,False,False
group_kfold_seg,2,2,normal_585,1.0,False,False,False,False,False
group_kfold_seg,2,2,normal_589,0.0,False,False,False,False,False
group_kfold_seg,2,2,normal_594,0.0,False,False,False,False,False
group_kfold_seg,3,0,normal_6,1.0,False,False,False,False,False
group_kfold_seg,3,0,normal_7,0.0,False,False,False,False,False
group_kfold_seg,3,0,normal_8,0.0,False,False,False,False,False
group_kfold_seg,3,0,normal_9,1.0,False,False,False,False,False
group_kfold_seg,3,0,normal_13,0.0,False,False,False,False,False
group_kfold_seg,3,0,normal_17,1.0,False,False,False,False,False
group_kfold_seg,3,0,normal_20,1.0,False,False,False,False,False
group_kfold_seg,3,0,normal_21,1.0,False,False,False,False,False
group_kfold_seg,3,0,normal_22,1.0,False,False,False,False,False
group_kfold_seg,3,0,normal_25,1.0,False,False,False,False,False
group_kfold_seg,3,0,normal_30,0.0,False,False,False,False,False
group_kfold_seg,3,0,normal_39,1.0,False,False,False,False,False
group_kfold_seg,3,0,normal_54,1.0,False,False,False,False,False
group_kfold_seg,3,0,normal_64,1.0,False,False,False,False,False
group_kfold_seg,3,0,normal_66,0.0,False,False,False,False,False
group_kfold_seg,3,0,normal_70,1.0,False,False,False,False,False
group_kfold_seg,3,0,normal_71,0.0,False,False,False,False,False
group_kfold_seg,3,0,normal_81,1.0,False,False,False,False,False
group_kfold_seg,3,0,normal_99,0.0,False,False,False,False,False
group_kfold_seg,3,0,normal_113,0.0,False,False,False,False,False
group_kfold_seg,3,0,normal_117,1.0,False,False,False,False,False
group_kfold_seg,3,0,normal_120,1.0,False,False,False,False,False
group_kfold_seg,3,0,normal_129,1.0,False,False,False,False,False
group_kfold_seg,3,0,normal_131,1.0,False,False,False,False,False
group_kfold_seg,3,0,normal_152,1.0,False,False,False,False,False
group_kfold_seg,3,0,normal_155,0.0,False,True,False,True,False
group_kfold_seg,3,0,normal_161,0.0,False,False,False,False,False
group_kfold_seg,3,0,normal_165,0.0,False,False,False,False,False
group_kfold_seg,3,0,normal_175,0.0,True,False,False,True,True
group_kfold_seg,3,0,normal_179,0.0,False,False,False,False,False
group_kfold_seg,3,0,normal_187,1.0,False,False,False,False,False
group_kfold_seg,3,0,normal_188,0.0,False,False,False,False,False
group_kfold_seg,3,0,normal_194,0.0,False,False,False,False,False
group_kfold_seg,3,0,normal_196,0.0,False,False,False,False,False
group_kfold_seg,3,0,normal_206,1.0,False,False,False,False,False
group_kfold_seg,3,0,normal_214,1.0,False,False,False,False,False
group_kfold_seg,3,0,normal_217,1.0,False,False,False,False,False
group_kfold_seg,3,0,normal_222,1.0,False,False,False,False,False
group_kfold_seg,3,0,normal_228,0.0,False,False,False,False,False
group_kfold_seg,3,0,normal_236,1.0,False,False,False,False,False
group_kfold_seg,3,0,normal_240,1.0,False,False,False,False,False
group_kfold_seg,3,0,normal_249,0.0,False,False,False,False,False
group_kfold_seg,3,0,normal_258,0.0,False,False,False,False,False
group_kfold_seg,3,0,normal_259,0.0,False,False,False,False,False
group_kfold_seg,3,0,normal_265,0.0,False,False,False,False,False
group_kfold_seg,3,0,normal_267,0.0,False,False,False,False,False
group_kfold_seg,3,0,normal_270,0.0,False,False,False,False,False
group_kfold_seg,3,0,normal_277,1.0,False,False,False,False,False
group_kfold_seg,3,0,normal_285,1.0,False,False,False,False,False
group_kfold_seg,3,0,normal_289,0.0,False,False,False,False,False
group_kfold_seg,3,0,normal_294,1.0,False,False,False,False,False
group_kfold_seg,3,0,normal_296,1.0,False,False,False,False,False
group_kfold_seg,3,0,normal_303,0.0,False,True,False,True,True
group_kfold_seg,3,0,normal_305,1.0,False,False,False,False,False
group_kfold_seg,3,0,normal_307,1.0,False,False,False,False,False
group_kfold_seg,3,0,normal_313,0.0,False,False,False,False,False
group_kfold_seg,3,0,normal_323,1.0,False,False,False,False,False
group_kfold_seg,3,0,normal_335,1.0,False,False,False,False,False
group_kfold_seg,3,0,normal_336,1.0,False,False,False,False,False
group_kfold_seg,3,0,normal_342,0.0,False,False,False,False,False
group_kfold_seg,3,0,normal_343,1.0,False,False,False,False,False
group_kfold_seg,3,0,normal_350,1.0,False,False,False,False,False
group_kfold_seg,3,0,normal_357,0.0,False,False,False,False,False
group_kfold_seg,3,0,normal_360,1.0,False,False,False,False,False
group_kfold_seg,3,0,normal_361,0.0,False,False,False,False,False
group_kfold_seg,3,0,normal_363,1.0,False,False,False,False,False
group_kfold_seg,3,0,normal_366,0.0,False,False,False,False,False
group_kfold_seg,3,0,normal_367,0.0,False,False,False,False,False
group_kfold_seg,3,0,normal_377,1.0,False,False,False,False,False
group_kfold_seg,3,0,normal_378,1.0,False,False,False,False,False
group_kfold_seg,3,0,normal_389,0.0,False,False,False,False,False
group_kfold_seg,3,0,normal_408,0.0,False,False,False,False,False
group_kfold_seg,3,0,normal_409,0.0,False,False,False,False,False
group_kfold_seg,3,0,normal_410,0.0,False,False,False,False,False
group_kfold_seg,3,0,normal_411,0.0,False,False,False,False,False
group_kfold_seg,3,0,normal_424,1.0,False,False,False,False,False
group_kfold_seg,3,0,normal_429,1.0,False,False,False,False,False
group_kfold_seg,3,0,normal_431,1.0,False,False,False,False,False
group_kfold_seg,3,0,normal_434,1.0,False,False,False,False,False
group_kfold_seg,3,0,normal_436,1.0,False,False,False,False,False
group_kfold_seg,3,0,normal_438,0.0,False,False,False,False,False
group_kfold_seg,3,0,normal_440,0.0,False,True,False,True,False
group_kfold_seg,3,0,normal_445,0.0,False,False,False,False,False
group_kfold_seg,3,0,normal_457,1.0,False,False,False,False,False
group_kfold_seg,3,0,normal_458,0.0,False,False,False,False,False
group_kfold_seg,3,0,normal_461,1.0,False,False,False,False,False
group_kfold_seg,3,0,normal_467,0.0,False,False,False,False,False
group_kfold_seg,3,0,normal_471,1.0,False,False,False,False,False
group_kfold_seg,3,0,normal_472,1.0,False,False,False,False,False
group_kfold_seg,3,0,normal_477,1.0,False,False,False,False,False
group_kfold_seg,3,0,normal_482,1.0,False,False,False,False,False
group_kfold_seg,3,0,normal_486,1.0,False,False,False,False,False
group_kfold_seg,3,0,normal_491,1.0,False,False,False,False,False
group_kfold_seg,3,0,normal_493,1.0,False,False,False,False,False
group_kfold_seg,3,0,normal_505,1.0,False,False,False,False,False
group_kfold_seg,3,0,normal_506,1.0,False,False,False,False,False
group_kfold_seg,3,0,normal_512,1.0,False,False,False,False,False
group_kfold_seg,3,0,normal_527,1.0,False,False,False,False,False
group_kfold_seg,3,0,normal_532,1.0,False,False,False,False,False
group_kfold_seg,3,0,normal_533,1.0,False,False,False,False,False
group_kfold_seg,3,0,normal_534,1.0,False,False,False,False,False
group_kfold_seg,3,0,normal_535,1.0,False,False,False,False,False
group_kfold_seg,3,0,normal_537,1.0,False,False,False,False,False
group_kfold_seg,3,0,normal_568,1.0,False,False,False,False,False
group_kfold_seg,3,0,normal_570,1.0,False,False,False,False,False
group_kfold_seg,3,0,normal_583,0.0,False,False,False,False,False
group_kfold_seg,3,0,normal_586,0.0,False,True,False,True,False
group_kfold_seg,3,0,normal_587,1.0,False,False,False,False,False
group_kfold_seg,3,0,normal_592,0.0,False,False,False,False,False
group_kfold_seg,3,0,normal_597,0.0,False,False,False,False,False
group_kfold_seg,3,1,normal_6,1.0,False,False,False,False,False
group_kfold_seg,3,1,normal_7,0.0,False,False,False,False,False
group_kfold_seg,3,1,normal_8,0.0,False,False,False,False,False
group_kfold_seg,3,1,normal_9,1.0,False,False,False,False,False
group_kfold_seg,3,1,normal_13,0.0,False,False,False,False,False
group_kfold_seg,3,1,normal_17,1.0,False,False,False,False,False
group_kfold_seg,3,1,normal_20,1.0,False,False,False,False,False
group_kfold_seg,3,1,normal_21,1.0,False,False,False,False,False
group_kfold_seg,3,1,normal_22,1.0,False,False,False,False,False
group_kfold_seg,3,1,normal_25,1.0,False,False,False,False,False
group_kfold_seg,3,1,normal_30,0.0,False,False,False,False,False
group_kfold_seg,3,1,normal_39,1.0,False,False,False,False,False
group_kfold_seg,3,1,normal_54,1.0,False,False,False,False,False
group_kfold_seg,3,1,normal_64,1.0,False,False,False,False,False
group_kfold_seg,3,1,normal_66,0.0,False,False,False,False,False
group_kfold_seg,3,1,normal_70,1.0,False,False,False,False,False
group_kfold_seg,3,1,normal_71,0.0,False,False,False,False,False
group_kfold_seg,3,1,normal_81,1.0,False,False,False,False,False
group_kfold_seg,3,1,normal_99,0.0,False,False,False,False,False
group_kfold_seg,3,1,normal_113,0.0,False,False,False,False,False
group_kfold_seg,3,1,normal_117,1.0,False,False,False,False,False
group_kfold_seg,3,1,normal_120,1.0,False,False,False,False,False
group_kfold_seg,3,1,normal_129,1.0,False,False,False,False,False
group_kfold_seg,3,1,normal_131,1.0,False,False,False,False,False
group_kfold_seg,3,1,normal_152,1.0,False,False,False,False,False
group_kfold_seg,3,1,normal_155,0.0,False,True,False,True,False
group_kfold_seg,3,1,normal_161,0.0,False,False,False,False,False
group_kfold_seg,3,1,normal_165,0.0,False,False,False,False,False
group_kfold_seg,3,1,normal_175,0.0,True,False,False,True,True
group_kfold_seg,3,1,normal_179,0.0,False,False,False,False,False
group_kfold_seg,3,1,normal_187,1.0,False,False,False,False,False
group_kfold_seg,3,1,normal_188,0.0,False,False,False,False,False
group_kfold_seg,3,1,normal_194,0.0,False,False,False,False,False
group_kfold_seg,3,1,normal_196,0.0,False,False,False,False,False
group_kfold_seg,3,1,normal_206,1.0,False,False,False,False,False
group_kfold_seg,3,1,normal_214,1.0,False,False,False,False,False
group_kfold_seg,3,1,normal_217,1.0,False,False,False,False,False
group_kfold_seg,3,1,normal_222,1.0,False,False,False,False,False
group_kfold_seg,3,1,normal_228,0.0,False,False,False,False,False
group_kfold_seg,3,1,normal_236,1.0,False,False,False,False,False
group_kfold_seg,3,1,normal_240,1.0,False,False,False,False,False
group_kfold_seg,3,1,normal_249,0.0,False,False,False,False,False
group_kfold_seg,3,1,normal_258,0.0,False,False,False,False,False
group_kfold_seg,3,1,normal_259,0.0,False,False,False,False,False
group_kfold_seg,3,1,normal_265,0.0,False,False,False,False,False
group_kfold_seg,3,1,normal_267,0.0,False,False,False,False,False
group_kfold_seg,3,1,normal_270,0.0,False,False,False,False,False
group_kfold_seg,3,1,normal_277,1.0,False,False,False,False,False
group_kfold_seg,3,1,normal_285,1.0,False,False,False,False,False
group_kfold_seg,3,1,normal_289,0.0,False,False,False,False,False
group_kfold_seg,3,1,normal_294,1.0,False,False,False,False,False
group_kfold_seg,3,1,normal_296,1.0,False,False,False,False,False
group_kfold_seg,3,1,normal_303,0.0,False,True,False,True,True
group_kfold_seg,3,1,normal_305,1.0,False,False,False,False,False
group_kfold_seg,3,1,normal_307,1.0,False,False,False,False,False
group_kfold_seg,3,1,normal_313,0.0,False,False,False,False,False
group_kfold_seg,3,1,normal_323,1.0,False,False,False,False,False
group_kfold_seg,3,1,normal_335,1.0,False,False,False,False,False
group_kfold_seg,3,1,normal_336,1.0,False,False,False,False,False
group_kfold_seg,3,1,normal_342,0.0,False,False,False,False,False
group_kfold_seg,3,1,normal_343,1.0,False,False,False,False,False
group_kfold_seg,3,1,normal_350,1.0,False,False,False,False,False
group_kfold_seg,3,1,normal_357,0.0,False,False,False,False,False
group_kfold_seg,3,1,normal_360,1.0,False,False,False,False,False
group_kfold_seg,3,1,normal_361,0.0,False,False,False,False,False
group_kfold_seg,3,1,normal_363,1.0,False,False,False,False,False
group_kfold_seg,3,1,normal_366,0.0,False,False,False,False,False
group_kfold_seg,3,1,normal_367,0.0,False,False,False,False,False
group_kfold_seg,3,1,normal_377,1.0,False,False,False,False,False
group_kfold_seg,3,1,normal_378,1.0,False,False,False,False,False
group_kfold_seg,3,1,normal_389,0.0,False,False,False,False,False
group_kfold_seg,3,1,normal_408,0.0,False,False,False,False,False
group_kfold_seg,3,1,normal_409,0.0,False,False,False,False,False
group_kfold_seg,3,1,normal_410,0.0,False,False,False,False,False
group_kfold_seg,3,1,normal_411,0.0,False,False,False,False,False
group_kfold_seg,3,1,normal_424,1.0,False,False,False,False,False
group_kfold_seg,3,1,normal_429,1.0,False,False,False,False,False
group_kfold_seg,3,1,normal_431,1.0,False,False,False,False,False
group_kfold_seg,3,1,normal_434,1.0,False,False,False,False,False
group_kfold_seg,3,1,normal_436,1.0,False,False,False,False,False
group_kfold_seg,3,1,normal_438,0.0,False,False,False,False,False
group_kfold_seg,3,1,normal_440,0.0,False,True,False,True,False
group_kfold_seg,3,1,normal_445,0.0,False,False,False,False,False
group_kfold_seg,3,1,normal_457,1.0,False,False,False,False,False
group_kfold_seg,3,1,normal_458,0.0,False,False,False,False,False
group_kfold_seg,3,1,normal_461,1.0,False,False,False,False,False
group_kfold_seg,3,1,normal_467,0.0,False,False,False,False,False
group_kfold_seg,3,1,normal_471,1.0,False,False,False,False,False
group_kfold_seg,3,1,normal_472,1.0,False,False,False,False,False
group_kfold_seg,3,1,normal_477,1.0,False,False,False,False,False
group_kfold_seg,3,1,normal_482,1.0,False,False,False,False,False
group_kfold_seg,3,1,normal_486,1.0,False,False,False,False,False
group_kfold_seg,3,1,normal_491,1.0,False,False,False,False,False
group_kfold_seg,3,1,normal_493,1.0,False,False,False,False,False
group_kfold_seg,3,1,normal_505,1.0,False,False,False,False,False
group_kfold_seg,3,1,normal_506,1.0,False,False,False,False,False
group_kfold_seg,3,1,normal_512,1.0,False,False,False,False,False
group_kfold_seg,3,1,normal_527,1.0,False,False,False,False,False
group_kfold_seg,3,1,normal_532,1.0,False,False,False,False,False
group_kfold_seg,3,1,normal_533,1.0,False,False,False,False,False
group_kfold_seg,3,1,normal_534,1.0,False,False,False,False,False
group_kfold_seg,3,1,normal_535,1.0,False,False,False,False,False
group_kfold_seg,3,1,normal_537,1.0,False,False,False,False,False
group_kfold_seg,3,1,normal_568,1.0,False,False,False,False,False
group_kfold_seg,3,1,normal_570,1.0,False,False,False,False,False
group_kfold_seg,3,1,normal_583,0.0,False,False,False,False,False
group_kfold_seg,3,1,normal_586,0.0,False,True,False,True,False
group_kfold_seg,3,1,normal_587,1.0,False,False,False,False,False
group_kfold_seg,3,1,normal_592,0.0,False,False,False,False,False
group_kfold_seg,3,1,normal_597,0.0,False,False,False,False,False
group_kfold_seg,3,2,normal_6,1.0,False,False,False,False,False
group_kfold_seg,3,2,normal_7,0.0,False,False,False,False,False
group_kfold_seg,3,2,normal_8,0.0,False,False,False,False,False
group_kfold_seg,3,2,normal_9,1.0,False,False,False,False,False
group_kfold_seg,3,2,normal_13,0.0,False,False,False,False,False
group_kfold_seg,3,2,normal_17,1.0,False,False,False,False,False
group_kfold_seg,3,2,normal_20,1.0,False,False,False,False,False
group_kfold_seg,3,2,normal_21,1.0,False,False,False,False,False
group_kfold_seg,3,2,normal_22,1.0,False,False,False,False,False
group_kfold_seg,3,2,normal_25,1.0,False,False,False,False,False
group_kfold_seg,3,2,normal_30,0.0,False,False,False,False,False
group_kfold_seg,3,2,normal_39,1.0,False,False,False,False,False
group_kfold_seg,3,2,normal_54,1.0,False,False,False,False,False
group_kfold_seg,3,2,normal_64,1.0,False,False,False,False,False
group_kfold_seg,3,2,normal_66,0.0,False,False,False,False,False
group_kfold_seg,3,2,normal_70,1.0,False,False,False,False,False
group_kfold_seg,3,2,normal_71,0.0,False,False,False,False,False
group_kfold_seg,3,2,normal_81,1.0,False,False,False,False,False
group_kfold_seg,3,2,normal_99,0.0,False,False,False,False,False
group_kfold_seg,3,2,normal_113,0.0,False,False,False,False,False
group_kfold_seg,3,2,normal_117,1.0,False,False,False,False,False
group_kfold_seg,3,2,normal_120,1.0,False,False,False,False,False
group_kfold_seg,3,2,normal_129,1.0,False,False,False,False,False
group_kfold_seg,3,2,normal_131,1.0,False,False,False,False,False
group_kfold_seg,3,2,normal_152,1.0,False,False,False,False,False
group_kfold_seg,3,2,normal_155,0.0,False,True,False,True,False
group_kfold_seg,3,2,normal_161,0.0,False,False,False,False,False
group_kfold_seg,3,2,normal_165,0.0,False,False,False,False,False
group_kfold_seg,3,2,normal_175,0.0,True,False,False,True,True
group_kfold_seg,3,2,normal_179,0.0,False,False,False,False,False
group_kfold_seg,3,2,normal_187,1.0,False,False,False,False,False
group_kfold_seg,3,2,normal_188,0.0,False,False,False,False,False
group_kfold_seg,3,2,normal_194,0.0,False,False,False,False,False
group_kfold_seg,3,2,normal_196,0.0,False,False,False,False,False
group_kfold_seg,3,2,normal_206,1.0,False,False,False,False,False
group_kfold_seg,3,2,normal_214,1.0,False,False,False,False,False
group_kfold_seg,3,2,normal_217,1.0,False,False,False,False,False
group_kfold_seg,3,2,normal_222,1.0,False,False,False,False,False
group_kfold_seg,3,2,normal_228,0.0,False,False,False,False,False
group_kfold_seg,3,2,normal_236,1.0,False,False,False,False,False
group_kfold_seg,3,2,normal_240,1.0,False,False,False,False,False
group_kfold_seg,3,2,normal_249,0.0,False,False,False,False,False
group_kfold_seg,3,2,normal_258,0.0,False,False,False,False,False
group_kfold_seg,3,2,normal_259,0.0,False,False,False,False,False
group_kfold_seg,3,2,normal_265,0.0,False,False,False,False,False
group_kfold_seg,3,2,normal_267,0.0,False,False,False,False,False
group_kfold_seg,3,2,normal_270,0.0,False,False,False,False,False
group_kfold_seg,3,2,normal_277,1.0,False,False,False,False,False
group_kfold_seg,3,2,normal_285,1.0,False,False,False,False,False
group_kfold_seg,3,2,normal_289,0.0,False,False,False,False,False
group_kfold_seg,3,2,normal_294,1.0,False,False,False,False,False
group_kfold_seg,3,2,normal_296,1.0,False,False,False,False,False
group_kfold_seg,3,2,normal_303,0.0,False,True,False,True,True
group_kfold_seg,3,2,normal_305,1.0,False,False,False,False,False
group_kfold_seg,3,2,normal_307,1.0,False,False,False,False,False
group_kfold_seg,3,2,normal_313,0.0,False,False,False,False,False
group_kfold_seg,3,2,normal_323,1.0,False,False,False,False,False
group_kfold_seg,3,2,normal_335,1.0,False,False,False,False,False
group_kfold_seg,3,2,normal_336,1.0,False,False,False,False,False
group_kfold_seg,3,2,normal_342,0.0,False,False,False,False,False
group_kfold_seg,3,2,normal_343,1.0,False,False,False,False,False
group_kfold_seg,3,2,normal_350,1.0,False,False,False,False,False
group_kfold_seg,3,2,normal_357,0.0,False,False,False,False,False
group_kfold_seg,3,2,normal_360,1.0,False,False,False,False,False
group_kfold_seg,3,2,normal_361,0.0,False,False,False,False,False
group_kfold_seg,3,2,normal_363,1.0,False,False,False,False,False
group_kfold_seg,3,2,normal_366,0.0,False,False,False,False,False
group_kfold_seg,3,2,normal_367,0.0,False,False,False,False,False
group_kfold_seg,3,2,normal_377,1.0,False,False,False,False,False
group_kfold_seg,3,2,normal_378,1.0,False,False,False,False,False
group_kfold_seg,3,2,normal_389,0.0,False,False,False,False,False
group_kfold_seg,3,2,normal_408,0.0,False,False,False,False,False
group_kfold_seg,3,2,normal_409,0.0,False,False,False,False,False
group_kfold_seg,3,2,normal_410,0.0,False,False,False,False,False
group_kfold_seg,3,2,normal_411,0.0,False,False,False,False,False
group_kfold_seg,3,2,normal_424,1.0,False,False,False,False,False
group_kfold_seg,3,2,normal_429,1.0,False,False,False,False,False
group_kfold_seg,3,2,normal_431,1.0,False,False,False,False,False
group_kfold_seg,3,2,normal_434,1.0,False,False,False,False,False
group_kfold_seg,3,2,normal_436,1.0,False,False,False,False,False
group_kfold_seg,3,2,normal_438,0.0,False,False,False,False,False
group_kfold_seg,3,2,normal_440,0.0,False,True,False,True,False
group_kfold_seg,3,2,normal_445,0.0,False,False,False,False,False
group_kfold_seg,3,2,normal_457,1.0,False,False,False,False,False
group_kfold_seg,3,2,normal_458,0.0,False,False,False,False,False
group_kfold_seg,3,2,normal_461,1.0,False,False,False,False,False
group_kfold_seg,3,2,normal_467,0.0,False,False,False,False,False
group_kfold_seg,3,2,normal_471,1.0,False,False,False,False,False
group_kfold_seg,3,2,normal_472,1.0,False,False,False,False,False
group_kfold_seg,3,2,normal_477,1.0,False,False,False,False,False
group_kfold_seg,3,2,normal_482,1.0,False,False,False,False,False
group_kfold_seg,3,2,normal_486,1.0,False,False,False,False,False
group_kfold_seg,3,2,normal_491,1.0,False,False,False,False,False
group_kfold_seg,3,2,normal_493,1.0,False,False,False,False,False
group_kfold_seg,3,2,normal_505,1.0,False,False,False,False,False
group_kfold_seg,3,2,normal_506,1.0,False,False,False,False,False
group_kfold_seg,3,2,normal_512,1.0,False,False,False,False,False
group_kfold_seg,3,2,normal_527,1.0,False,False,False,False,False
group_kfold_seg,3,2,normal_532,1.0,False,False,False,False,False
group_kfold_seg,3,2,normal_533,1.0,False,False,False,False,False
group_kfold_seg,3,2,normal_534,1.0,False,False,False,False,False
group_kfold_seg,3,2,normal_535,1.0,False,False,False,False,False
group_kfold_seg,3,2,normal_537,1.0,False,False,False,False,False
group_kfold_seg,3,2,normal_568,1.0,False,False,False,False,False
group_kfold_seg,3,2,normal_570,1.0,False,False,False,False,False
group_kfold_seg,3,2,normal_583,0.0,False,False,False,False,False
group_kfold_seg,3,2,normal_586,0.0,False,True,False,True,False
group_kfold_seg,3,2,normal_587,1.0,False,False,False,False,False
group_kfold_seg,3,2,normal_592,0.0,False,False,False,False,False
group_kfold_seg,3,2,normal_597,0.0,False,False,False,False,False
group_kfold_seg,4,0,normal_0,0.0,False,False,False,False,False
group_kfold_seg,4,0,normal_5,0.0,False,False,False,False,False
group_kfold_seg,4,0,normal_10,0.0,False,False,False,False,False
group_kfold_seg,4,0,normal_11,1.0,False,False,False,False,False
group_kfold_seg,4,0,normal_12,0.0,False,False,False,False,False
group_kfold_seg,4,0,normal_18,1.0,False,False,False,False,False
group_kfold_seg,4,0,normal_31,0.0,False,False,False,False,False
group_kfold_seg,4,0,normal_33,0.0,False,False,False,False,False
group_kfold_seg,4,0,normal_34,0.0,False,False,False,False,False
group_kfold_seg,4,0,normal_47,0.0,False,False,False,False,False
group_kfold_seg,4,0,normal_50,0.0,False,False,False,False,False
group_kfold_seg,4,0,normal_53,0.0,False,False,False,False,False
group_kfold_seg,4,0,normal_55,0.0,False,False,False,False,False
group_kfold_seg,4,0,normal_59,0.0,False,False,False,False,False
group_kfold_seg,4,0,normal_72,1.0,False,False,False,False,False
group_kfold_seg,4,0,normal_75,0.0,False,False,False,False,False
group_kfold_seg,4,0,normal_78,1.0,False,False,False,False,False
group_kfold_seg,4,0,normal_80,1.0,False,False,False,False,False
group_kfold_seg,4,0,normal_89,0.0,False,True,False,True,False
group_kfold_seg,4,0,normal_91,1.0,False,False,False,False,False
group_kfold_seg,4,0,normal_95,0.0,False,False,False,False,False
group_kfold_seg,4,0,normal_96,1.0,False,False,False,False,False
group_kfold_seg,4,0,normal_100,1.0,False,False,False,False,False
group_kfold_seg,4,0,normal_102,1.0,False,False,False,False,False
group_kfold_seg,4,0,normal_104,1.0,False,False,False,False,False
group_kfold_seg,4,0,normal_105,1.0,False,False,False,False,False
group_kfold_seg,4,0,normal_108,0.0,False,False,False,False,False
group_kfold_seg,4,0,normal_111,0.0,False,False,False,False,False
group_kfold_seg,4,0,normal_126,1.0,False,False,False,False,False
group_kfold_seg,4,0,normal_127,0.0,False,False,False,False,False
group_kfold_seg,4,0,normal_133,0.0,False,False,False,False,False
group_kfold_seg,4,0,normal_134,1.0,False,False,False,False,False
group_kfold_seg,4,0,normal_144,0.0,False,False,False,False,False
group_kfold_seg,4,0,normal_149,0.0,True,False,False,True,True
group_kfold_seg,4,0,normal_167,1.0,False,False,False,False,False
group_kfold_seg,4,0,normal_170,0.0,False,False,False,False,False
group_kfold_seg,4,0,normal_171,0.0,False,False,False,False,False
group_kfold_seg,4,0,normal_173,0.0,False,False,False,False,False
group_kfold_seg,4,0,normal_181,0.0,False,False,False,False,False
group_kfold_seg,4,0,normal_182,1.0,False,False,False,False,False
group_kfold_seg,4,0,normal_185,1.0,False,False,False,False,False
group_kfold_seg,4,0,normal_192,1.0,False,False,False,False,False
group_kfold_seg,4,0,normal_195,1.0,False,False,False,False,False
group_kfold_seg,4,0,normal_200,1.0,False,False,False,False,False
group_kfold_seg,4,0,normal_201,0.0,True,False,False,True,False
group_kfold_seg,4,0,normal_204,0.0,False,False,False,False,False
group_kfold_seg,4,0,normal_208,0.0,False,False,False,False,False
group_kfold_seg,4,0,normal_219,0.0,False,False,False,False,False
group_kfold_seg,4,0,normal_220,1.0,False,False,False,False,False
group_kfold_seg,4,0,normal_223,1.0,False,False,False,False,False
group_kfold_seg,4,0,normal_235,0.0,False,False,False,False,False
group_kfold_seg,4,0,normal_248,0.0,False,False,False,False,False
group_kfold_seg,4,0,normal_253,0.0,False,False,False,False,False
group_kfold_seg,4,0,normal_261,0.0,False,False,False,False,False
group_kfold_seg,4,0,normal_271,0.0,False,False,False,False,False
group_kfold_seg,4,0,normal_273,0.0,False,False,False,False,False
group_kfold_seg,4,0,normal_295,0.0,False,False,False,False,False
group_kfold_seg,4,0,normal_300,0.0,False,False,False,False,False
group_kfold_seg,4,0,normal_301,0.0,False,False,False,False,False
group_kfold_seg,4,0,normal_304,1.0,False,False,False,False,False
group_kfold_seg,4,0,normal_325,0.0,False,False,False,False,False
group_kfold_seg,4,0,normal_326,1.0,False,False,False,False,False
group_kfold_seg,4,0,normal_328,0.0,False,False,False,False,False
group_kfold_seg,4,0,normal_329,0.0,False,False,False,False,False
group_kfold_seg,4,0,normal_330,1.0,False,False,False,False,False
group_kfold_seg,4,0,normal_337,1.0,False,False,False,False,False
group_kfold_seg,4,0,normal_345,0.0,False,False,False,False,False
group_kfold_seg,4,0,normal_356,1.0,False,False,False,False,False
group_kfold_seg,4,0,normal_362,0.0,False,False,False,False,False
group_kfold_seg,4,0,normal_379,0.0,False,True,False,True,True
group_kfold_seg,4,0,normal_385,1.0,False,False,False,False,False
group_kfold_seg,4,0,normal_395,0.0,False,False,False,False,False
group_kfold_seg,4,0,normal_398,0.0,False,False,False,False,False
group_kfold_seg,4,0,normal_406,0.0,False,False,False,False,False
group_kfold_seg,4,0,normal_414,0.0,False,False,False,False,False
group_kfold_seg,4,0,normal_419,0.0,False,False,False,False,False
group_kfold_seg,4,0,normal_428,0.0,False,False,False,False,False
group_kfold_seg,4,0,normal_430,0.0,False,False,False,False,False
group_kfold_seg,4,0,normal_432,0.0,False,False,False,False,False
group_kfold_seg,4,0,normal_452,0.0,False,False,False,False,False
group_kfold_seg,4,0,normal_464,1.0,False,False,False,False,False
group_kfold_seg,4,0,normal_469,0.0,False,True,False,True,True
group_kfold_seg,4,0,normal_474,1.0,False,False,False,False,False
group_kfold_seg,4,0,normal_478,1.0,False,False,False,False,False
group_kfold_seg,4,0,normal_484,1.0,False,False,False,False,False
group_kfold_seg,4,0,normal_492,1.0,False,False,False,False,False
group_kfold_seg,4,0,normal_495,1.0,False,False,False,False,False
group_kfold_seg,4,0,normal_496,1.0,False,False,False,False,False
group_kfold_seg,4,0,normal_501,1.0,False,False,False,False,False
group_kfold_seg,4,0,normal_504,1.0,False,False,False,False,False
group_kfold_seg,4,0,normal_516,1.0,False,False,False,False,False
group_kfold_seg,4,0,normal_520,1.0,False,False,False,False,False
group_kfold_seg,4,0,normal_524,1.0,False,False,False,False,False
group_kfold_seg,4,0,normal_536,1.0,False,False,False,False,False
group_kfold_seg,4,0,normal_538,1.0,False,False,False,False,False
group_kfold_seg,4,0,normal_539,1.0,False,False,False,False,False
group_kfold_seg,4,0,normal_548,1.0,False,False,False,False,False
group_kfold_seg,4,0,normal_549,1.0,False,False,False,False,False
group_kfold_seg,4,0,normal_556,1.0,False,False,False,False,False
group_kfold_seg,4,0,normal_564,0.0,False,False,False,False,False
group_kfold_seg,4,0,normal_576,1.0,False,False,False,False,False
group_kfold_seg,4,0,normal_579,1.0,False,False,False,False,False
group_kfold_seg,4,0,normal_581,1.0,False,False,False,False,False
group_kfold_seg,4,0,normal_582,1.0,False,False,False,False,False
group_kfold_seg,4,0,normal_588,1.0,False,False,False,False,False
group_kfold_seg,4,1,normal_0,0.0,False,False,False,False,False
group_kfold_seg,4,1,normal_5,0.0,False,False,False,False,False
group_kfold_seg,4,1,normal_10,0.0,False,False,False,False,False
group_kfold_seg,4,1,normal_11,1.0,False,False,False,False,False
group_kfold_seg,4,1,normal_12,0.0,False,False,False,False,False
group_kfold_seg,4,1,normal_18,1.0,False,False,False,False,False
group_kfold_seg,4,1,normal_31,0.0,False,False,False,False,False
group_kfold_seg,4,1,normal_33,0.0,False,False,False,False,False
group_kfold_seg,4,1,normal_34,0.0,False,False,False,False,False
group_kfold_seg,4,1,normal_47,0.0,False,False,False,False,False
group_kfold_seg,4,1,normal_50,0.0,False,False,False,False,False
group_kfold_seg,4,1,normal_53,0.0,False,False,False,False,False
group_kfold_seg,4,1,normal_55,0.0,False,False,False,False,False
group_kfold_seg,4,1,normal_59,0.0,False,False,False,False,False
group_kfold_seg,4,1,normal_72,1.0,False,False,False,False,False
group_kfold_seg,4,1,normal_75,0.0,False,False,False,False,False
group_kfold_seg,4,1,normal_78,1.0,False,False,False,False,False
group_kfold_seg,4,1,normal_80,1.0,False,False,False,False,False
group_kfold_seg,4,1,normal_89,0.0,False,True,False,True,False
group_kfold_seg,4,1,normal_91,1.0,False,False,False,False,False
group_kfold_seg,4,1,normal_95,0.0,False,False,False,False,False
group_kfold_seg,4,1,normal_96,1.0,False,False,False,False,False
group_kfold_seg,4,1,normal_100,1.0,False,False,False,False,False
group_kfold_seg,4,1,normal_102,1.0,False,False,False,False,False
group_kfold_seg,4,1,normal_104,1.0,False,False,False,False,False
group_kfold_seg,4,1,normal_105,1.0,False,False,False,False,False
group_kfold_seg,4,1,normal_108,0.0,False,False,False,False,False
group_kfold_seg,4,1,normal_111,0.0,False,False,False,False,False
group_kfold_seg,4,1,normal_126,1.0,False,False,False,False,False
group_kfold_seg,4,1,normal_127,0.0,False,False,False,False,False
group_kfold_seg,4,1,normal_133,0.0,False,False,False,False,False
group_kfold_seg,4,1,normal_134,1.0,False,False,False,False,False
group_kfold_seg,4,1,normal_144,0.0,False,False,False,False,False
group_kfold_seg,4,1,normal_149,0.0,True,False,False,True,True
group_kfold_seg,4,1,normal_167,1.0,False,False,False,False,False
group_kfold_seg,4,1,normal_170,0.0,False,False,False,False,False
group_kfold_seg,4,1,normal_171,0.0,False,False,False,False,False
group_kfold_seg,4,1,normal_173,0.0,False,False,False,False,False
group_kfold_seg,4,1,normal_181,0.0,False,False,False,False,False
group_kfold_seg,4,1,normal_182,1.0,False,False,False,False,False
group_kfold_seg,4,1,normal_185,1.0,False,False,False,False,False
group_kfold_seg,4,1,normal_192,1.0,False,False,False,False,False
group_kfold_seg,4,1,normal_195,1.0,False,False,False,False,False
group_kfold_seg,4,1,normal_200,1.0,False,False,False,False,False
group_kfold_seg,4,1,normal_201,0.0,True,False,False,True,False
group_kfold_seg,4,1,normal_204,0.0,False,False,False,False,False
group_kfold_seg,4,1,normal_208,0.0,False,False,False,False,False
group_kfold_seg,4,1,normal_219,0.0,False,False,False,False,False
group_kfold_seg,4,1,normal_220,1.0,False,False,False,False,False
group_kfold_seg,4,1,normal_223,1.0,False,False,False,False,False
group_kfold_seg,4,1,normal_235,0.0,False,False,False,False,False
group_kfold_seg,4,1,normal_248,0.0,False,False,False,False,False
group_kfold_seg,4,1,normal_253,0.0,False,False,False,False,False
group_kfold_seg,4,1,normal_261,0.0,False,False,False,False,False
group_kfold_seg,4,1,normal_271,0.0,False,False,False,False,False
group_kfold_seg,4,1,normal_273,0.0,False,False,False,False,False
group_kfold_seg,4,1,normal_295,0.0,False,False,False,False,False
group_kfold_seg,4,1,normal_300,0.0,False,False,False,False,False
group_kfold_seg,4,1,normal_301,0.0,False,False,False,False,False
group_kfold_seg,4,1,normal_304,1.0,False,False,False,False,False
group_kfold_seg,4,1,normal_325,0.0,False,False,False,False,False
group_kfold_seg,4,1,normal_326,1.0,False,False,False,False,False
group_kfold_seg,4,1,normal_328,0.0,False,False,False,False,False
group_kfold_seg,4,1,normal_329,0.0,False,False,False,False,False
group_kfold_seg,4,1,normal_330,1.0,False,False,False,False,False
group_kfold_seg,4,1,normal_337,1.0,False,False,False,False,False
group_kfold_seg,4,1,normal_345,0.0,False,False,False,False,False
group_kfold_seg,4,1,normal_356,1.0,False,False,False,False,False
group_kfold_seg,4,1,normal_362,0.0,False,False,False,False,False
group_kfold_seg,4,1,normal_379,0.0,False,True,False,True,True
group_kfold_seg,4,1,normal_385,1.0,False,False,False,False,False
group_kfold_seg,4,1,normal_395,0.0,False,False,False,False,False
group_kfold_seg,4,1,normal_398,0.0,False,False,False,False,False
group_kfold_seg,4,1,normal_406,0.0,False,False,False,False,False
group_kfold_seg,4,1,normal_414,0.0,False,False,False,False,False
group_kfold_seg,4,1,normal_419,0.0,False,False,False,False,False
group_kfold_seg,4,1,normal_428,0.0,False,False,False,False,False
group_kfold_seg,4,1,normal_430,0.0,False,False,False,False,False
group_kfold_seg,4,1,normal_432,0.0,False,False,False,False,False
group_kfold_seg,4,1,normal_452,0.0,False,False,False,False,False
group_kfold_seg,4,1,normal_464,1.0,False,False,False,False,False
group_kfold_seg,4,1,normal_469,0.0,False,True,False,True,True
group_kfold_seg,4,1,normal_474,1.0,False,False,False,False,False
group_kfold_seg,4,1,normal_478,1.0,False,False,False,False,False
group_kfold_seg,4,1,normal_484,1.0,False,False,False,False,False
group_kfold_seg,4,1,normal_492,1.0,False,False,False,False,False
group_kfold_seg,4,1,normal_495,1.0,False,False,False,False,False
group_kfold_seg,4,1,normal_496,1.0,False,False,False,False,False
group_kfold_seg,4,1,normal_501,1.0,False,False,False,False,False
group_kfold_seg,4,1,normal_504,1.0,False,False,False,False,False
group_kfold_seg,4,1,normal_516,1.0,False,False,False,False,False
group_kfold_seg,4,1,normal_520,1.0,False,False,False,False,False
group_kfold_seg,4,1,normal_524,1.0,False,False,False,False,False
group_kfold_seg,4,1,normal_536,1.0,False,False,False,False,False
group_kfold_seg,4,1,normal_538,1.0,False,False,False,False,False
group_kfold_seg,4,1,normal_539,1.0,False,False,False,False,False
group_kfold_seg,4,1,normal_548,1.0,False,False,False,False,False
group_kfold_seg,4,1,normal_549,1.0,False,False,False,False,False
group_kfold_seg,4,1,normal_556,1.0,False,False,False,False,False
group_kfold_seg,4,1,normal_564,0.0,False,False,False,False,False
group_kfold_seg,4,1,normal_576,1.0,False,False,False,False,False
group_kfold_seg,4,1,normal_579,1.0,False,False,False,False,False
group_kfold_seg,4,1,normal_581,1.0,False,False,False,False,False
group_kfold_seg,4,1,normal_582,1.0,False,False,False,False,False
group_kfold_seg,4,1,normal_588,1.0,False,False,False,False,False
group_kfold_seg,4,2,normal_0,0.0,False,False,False,False,False
group_kfold_seg,4,2,normal_5,0.0,False,False,False,False,False
group_kfold_seg,4,2,normal_10,0.0,False,False,False,False,False
group_kfold_seg,4,2,normal_11,1.0,False,False,False,False,False
group_kfold_seg,4,2,normal_12,0.0,False,False,False,False,False
group_kfold_seg,4,2,normal_18,1.0,False,False,False,False,False
group_kfold_seg,4,2,normal_31,0.0,False,False,False,False,False
group_kfold_seg,4,2,normal_33,0.0,False,False,False,False,False
group_kfold_seg,4,2,normal_34,0.0,False,False,False,False,False
group_kfold_seg,4,2,normal_47,0.0,False,False,False,False,False
group_kfold_seg,4,2,normal_50,0.0,False,False,False,False,False
group_kfold_seg,4,2,normal_53,0.0,False,False,False,False,False
group_kfold_seg,4,2,normal_55,0.0,False,False,False,False,False
group_kfold_seg,4,2,normal_59,0.0,False,False,False,False,False
group_kfold_seg,4,2,normal_72,1.0,False,False,False,False,False
group_kfold_seg,4,2,normal_75,0.0,False,False,False,False,False
group_kfold_seg,4,2,normal_78,1.0,False,False,False,False,False
group_kfold_seg,4,2,normal_80,1.0,False,False,False,False,False
group_kfold_seg,4,2,normal_89,0.0,False,True,False,True,False
group_kfold_seg,4,2,normal_91,1.0,False,False,False,False,False
group_kfold_seg,4,2,normal_95,0.0,False,False,False,False,False
group_kfold_seg,4,2,normal_96,1.0,False,False,False,False,False
group_kfold_seg,4,2,normal_100,1.0,False,False,False,False,False
group_kfold_seg,4,2,normal_102,1.0,False,False,False,False,False
group_kfold_seg,4,2,normal_104,1.0,False,False,False,False,False
group_kfold_seg,4,2,normal_105,1.0,False,False,False,False,False
group_kfold_seg,4,2,normal_108,0.0,False,False,False,False,False
group_kfold_seg,4,2,normal_111,0.0,False,False,False,False,False
group_kfold_seg,4,2,normal_126,1.0,False,False,False,False,False
group_kfold_seg,4,2,normal_127,0.0,False,False,False,False,False
group_kfold_seg,4,2,normal_133,0.0,False,False,False,False,False
group_kfold_seg,4,2,normal_134,1.0,False,False,False,False,False
group_kfold_seg,4,2,normal_144,0.0,False,False,False,False,False
group_kfold_seg,4,2,normal_149,0.0,True,False,False,True,True
group_kfold_seg,4,2,normal_167,1.0,False,False,False,False,False
group_kfold_seg,4,2,normal_170,0.0,False,False,False,False,False
group_kfold_seg,4,2,normal_171,0.0,False,False,False,False,False
group_kfold_seg,4,2,normal_173,0.0,False,False,False,False,False
group_kfold_seg,4,2,normal_181,0.0,False,False,False,False,False
group_kfold_seg,4,2,normal_182,1.0,False,False,False,False,False
group_kfold_seg,4,2,normal_185,1.0,False,False,False,False,False
group_kfold_seg,4,2,normal_192,1.0,False,False,False,False,False
group_kfold_seg,4,2,normal_195,1.0,False,False,False,False,False
group_kfold_seg,4,2,normal_200,1.0,False,False,False,False,False
group_kfold_seg,4,2,normal_201,0.0,True,False,False,True,False
group_kfold_seg,4,2,normal_204,0.0,False,False,False,False,False
group_kfold_seg,4,2,normal_208,0.0,False,False,False,False,False
group_kfold_seg,4,2,normal_219,0.0,False,False,False,False,False
group_kfold_seg,4,2,normal_220,1.0,False,False,False,False,False
group_kfold_seg,4,2,normal_223,1.0,False,False,False,False,False
group_kfold_seg,4,2,normal_235,0.0,False,False,False,False,False
group_kfold_seg,4,2,normal_248,0.0,False,False,False,False,False
group_kfold_seg,4,2,normal_253,0.0,False,False,False,False,False
group_kfold_seg,4,2,normal_261,0.0,False,False,False,False,False
group_kfold_seg,4,2,normal_271,0.0,False,False,False,False,False
group_kfold_seg,4,2,normal_273,0.0,False,False,False,False,False
group_kfold_seg,4,2,normal_295,0.0,False,False,False,False,False
group_kfold_seg,4,2,normal_300,0.0,False,False,False,False,False
group_kfold_seg,4,2,normal_301,0.0,False,False,False,False,False
group_kfold_seg,4,2,normal_304,1.0,False,False,False,False,False
group_kfold_seg,4,2,normal_325,0.0,False,False,False,False,False
group_kfold_seg,4,2,normal_326,1.0,False,False,False,False,False
group_kfold_seg,4,2,normal_328,0.0,False,False,False,False,False
group_kfold_seg,4,2,normal_329,0.0,False,False,False,False,False
group_kfold_seg,4,2,normal_330,1.0,False,False,False,False,False
group_kfold_seg,4,2,normal_337,1.0,False,False,False,False,False
group_kfold_seg,4,2,normal_345,0.0,False,False,False,False,False
group_kfold_seg,4,2,normal_356,1.0,False,False,False,False,False
group_kfold_seg,4,2,normal_362,0.0,False,False,False,False,False
group_kfold_seg,4,2,normal_379,0.0,False,True,False,True,True
group_kfold_seg,4,2,normal_385,1.0,False,False,False,False,False
group_kfold_seg,4,2,normal_395,0.0,False,False,False,False,False
group_kfold_seg,4,2,normal_398,0.0,False,False,False,False,False
group_kfold_seg,4,2,normal_406,0.0,False,False,False,False,False
group_kfold_seg,4,2,normal_414,0.0,False,False,False,False,False
group_kfold_seg,4,2,normal_419,0.0,False,False,False,False,False
group_kfold_seg,4,2,normal_428,0.0,False,False,False,False,False
group_kfold_seg,4,2,normal_430,0.0,False,False,False,False,False
group_kfold_seg,4,2,normal_432,0.0,False,False,False,False,False
group_kfold_seg,4,2,normal_452,0.0,False,False,False,False,False
group_kfold_seg,4,2,normal_464,1.0,False,False,False,False,False
group_kfold_seg,4,2,normal_469,0.0,False,True,False,True,True
group_kfold_seg,4,2,normal_474,1.0,False,False,False,False,False
group_kfold_seg,4,2,normal_478,1.0,False,False,False,False,False
group_kfold_seg,4,2,normal_484,1.0,False,False,False,False,False
group_kfold_seg,4,2,normal_492,1.0,False,False,False,False,False
group_kfold_seg,4,2,normal_495,1.0,False,False,False,False,False
group_kfold_seg,4,2,normal_496,1.0,False,False,False,False,False
group_kfold_seg,4,2,normal_501,1.0,False,False,False,False,False
group_kfold_seg,4,2,normal_504,1.0,False,False,False,False,False
group_kfold_seg,4,2,normal_516,1.0,False,False,False,False,False
group_kfold_seg,4,2,normal_520,1.0,False,False,False,False,False
group_kfold_seg,4,2,normal_524,1.0,False,False,False,False,False
group_kfold_seg,4,2,normal_536,1.0,False,False,False,False,False
group_kfold_seg,4,2,normal_538,1.0,False,False,False,False,False
group_kfold_seg,4,2,normal_539,1.0,False,False,False,False,False
group_kfold_seg,4,2,normal_548,1.0,False,False,False,False,False
group_kfold_seg,4,2,normal_549,1.0,False,False,False,False,False
group_kfold_seg,4,2,normal_556,1.0,False,False,False,False,False
group_kfold_seg,4,2,normal_564,0.0,False,False,False,False,False
group_kfold_seg,4,2,normal_576,1.0,False,False,False,False,False
group_kfold_seg,4,2,normal_579,1.0,False,False,False,False,False
group_kfold_seg,4,2,normal_581,1.0,False,False,False,False,False
group_kfold_seg,4,2,normal_582,1.0,False,False,False,False,False
group_kfold_seg,4,2,normal_588,1.0,False,False,False,False,False
time_block,1,0,normal_120,1.0,False,False,False,False,False
time_block,1,0,normal_121,1.0,False,False,False,False,False
time_block,1,0,normal_122,0.0,False,True,False,True,False
time_block,1,0,normal_123,1.0,False,False,False,False,False
time_block,1,0,normal_125,0.0,False,True,False,True,False
time_block,1,0,normal_126,1.0,False,False,False,False,False
time_block,1,0,normal_127,0.0,False,False,False,False,False
time_block,1,0,normal_128,0.0,False,False,False,False,False
time_block,1,0,normal_129,1.0,False,False,False,False,False
time_block,1,0,normal_131,1.0,False,False,False,False,False
time_block,1,0,normal_132,1.0,False,False,False,False,False
time_block,1,0,normal_133,0.0,False,False,False,False,False
time_block,1,0,normal_134,1.0,False,False,False,False,False
time_block,1,0,normal_136,0.0,False,False,False,False,False
time_block,1,0,normal_137,1.0,False,False,False,False,False
time_block,1,0,normal_138,1.0,False,False,False,False,False
time_block,1,0,normal_139,1.0,False,False,False,False,False
time_block,1,0,normal_140,0.0,False,False,False,False,False
time_block,1,0,normal_141,1.0,False,False,False,False,False
time_block,1,0,normal_144,0.0,False,True,False,True,True
time_block,1,0,normal_145,0.0,False,False,False,False,False
time_block,1,0,normal_146,1.0,False,False,False,False,False
time_block,1,0,normal_147,0.0,False,False,False,False,False
time_block,1,0,normal_148,1.0,False,False,False,False,False
time_block,1,0,normal_149,0.0,True,False,False,True,False
time_block,1,0,normal_152,1.0,False,False,False,False,False
time_block,1,0,normal_153,1.0,False,False,False,False,False
time_block,1,0,normal_154,1.0,False,False,False,False,False
time_block,1,0,normal_155,0.0,False,True,False,True,False
time_block,1,0,normal_156,1.0,False,False,False,False,False
time_block,1,0,normal_158,0.0,False,False,False,False,False
time_block,1,0,normal_159,1.0,False,False,False,False,False
time_block,1,0,normal_160,0.0,False,False,False,False,False
time_block,1,0,normal_161,0.0,False,False,False,False,False
time_block,1,0,normal_162,1.0,False,False,False,False,False
time_block,1,0,normal_164,1.0,False,False,False,False,False
time_block,1,0,normal_165,0.0,False,False,False,False,False
time_block,1,0,normal_166,0.0,False,False,False,False,False
time_block,1,0,normal_167,1.0,False,False,False,False,False
time_block,1,0,normal_169,1.0,False,False,False,False,False
time_block,1,0,normal_170,0.0,False,True,False,True,False
time_block,1,0,normal_171,0.0,False,False,False,False,False
time_block,1,0,normal_172,0.0,False,False,False,False,False
time_block,1,0,normal_173,0.0,False,False,False,False,False
time_block,1,0,normal_175,0.0,True,False,False,True,True
time_block,1,0,normal_176,0.0,False,False,False,False,False
time_block,1,0,normal_177,1.0,False,False,False,False,False
time_block,1,0,normal_178,0.0,True,True,True,True,True
time_block,1,0,normal_179,0.0,False,True,False,True,False
time_block,1,0,normal_181,0.0,False,False,False,False,False
time_block,1,0,normal_182,1.0,False,False,False,False,False
time_block,1,0,normal_183,1.0,False,False,False,False,False
time_block,1,0,normal_184,1.0,False,False,False,False,False
time_block,1,0,normal_185,1.0,False,False,False,False,False
time_block,1,0,normal_187,1.0,False,False,False,False,False
time_block,1,0,normal_188,0.0,False,False,False,False,False
time_block,1,0,normal_189,0.0,False,False,False,False,False
time_block,1,0,normal_190,1.0,False,False,False,False,False
time_block,1,0,normal_191,0.0,False,False,False,False,False
time_block,1,0,normal_192,1.0,False,False,False,False,False
time_block,1,0,normal_193,0.0,False,False,False,False,False
time_block,1,0,normal_194,0.0,False,True,False,True,False
time_block,1,0,normal_195,1.0,False,False,False,False,False
time_block,1,0,normal_196,0.0,False,False,False,False,False
time_block,1,0,normal_198,0.0,False,False,False,False,False
time_block,1,0,normal_199,0.0,False,False,False,False,False
time_block,1,0,normal_200,1.0,False,False,False,False,False
time_block,1,0,normal_201,0.0,True,False,False,True,False
time_block,1,0,normal_203,1.0,False,False,False,False,False
time_block,1,0,normal_204,0.0,False,False,False,False,False
time_block,1,0,normal_205,1.0,False,False,False,False,False
time_block,1,0,normal_206,1.0,False,False,False,False,False
time_block,1,0,normal_207,0.0,False,False,False,False,False
time_block,1,0,normal_208,0.0,False,False,False,False,False
time_block,1,0,normal_209,0.0,False,True,False,True,False
time_block,1,0,normal_210,1.0,False,False,False,False,False
time_block,1,0,normal_211,0.0,False,False,False,False,False
time_block,1,0,normal_212,0.0,False,False,False,False,False
time_block,1,0,normal_213,1.0,False,False,False,False,False
time_block,1,0,normal_214,1.0,False,False,False,False,False
time_block,1,0,normal_215,1.0,False,False,False,False,False
time_block,1,0,normal_216,0.0,False,True,False,True,True
time_block,1,0,normal_217,1.0,False,False,False,False,False
time_block,1,0,normal_218,1.0,False,False,False,False,False
time_block,1,0,normal_219,0.0,False,False,False,False,False
time_block,1,0,normal_220,1.0,False,False,False,False,False
time_block,1,0,normal_221,0.0,False,False,False,False,False
time_block,1,0,normal_222,1.0,False,False,False,False,False
time_block,1,0,normal_223,1.0,False,False,False,False,False
time_block,1,0,normal_224,0.0,False,False,False,False,False
time_block,1,0,normal_225,0.0,False,False,False,False,False
time_block,1,0,normal_227,0.0,False,False,False,False,False
time_block,1,0,normal_228,0.0,False,False,False,False,False
time_block,1,0,normal_229,0.0,False,False,False,False,False
time_block,1,0,normal_230,1.0,False,False,False,False,False
time_block,1,0,normal_231,0.0,False,False,False,False,False
time_block,1,0,normal_233,1.0,False,False,False,False,False
time_block,1,0,normal_234,1.0,False,False,False,False,False
time_block,1,0,normal_235,0.0,False,False,False,False,False
time_block,1,0,normal_236,1.0,False,False,False,False,False
time_block,1,0,normal_237,1.0,False,False,False,False,False
time_block,1,0,normal_239,1.0,False,False,False,False,False
time_block,1,1,normal_120,1.0,False,False,False,False,False
time_block,1,1,normal_121,1.0,False,False,False,False,False
time_block,1,1,normal_122,0.0,False,True,False,True,False
time_block,1,1,normal_123,1.0,False,False,False,False,False
time_block,1,1,normal_125,0.0,False,True,False,True,False
time_block,1,1,normal_126,1.0,False,False,False,False,False
time_block,1,1,normal_127,0.0,False,False,False,False,False
time_block,1,1,normal_128,0.0,False,False,False,False,False
time_block,1,1,normal_129,1.0,False,False,False,False,False
time_block,1,1,normal_131,1.0,False,False,False,False,False
time_block,1,1,normal_132,1.0,False,False,False,False,False
time_block,1,1,normal_133,0.0,False,False,False,False,False
time_block,1,1,normal_134,1.0,False,False,False,False,False
time_block,1,1,normal_136,0.0,False,False,False,False,False
time_block,1,1,normal_137,1.0,False,False,False,False,False
time_block,1,1,normal_138,1.0,False,False,False,False,False
time_block,1,1,normal_139,1.0,False,False,False,False,False
time_block,1,1,normal_140,0.0,False,False,False,False,False
time_block,1,1,normal_141,1.0,False,False,False,False,False
time_block,1,1,normal_144,0.0,False,True,False,True,True
time_block,1,1,normal_145,0.0,False,False,False,False,False
time_block,1,1,normal_146,1.0,False,False,False,False,False
time_block,1,1,normal_147,0.0,False,False,False,False,False
time_block,1,1,normal_148,1.0,False,False,False,False,False
time_block,1,1,normal_149,0.0,True,False,False,True,False
time_block,1,1,normal_152,1.0,False,False,False,False,False
time_block,1,1,normal_153,1.0,False,False,False,False,False
time_block,1,1,normal_154,1.0,False,False,False,False,False
time_block,1,1,normal_155,0.0,False,True,False,True,False
time_block,1,1,normal_156,1.0,False,False,False,False,False
time_block,1,1,normal_158,0.0,False,False,False,False,False
time_block,1,1,normal_159,1.0,False,False,False,False,False
time_block,1,1,normal_160,0.0,False,False,False,False,False
time_block,1,1,normal_161,0.0,False,False,False,False,False
time_block,1,1,normal_162,1.0,False,False,False,False,False
time_block,1,1,normal_164,1.0,False,False,False,False,False
time_block,1,1,normal_165,0.0,False,False,False,False,False
time_block,1,1,normal_166,0.0,False,False,False,False,False
time_block,1,1,normal_167,1.0,False,False,False,False,False
time_block,1,1,normal_169,1.0,False,False,False,False,False
time_block,1,1,normal_170,0.0,False,True,False,True,True
time_block,1,1,normal_171,0.0,False,False,False,False,False
time_block,1,1,normal_172,0.0,False,False,False,False,False
time_block,1,1,normal_173,0.0,False,False,False,False,False
time_block,1,1,normal_175,0.0,True,False,False,True,True
time_block,1,1,normal_176,0.0,False,False,False,False,False
time_block,1,1,normal_177,1.0,False,False,False,False,False
time_block,1,1,normal_178,0.0,True,True,True,True,True
time_block,1,1,normal_179,0.0,False,True,False,True,False
time_block,1,1,normal_181,0.0,False,False,False,False,False
time_block,1,1,normal_182,1.0,False,False,False,False,False
time_block,1,1,normal_183,1.0,False,False,False,False,False
time_block,1,1,normal_184,1.0,False,False,False,False,False
time_block,1,1,normal_185,1.0,False,False,False,False,False
time_block,1,1,normal_187,1.0,False,False,False,False,False
time_block,1,1,normal_188,0.0,False,False,False,False,False
time_block,1,1,normal_189,0.0,False,False,False,False,False
time_block,1,1,normal_190,1.0,False,False,False,False,False
time_block,1,1,normal_191,0.0,False,False,False,False,False
time_block,1,1,normal_192,1.0,False,False,False,False,False
time_block,1,1,normal_193,0.0,False,True,False,True,False
time_block,1,1,normal_194,0.0,False,True,False,True,False
time_block,1,1,normal_195,1.0,False,False,False,False,False
time_block,1,1,normal_196,0.0,False,False,False,False,False
time_block,1,1,normal_198,0.0,False,False,False,False,False
time_block,1,1,normal_199,0.0,False,False,False,False,False
time_block,1,1,normal_200,1.0,False,False,False,False,False
time_block,1,1,normal_201,0.0,True,False,False,True,False
time_block,1,1,normal_203,1.0,False,False,False,False,False
time_block,1,1,normal_204,0.0,False,False,False,False,False
time_block,1,1,normal_205,1.0,False,False,False,False,False
time_block,1,1,normal_206,1.0,False,False,False,False,False
time_block,1,1,normal_207,0.0,False,False,False,False,False
time_block,1,1,normal_208,0.0,False,False,False,False,False
time_block,1,1,normal_209,0.0,False,True,False,True,False
time_block,1,1,normal_210,1.0,False,False,False,False,False
time_block,1,1,normal_211,0.0,False,False,False,False,False
time_block,1,1,normal_212,0.0,False,False,False,False,False
time_block,1,1,normal_213,1.0,False,False,False,False,False
time_block,1,1,normal_214,1.0,False,False,False,False,False
time_block,1,1,normal_215,1.0,False,False,False,False,False
time_block,1,1,normal_216,0.0,False,True,False,True,True
time_block,1,1,normal_217,1.0,False,False,False,False,False
time_block,1,1,normal_218,1.0,False,False,False,False,False
time_block,1,1,normal_219,0.0,False,False,False,False,False
time_block,1,1,normal_220,1.0,False,False,False,False,False
time_block,1,1,normal_221,0.0,False,False,False,False,False
time_block,1,1,normal_222,1.0,False,False,False,False,False
time_block,1,1,normal_223,1.0,False,False,False,False,False
time_block,1,1,normal_224,0.0,False,False,False,False,False
time_block,1,1,normal_225,0.0,False,False,False,False,False
time_block,1,1,normal_227,0.0,False,False,False,False,False
time_block,1,1,normal_228,0.0,False,False,False,False,False
time_block,1,1,normal_229,0.0,False,False,False,False,False
time_block,1,1,normal_230,1.0,False,False,False,False,False
time_block,1,1,normal_231,0.0,False,False,False,False,False
time_block,1,1,normal_233,1.0,False,False,False,False,False
time_block,1,1,normal_234,1.0,False,False,False,False,False
time_block,1,1,normal_235,0.0,False,False,False,False,False
time_block,1,1,normal_236,1.0,False,False,False,False,False
time_block,1,1,normal_237,1.0,False,False,False,False,False
time_block,1,1,normal_239,1.0,False,False,False,False,False
time_block,1,2,normal_120,1.0,False,False,False,False,False
time_block,1,2,normal_121,1.0,False,False,False,False,False
time_block,1,2,normal_122,0.0,False,True,False,True,False
time_block,1,2,normal_123,1.0,False,False,False,False,False
time_block,1,2,normal_125,0.0,False,True,False,True,False
time_block,1,2,normal_126,1.0,False,False,False,False,False
time_block,1,2,normal_127,0.0,False,False,False,False,False
time_block,1,2,normal_128,0.0,False,False,False,False,False
time_block,1,2,normal_129,1.0,False,False,False,False,False
time_block,1,2,normal_131,1.0,False,False,False,False,False
time_block,1,2,normal_132,1.0,False,False,False,False,False
time_block,1,2,normal_133,0.0,False,False,False,False,False
time_block,1,2,normal_134,1.0,False,False,False,False,False
time_block,1,2,normal_136,0.0,False,False,False,False,False
time_block,1,2,normal_137,1.0,False,False,False,False,False
time_block,1,2,normal_138,1.0,False,False,False,False,False
time_block,1,2,normal_139,1.0,False,False,False,False,False
time_block,1,2,normal_140,0.0,False,False,False,False,False
time_block,1,2,normal_141,1.0,False,False,False,False,False
time_block,1,2,normal_144,0.0,False,True,False,True,True
time_block,1,2,normal_145,0.0,False,False,False,False,False
time_block,1,2,normal_146,1.0,False,False,False,False,False
time_block,1,2,normal_147,0.0,False,False,False,False,False
time_block,1,2,normal_148,1.0,False,False,False,False,False
time_block,1,2,normal_149,0.0,True,False,False,True,False
time_block,1,2,normal_152,1.0,False,False,False,False,False
time_block,1,2,normal_153,1.0,False,False,False,False,False
time_block,1,2,normal_154,1.0,False,False,False,False,False
time_block,1,2,normal_155,0.0,False,True,False,True,False
time_block,1,2,normal_156,1.0,False,False,False,False,False
time_block,1,2,normal_158,0.0,False,False,False,False,False
time_block,1,2,normal_159,1.0,False,False,False,False,False
time_block,1,2,normal_160,0.0,False,False,False,False,False
time_block,1,2,normal_161,0.0,False,False,False,False,False
time_block,1,2,normal_162,1.0,False,False,False,False,False
time_block,1,2,normal_164,1.0,False,False,False,False,False
time_block,1,2,normal_165,0.0,False,False,False,False,False
time_block,1,2,normal_166,0.0,False,False,False,False,False
time_block,1,2,normal_167,1.0,False,False,False,False,False
time_block,1,2,normal_169,1.0,False,False,False,False,False
time_block,1,2,normal_170,0.0,False,True,False,True,True
time_block,1,2,normal_171,0.0,False,False,False,False,False
time_block,1,2,normal_172,0.0,False,False,False,False,False
time_block,1,2,normal_173,0.0,False,False,False,False,False
time_block,1,2,normal_175,0.0,True,False,False,True,True
time_block,1,2,normal_176,0.0,False,False,False,False,False
time_block,1,2,normal_177,1.0,False,False,False,False,False
time_block,1,2,normal_178,0.0,True,True,True,True,True
time_block,1,2,normal_179,0.0,False,True,False,True,False
time_block,1,2,normal_181,0.0,False,False,False,False,False
time_block,1,2,normal_182,1.0,False,False,False,False,False
time_block,1,2,normal_183,1.0,False,False,False,False,False
time_block,1,2,normal_184,1.0,False,False,False,False,False
time_block,1,2,normal_185,1.0,False,False,False,False,False
time_block,1,2,normal_187,1.0,False,False,False,False,False
time_block,1,2,normal_188,0.0,False,False,False,False,False
time_block,1,2,normal_189,0.0,False,False,False,False,False
time_block,1,2,normal_190,1.0,False,False,False,False,False
time_block,1,2,normal_191,0.0,False,False,False,False,False
time_block,1,2,normal_192,1.0,False,False,False,False,False
time_block,1,2,normal_193,0.0,False,True,False,True,False
time_block,1,2,normal_194,0.0,False,True,False,True,False
time_block,1,2,normal_195,1.0,False,False,False,False,False
time_block,1,2,normal_196,0.0,False,False,False,False,False
time_block,1,2,normal_198,0.0,False,False,False,False,False
time_block,1,2,normal_199,0.0,False,False,False,False,False
time_block,1,2,normal_200,1.0,False,False,False,False,False
time_block,1,2,normal_201,0.0,True,False,False,True,False
time_block,1,2,normal_203,1.0,False,False,False,False,False
time_block,1,2,normal_204,0.0,False,False,False,False,False
time_block,1,2,normal_205,1.0,False,False,False,False,False
time_block,1,2,normal_206,1.0,False,False,False,False,False
time_block,1,2,normal_207,0.0,False,False,False,False,False
time_block,1,2,normal_208,0.0,False,False,False,False,False
time_block,1,2,normal_209,0.0,False,True,False,True,False
time_block,1,2,normal_210,1.0,False,False,False,False,False
time_block,1,2,normal_211,0.0,False,False,False,False,False
time_block,1,2,normal_212,0.0,False,False,False,False,False
time_block,1,2,normal_213,1.0,False,False,False,False,False
time_block,1,2,normal_214,1.0,False,False,False,False,False
time_block,1,2,normal_215,1.0,False,False,False,False,False
time_block,1,2,normal_216,0.0,False,True,False,True,True
time_block,1,2,normal_217,1.0,False,False,False,False,False
time_block,1,2,normal_218,1.0,False,False,False,False,False
time_block,1,2,normal_219,0.0,False,False,False,False,False
time_block,1,2,normal_220,1.0,False,False,False,False,False
time_block,1,2,normal_221,0.0,False,False,False,False,False
time_block,1,2,normal_222,1.0,False,False,False,False,False
time_block,1,2,normal_223,1.0,False,False,False,False,False
time_block,1,2,normal_224,0.0,False,False,False,False,False
time_block,1,2,normal_225,0.0,False,False,False,False,False
time_block,1,2,normal_227,0.0,False,False,False,False,False
time_block,1,2,normal_228,0.0,False,False,False,False,False
time_block,1,2,normal_229,0.0,False,False,False,False,False
time_block,1,2,normal_230,1.0,False,False,False,False,False
time_block,1,2,normal_231,0.0,False,False,False,False,False
time_block,1,2,normal_233,1.0,False,False,False,False,False
time_block,1,2,normal_234,1.0,False,False,False,False,False
time_block,1,2,normal_235,0.0,False,False,False,False,False
time_block,1,2,normal_236,1.0,False,False,False,False,False
time_block,1,2,normal_237,1.0,False,False,False,False,False
time_block,1,2,normal_239,1.0,False,False,False,False,False
time_block,2,0,normal_240,1.0,False,False,False,False,False
time_block,2,0,normal_241,0.0,False,True,False,True,True
time_block,2,0,normal_242,0.0,False,False,False,False,False
time_block,2,0,normal_243,1.0,False,False,False,False,False
time_block,2,0,normal_245,1.0,False,False,False,False,False
time_block,2,0,normal_246,0.0,False,False,False,False,False
time_block,2,0,normal_247,1.0,False,False,False,False,False
time_block,2,0,normal_248,0.0,False,False,False,False,False
time_block,2,0,normal_249,0.0,False,False,False,False,False
time_block,2,0,normal_251,0.0,False,False,False,False,False
time_block,2,0,normal_252,1.0,False,False,False,False,False
time_block,2,0,normal_253,0.0,False,False,False,False,False
time_block,2,0,normal_254,0.0,False,False,False,False,False
time_block,2,0,normal_255,1.0,False,False,False,False,False
time_block,2,0,normal_257,1.0,False,False,False,False,False
time_block,2,0,normal_258,0.0,False,False,False,False,False
time_block,2,0,normal_259,0.0,False,False,False,False,False
time_block,2,0,normal_260,1.0,False,False,False,False,False
time_block,2,0,normal_261,0.0,False,False,False,False,False
time_block,2,0,normal_264,0.0,False,False,False,False,False
time_block,2,0,normal_265,0.0,False,False,False,False,False
time_block,2,0,normal_266,1.0,False,False,False,False,False
time_block,2,0,normal_267,0.0,False,False,False,False,False
time_block,2,0,normal_268,0.0,False,False,False,False,False
time_block,2,0,normal_270,0.0,False,False,False,False,False
time_block,2,0,normal_271,0.0,False,False,False,False,False
time_block,2,0,normal_272,1.0,False,False,False,False,False
time_block,2,0,normal_273,0.0,False,False,False,False,False
time_block,2,0,normal_274,1.0,False,False,False,False,False
time_block,2,0,normal_275,1.0,False,False,False,False,False
time_block,2,0,normal_276,0.0,False,True,False,True,True
time_block,2,0,normal_277,1.0,False,False,False,False,False
time_block,2,0,normal_280,0.0,False,False,False,False,False
time_block,2,0,normal_281,1.0,False,False,False,False,False
time_block,2,0,normal_282,1.0,False,False,False,False,False
time_block,2,0,normal_283,0.0,False,False,False,False,False
time_block,2,0,normal_284,1.0,False,False,False,False,False
time_block,2,0,normal_285,1.0,False,False,False,False,False
time_block,2,0,normal_286,0.0,False,False,False,False,False
time_block,2,0,normal_287,1.0,False,False,False,False,False
time_block,2,0,normal_288,1.0,False,False,False,False,False
time_block,2,0,normal_289,0.0,False,False,False,False,False
time_block,2,0,normal_290,1.0,False,False,False,False,False
time_block,2,0,normal_292,0.0,False,False,False,False,False
time_block,2,0,normal_293,1.0,False,False,False,False,False
time_block,2,0,normal_294,1.0,False,False,False,False,False
time_block,2,0,normal_295,0.0,False,False,False,False,False
time_block,2,0,normal_296,1.0,False,False,False,False,False
time_block,2,0,normal_298,0.0,False,False,False,False,False
time_block,2,0,normal_299,1.0,False,False,False,False,False
time_block,2,0,normal_300,0.0,False,False,False,False,False
time_block,2,0,normal_301,0.0,False,False,False,False,False
time_block,2,0,normal_303,0.0,False,True,False,True,True
time_block,2,0,normal_304,1.0,False,False,False,False,False
time_block,2,0,normal_305,1.0,False,False,False,False,False
time_block,2,0,normal_306,1.0,False,False,False,False,False
time_block,2,0,normal_307,1.0,False,False,False,False,False
time_block,2,0,normal_309,1.0,False,False,False,False,False
time_block,2,0,normal_310,0.0,False,False,False,False,False
time_block,2,0,normal_311,1.0,False,False,False,False,False
time_block,2,0,normal_312,1.0,False,False,False,False,False
time_block,2,0,normal_313,0.0,False,False,False,False,False
time_block,2,0,normal_315,1.0,False,False,False,False,False
time_block,2,0,normal_316,0.0,False,False,False,False,False
time_block,2,0,normal_317,0.0,False,False,False,False,False
time_block,2,0,normal_318,1.0,False,False,False,False,False
time_block,2,0,normal_319,1.0,False,False,False,False,False
time_block,2,0,normal_322,0.0,False,False,False,False,False
time_block,2,0,normal_323,1.0,False,False,False,False,False
time_block,2,0,normal_324,1.0,False,False,False,False,False
time_block,2,0,normal_325,0.0,False,True,False,True,False
time_block,2,0,normal_326,1.0,False,False,False,False,False
time_block,2,0,normal_328,0.0,False,True,False,True,False
time_block,2,0,normal_329,0.0,False,False,False,False,False
time_block,2,0,normal_330,1.0,False,False,False,False,False
time_block,2,0,normal_331,0.0,True,True,False,True,True
time_block,2,0,normal_332,0.0,False,False,False,False,False
time_block,2,0,normal_334,0.0,False,True,False,True,False
time_block,2,0,normal_335,1.0,False,False,False,False,False
time_block,2,0,normal_336,1.0,False,False,False,False,False
time_block,2,0,normal_337,1.0,False,False,False,False,False
time_block,2,0,normal_338,1.0,False,False,False,False,False
time_block,2,0,normal_340,1.0,False,False,False,False,False
time_block,2,0,normal_341,1.0,False,False,False,False,False
time_block,2,0,normal_342,0.0,False,False,False,False,False
time_block,2,0,normal_343,1.0,False,False,False,False,False
time_block,2,0,normal_344,1.0,False,False,False,False,False
time_block,2,0,normal_345,0.0,False,False,False,False,False
time_block,2,0,normal_347,1.0,False,False,False,False,False
time_block,2,0,normal_348,0.0,False,True,False,True,False
time_block,2,0,normal_349,1.0,False,False,False,False,False
time_block,2,0,normal_350,1.0,False,False,False,False,False
time_block,2,0,normal_351,0.0,False,False,False,False,False
time_block,2,0,normal_353,1.0,False,False,False,False,False
time_block,2,0,normal_354,0.0,False,True,False,True,True
time_block,2,0,normal_355,1.0,False,False,False,False,False
time_block,2,0,normal_356,1.0,False,False,False,False,False
time_block,2,0,normal_357,0.0,False,True,False,True,False
time_block,2,0,normal_359,0.0,False,True,False,True,False
time_block,2,1,normal_240,1.0,False,False,False,False,False
time_block,2,1,normal_241,0.0,False,True,False,True,True
time_block,2,1,normal_242,0.0,False,False,False,False,False
time_block,2,1,normal_243,1.0,False,False,False,False,False
time_block,2,1,normal_245,1.0,False,False,False,False,False
time_block,2,1,normal_246,0.0,False,False,False,False,False
time_block,2,1,normal_247,1.0,False,False,False,False,False
time_block,2,1,normal_248,0.0,False,False,False,False,False
time_block,2,1,normal_249,0.0,False,False,False,False,False
time_block,2,1,normal_251,0.0,False,False,False,False,False
time_block,2,1,normal_252,1.0,False,False,False,False,False
time_block,2,1,normal_253,0.0,False,False,False,False,False
time_block,2,1,normal_254,0.0,False,False,False,False,False
time_block,2,1,normal_255,1.0,False,False,False,False,False
time_block,2,1,normal_257,1.0,False,False,False,False,False
time_block,2,1,normal_258,0.0,False,False,False,False,False
time_block,2,1,normal_259,0.0,False,False,False,False,False
time_block,2,1,normal_260,1.0,False,False,False,False,False
time_block,2,1,normal_261,0.0,False,False,False,False,False
time_block,2,1,normal_264,0.0,False,False,False,False,False
time_block,2,1,normal_265,0.0,False,False,False,False,False
time_block,2,1,normal_266,1.0,False,False,False,False,False
time_block,2,1,normal_267,0.0,False,False,False,False,False
time_block,2,1,normal_268,0.0,False,False,False,False,False
time_block,2,1,normal_270,0.0,False,False,False,False,False
time_block,2,1,normal_271,0.0,False,False,False,False,False
time_block,2,1,normal_272,1.0,False,False,False,False,False
time_block,2,1,normal_273,0.0,False,False,False,False,False
time_block,2,1,normal_274,1.0,False,False,False,False,False
time_block,2,1,normal_275,1.0,False,False,False,False,False
time_block,2,1,normal_276,0.0,False,True,False,True,True
time_block,2,1,normal_277,1.0,False,False,False,False,False
time_block,2,1,normal_280,0.0,False,False,False,False,False
time_block,2,1,normal_281,1.0,False,False,False,False,False
time_block,2,1,normal_282,1.0,False,False,False,False,False
time_block,2,1,normal_283,0.0,False,False,False,False,False
time_block,2,1,normal_284,1.0,False,False,False,False,False
time_block,2,1,normal_285,1.0,False,False,False,False,False
time_block,2,1,normal_286,0.0,False,False,False,False,False
time_block,2,1,normal_287,1.0,False,False,False,False,False
time_block,2,1,normal_288,1.0,False,False,False,False,False
time_block,2,1,normal_289,0.0,False,False,False,False,False
time_block,2,1,normal_290,1.0,False,False,False,False,False
time_block,2,1,normal_292,0.0,False,False,False,False,False
time_block,2,1,normal_293,1.0,False,False,False,False,False
time_block,2,1,normal_294,1.0,False,False,False,False,False
time_block,2,1,normal_295,0.0,False,False,False,False,False
time_block,2,1,normal_296,1.0,False,False,False,False,False
time_block,2,1,normal_298,0.0,False,False,False,False,False
time_block,2,1,normal_299,1.0,False,False,False,False,False
time_block,2,1,normal_300,0.0,False,False,False,False,False
time_block,2,1,normal_301,0.0,False,False,False,False,False
time_block,2,1,normal_303,0.0,False,True,False,True,True
time_block,2,1,normal_304,1.0,False,False,False,False,False
time_block,2,1,normal_305,1.0,False,False,False,False,False
time_block,2,1,normal_306,1.0,False,False,False,False,False
time_block,2,1,normal_307,1.0,False,False,False,False,False
time_block,2,1,normal_309,1.0,False,False,False,False,False
time_block,2,1,normal_310,0.0,False,False,False,False,False
time_block,2,1,normal_311,1.0,False,False,False,False,False
time_block,2,1,normal_312,1.0,False,False,False,False,False
time_block,2,1,normal_313,0.0,False,False,False,False,False
time_block,2,1,normal_315,1.0,False,False,False,False,False
time_block,2,1,normal_316,0.0,False,False,False,False,False
time_block,2,1,normal_317,0.0,False,False,False,False,False
time_block,2,1,normal_318,1.0,False,False,False,False,False
time_block,2,1,normal_319,1.0,False,False,False,False,False
time_block,2,1,normal_322,0.0,False,False,False,False,False
time_block,2,1,normal_323,1.0,False,False,False,False,False
time_block,2,1,normal_324,1.0,False,False,False,False,False
time_block,2,1,normal_325,0.0,False,True,False,True,False
time_block,2,1,normal_326,1.0,False,False,False,False,False
time_block,2,1,normal_328,0.0,False,True,False,True,False
time_block,2,1,normal_329,0.0,False,False,False,False,False
time_block,2,1,normal_330,1.0,False,False,False,False,False
time_block,2,1,normal_331,0.0,True,True,False,True,True
time_block,2,1,normal_332,0.0,False,False,False,False,False
time_block,2,1,normal_334,0.0,False,True,False,True,False
time_block,2,1,normal_335,1.0,False,False,False,False,False
time_block,2,1,normal_336,1.0,False,False,False,False,False
time_block,2,1,normal_337,1.0,False,False,False,False,False
time_block,2,1,normal_338,1.0,False,False,False,False,False
time_block,2,1,normal_340,1.0,False,False,False,False,False
time_block,2,1,normal_341,1.0,False,False,False,False,False
time_block,2,1,normal_342,0.0,False,False,False,False,False
time_block,2,1,normal_343,1.0,False,False,False,False,False
time_block,2,1,normal_344,1.0,False,False,False,False,False
time_block,2,1,normal_345,0.0,False,False,False,False,False
time_block,2,1,normal_347,1.0,False,False,False,False,False
time_block,2,1,normal_348,0.0,False,True,False,True,False
time_block,2,1,normal_349,1.0,False,False,False,False,False
time_block,2,1,normal_350,1.0,False,False,False,False,False
time_block,2,1,normal_351,0.0,False,False,False,False,False
time_block,2,1,normal_353,1.0,False,False,False,False,False
time_block,2,1,normal_354,0.0,False,True,False,True,True
time_block,2,1,normal_355,1.0,False,False,False,False,False
time_block,2,1,normal_356,1.0,False,False,False,False,False
time_block,2,1,normal_357,0.0,False,True,False,True,False
time_block,2,1,normal_359,0.0,False,True,False,True,False
time_block,2,2,normal_240,1.0,False,False,False,False,False
time_block,2,2,normal_241,0.0,False,True,False,True,True
time_block,2,2,normal_242,0.0,False,False,False,False,False
time_block,2,2,normal_243,1.0,False,False,False,False,False
time_block,2,2,normal_245,1.0,False,False,False,False,False
time_block,2,2,normal_246,0.0,False,False,False,False,False
time_block,2,2,normal_247,1.0,False,False,False,False,False
time_block,2,2,normal_248,0.0,False,False,False,False,False
time_block,2,2,normal_249,0.0,False,False,False,False,False
time_block,2,2,normal_251,0.0,False,False,False,False,False
time_block,2,2,normal_252,1.0,False,False,False,False,False
time_block,2,2,normal_253,0.0,False,False,False,False,False
time_block,2,2,normal_254,0.0,False,False,False,False,False
time_block,2,2,normal_255,1.0,False,False,False,False,False
time_block,2,2,normal_257,1.0,False,False,False,False,False
time_block,2,2,normal_258,0.0,False,False,False,False,False
time_block,2,2,normal_259,0.0,False,False,False,False,False
time_block,2,2,normal_260,1.0,False,False,False,False,False
time_block,2,2,normal_261,0.0,False,False,False,False,False
time_block,2,2,normal_264,0.0,False,False,False,False,False
time_block,2,2,normal_265,0.0,False,False,False,False,False
time_block,2,2,normal_266,1.0,False,False,False,False,False
time_block,2,2,normal_267,0.0,False,False,False,False,False
time_block,2,2,normal_268,0.0,False,False,False,False,False
time_block,2,2,normal_270,0.0,False,False,False,False,False
time_block,2,2,normal_271,0.0,False,False,False,False,False
time_block,2,2,normal_272,1.0,False,False,False,False,False
time_block,2,2,normal_273,0.0,False,False,False,False,False
time_block,2,2,normal_274,1.0,False,False,False,False,False
time_block,2,2,normal_275,1.0,False,False,False,False,False
time_block,2,2,normal_276,0.0,False,True,False,True,True
time_block,2,2,normal_277,1.0,False,False,False,False,False
time_block,2,2,normal_280,0.0,False,False,False,False,False
time_block,2,2,normal_281,1.0,False,False,False,False,False
time_block,2,2,normal_282,1.0,False,False,False,False,False
time_block,2,2,normal_283,0.0,False,False,False,False,False
time_block,2,2,normal_284,1.0,False,False,False,False,False
time_block,2,2,normal_285,1.0,False,False,False,False,False
time_block,2,2,normal_286,0.0,False,False,False,False,False
time_block,2,2,normal_287,1.0,False,False,False,False,False
time_block,2,2,normal_288,1.0,False,False,False,False,False
time_block,2,2,normal_289,0.0,False,False,False,False,False
time_block,2,2,normal_290,1.0,False,False,False,False,False
time_block,2,2,normal_292,0.0,False,False,False,False,False
time_block,2,2,normal_293,1.0,False,False,False,False,False
time_block,2,2,normal_294,1.0,False,False,False,False,False
time_block,2,2,normal_295,0.0,False,False,False,False,False
time_block,2,2,normal_296,1.0,False,False,False,False,False
time_block,2,2,normal_298,0.0,False,False,False,False,False
time_block,2,2,normal_299,1.0,False,False,False,False,False
time_block,2,2,normal_300,0.0,False,False,False,False,False
time_block,2,2,normal_301,0.0,False,False,False,False,False
time_block,2,2,normal_303,0.0,False,True,False,True,True
time_block,2,2,normal_304,1.0,False,False,False,False,False
time_block,2,2,normal_305,1.0,False,False,False,False,False
time_block,2,2,normal_306,1.0,False,False,False,False,False
time_block,2,2,normal_307,1.0,False,False,False,False,False
time_block,2,2,normal_309,1.0,False,False,False,False,False
time_block,2,2,normal_310,0.0,False,False,False,False,False
time_block,2,2,normal_311,1.0,False,False,False,False,False
time_block,2,2,normal_312,1.0,False,False,False,False,False
time_block,2,2,normal_313,0.0,False,False,False,False,False
time_block,2,2,normal_315,1.0,False,False,False,False,False
time_block,2,2,normal_316,0.0,False,False,False,False,False
time_block,2,2,normal_317,0.0,False,False,False,False,False
time_block,2,2,normal_318,1.0,False,False,False,False,False
time_block,2,2,normal_319,1.0,False,False,False,False,False
time_block,2,2,normal_322,0.0,False,False,False,False,False
time_block,2,2,normal_323,1.0,False,False,False,False,False
time_block,2,2,normal_324,1.0,False,False,False,False,False
time_block,2,2,normal_325,0.0,False,True,False,True,False
time_block,2,2,normal_326,1.0,False,False,False,False,False
time_block,2,2,normal_328,0.0,False,True,False,True,False
time_block,2,2,normal_329,0.0,False,False,False,False,False
time_block,2,2,normal_330,1.0,False,False,False,False,False
time_block,2,2,normal_331,0.0,True,True,False,True,True
time_block,2,2,normal_332,0.0,False,False,False,False,False
time_block,2,2,normal_334,0.0,False,True,False,True,False
time_block,2,2,normal_335,1.0,False,False,False,False,False
time_block,2,2,normal_336,1.0,False,False,False,False,False
time_block,2,2,normal_337,1.0,False,False,False,False,False
time_block,2,2,normal_338,1.0,False,False,False,False,False
time_block,2,2,normal_340,1.0,False,False,False,False,False
time_block,2,2,normal_341,1.0,False,False,False,False,False
time_block,2,2,normal_342,0.0,False,False,False,False,False
time_block,2,2,normal_343,1.0,False,False,False,False,False
time_block,2,2,normal_344,1.0,False,False,False,False,False
time_block,2,2,normal_345,0.0,False,False,False,False,False
time_block,2,2,normal_347,1.0,False,False,False,False,False
time_block,2,2,normal_348,0.0,False,True,False,True,False
time_block,2,2,normal_349,1.0,False,False,False,False,False
time_block,2,2,normal_350,1.0,False,False,False,False,False
time_block,2,2,normal_351,0.0,False,False,False,False,False
time_block,2,2,normal_353,1.0,False,False,False,False,False
time_block,2,2,normal_354,0.0,False,True,False,True,True
time_block,2,2,normal_355,1.0,False,False,False,False,False
time_block,2,2,normal_356,1.0,False,False,False,False,False
time_block,2,2,normal_357,0.0,False,True,False,True,False
time_block,2,2,normal_359,0.0,False,True,False,True,False
time_block,3,0,normal_360,1.0,False,False,False,False,False
time_block,3,0,normal_361,0.0,False,True,False,True,False
time_block,3,0,normal_362,0.0,False,False,False,False,False
time_block,3,0,normal_363,1.0,False,False,False,False,False
time_block,3,0,normal_365,1.0,False,False,False,False,False
time_block,3,0,normal_366,0.0,False,False,False,False,False
time_block,3,0,normal_367,0.0,False,False,False,False,False
time_block,3,0,normal_368,1.0,False,False,False,False,False
time_block,3,0,normal_369,0.0,False,False,False,False,False
time_block,3,0,normal_371,1.0,False,False,False,False,False
time_block,3,0,normal_372,0.0,False,True,False,True,False
time_block,3,0,normal_373,0.0,False,False,False,False,False
time_block,3,0,normal_374,1.0,False,False,False,False,False
time_block,3,0,normal_375,0.0,False,False,False,False,False
time_block,3,0,normal_377,1.0,False,False,False,False,False
time_block,3,0,normal_378,1.0,False,False,False,False,False
time_block,3,0,normal_379,0.0,False,True,False,True,True
time_block,3,0,normal_380,0.0,False,False,False,False,False
time_block,3,0,normal_381,1.0,False,False,False,False,False
time_block,3,0,normal_383,0.0,False,False,False,False,False
time_block,3,0,normal_384,1.0,False,False,False,False,False
time_block,3,0,normal_385,1.0,False,False,False,False,False
time_block,3,0,normal_386,0.0,False,True,False,True,False
time_block,3,0,normal_387,1.0,False,False,False,False,False
time_block,3,0,normal_389,0.0,False,False,False,False,False
time_block,3,0,normal_390,0.0,False,False,False,False,False
time_block,3,0,normal_391,1.0,False,False,False,False,False
time_block,3,0,normal_392,0.0,False,False,False,False,False
time_block,3,0,normal_393,0.0,False,False,False,False,False
time_block,3,0,normal_395,0.0,False,False,False,False,False
time_block,3,0,normal_396,1.0,False,False,False,False,False
time_block,3,0,normal_397,0.0,False,False,False,False,False
time_block,3,0,normal_398,0.0,False,False,False,False,False
time_block,3,0,normal_400,0.0,False,True,False,True,False
time_block,3,0,normal_401,0.0,False,False,False,False,False
time_block,3,0,normal_402,1.0,False,False,False,False,False
time_block,3,0,normal_403,0.0,False,False,False,False,False
time_block,3,0,normal_404,1.0,False,False,False,False,False
time_block,3,0,normal_405,0.0,False,False,False,False,False
time_block,3,0,normal_406,0.0,False,False,False,False,False
time_block,3,0,normal_407,1.0,False,False,False,False,False
time_block,3,0,normal_408,0.0,False,False,False,False,False
time_block,3,0,normal_409,0.0,False,False,False,False,False
time_block,3,0,normal_410,0.0,False,False,False,False,False
time_block,3,0,normal_411,0.0,False,True,False,True,False
time_block,3,0,normal_412,1.0,False,False,False,False,False
time_block,3,0,normal_413,0.0,True,False,False,True,True
time_block,3,0,normal_414,0.0,False,False,False,False,False
time_block,3,0,normal_415,0.0,False,False,False,False,False
time_block,3,0,normal_417,0.0,False,False,False,False,False
time_block,3,0,normal_418,1.0,False,False,False,False,False
time_block,3,0,normal_419,0.0,False,True,False,True,True
time_block,3,0,normal_420,0.0,False,False,False,False,False
time_block,3,0,normal_421,1.0,False,False,False,False,False
time_block,3,0,normal_422,0.0,False,True,False,True,False
time_block,3,0,normal_423,1.0,False,False,False,False,False
time_block,3,0,normal_424,1.0,False,False,False,False,False
time_block,3,0,normal_425,0.0,False,True,False,True,False
time_block,3,0,normal_426,1.0,False,False,False,False,False
time_block,3,0,normal_427,0.0,False,False,False,False,False
time_block,3,0,normal_428,0.0,False,False,False,False,False
time_block,3,0,normal_429,1.0,False,False,False,False,False
time_block,3,0,normal_430,0.0,False,False,False,False,False
time_block,3,0,normal_431,1.0,False,False,False,False,False
time_block,3,0,normal_432,0.0,False,False,False,False,False
time_block,3,0,normal_433,1.0,False,False,False,False,False
time_block,3,0,normal_434,1.0,False,False,False,False,False
time_block,3,0,normal_435,0.0,False,True,False,True,False
time_block,3,0,normal_436,1.0,False,False,False,False,False
time_block,3,0,normal_437,1.0,False,False,False,False,False
time_block,3,0,normal_438,0.0,False,False,False,False,False
time_block,3,0,normal_439,1.0,False,False,False,False,False
time_block,3,0,normal_440,0.0,False,True,False,True,True
time_block,3,0,normal_441,0.0,False,False,False,False,False
time_block,3,0,normal_443,1.0,False,False,False,False,False
time_block,3,0,normal_444,0.0,False,True,False,True,False
time_block,3,0,normal_445,0.0,False,False,False,False,False
time_block,3,0,normal_446,1.0,False,False,False,False,False
time_block,3,0,normal_447,0.0,False,False,False,False,False
time_block,3,0,normal_449,0.0,False,False,False,False,False
time_block,3,0,normal_450,0.0,False,True,False,True,False
time_block,3,0,normal_451,1.0,False,False,False,False,False
time_block,3,0,normal_452,0.0,False,False,False,False,False
time_block,3,0,normal_453,0.0,False,False,False,False,False
time_block,3,0,normal_454,1.0,False,False,False,False,False
time_block,3,0,normal_455,0.0,False,True,False,True,False
time_block,3,0,normal_456,1.0,False,False,False,False,False
time_block,3,0,normal_457,1.0,False,False,False,False,False
time_block,3,0,normal_458,0.0,False,False,False,False,False
time_block,3,0,normal_460,0.0,False,False,False,False,True
time_block,3,0,normal_461,1.0,False,False,False,False,False
time_block,3,0,normal_462,1.0,False,False,False,False,False
time_block,3,0,normal_463,1.0,False,False,False,False,False
time_block,3,0,normal_464,1.0,False,False,False,False,False
time_block,3,0,normal_466,1.0,False,False,False,False,False
time_block,3,0,normal_467,0.0,False,False,False,False,False
time_block,3,0,normal_468,0.0,False,False,False,False,False
time_block,3,0,normal_469,0.0,False,True,False,True,True
time_block,3,0,normal_470,1.0,False,False,False,False,False
time_block,3,0,normal_471,1.0,False,False,False,False,False
time_block,3,0,normal_472,1.0,False,False,False,False,False
time_block,3,0,normal_473,1.0,False,False,False,False,False
time_block,3,0,normal_474,1.0,False,False,False,False,False
time_block,3,0,normal_475,1.0,False,False,False,False,False
time_block,3,0,normal_476,1.0,False,False,False,False,False
time_block,3,0,normal_477,1.0,False,False,False,False,False
time_block,3,0,normal_478,1.0,False,False,False,False,False
time_block,3,0,normal_479,1.0,False,False,False,False,False
time_block,3,1,normal_360,1.0,False,False,False,False,False
time_block,3,1,normal_361,0.0,False,True,False,True,False
time_block,3,1,normal_362,0.0,False,False,False,False,False
time_block,3,1,normal_363,1.0,False,False,False,False,False
time_block,3,1,normal_365,1.0,False,False,False,False,False
time_block,3,1,normal_366,0.0,False,False,False,False,False
time_block,3,1,normal_367,0.0,False,False,False,False,False
time_block,3,1,normal_368,1.0,False,False,False,False,False
time_block,3,1,normal_369,0.0,False,False,False,False,False
time_block,3,1,normal_371,1.0,False,False,False,False,False
time_block,3,1,normal_372,0.0,False,True,False,True,False
time_block,3,1,normal_373,0.0,False,False,False,False,False
time_block,3,1,normal_374,1.0,False,False,False,False,False
time_block,3,1,normal_375,0.0,False,False,False,False,False
time_block,3,1,normal_377,1.0,False,False,False,False,False
time_block,3,1,normal_378,1.0,False,False,False,False,False
time_block,3,1,normal_379,0.0,False,True,False,True,True
time_block,3,1,normal_380,0.0,False,False,False,False,False
time_block,3,1,normal_381,1.0,False,False,False,False,False
time_block,3,1,normal_383,0.0,False,False,False,False,False
time_block,3,1,normal_384,1.0,False,False,False,False,False
time_block,3,1,normal_385,1.0,False,False,False,False,False
time_block,3,1,normal_386,0.0,False,True,False,True,False
time_block,3,1,normal_387,1.0,False,False,False,False,False
time_block,3,1,normal_389,0.0,False,False,False,False,False
time_block,3,1,normal_390,0.0,False,False,False,False,False
time_block,3,1,normal_391,1.0,False,False,False,False,False
time_block,3,1,normal_392,0.0,False,False,False,False,False
time_block,3,1,normal_393,0.0,False,False,False,False,False
time_block,3,1,normal_395,0.0,False,False,False,False,False
time_block,3,1,normal_396,1.0,False,False,False,False,False
time_block,3,1,normal_397,0.0,False,False,False,False,False
time_block,3,1,normal_398,0.0,False,False,False,False,False
time_block,3,1,normal_400,0.0,False,True,False,True,False
time_block,3,1,normal_401,0.0,False,False,False,False,False
time_block,3,1,normal_402,1.0,False,False,False,False,False
time_block,3,1,normal_403,0.0,False,False,False,False,False
time_block,3,1,normal_404,1.0,False,False,False,False,False
time_block,3,1,normal_405,0.0,False,False,False,False,False
time_block,3,1,normal_406,0.0,False,False,False,False,False
time_block,3,1,normal_407,1.0,False,False,False,False,False
time_block,3,1,normal_408,0.0,False,False,False,False,False
time_block,3,1,normal_409,0.0,False,False,False,False,False
time_block,3,1,normal_410,0.0,False,False,False,False,False
time_block,3,1,normal_411,0.0,False,True,False,True,False
time_block,3,1,normal_412,1.0,False,False,False,False,False
time_block,3,1,normal_413,0.0,True,False,False,True,True
time_block,3,1,normal_414,0.0,False,False,False,False,False
time_block,3,1,normal_415,0.0,False,False,False,False,False
time_block,3,1,normal_417,0.0,False,False,False,False,False
time_block,3,1,normal_418,1.0,False,False,False,False,False
time_block,3,1,normal_419,0.0,False,True,False,True,True
time_block,3,1,normal_420,0.0,False,False,False,False,False
time_block,3,1,normal_421,1.0,False,False,False,False,False
time_block,3,1,normal_422,0.0,False,True,False,True,False
time_block,3,1,normal_423,1.0,False,False,False,False,False
time_block,3,1,normal_424,1.0,False,False,False,False,False
time_block,3,1,normal_425,0.0,False,True,False,True,False
time_block,3,1,normal_426,1.0,False,False,False,False,False
time_block,3,1,normal_427,0.0,False,False,False,False,False
time_block,3,1,normal_428,0.0,False,False,False,False,False
time_block,3,1,normal_429,1.0,False,False,False,False,False
time_block,3,1,normal_430,0.0,False,False,False,False,False
time_block,3,1,normal_431,1.0,False,False,False,False,False
time_block,3,1,normal_432,0.0,False,False,False,False,False
time_block,3,1,normal_433,1.0,False,False,False,False,False
time_block,3,1,normal_434,1.0,False,False,False,False,False
time_block,3,1,normal_435,0.0,False,True,False,True,False
time_block,3,1,normal_436,1.0,False,False,False,False,False
time_block,3,1,normal_437,1.0,False,False,False,False,False
time_block,3,1,normal_438,0.0,False,False,False,False,False
time_block,3,1,normal_439,1.0,False,False,False,False,False
time_block,3,1,normal_440,0.0,False,True,False,True,True
time_block,3,1,normal_441,0.0,False,False,False,False,False
time_block,3,1,normal_443,1.0,False,False,False,False,False
time_block,3,1,normal_444,0.0,False,True,False,True,False
time_block,3,1,normal_445,0.0,False,False,False,False,False
time_block,3,1,normal_446,1.0,False,False,False,False,False
time_block,3,1,normal_447,0.0,False,False,False,False,False
time_block,3,1,normal_449,0.0,False,False,False,False,False
time_block,3,1,normal_450,0.0,False,False,False,False,False
time_block,3,1,normal_451,1.0,False,False,False,False,False
time_block,3,1,normal_452,0.0,False,False,False,False,False
time_block,3,1,normal_453,0.0,False,False,False,False,False
time_block,3,1,normal_454,1.0,False,False,False,False,False
time_block,3,1,normal_455,0.0,False,True,False,True,False
time_block,3,1,normal_456,1.0,False,False,False,False,False
time_block,3,1,normal_457,1.0,False,False,False,False,False
time_block,3,1,normal_458,0.0,False,True,False,True,False
time_block,3,1,normal_460,0.0,False,False,False,False,True
time_block,3,1,normal_461,1.0,False,False,False,False,False
time_block,3,1,normal_462,1.0,False,False,False,False,False
time_block,3,1,normal_463,1.0,False,False,False,False,False
time_block,3,1,normal_464,1.0,False,False,False,False,False
time_block,3,1,normal_466,1.0,False,False,False,False,False
time_block,3,1,normal_467,0.0,False,False,False,False,False
time_block,3,1,normal_468,0.0,False,False,False,False,False
time_block,3,1,normal_469,0.0,False,True,False,True,True
time_block,3,1,normal_470,1.0,False,False,False,False,False
time_block,3,1,normal_471,1.0,False,False,False,False,False
time_block,3,1,normal_472,1.0,False,False,False,False,False
time_block,3,1,normal_473,1.0,False,False,False,False,False
time_block,3,1,normal_474,1.0,False,False,False,False,False
time_block,3,1,normal_475,1.0,False,False,False,False,False
time_block,3,1,normal_476,1.0,False,False,False,False,False
time_block,3,1,normal_477,1.0,False,False,False,False,False
time_block,3,1,normal_478,1.0,False,False,False,False,False
time_block,3,1,normal_479,1.0,False,False,False,False,False
time_block,3,2,normal_360,1.0,False,False,False,False,False
time_block,3,2,normal_361,0.0,False,True,False,True,False
time_block,3,2,normal_362,0.0,False,False,False,False,False
time_block,3,2,normal_363,1.0,False,False,False,False,False
time_block,3,2,normal_365,1.0,False,False,False,False,False
time_block,3,2,normal_366,0.0,False,False,False,False,False
time_block,3,2,normal_367,0.0,False,False,False,False,False
time_block,3,2,normal_368,1.0,False,False,False,False,False
time_block,3,2,normal_369,0.0,False,False,False,False,False
time_block,3,2,normal_371,1.0,False,False,False,False,False
time_block,3,2,normal_372,0.0,False,False,False,False,False
time_block,3,2,normal_373,0.0,False,False,False,False,False
time_block,3,2,normal_374,1.0,False,False,False,False,False
time_block,3,2,normal_375,0.0,False,False,False,False,False
time_block,3,2,normal_377,1.0,False,False,False,False,False
time_block,3,2,normal_378,1.0,False,False,False,False,False
time_block,3,2,normal_379,0.0,False,True,False,True,True
time_block,3,2,normal_380,0.0,False,False,False,False,False
time_block,3,2,normal_381,1.0,False,False,False,False,False
time_block,3,2,normal_383,0.0,False,False,False,False,False
time_block,3,2,normal_384,1.0,False,False,False,False,False
time_block,3,2,normal_385,1.0,False,False,False,False,False
time_block,3,2,normal_386,0.0,False,True,False,True,True
time_block,3,2,normal_387,1.0,False,False,False,False,False
time_block,3,2,normal_389,0.0,False,False,False,False,False
time_block,3,2,normal_390,0.0,False,False,False,False,False
time_block,3,2,normal_391,1.0,False,False,False,False,False
time_block,3,2,normal_392,0.0,False,False,False,False,False
time_block,3,2,normal_393,0.0,False,False,False,False,False
time_block,3,2,normal_395,0.0,False,False,False,False,False
time_block,3,2,normal_396,1.0,False,False,False,False,False
time_block,3,2,normal_397,0.0,False,False,False,False,False
time_block,3,2,normal_398,0.0,False,False,False,False,False
time_block,3,2,normal_400,0.0,False,False,False,False,False
time_block,3,2,normal_401,0.0,False,False,False,False,False
time_block,3,2,normal_402,1.0,False,False,False,False,False
time_block,3,2,normal_403,0.0,False,False,False,False,False
time_block,3,2,normal_404,1.0,False,False,False,False,False
time_block,3,2,normal_405,0.0,False,False,False,False,False
time_block,3,2,normal_406,0.0,False,False,False,False,False
time_block,3,2,normal_407,1.0,False,False,False,False,False
time_block,3,2,normal_408,0.0,False,False,False,False,False
time_block,3,2,normal_409,0.0,False,False,False,False,False
time_block,3,2,normal_410,0.0,False,False,False,False,False
time_block,3,2,normal_411,0.0,False,True,False,True,False
time_block,3,2,normal_412,1.0,False,False,False,False,False
time_block,3,2,normal_413,0.0,True,False,False,True,True
time_block,3,2,normal_414,0.0,False,False,False,False,False
time_block,3,2,normal_415,0.0,False,False,False,False,False
time_block,3,2,normal_417,0.0,False,False,False,False,False
time_block,3,2,normal_418,1.0,False,False,False,False,False
time_block,3,2,normal_419,0.0,False,True,False,True,True
time_block,3,2,normal_420,0.0,False,False,False,False,False
time_block,3,2,normal_421,1.0,False,False,False,False,False
time_block,3,2,normal_422,0.0,False,True,False,True,False
time_block,3,2,normal_423,1.0,False,False,False,False,False
time_block,3,2,normal_424,1.0,False,False,False,False,False
time_block,3,2,normal_425,0.0,False,True,False,True,False
time_block,3,2,normal_426,1.0,False,False,False,False,False
time_block,3,2,normal_427,0.0,False,False,False,False,False
time_block,3,2,normal_428,0.0,False,False,False,False,False
time_block,3,2,normal_429,1.0,False,False,False,False,False
time_block,3,2,normal_430,0.0,False,False,False,False,False
time_block,3,2,normal_431,1.0,False,False,False,False,False
time_block,3,2,normal_432,0.0,False,False,False,False,False
time_block,3,2,normal_433,1.0,False,False,False,False,False
time_block,3,2,normal_434,1.0,False,False,False,False,False
time_block,3,2,normal_435,0.0,False,True,False,True,False
time_block,3,2,normal_436,1.0,False,False,False,False,False
time_block,3,2,normal_437,1.0,False,False,False,False,False
time_block,3,2,normal_438,0.0,False,False,False,False,False
time_block,3,2,normal_439,1.0,False,False,False,False,False
time_block,3,2,normal_440,0.0,False,True,False,True,True
time_block,3,2,normal_441,0.0,False,False,False,False,False
time_block,3,2,normal_443,1.0,False,False,False,False,False
time_block,3,2,normal_444,0.0,False,True,False,True,False
time_block,3,2,normal_445,0.0,False,False,False,False,False
time_block,3,2,normal_446,1.0,False,False,False,False,False
time_block,3,2,normal_447,0.0,False,False,False,False,False
time_block,3,2,normal_449,0.0,False,False,False,False,False
time_block,3,2,normal_450,0.0,False,False,False,False,False
time_block,3,2,normal_451,1.0,False,False,False,False,False
time_block,3,2,normal_452,0.0,False,False,False,False,False
time_block,3,2,normal_453,0.0,False,False,False,False,False
time_block,3,2,normal_454,1.0,False,False,False,False,False
time_block,3,2,normal_455,0.0,False,True,False,True,False
time_block,3,2,normal_456,1.0,False,False,False,False,False
time_block,3,2,normal_457,1.0,False,False,False,False,False
time_block,3,2,normal_458,0.0,False,False,False,False,False
time_block,3,2,normal_460,0.0,False,False,False,False,True
time_block,3,2,normal_461,1.0,False,False,False,False,False
time_block,3,2,normal_462,1.0,False,False,False,False,False
time_block,3,2,normal_463,1.0,False,False,False,False,False
time_block,3,2,normal_464,1.0,False,False,False,False,False
time_block,3,2,normal_466,1.0,False,False,False,False,False
time_block,3,2,normal_467,0.0,False,False,False,False,False
time_block,3,2,normal_468,0.0,False,False,False,False,False
time_block,3,2,normal_469,0.0,False,True,False,True,True
time_block,3,2,normal_470,1.0,False,False,False,False,False
time_block,3,2,normal_471,1.0,False,False,False,False,False
time_block,3,2,normal_472,1.0,False,False,False,False,False
time_block,3,2,normal_473,1.0,False,False,False,False,False
time_block,3,2,normal_474,1.0,False,False,False,False,False
time_block,3,2,normal_475,1.0,False,False,False,False,False
time_block,3,2,normal_476,1.0,False,False,False,False,False
time_block,3,2,normal_477,1.0,False,False,False,False,False
time_block,3,2,normal_478,1.0,False,False,False,False,False
time_block,3,2,normal_479,1.0,False,False,False,False,False
time_block,4,0,normal_480,1.0,False,False,False,False,False
time_block,4,0,normal_481,1.0,False,False,False,False,False
time_block,4,0,normal_482,1.0,False,False,False,False,False
time_block,4,0,normal_483,1.0,False,False,False,False,False
time_block,4,0,normal_484,1.0,False,False,False,False,False
time_block,4,0,normal_485,1.0,False,False,False,False,False
time_block,4,0,normal_486,1.0,False,False,False,False,False
time_block,4,0,normal_487,1.0,False,False,False,False,False
time_block,4,0,normal_488,1.0,False,False,False,False,False
time_block,4,0,normal_489,1.0,False,False,False,False,False
time_block,4,0,normal_491,1.0,False,False,False,False,False
time_block,4,0,normal_492,1.0,False,False,False,False,False
time_block,4,0,normal_493,1.0,False,False,False,False,False
time_block,4,0,normal_494,1.0,False,False,False,False,False
time_block,4,0,normal_495,1.0,False,False,False,False,False
time_block,4,0,normal_496,1.0,False,False,False,False,False
time_block,4,0,normal_497,1.0,False,False,False,False,False
time_block,4,0,normal_498,1.0,False,False,False,False,False
time_block,4,0,normal_499,1.0,False,False,False,False,False
time_block,4,0,normal_500,1.0,False,False,False,False,False
time_block,4,0,normal_501,1.0,False,False,False,False,False
time_block,4,0,normal_502,1.0,False,False,False,False,False
time_block,4,0,normal_503,1.0,False,False,False,False,False
time_block,4,0,normal_504,1.0,False,False,False,False,False
time_block,4,0,normal_505,1.0,False,False,False,False,False
time_block,4,0,normal_506,1.0,False,False,False,False,False
time_block,4,0,normal_507,1.0,False,False,False,False,False
time_block,4,0,normal_508,1.0,False,False,False,False,False
time_block,4,0,normal_509,1.0,False,False,False,False,False
time_block,4,0,normal_510,1.0,False,False,False,False,False
time_block,4,0,normal_511,1.0,False,False,False,False,False
time_block,4,0,normal_512,1.0,False,False,False,False,False
time_block,4,0,normal_513,1.0,False,False,False,False,False
time_block,4,0,normal_514,1.0,False,False,False,False,False
time_block,4,0,normal_515,1.0,False,False,False,False,False
time_block,4,0,normal_516,1.0,False,False,False,False,False
time_block,4,0,normal_517,1.0,False,False,False,False,False
time_block,4,0,normal_518,1.0,False,False,False,False,False
time_block,4,0,normal_519,1.0,False,False,False,False,False
time_block,4,0,normal_520,1.0,False,False,False,False,False
time_block,4,0,normal_521,1.0,False,False,False,False,False
time_block,4,0,normal_522,1.0,False,False,False,False,False
time_block,4,0,normal_523,1.0,False,False,False,False,False
time_block,4,0,normal_524,1.0,False,False,False,False,False
time_block,4,0,normal_525,1.0,False,False,False,False,False
time_block,4,0,normal_526,1.0,False,False,False,False,False
time_block,4,0,normal_527,1.0,False,False,False,False,False
time_block,4,0,normal_528,1.0,False,False,False,False,False
time_block,4,0,normal_529,1.0,False,False,False,False,False
time_block,4,0,normal_531,1.0,False,False,False,False,False
time_block,4,0,normal_532,1.0,False,False,False,False,False
time_block,4,0,normal_533,1.0,False,False,False,False,False
time_block,4,0,normal_534,1.0,False,False,False,False,False
time_block,4,0,normal_535,1.0,False,False,False,False,False
time_block,4,0,normal_536,1.0,False,False,False,False,False
time_block,4,0,normal_537,1.0,False,False,False,False,False
time_block,4,0,normal_538,1.0,False,False,False,False,False
time_block,4,0,normal_539,1.0,False,False,False,False,False
time_block,4,0,normal_540,1.0,False,False,False,False,False
time_block,4,0,normal_542,1.0,False,False,False,False,False
time_block,4,0,normal_543,1.0,False,False,False,False,False
time_block,4,0,normal_544,1.0,False,False,False,False,False
time_block,4,0,normal_545,1.0,False,False,False,False,False
time_block,4,0,normal_548,1.0,False,False,False,False,False
time_block,4,0,normal_549,1.0,False,False,False,False,False
time_block,4,0,normal_550,1.0,False,False,False,False,False
time_block,4,0,normal_551,1.0,False,False,False,False,False
time_block,4,0,normal_552,1.0,False,False,False,False,False
time_block,4,0,normal_553,1.0,False,False,False,False,False
time_block,4,0,normal_555,1.0,False,False,False,False,False
time_block,4,0,normal_556,1.0,False,False,False,False,False
time_block,4,0,normal_557,1.0,False,False,False,False,False
time_block,4,0,normal_558,1.0,False,False,False,False,False
time_block,4,0,normal_559,1.0,False,False,False,False,False
time_block,4,0,normal_561,1.0,False,False,False,False,False
time_block,4,0,normal_562,1.0,False,False,False,False,False
time_block,4,0,normal_563,0.0,False,False,False,False,False
time_block,4,0,normal_564,0.0,False,False,False,False,False
time_block,4,0,normal_565,1.0,False,False,False,False,False
time_block,4,0,normal_567,0.0,False,False,False,False,False
time_block,4,0,normal_568,1.0,False,False,False,False,False
time_block,4,0,normal_569,0.0,True,False,False,True,True
time_block,4,0,normal_570,1.0,False,False,False,False,False
time_block,4,0,normal_571,0.0,False,False,False,False,False
time_block,4,0,normal_572,0.0,False,False,False,False,False
time_block,4,0,normal_574,0.0,False,False,False,False,False
time_block,4,0,normal_575,0.0,False,False,False,False,False
time_block,4,0,normal_576,1.0,False,False,False,False,False
time_block,4,0,normal_577,1.0,False,False,False,False,False
time_block,4,0,normal_578,0.0,False,False,False,False,False
time_block,4,0,normal_579,1.0,False,False,False,False,False
time_block,4,0,normal_580,0.0,False,False,False,False,False
time_block,4,0,normal_581,1.0,False,False,False,False,False
time_block,4,0,normal_582,1.0,False,False,False,False,False
time_block,4,0,normal_583,0.0,False,False,False,False,False
time_block,4,0,normal_584,1.0,False,False,False,False,False
time_block,4,0,normal_585,1.0,False,False,False,False,False
time_block,4,0,normal_586,0.0,False,False,False,False,False
time_block,4,0,normal_587,1.0,False,False,False,False,False
time_block,4,0,normal_588,1.0,False,False,False,False,False
time_block,4,0,normal_589,0.0,False,False,False,False,False
time_block,4,0,normal_590,1.0,False,False,False,False,False
time_block,4,0,normal_592,0.0,False,False,False,False,False
time_block,4,0,normal_593,1.0,False,False,False,False,False
time_block,4,0,normal_594,0.0,False,False,False,False,False
time_block,4,0,normal_595,1.0,False,False,False,False,False
time_block,4,0,normal_597,0.0,False,False,False,False,False
time_block,4,0,normal_598,1.0,False,False,False,False,False
time_block,4,1,normal_480,1.0,False,False,False,False,False
time_block,4,1,normal_481,1.0,False,False,False,False,False
time_block,4,1,normal_482,1.0,False,False,False,False,False
time_block,4,1,normal_483,1.0,False,False,False,False,False
time_block,4,1,normal_484,1.0,False,False,False,False,False
time_block,4,1,normal_485,1.0,False,False,False,False,False
time_block,4,1,normal_486,1.0,False,False,False,False,False
time_block,4,1,normal_487,1.0,False,False,False,False,False
time_block,4,1,normal_488,1.0,False,False,False,False,False
time_block,4,1,normal_489,1.0,False,False,False,False,False
time_block,4,1,normal_491,1.0,False,False,False,False,False
time_block,4,1,normal_492,1.0,False,False,False,False,False
time_block,4,1,normal_493,1.0,False,False,False,False,False
time_block,4,1,normal_494,1.0,False,False,False,False,False
time_block,4,1,normal_495,1.0,False,False,False,False,False
time_block,4,1,normal_496,1.0,False,False,False,False,False
time_block,4,1,normal_497,1.0,False,False,False,False,False
time_block,4,1,normal_498,1.0,False,False,False,False,False
time_block,4,1,normal_499,1.0,False,False,False,False,False
time_block,4,1,normal_500,1.0,False,False,False,False,False
time_block,4,1,normal_501,1.0,False,False,False,False,False
time_block,4,1,normal_502,1.0,False,False,False,False,False
time_block,4,1,normal_503,1.0,False,False,False,False,False
time_block,4,1,normal_504,1.0,False,False,False,False,False
time_block,4,1,normal_505,1.0,False,False,False,False,False
time_block,4,1,normal_506,1.0,False,False,False,False,False
time_block,4,1,normal_507,1.0,False,False,False,False,False
time_block,4,1,normal_508,1.0,False,False,False,False,False
time_block,4,1,normal_509,1.0,False,False,False,False,False
time_block,4,1,normal_510,1.0,False,False,False,False,False
time_block,4,1,normal_511,1.0,False,False,False,False,False
time_block,4,1,normal_512,1.0,False,False,False,False,False
time_block,4,1,normal_513,1.0,False,False,False,False,False
time_block,4,1,normal_514,1.0,False,False,False,False,False
time_block,4,1,normal_515,1.0,False,False,False,False,False
time_block,4,1,normal_516,1.0,False,False,False,False,False
time_block,4,1,normal_517,1.0,False,False,False,False,False
time_block,4,1,normal_518,1.0,False,False,False,False,False
time_block,4,1,normal_519,1.0,False,False,False,False,False
time_block,4,1,normal_520,1.0,False,False,False,False,False
time_block,4,1,normal_521,1.0,False,False,False,False,False
time_block,4,1,normal_522,1.0,False,False,False,False,False
time_block,4,1,normal_523,1.0,False,False,False,False,False
time_block,4,1,normal_524,1.0,False,False,False,False,False
time_block,4,1,normal_525,1.0,False,False,False,False,False
time_block,4,1,normal_526,1.0,False,False,False,False,False
time_block,4,1,normal_527,1.0,False,False,False,False,False
time_block,4,1,normal_528,1.0,False,False,False,False,False
time_block,4,1,normal_529,1.0,False,False,False,False,False
time_block,4,1,normal_531,1.0,False,False,False,False,False
time_block,4,1,normal_532,1.0,False,False,False,False,False
time_block,4,1,normal_533,1.0,False,False,False,False,False
time_block,4,1,normal_534,1.0,False,False,False,False,False
time_block,4,1,normal_535,1.0,False,False,False,False,False
time_block,4,1,normal_536,1.0,False,False,False,False,False
time_block,4,1,normal_537,1.0,False,False,False,False,False
time_block,4,1,normal_538,1.0,False,False,False,False,False
time_block,4,1,normal_539,1.0,False,False,False,False,False
time_block,4,1,normal_540,1.0,False,False,False,False,False
time_block,4,1,normal_542,1.0,False,False,False,False,False
time_block,4,1,normal_543,1.0,False,False,False,False,False
time_block,4,1,normal_544,1.0,False,False,False,False,False
time_block,4,1,normal_545,1.0,False,False,False,False,False
time_block,4,1,normal_548,1.0,False,False,False,False,False
time_block,4,1,normal_549,1.0,False,False,False,False,False
time_block,4,1,normal_550,1.0,False,False,False,False,False
time_block,4,1,normal_551,1.0,False,False,False,False,False
time_block,4,1,normal_552,1.0,False,False,False,False,False
time_block,4,1,normal_553,1.0,False,False,False,False,False
time_block,4,1,normal_555,1.0,False,False,False,False,False
time_block,4,1,normal_556,1.0,False,False,False,False,False
time_block,4,1,normal_557,1.0,False,False,False,False,False
time_block,4,1,normal_558,1.0,False,False,False,False,False
time_block,4,1,normal_559,1.0,False,False,False,False,False
time_block,4,1,normal_561,1.0,False,False,False,False,False
time_block,4,1,normal_562,1.0,False,False,False,False,False
time_block,4,1,normal_563,0.0,False,False,False,False,False
time_block,4,1,normal_564,0.0,False,False,False,False,False
time_block,4,1,normal_565,1.0,False,False,False,False,False
time_block,4,1,normal_567,0.0,False,False,False,False,False
time_block,4,1,normal_568,1.0,False,False,False,False,False
time_block,4,1,normal_569,0.0,True,False,False,True,True
time_block,4,1,normal_570,1.0,False,False,False,False,False
time_block,4,1,normal_571,0.0,False,False,False,False,False
time_block,4,1,normal_572,0.0,False,False,False,False,False
time_block,4,1,normal_574,0.0,False,False,False,False,False
time_block,4,1,normal_575,0.0,False,False,False,False,False
time_block,4,1,normal_576,1.0,False,False,False,False,False
time_block,4,1,normal_577,1.0,False,False,False,False,False
time_block,4,1,normal_578,0.0,False,False,False,False,False
time_block,4,1,normal_579,1.0,False,False,False,False,False
time_block,4,1,normal_580,0.0,False,False,False,False,False
time_block,4,1,normal_581,1.0,False,False,False,False,False
time_block,4,1,normal_582,1.0,False,False,False,False,False
time_block,4,1,normal_583,0.0,False,False,False,False,False
time_block,4,1,normal_584,1.0,False,False,False,False,False
time_block,4,1,normal_585,1.0,False,False,False,False,False
time_block,4,1,normal_586,0.0,False,False,False,False,False
time_block,4,1,normal_587,1.0,False,False,False,False,False
time_block,4,1,normal_588,1.0,False,False,False,False,False
time_block,4,1,normal_589,0.0,False,False,False,False,False
time_block,4,1,normal_590,1.0,False,False,False,False,False
time_block,4,1,normal_592,0.0,False,False,False,False,False
time_block,4,1,normal_593,1.0,False,False,False,False,False
time_block,4,1,normal_594,0.0,False,False,False,False,False
time_block,4,1,normal_595,1.0,False,False,False,False,False
time_block,4,1,normal_597,0.0,False,False,False,False,False
time_block,4,1,normal_598,1.0,False,False,False,False,False
time_block,4,2,normal_480,1.0,False,False,False,False,False
time_block,4,2,normal_481,1.0,False,False,False,False,False
time_block,4,2,normal_482,1.0,False,False,False,False,False
time_block,4,2,normal_483,1.0,False,False,False,False,False
time_block,4,2,normal_484,1.0,False,False,False,False,False
time_block,4,2,normal_485,1.0,False,False,False,False,False
time_block,4,2,normal_486,1.0,False,False,False,False,False
time_block,4,2,normal_487,1.0,False,False,False,False,False
time_block,4,2,normal_488,1.0,False,False,False,False,False
time_block,4,2,normal_489,1.0,False,False,False,False,False
time_block,4,2,normal_491,1.0,False,False,False,False,False
time_block,4,2,normal_492,1.0,False,False,False,False,False
time_block,4,2,normal_493,1.0,False,False,False,False,False
time_block,4,2,normal_494,1.0,False,False,False,False,False
time_block,4,2,normal_495,1.0,False,False,False,False,False
time_block,4,2,normal_496,1.0,False,False,False,False,False
time_block,4,2,normal_497,1.0,False,False,False,False,False
time_block,4,2,normal_498,1.0,False,False,False,False,False
time_block,4,2,normal_499,1.0,False,False,False,False,False
time_block,4,2,normal_500,1.0,False,False,False,False,False
time_block,4,2,normal_501,1.0,False,False,False,False,False
time_block,4,2,normal_502,1.0,False,False,False,False,False
time_block,4,2,normal_503,1.0,False,False,False,False,False
time_block,4,2,normal_504,1.0,False,False,False,False,False
time_block,4,2,normal_505,1.0,False,False,False,False,False
time_block,4,2,normal_506,1.0,False,False,False,False,False
time_block,4,2,normal_507,1.0,False,False,False,False,False
time_block,4,2,normal_508,1.0,False,False,False,False,False
time_block,4,2,normal_509,1.0,False,False,False,False,False
time_block,4,2,normal_510,1.0,False,False,False,False,False
time_block,4,2,normal_511,1.0,False,False,False,False,False
time_block,4,2,normal_512,1.0,False,False,False,False,False
time_block,4,2,normal_513,1.0,False,False,False,False,False
time_block,4,2,normal_514,1.0,False,False,False,False,False
time_block,4,2,normal_515,1.0,False,False,False,False,False
time_block,4,2,normal_516,1.0,False,False,False,False,False
time_block,4,2,normal_517,1.0,False,False,False,False,False
time_block,4,2,normal_518,1.0,False,False,False,False,False
time_block,4,2,normal_519,1.0,False,False,False,False,False
time_block,4,2,normal_520,1.0,False,False,False,False,False
time_block,4,2,normal_521,1.0,False,False,False,False,False
time_block,4,2,normal_522,1.0,False,False,False,False,False
time_block,4,2,normal_523,1.0,False,False,False,False,False
time_block,4,2,normal_524,1.0,False,False,False,False,False
time_block,4,2,normal_525,1.0,False,False,False,False,False
time_block,4,2,normal_526,1.0,False,False,False,False,False
time_block,4,2,normal_527,1.0,False,False,False,False,False
time_block,4,2,normal_528,1.0,False,False,False,False,False
time_block,4,2,normal_529,1.0,False,False,False,False,False
time_block,4,2,normal_531,1.0,False,False,False,False,False
time_block,4,2,normal_532,1.0,False,False,False,False,False
time_block,4,2,normal_533,1.0,False,False,False,False,False
time_block,4,2,normal_534,1.0,False,False,False,False,False
time_block,4,2,normal_535,1.0,False,False,False,False,False
time_block,4,2,normal_536,1.0,False,False,False,False,False
time_block,4,2,normal_537,1.0,False,False,False,False,False
time_block,4,2,normal_538,1.0,False,False,False,False,False
time_block,4,2,normal_539,1.0,False,False,False,False,False
time_block,4,2,normal_540,1.0,False,False,False,False,False
time_block,4,2,normal_542,1.0,False,False,False,False,False
time_block,4,2,normal_543,1.0,False,False,False,False,False
time_block,4,2,normal_544,1.0,False,False,False,False,False
time_block,4,2,normal_545,1.0,False,False,False,False,False
time_block,4,2,normal_548,1.0,False,False,False,False,False
time_block,4,2,normal_549,1.0,False,False,False,False,False
time_block,4,2,normal_550,1.0,False,False,False,False,False
time_block,4,2,normal_551,1.0,False,False,False,False,False
time_block,4,2,normal_552,1.0,False,False,False,False,False
time_block,4,2,normal_553,1.0,False,False,False,False,False
time_block,4,2,normal_555,1.0,False,False,False,False,False
time_block,4,2,normal_556,1.0,False,False,False,False,False
time_block,4,2,normal_557,1.0,False,False,False,False,False
time_block,4,2,normal_558,1.0,False,False,False,False,False
time_block,4,2,normal_559,1.0,False,False,False,False,False
time_block,4,2,normal_561,1.0,False,False,False,False,False
time_block,4,2,normal_562,1.0,False,False,False,False,False
time_block,4,2,normal_563,0.0,False,False,False,False,False
time_block,4,2,normal_564,0.0,False,False,False,False,False
time_block,4,2,normal_565,1.0,False,False,False,False,False
time_block,4,2,normal_567,0.0,False,False,False,False,False
time_block,4,2,normal_568,1.0,False,False,False,False,False
time_block,4,2,normal_569,0.0,True,False,False,True,True
time_block,4,2,normal_570,1.0,False,False,False,False,False
time_block,4,2,normal_571,0.0,False,False,False,False,False
time_block,4,2,normal_572,0.0,False,False,False,False,False
time_block,4,2,normal_574,0.0,False,False,False,False,False
time_block,4,2,normal_575,0.0,False,False,False,False,False
time_block,4,2,normal_576,1.0,False,False,False,False,False
time_block,4,2,normal_577,1.0,False,False,False,False,False
time_block,4,2,normal_578,0.0,False,False,False,False,False
time_block,4,2,normal_579,1.0,False,False,False,False,False
time_block,4,2,normal_580,0.0,False,False,False,False,False
time_block,4,2,normal_581,1.0,False,False,False,False,False
time_block,4,2,normal_582,1.0,False,False,False,False,False
time_block,4,2,normal_583,0.0,False,False,False,False,False
time_block,4,2,normal_584,1.0,False,False,False,False,False
time_block,4,2,normal_585,1.0,False,False,False,False,False
time_block,4,2,normal_586,0.0,False,False,False,False,False
time_block,4,2,normal_587,1.0,False,False,False,False,False
time_block,4,2,normal_588,1.0,False,False,False,False,False
time_block,4,2,normal_589,0.0,False,False,False,False,False
time_block,4,2,normal_590,1.0,False,False,False,False,False
time_block,4,2,normal_592,0.0,False,False,False,False,False
time_block,4,2,normal_593,1.0,False,False,False,False,False
time_block,4,2,normal_594,0.0,False,False,False,False,False
time_block,4,2,normal_595,1.0,False,False,False,False,False
time_block,4,2,normal_597,0.0,False,False,False,False,False
time_block,4,2,normal_598,1.0,False,False,False,False,False
