seg_uid,channel,f_hz,amp,phase,offset,dc_mean,resid_rms,r2,n,src,seg_id,len,label,state,vib_grade,cur_grade,vib_rms,dc_abs,dur_s,trend_like
normal_0,AI0_Vibration,3.2016124786374567,0.05916142685710151,0.9933562848733025,-0.007205892386505333,-0.006957170731707318,0.0546635510107008,0.3661070494511016,41,normal,0,41,0.0,0,,,0.1771705317949692,0.006957170731707318,4.1,False
normal_0,AI1_Vibration,1.789225794641921,0.2204828971155176,-2.226875453341121,-0.0007755861043921841,-0.009436463414634149,0.042100457342720325,0.9332110616799216,41,normal,0,41,0.0,0,,,0.1771705317949692,0.009436463414634149,4.1,False
normal_0,AI2_Current,0.6002378903104707,210.79507900634937,1.1435892491154656,0.7215905106715752,19.043902439024393,4.6289911769916,0.9990202063362582,41,normal,0,41,0.0,0,,,0.1771705317949692,19.043902439024393,4.1,False
normal_1,AI0_Vibration,3.601011918801111,0.06331596298728986,0.8335097435832454,0.006001254650716822,0.0070609459459459465,0.057821301387640626,0.3737185746286873,37,normal,1,37,0.0,0,,,0.15139693577319696,0.0070609459459459465,3.7,False
normal_1,AI1_Vibration,1.793258014992263,0.17709864469268957,0.8568153333197386,0.0006598525933184107,0.0068128378378378394,0.04347217168221878,0.89192587089506,37,normal,1,37,0.0,0,,,0.15139693577319696,0.0068128378378378394,3.7,False
normal_1,AI2_Current,0.5975466118877496,203.0554339930391,3.017922194817156,0.5189047515506111,-5.705405405405405,6.731357991730538,0.9976760354764155,37,normal,1,37,0.0,0,,,0.15139693577319696,5.705405405405405,3.7,False
normal_2,AI0_Vibration,3.6154269874474245,0.04055533345827984,0.6766503915247322,-0.012431163309209427,-0.010856083333333334,0.027897292224337594,0.5006992372371911,24,normal,2,24,0.0,1,,,0.06441709747419547,0.010856083333333334,2.4,False
normal_2,AI1_Vibration,2.79103007972516,0.04778798341715154,1.5609900262325282,-0.006802012369985393,-0.006255083333333332,0.03539313068124455,0.48531910635217135,24,normal,2,24,0.0,1,,,0.06441709747419547,0.006255083333333332,2.4,False
normal_2,AI2_Current,0.6026364781717196,114.95382673055262,-1.4986974037225949,1.0578495634208167,-6.016666666666666,5.423614117350872,0.9953889184933804,24,normal,2,24,0.0,1,,,0.06441709747419547,6.016666666666666,2.4,False
normal_3,AI0_Vibration,3.8285427605549134,0.04961887966058394,-1.6176040835875731,0.028453692718767,0.0278652,0.0304173366125892,0.5981412154102599,10,normal,3,10,0.0,0,,,0.1380962091366016,0.0278652,1.0,False
normal_3,AI1_Vibration,1.8440041639320477,0.17916206978396726,0.03589582888802095,0.00803524418631754,0.0212689,0.018911117500624578,0.9769855602660082,10,normal,3,10,0.0,0,,,0.1380962091366016,0.0212689,1.0,False
normal_3,AI2_Current,0.5541104018952382,210.2006288875261,1.4034648931226308,-5.273478804891425,15.13,2.1597835087057935,0.9998032969552816,10,normal,3,10,0.0,0,,,0.1380962091366016,15.13,1.0,False
normal_4,AI0_Vibration,1.4104600530868991,0.03168293082640374,-1.0536499000751045,0.00023486624962675007,-4.0000000000595114e-08,0.03226461031005517,0.32689411597168305,50,normal,4,50,0.0,1,,,0.062262101368810226,4.0000000000595114e-08,5.0,False
normal_4,AI1_Vibration,3.579577144545723,0.04205166480089,-2.6100344234572717,0.0002326895745360276,-9.999999999975306e-08,0.038070131341801865,0.37796777265131576,50,normal,4,50,0.0,1,,,0.062262101368810226,9.999999999975306e-08,5.0,False
normal_4,AI2_Current,0.6003878020517988,115.10639497074261,2.6332364570321047,0.3623414681526853,0.4100000000000006,5.595777972129534,0.9952950175947584,50,normal,4,50,0.0,1,,,0.062262101368810226,0.4100000000000006,5.0,False
normal_5,AI0_Vibration,1.3098787770655225,0.05818263106599462,-0.9185254517797041,-0.0011084647247343524,3.999999999781956e-08,0.057086017373278806,0.34299433666710644,50,normal,5,50,0.0,0,,,0.16222938957482394,3.999999999781956e-08,5.0,False
normal_5,AI1_Vibration,1.78833980723498,0.20069763179375208,-0.6447807579542028,-0.0013498864380210585,1.999999999946489e-08,0.03701294166311795,0.9358582179242744,50,normal,5,50,0.0,0,,,0.16222938957482394,1.999999999946489e-08,5.0,False
normal_5,AI2_Current,0.6005377137931268,213.9913030572099,0.5434347377437238,0.25952129229295906,0.3279999999999983,4.958213672797965,0.9989267034499826,50,normal,5,50,0.0,0,,,0.16222938957482394,0.3279999999999983,5.0,False
normal_6,AI0_Vibration,0.10544970749147124,0.09276408680084693,0.8057909317846333,-0.036484950776957036,-1.0000000000065512e-07,0.05430927365521207,0.5045441835068001,50,normal,6,50,0.0,1,,,0.09157129129907474,1.0000000000065512e-07,5.0,False
normal_6,AI1_Vibration,0.06966938963530504,0.1403317937574437,0.7542913656435819,-0.11024702664696276,8.000000000105145e-08,0.03927326223695684,0.36584688740288207,50,normal,6,50,0.0,1,,,0.09157129129907474,8.000000000105145e-08,5.0,True
normal_6,AI2_Current,0.5999380668278146,114.67419423605746,1.0180520104882562,0.6307764159369498,0.6220000000000002,5.450868792924215,0.9955014152454333,50,normal,6,50,0.0,1,,,0.09157129129907474,0.6220000000000002,5.0,False
normal_7,AI0_Vibration,1.797743467997923,0.08448042360581519,1.6126032605663,-0.006244580934637131,-0.0034115365853658536,0.06046067537996984,0.49479966317916235,41,normal,7,41,0.0,0,,,0.19739614824410773,0.0034115365853658536,4.1,False
normal_7,AI1_Vibration,1.7905667431888668,0.2494504774297103,2.5654103663976056,-0.0037656799561461285,-0.0031008048780487825,0.03600051699753153,0.9591261898380854,41,normal,7,41,0.0,0,,,0.19739614824410773,0.0031008048780487825,4.1,False
normal_7,AI2_Current,0.6000879785691426,249.153848531724,-0.9199900748485903,0.6821601314783834,11.34390243902439,4.069176176115029,0.9994579289533606,41,normal,7,41,0.0,0,,,0.19739614824410773,11.34390243902439,4.1,False
normal_8,AI0_Vibration,3.545818439003576,0.08452518239636259,-2.963505410138011,-0.008922384377406462,-0.00835869230769231,0.035747743443761484,0.7281056849040097,26,normal,8,26,0.0,0,,,0.12469476947916275,0.00835869230769231,2.6,False
normal_8,AI1_Vibration,1.796397832096225,0.12686845458377244,2.049059433834407,-0.0025680014895057,-0.00597930769230769,0.0502000560431904,0.7654281918732241,26,normal,8,26,0.0,0,,,0.12469476947916275,0.00597930769230769,2.6,False
normal_8,AI2_Current,0.5947335421919678,178.56350605877637,1.0651178977752784,1.0984562526734294,20.126923076923074,5.602987033472348,0.9980171981110271,26,normal,8,26,0.0,0,,,0.12469476947916275,20.126923076923074,2.6,False
normal_9,AI0_Vibration,3.6607355184846204,0.059929667125929134,-2.6851645921049303,0.023717717512132183,0.02027330769230769,0.02751127650502722,0.6794435741400691,13,normal,9,13,0.0,1,,,0.07754530166792331,0.02027330769230769,1.3,False
normal_9,AI1_Vibration,3.412396394534162,0.05314487495204686,2.9920421405132824,0.027029669286867782,0.026354692307692308,0.03439704052103421,0.5353944880516355,13,normal,9,13,0.0,1,,,0.07754530166792331,0.026354692307692308,1.3,False
normal_9,AI2_Current,0.5710687257265854,124.06735928367787,2.93505160441153,9.236131968623301,-26.77692307692308,5.342341884869699,0.9945083054250694,13,normal,9,13,0.0,1,,,0.07754530166792331,26.77692307692308,1.3,False
normal_10,AI0_Vibration,3.5387882143356,0.05513227882633171,-0.9420084008018991,-0.00012704367478753864,4.0000000000595114e-08,0.0586970000180536,0.31091543017643775,50,normal,10,50,0.0,0,,,0.14250987765660317,4.0000000000595114e-08,5.0,False
normal_10,AI1_Vibration,1.7905667431888668,0.16437619955122248,-0.22990652665898906,-0.0007351124765511384,1.4000000000014e-07,0.04273961199246546,0.8806811728176128,50,normal,10,50,0.0,0,,,0.14250987765660317,1.4000000000014e-07,5.0,False
normal_10,AI2_Current,0.5981388370868617,213.6773974975467,1.599218710176797,0.842836968300702,0.18600000000000022,6.878909973019069,0.9979253452993929,50,normal,10,50,0.0,0,,,0.14250987765660317,0.18600000000000022,5.0,False
normal_11,AI0_Vibration,0.19812714772348058,0.03849050257372379,-1.4304026903686549,-0.0003636126201411183,-2.0000000000575113e-08,0.03578845592760547,0.3641894115320634,50,normal,11,50,0.0,1,,,0.06657937119679037,2.0000000000575113e-08,5.0,False
normal_11,AI1_Vibration,1.794603650893961,0.03413575387310349,0.0021194561771212283,-6.50913715224157e-05,5.999999999978245e-08,0.04283850161023236,0.24116298314528417,50,normal,11,50,0.0,1,,,0.06657937119679037,5.999999999978245e-08,5.0,False
normal_11,AI2_Current,0.5988886846385182,115.61061728234507,-1.1234888871996491,0.6304822994746644,0.8399999999999989,5.322114617924179,0.9957723690708604,50,normal,11,50,0.0,1,,,0.06657937119679037,0.8399999999999989,5.0,False
normal_12,AI0_Vibration,3.604615685962689,0.061011671786405534,-1.5525095826734634,0.01300896656606923,0.011411999999999999,0.05182710105152328,0.4125041636747533,40,normal,12,40,0.0,0,,,0.14331783745551352,0.011411999999999999,4.0,False
normal_12,AI1_Vibration,1.7816949016829242,0.1620737307124648,0.2827193124538863,0.0071037245161915084,0.0074617749999999995,0.05386545363647641,0.8161528401032005,40,normal,12,40,0.0,0,,,0.14331783745551352,0.0074617749999999995,4.0,False
normal_12,AI2_Current,0.6015870959824232,191.0708639401488,0.18418725525214832,-0.033463809265306566,23.22,5.845471566299947,0.9981343121940809,40,normal,12,40,0.0,0,,,0.14331783745551352,23.22,4.0,False
normal_13,AI0_Vibration,1.8495224609458776,0.0633592420911989,0.7189563785018025,-0.005752643401226748,-0.002059680000000001,0.05036828683023961,0.4362514028130041,25,normal,13,25,0.0,0,,,0.18110884034160232,0.002059680000000001,2.5,False
normal_13,AI1_Vibration,1.7874538198280394,0.23137403250749639,2.262802382573292,0.0006037757543209399,5.1719999999999545e-05,0.04196925481227036,0.9377502647846396,25,normal,13,25,0.0,0,,,0.18110884034160232,5.1719999999999545e-05,2.5,False
normal_13,AI2_Current,0.6003878020517988,237.87752832871598,-2.786941106461969,0.439055911844747,-49.583999999999996,6.109716379426328,0.9985537269596645,25,normal,13,25,0.0,0,,,0.18110884034160232,49.583999999999996,2.5,False
normal_14,AI0_Vibration,3.5361518800851095,0.03776450574508808,2.4204274982519345,-0.0016620073284435745,-0.002087428571428572,0.0261285304420967,0.5061644878031291,14,normal,14,14,0.0,1,,,0.052826673949543976,0.002087428571428572,1.4,False
normal_14,AI1_Vibration,3.51593998416468,0.04074870824009535,0.5352445889847232,-0.0025533774707069447,-0.0019812857142857145,0.023915797219711987,0.5914329761423343,14,normal,14,14,0.0,1,,,0.052826673949543976,0.0019812857142857145,1.4,False
normal_14,AI2_Current,0.6054848012569527,115.93698195588779,0.08068265825183984,2.261532564778853,13.449999999999998,5.89861932890402,0.9950553685183052,14,normal,14,14,0.0,1,,,0.052826673949543976,13.449999999999998,1.4,False
normal_15,AI0_Vibration,1.795500741495093,0.08151151649667149,-2.7853144757135215,5.916917291707777e-05,-1.9999999997938332e-08,0.05398117679832801,0.533378523378723,50,normal,15,50,0.0,0,,,0.2033399532916244,1.9999999997938332e-08,5.0,False
normal_15,AI1_Vibration,1.7887828009384505,0.2589419453710471,-1.7005675089617254,-0.001101236268163247,1.9999999999100597e-08,0.0391904831403849,0.956245224040949,50,normal,15,50,0.0,0,,,0.2033399532916244,1.9999999999100597e-08,5.0,False
normal_15,AI2_Current,0.5997881550864865,252.69666003621222,0.9070950353483316,0.4188859322334224,0.36000000000000026,4.7660076835032195,0.9992890980147007,50,normal,15,50,0.0,0,,,0.2033399532916244,0.36000000000000026,5.0,False
normal_16,AI0_Vibration,3.6001109770107163,0.11091295120555919,1.0323375610497714,3.735792283299233e-07,-3.999999999920734e-08,0.04740470592217179,0.7323958558168726,50,normal,16,50,0.0,0,,,0.15090291113089896,3.999999999920734e-08,5.0,False
normal_16,AI1_Vibration,1.7914638337899988,0.14942899404993884,-1.8085232051959688,-0.0004448973356419722,-2.000000000015878e-08,0.05648538035786499,0.778032794058628,50,normal,16,50,0.0,0,,,0.15090291113089896,2.000000000015878e-08,5.0,False
normal_16,AI2_Current,0.5987387728971901,158.59765947351463,-1.4707474044203925,0.45391494063578364,0.7880000000000007,6.052422714687219,0.9970896260411514,50,normal,16,50,0.0,0,,,0.15090291113089896,0.7880000000000007,5.0,False
normal_17,AI0_Vibration,0.9568132297191512,0.03885400867378932,-2.4579895865387535,-0.009960233255674487,-0.01347225,0.038491156219356164,0.3372907965454822,36,normal,17,36,0.0,1,,,0.07364189043042463,0.01347225,3.6,False
normal_17,AI1_Vibration,3.598309093429927,0.04364084814891458,-0.1114362755354072,-0.008964943527256488,-0.008774861111111112,0.04456361036838479,0.3219826017288172,36,normal,17,36,0.0,1,,,0.07364189043042463,0.008774861111111112,3.6,False
normal_17,AI2_Current,0.6014371842410952,114.73901180525102,1.2457383738908032,-0.1653753214365281,8.25,5.414433884255832,0.995792651594049,36,normal,17,36,0.0,1,,,0.07364189043042463,8.25,3.6,False
normal_18,AI0_Vibration,3.590254635711084,0.10719769957556917,-0.39090096565022714,-0.0025737696252667377,-0.0018165555555555558,0.04554894039964801,0.7316869375039498,36,normal,18,36,0.0,1,,,0.12634353283365513,0.0018165555555555558,3.6,False
normal_18,AI1_Vibration,1.799089103899621,0.11604833357397358,0.4123307956325878,0.00046613351973391615,0.006316166666666666,0.038217688578862104,0.8215981152130698,36,normal,18,36,0.0,1,,,0.12634353283365513,0.006316166666666666,3.6,False
normal_18,AI2_Current,0.5993384198625024,144.16951726289994,2.1912923654959906,0.42568460017989196,6.525000000000001,5.02619761708464,0.9975224365073735,36,normal,18,36,0.0,1,,,0.12634353283365513,6.525000000000001,3.6,False
normal_19,AI0_Vibration,3.604615685962689,0.09529956869162647,-0.30390268884590804,0.028947238942995973,0.0271374347826087,0.048012138836654575,0.6568933142169494,23,normal,19,23,0.0,1,,,0.09496047971061206,0.0271374347826087,2.3,False
normal_19,AI1_Vibration,2.560558547201171,0.03151786109454537,1.9228399815754018,0.008665738333080427,0.008214130434782608,0.031593942685294626,0.3323546651314372,23,normal,19,23,0.0,1,,,0.09496047971061206,0.008214130434782608,2.3,False
normal_19,AI2_Current,0.6014371842410952,117.09123100980439,2.990977106151073,0.6435658404732543,-18.608695652173914,5.736614086562583,0.9950159014465165,23,normal,19,23,0.0,1,,,0.09496047971061206,18.608695652173914,2.3,False
normal_20,AI0_Vibration,3.509788537580201,0.07812327611123361,0.292982369682147,-0.0008323458223410511,0.002201727272727272,0.04291306849336819,0.6097482738789927,22,normal,20,22,0.0,1,,,0.10145348715477273,0.002201727272727272,2.2,False
normal_20,AI1_Vibration,2.7400452887977456,0.07762889530274728,3.0020454879151557,0.00025802449977318457,0.0005824090909090893,0.05049432633649868,0.5421491240439377,22,normal,20,22,0.0,1,,,0.10145348715477273,0.0005824090909090893,2.2,False
normal_20,AI2_Current,0.5960660488899697,116.10419776588911,1.8158801237450135,1.0195445375942427,13.004545454545452,5.398296909372738,0.9953394327678866,22,normal,20,22,0.0,1,,,0.10145348715477273,13.004545454545452,2.2,False
normal_21,AI0_Vibration,3.579577144545723,0.10464341939459638,0.09220330947095882,0.026341355107303566,0.028278363636363643,0.04231915094074927,0.7467905674588008,11,normal,21,11,0.0,1,,,0.12238361457653628,0.028278363636363643,1.1,False
normal_21,AI1_Vibration,1.6862608586229484,0.10454978822568542,1.497822592706561,0.021059055278721997,0.017000818181818186,0.03366458559177412,0.83373401070661,11,normal,21,11,0.0,1,,,0.12238361457653628,0.017000818181818186,1.1,False
normal_21,AI2_Current,0.6101887185212519,136.19388810338145,0.13454331141399767,3.297388355028996,52.78181818181818,4.269548620383587,0.9968068229681973,11,normal,21,11,0.0,1,,,0.12238361457653628,52.78181818181818,1.1,False
normal_22,AI0_Vibration,3.589364844780637,0.10411912726911274,-1.440242578228384,-0.0001516667188443399,-6.000000000006e-08,0.03041638178648513,0.8549242644771546,50,normal,22,50,0.0,1,,,0.10984303980061733,6.000000000006e-08,5.0,False
normal_22,AI1_Vibration,1.8080600099109412,0.07718737724737769,-0.24766384288939006,0.00023036581154576435,-2.000000000061848e-08,0.05208353086806167,0.5231212670013146,50,normal,22,50,0.0,1,,,0.10984303980061733,2.000000000061848e-08,5.0,False
normal_22,AI2_Current,0.5972504992881936,140.3780981538805,2.3165661534151374,0.2775757809808823,-0.28799999999999953,6.325177507406087,0.9959460288440077,50,normal,22,50,0.0,1,,,0.10984303980061733,0.28799999999999953,5.0,False
normal_23,AI0_Vibration,3.5858056810588503,0.0721059828824063,2.357537033283414,0.0002987495242140481,4.000000000004e-08,0.039432919957337595,0.6245935416930144,50,normal,23,50,0.0,1,,,0.07373408411080998,4.000000000004e-08,5.0,False
normal_23,AI1_Vibration,1.0845217054988885,0.022788154811090863,1.344064972199314,-0.0009593553534716776,-2.0000000000436335e-08,0.032182820726482764,0.19999389196221573,50,normal,23,50,0.0,1,,,0.07373408411080998,2.0000000000436335e-08,5.0,False
normal_23,AI2_Current,0.6018869194650793,115.79909108660277,1.5741254551525947,0.5672910967695088,0.9280000000000009,5.4622614773138585,0.9955830116640901,50,normal,23,50,0.0,1,,,0.07373408411080998,0.9280000000000009,5.0,False
normal_24,AI0_Vibration,1.7600805657219178,0.06918894500355549,3.0528843756638895,0.004468273930285621,0.0031841944444444457,0.04903189085723197,0.4941894223113217,36,normal,24,36,0.0,0,,,0.19828597793030597,0.0031841944444444457,3.6,False
normal_24,AI1_Vibration,1.7861248387176283,0.257976951727439,-2.477914228626868,-0.0002933773329840683,-0.013345749999999998,0.029083199099818068,0.9753947259801639,36,normal,24,36,0.0,0,,,0.19828597793030597,0.013345749999999998,3.6,False
normal_24,AI2_Current,0.6008375372757829,238.38965041146824,0.7267100029192549,0.1290248937067986,15.130555555555553,5.125636623064373,0.999098410752787,36,normal,24,36,0.0,0,,,0.19828597793030597,15.130555555555553,3.6,False
normal_25,AI0_Vibration,3.634346765045711,0.08141057972756328,-0.35349998398724414,0.007013435641279254,0.006729076923076923,0.03493925196869785,0.7276622003136439,26,normal,25,26,0.0,1,,,0.0801373302333131,0.006729076923076923,2.6,False
normal_25,AI1_Vibration,3.5335155458346184,0.04165905833100596,0.2312142360112902,0.005366755868108696,0.005082153846153847,0.03214105936351942,0.44709305868490345,26,normal,25,26,0.0,1,,,0.0801373302333131,0.005082153846153847,2.6,False
normal_25,AI2_Current,0.592808810294854,119.18561358147248,-2.335213619968011,0.3484928463556116,-17.61538461538461,6.31455740792699,0.9941414972558582,26,normal,25,26,0.0,1,,,0.0801373302333131,17.61538461538461,2.6,False
normal_26,AI0_Vibration,3.6019128605915056,0.06616158093635233,-2.087096863571281,0.022353619683607367,0.01819508333333333,0.026626723090539536,0.7591204280691091,12,normal,26,12,0.0,1,,,0.07610195775077011,0.01819508333333333,1.2,False
normal_26,AI1_Vibration,1.663308941067183,0.050747698249938196,-2.272347781208427,0.0130777509752746,0.013112916666666667,0.032481741373744384,0.5501163456317816,12,normal,26,12,0.0,1,,,0.07610195775077011,0.013112916666666667,1.2,False
normal_26,AI2_Current,0.5944374295924119,121.233091520544,-2.7519984670201127,2.258097013307193,-25.14166666666667,5.980083774096417,0.9948311607926315,12,normal,26,12,0.0,1,,,0.07610195775077011,25.14166666666667,1.2,False
normal_27,AI0_Vibration,3.593813799432871,0.07877636574985476,-1.5116532707564474,-6.638839618485631e-05,3.999999999976245e-08,0.04017059342906431,0.6586436058136044,50,normal,27,50,0.0,1,,,0.079231335810019,3.999999999976245e-08,5.0,False
normal_27,AI1_Vibration,2.692683616448323,0.026684031837344205,-0.488201921145709,-8.596316235386613e-05,3.999999999969306e-08,0.03458222796706382,0.22860904123948111,50,normal,27,50,0.0,1,,,0.079231335810019,3.999999999969306e-08,5.0,False
normal_27,AI2_Current,0.6003878020517988,118.13307141445351,0.7021469737887276,0.5978855738208324,0.6360000000000001,5.86136610011986,0.9950988650583285,50,normal,27,50,0.0,1,,,0.079231335810019,0.6360000000000001,5.0,False
normal_28,AI0_Vibration,3.5992100352203216,0.08186561919644082,2.433931462177281,2.152150650115703e-05,-6.000000000089267e-08,0.031112148509644395,0.7757847396886355,50,normal,28,50,0.0,1,,,0.08043470002355947,6.000000000089267e-08,5.0,False
normal_28,AI1_Vibration,3.5849158901284035,0.04315165061918381,2.0679125144799135,0.00014530777051849353,-6.000000000033756e-08,0.03492627665150294,0.4333192589352245,50,normal,28,50,0.0,1,,,0.08043470002355947,6.000000000033756e-08,5.0,False
normal_28,AI2_Current,0.5987387728971901,126.53256355381,2.2456480367150045,0.5513981032296869,0.3119999999999996,6.314142706568328,0.9950380282722732,50,normal,28,50,0.0,1,,,0.08043470002355947,0.3119999999999996,5.0,False
normal_29,AI0_Vibration,3.58046693547617,0.10204398289861641,0.7350170154447887,0.009638301395666037,0.009552666666666668,0.049350701352465394,0.6799497347613777,42,normal,29,42,0.0,1,,,0.11288267729847405,0.009552666666666668,4.2,False
normal_29,AI1_Vibration,1.8035745569052812,0.08838728201702765,-2.0811932868137166,0.0074307937364341825,0.004588642857142859,0.03357977663229449,0.775399389624585,42,normal,29,42,0.0,1,,,0.11288267729847405,0.004588642857142859,4.2,False
normal_29,AI2_Current,0.6021867429477354,138.03765306003754,-1.8866877515705125,0.5983292246375527,-6.3928571428571415,5.911348898125369,0.9963558565949381,42,normal,29,42,0.0,1,,,0.11288267729847405,6.3928571428571415,4.2,False
normal_30,AI0_Vibration,1.735271566708014,0.08571150155029734,-0.8635899387148135,-0.011002094367225934,-0.0075385925925925915,0.03855766887811753,0.7118578949090526,27,normal,30,27,0.0,0,,,0.19793942629211558,0.0075385925925925915,2.7,False
normal_30,AI1_Vibration,1.795500741495093,0.2582099222609718,-0.21384787789619897,-0.008359807387760328,-0.0005361851851851827,0.0398794048425446,0.9531739755231219,27,normal,30,27,0.0,0,,,0.19793942629211558,0.0005361851851851827,2.7,False
normal_30,AI2_Current,0.5991885081211743,250.97591277579386,1.3159540216646595,0.7198302582038707,4.096296296296295,4.5809394281105,0.9993758389016323,27,normal,30,27,0.0,0,,,0.19793942629211558,4.096296296296295,2.7,False
normal_31,AI0_Vibration,3.576017980823936,0.11782786577056911,2.352877019536915,0.012739841173536881,0.011610461538461538,0.03217876520924451,0.878312547231302,13,normal,31,13,0.0,0,,,0.15693319038833545,0.011610461538461538,1.3,False
normal_31,AI1_Vibration,1.7487052844566005,0.1545054484213174,1.71547343197666,0.007481727103459998,0.022966384615384618,0.05597039163220897,0.7973223184051508,13,normal,31,13,0.0,0,,,0.15693319038833545,0.022966384615384618,1.3,False
normal_31,AI2_Current,0.603685860361016,168.68089481202318,-2.4078196892384716,-0.8476397769844084,-6.515384615384621,6.652717965489108,0.9974002201043226,13,normal,31,13,0.0,0,,,0.15693319038833545,6.515384615384621,1.3,False
normal_32,AI0_Vibration,,,,0.006829500000000002,0.006829500000000002,,,2,normal,32,2,0.0,1,,,0.13478216266628162,0.006829500000000002,0.2,False
normal_32,AI1_Vibration,,,,-0.1120645,-0.1120645,,,2,normal,32,2,0.0,1,,,0.13478216266628162,0.1120645,0.2,False
normal_32,AI2_Current,,,,-6.55,-6.55,,,2,normal,32,2,0.0,1,,,0.13478216266628162,6.55,0.2,False
normal_33,AI0_Vibration,1.500338330391832,0.05553962232189757,-0.35505964549301067,-0.0016668687043106395,1.999999999946489e-08,0.07178673875114105,0.23003072812659153,50,normal,33,50,0.0,0,,,0.16647767272111894,1.999999999946489e-08,5.0,False
normal_33,AI1_Vibration,1.7790369394621017,0.19230957476875185,2.3349318060533486,0.002327461381859852,-5.999999999894978e-08,0.052724264602593,0.8677642130506356,50,normal,33,50,0.0,0,,,0.16647767272111894,5.999999999894978e-08,5.0,False
normal_33,AI2_Current,0.6018869194650793,196.9952503758925,0.4492793995912649,-0.007528765209364963,0.16999999999999857,5.6194288593065895,0.9983708426077651,50,normal,33,50,0.0,0,,,0.16647767272111894,0.16999999999999857,5.0,False
normal_34,AI0_Vibration,3.604615685962689,0.06544289836312882,2.8463917970835353,-0.00010232846859736452,-4.000000000045634e-08,0.05814386367159349,0.3885937345245254,50,normal,34,50,0.0,0,,,0.1541245254366092,4.000000000045634e-08,5.0,False
normal_34,AI1_Vibration,1.7914638337899988,0.1775216382461948,-1.063067846711965,-0.0008737178967136994,-2.0000000000575113e-08,0.050544491072358214,0.85982169195217,50,normal,34,50,0.0,0,,,0.1541245254366092,2.0000000000575113e-08,5.0,False
normal_34,AI2_Current,0.5996382433451585,222.84306855409872,2.160938671807717,0.4627671744990778,0.33800000000000013,6.121275030905292,0.9984925285809876,50,normal,34,50,0.0,0,,,0.1541245254366092,0.33800000000000013,5.0,False
normal_35,AI0_Vibration,0.19417014991119325,0.039913442238842,-2.117575894075687,0.007500769800619325,0.00925744736842105,0.025929160245862396,0.5877560799278899,38,normal,35,38,0.0,1,,,0.05735300567606677,0.00925744736842105,3.8,False
normal_35,AI1_Vibration,0.18523937808968044,0.02586969732804453,-1.54090740305886,-0.004999595778689105,0.0003940000000000003,0.03524825914543633,0.20996017707503078,38,normal,35,38,0.0,1,,,0.05735300567606677,0.0003940000000000003,3.8,False
normal_35,AI2_Current,0.5991885081211743,115.313057555401,-1.1823806040749656,0.39924961071362475,-5.55,5.5622839973135285,0.9951590961320776,38,normal,35,38,0.0,1,,,0.05735300567606677,5.55,3.8,False
normal_36,AI0_Vibration,3.5875852629197436,0.08160416505117282,2.750823209248591,-7.261095131191539e-05,0.001058405405405405,0.054734455682763555,0.5240910001085567,37,normal,36,37,0.0,0,,,0.14941733410946126,0.001058405405405405,3.7,False
normal_36,AI1_Vibration,1.793706560292829,0.1653641385727151,-1.2438814132208373,0.0015466871373081559,0.0030050540540540504,0.04541802262519729,0.8712390562505531,37,normal,36,37,0.0,0,,,0.14941733410946126,0.0030050540540540504,3.7,False
normal_36,AI2_Current,0.6003878020517988,206.37145079232766,2.9256241482279015,0.6657533014995778,-4.805405405405405,5.710518799555182,0.9983705691535659,37,normal,36,37,0.0,0,,,0.14941733410946126,4.805405405405405,3.7,False
normal_37,AI0_Vibration,0.9421542096181047,0.039279032161439076,-2.8581145490030364,-0.013313227431831007,-0.016280208333333334,0.04565243968619392,0.268556182093027,24,normal,37,24,0.0,1,,,0.06978637946739082,0.016280208333333334,2.4,False
normal_37,AI1_Vibration,1.011459622580321,0.03515936714789604,0.039580139187400255,-0.010979297977817779,-0.0069837916666666685,0.033086473137648134,0.3586766910661502,24,normal,37,24,0.0,1,,,0.06978637946739082,0.0069837916666666685,2.4,False
normal_37,AI2_Current,0.6020368312064074,115.70028339157336,-1.318096560660947,0.924592063229511,-1.837500000000001,5.602225166075011,0.9951468120345142,24,normal,37,24,0.0,1,,,0.06978637946739082,1.837500000000001,2.4,False
normal_38,AI0_Vibration,0.01,200.33949481433984,1.5400816082938822,-200.3246141012361,-0.03371983333333334,0.03789601663367703,0.5841986226003573,12,normal,38,12,0.0,0,,,0.18166658760969226,0.03371983333333334,1.2,True
normal_38,AI1_Vibration,1.7710630527996345,0.22864310463738033,-0.5247980688094519,-0.0027013334676950634,-0.011482583333333343,0.050522690880204425,0.9097404999282751,12,normal,38,12,0.0,0,,,0.18166658760969226,0.011482583333333343,1.2,False
normal_38,AI2_Current,0.6023366546890635,236.0320529800619,0.18866205726072563,0.5964778223754124,61.80000000000002,4.415863765167649,0.9991547350348492,12,normal,38,12,0.0,0,,,0.18166658760969226,61.80000000000002,1.2,False
normal_39,AI0_Vibration,3.556442580354108,0.05039235139021004,2.746743649340579,0.02580233901902383,0.027967499999999996,0.03582314944540799,0.4903575643355249,12,normal,39,12,0.0,1,,,0.06643201052266394,0.027967499999999996,1.2,False
normal_39,AI1_Vibration,3.529121655417134,0.03444504447876784,-3.073337613734329,0.01985808319276486,0.020500583333333336,0.012273220068542905,0.7825503548785647,12,normal,39,12,0.0,1,,,0.06643201052266394,0.020500583333333336,1.2,False
normal_39,AI2_Current,0.5902970653594625,122.5825846377882,-2.81244170975405,4.541463428256414,-26.133333333333326,5.889029846326822,0.9947848224973711,12,normal,39,12,0.0,1,,,0.06643201052266394,26.133333333333326,1.2,False
normal_40,AI0_Vibration,,,,0.033547,0.033547,,,1,normal,40,1,0.0,1,,,0.25392675048131497,0.033547,0.1,False
normal_40,AI1_Vibration,,,,-0.251701,-0.251701,,,1,normal,40,1,0.0,1,,,0.25392675048131497,0.251701,0.1,False
normal_40,AI2_Current,,,,14.3,14.3,,,1,normal,40,1,0.0,1,,,0.25392675048131497,14.3,0.1,False
normal_41,AI0_Vibration,3.598309093429927,0.05897164509475794,1.135118153799735,-7.5772282611547e-07,1.5265566588595903e-18,0.04052437011072802,0.5146293181658019,50,normal,41,50,0.0,1,,,0.08130560639316332,1.5265566588595903e-18,5.0,False
normal_41,AI1_Vibration,3.58313630826751,0.06030749145718348,1.4781553963360954,3.056448764811315e-05,-3.999999999990123e-08,0.0372206375536901,0.570713282707593,50,normal,41,50,0.0,1,,,0.08130560639316332,3.999999999990123e-08,5.0,False
normal_41,AI2_Current,0.5971024429884156,126.93981125507186,-0.44683203485656486,0.8025495239303027,1.1920000000000008,6.523266085712002,0.9947514863086844,50,normal,41,50,0.0,1,,,0.08130560639316332,1.1920000000000008,5.0,False
normal_42,AI0_Vibration,3.6064175695434786,0.06478387674164801,2.109148286244722,-0.00012672987759011073,4.000000000163595e-08,0.04756855687310148,0.4818785415949588,50,normal,42,50,0.0,1,,,0.08443338407727123,4.000000000163595e-08,5.0,False
normal_42,AI1_Vibration,3.6019128605915056,0.047744422929450386,1.6791981529797622,-1.7208281896788358e-05,9.999999999871223e-08,0.040282704885170675,0.41243764057338994,50,normal,42,50,0.0,1,,,0.08443338407727123,9.999999999871223e-08,5.0,False
normal_42,AI2_Current,0.5991885081211743,115.25742600758974,-2.676114603930486,0.5309530879799453,0.5719999999999996,5.560146700847809,0.9953726657453511,50,normal,42,50,0.0,1,,,0.08443338407727123,0.5719999999999996,5.0,False
normal_43,AI0_Vibration,1.7839098702002762,0.06683340115751636,-3.014295001462122,0.0013054524951314483,-0.001194116279069767,0.05297609483251896,0.43690102240431317,43,normal,43,43,0.0,0,,,0.1920157804465257,0.001194116279069767,4.3,False
normal_43,AI1_Vibration,1.7830238827933353,0.2479417897071111,-2.056954362302863,0.00012169915744145166,-0.00455888372093023,0.02831365236773095,0.974841016998496,43,normal,43,43,0.0,0,,,0.1920157804465257,0.00455888372093023,4.3,False
normal_43,AI2_Current,0.6006876255344549,240.39637629960384,-0.10607488931970456,0.6632925197963466,29.441860465116285,4.635348186527914,0.9992095521771523,43,normal,43,43,0.0,0,,,0.1920157804465257,29.441860465116285,4.3,False
normal_44,AI0_Vibration,3.5866954719892967,0.07368591216725039,1.9497390780187525,-0.005727846840566639,-0.003393275862068965,0.04150702334882927,0.6144464318591161,29,normal,44,29,0.0,0,,,0.12652639243025066,0.003393275862068965,2.9,False
normal_44,AI1_Vibration,1.7919123790905649,0.1399682783774142,-1.5889301839200596,-0.0017426027066150956,-0.006975241379310345,0.036874813406342376,0.8815577461723969,29,normal,44,29,0.0,0,,,0.12652639243025066,0.006975241379310345,2.9,False
normal_44,AI2_Current,0.5981391259318778,178.81496217760403,-1.8354221109659945,-0.4943391866575837,6.365517241379309,5.186764821114168,0.9984383220180325,29,normal,44,29,0.0,0,,,0.12652639243025066,6.365517241379309,2.9,False
normal_45,AI0_Vibration,0.01,5.953561215982908,-1.8221081145816267,5.794984073393518,-0.035898294117647056,0.03255035327720106,0.5592746529432382,17,normal,45,17,0.0,1,,,0.07382305548802646,0.035898294117647056,1.7,True
normal_45,AI1_Vibration,3.656174356520023,0.03242501217545036,-1.300346612308972,-0.001064057942617819,-0.002347529411764707,0.034501886152871655,0.3204024583378362,17,normal,45,17,0.0,1,,,0.07382305548802646,0.002347529411764707,1.7,False
normal_45,AI2_Current,0.6120102037445118,113.0456086410535,-1.4027489633311585,2.560047405893286,-1.8235294117647058,5.281983814221527,0.9958013005136993,17,normal,45,17,0.0,1,,,0.07382305548802646,1.8235294117647058,1.7,False
normal_46,AI0_Vibration,4.998769970094963,54.1097155603605,-3.139321363309109,0.020352069369498016,0.012499800000000002,0.046138522150585594,0.7004344980425963,5,normal,46,5,0.0,0,,,0.21031716328678457,0.012499800000000002,0.5,False
normal_46,AI1_Vibration,2.0387160849728323,0.2752196050255392,0.434421770485528,0.0005934665730191607,-0.00021680000000000587,0.004175714355282679,0.9995283692026443,5,normal,46,5,0.0,0,,,0.21031716328678457,0.00021680000000000587,0.5,False
normal_46,AI2_Current,0.6822238027352862,192.08827995026556,-0.14932089884193767,48.029184363739795,151.16000000000003,1.5426613663233835,0.9996429246061244,5,normal,46,5,0.0,0,,,0.21031716328678457,151.16000000000003,0.5,True
normal_47,AI0_Vibration,3.560001744075895,0.06091281225458761,1.798908632461268,4.152717497615116e-05,-2.0000000000575113e-08,0.06224335210008256,0.32902669069839274,50,normal,47,50,0.0,0,,,0.15416335555280314,2.0000000000575113e-08,5.0,False
normal_47,AI1_Vibration,1.792360924391131,0.18115638693547814,1.2905959776161775,0.0004637589302032008,-3.999999999983184e-08,0.03941559322866498,0.9136525056819973,50,normal,47,50,0.0,0,,,0.15416335555280314,3.999999999983184e-08,5.0,False
normal_47,AI2_Current,0.5985888611558621,208.10933694695234,-1.603050805331132,0.426966378180083,0.9059999999999997,6.84456211895441,0.997836631828305,50,normal,47,50,0.0,0,,,0.15416335555280314,0.9059999999999997,5.0,False
normal_48,AI0_Vibration,0.21413920535301179,0.036267582003820326,-1.1111681492386165,0.0019421048277533763,2.0000000000679195e-08,0.030498991314892587,0.41798216434985536,50,normal,48,50,0.0,1,,,0.06640243269082843,2.0000000000679195e-08,5.0,False
normal_48,AI1_Vibration,3.6019128605915056,0.048136698001284,0.3564535178370877,2.158716816790321e-05,-7.999999999938611e-08,0.040652740836701784,0.4120938653053723,50,normal,48,50,0.0,1,,,0.06640243269082843,7.999999999938611e-08,5.0,False
normal_48,AI2_Current,0.598438949414534,114.15051912438176,-2.7871126373707646,0.3616278143070062,0.40400000000000075,5.3520432020475255,0.9956338214903895,50,normal,48,50,0.0,1,,,0.06640243269082843,0.40400000000000075,5.0,False
normal_49,AI0_Vibration,0.1802344733302797,0.07299489532025515,1.182741801550424,-0.017915884120278565,-0.024033949999999995,0.06298363070682038,0.44148082897966046,40,normal,49,40,0.0,0,,,0.13879427248854687,0.024033949999999995,4.0,False
normal_49,AI1_Vibration,1.816185290921552,0.13123753752052092,2.7939874299589964,-0.014508046501227116,-0.014120325,0.05481810233904031,0.7360363785252666,40,normal,49,40,0.0,0,,,0.13879427248854687,0.014120325,4.0,False
normal_49,AI2_Current,0.601137360758439,177.47183936272563,-2.6796332945970196,0.5459183895191302,-22.025,5.051277953794746,0.9983918069017123,40,normal,49,40,0.0,0,,,0.13879427248854687,22.025,4.0,False
normal_50,AI0_Vibration,1.8435443058475618,0.05268544309142817,-0.749668536186592,-0.003921360036118905,-0.004618954545454545,0.04844840578808649,0.37415418759255226,22,normal,50,22,0.0,0,,,0.16728705082418827,0.004618954545454545,2.2,False
normal_50,AI1_Vibration,1.798192013298489,0.21066536787563273,0.6688222267200457,-0.004277233266295324,-0.004192863636363638,0.04125548875642765,0.929655768371838,22,normal,50,22,0.0,0,,,0.16728705082418827,0.004192863636363638,2.2,False
normal_50,AI2_Current,0.5990385963798462,231.5907709548098,1.628541413021414,0.7442900330314615,31.31363636363636,6.46187691237636,0.9983577889363069,22,normal,50,22,0.0,0,,,0.16728705082418827,31.31363636363636,2.2,False
normal_51,AI0_Vibration,0.09795453442478474,0.050293706567999974,-1.6522805510905985,0.004701488560878257,1.999999999946489e-08,0.045215093815963295,0.3732116424658163,50,normal,51,50,0.0,1,,,0.07610407482677915,1.999999999946489e-08,5.0,True
normal_51,AI1_Vibration,3.58313630826751,0.039470860322243624,-2.0839634267548335,7.485865597751246e-05,1.9999999999447543e-08,0.04175141984097865,0.31102712293147416,50,normal,51,50,0.0,1,,,0.07610407482677915,1.9999999999447543e-08,5.0,False
normal_51,AI2_Current,0.5953257673910798,116.086860122955,-1.8589294061485426,0.3144317971817401,1.0959999999999994,5.430488602633097,0.995626120080167,50,normal,51,50,0.0,1,,,0.07610407482677915,1.0959999999999994,5.0,False
normal_52,AI0_Vibration,0.9463791776262358,0.08435217664458765,-2.8610677833118894,0.003253799261995906,1.9999999999499586e-08,0.07279143497145053,0.39973747548167726,50,normal,52,50,0.0,0,,,0.16398282833284708,1.9999999999499586e-08,5.0,False
normal_52,AI1_Vibration,1.8067143740092433,0.14100856248502078,-3.003947035233256,-0.00017604481067903452,1.999999999835467e-08,0.09032247875911918,0.5483562570933204,50,normal,52,50,0.0,0,,,0.16398282833284708,1.999999999835467e-08,5.0,False
normal_52,AI2_Current,0.6008375372757829,173.1143724853306,2.9052512164859925,0.9028070772876085,1.0000000000000007,5.314456732859285,0.998116851670137,50,normal,52,50,0.0,0,,,0.16398282833284708,1.0000000000000007,5.0,False
normal_53,AI0_Vibration,1.798192013298489,0.07466807026782726,1.281215287357743,5.0372227277169224e-05,8.000000000230045e-08,0.05718771688078986,0.4602147881976226,50,normal,53,50,0.0,0,,,0.18103045956981934,8.000000000230045e-08,5.0,False
normal_53,AI1_Vibration,1.7878968135315099,0.22163239773307356,2.5332119903746815,0.0015379493579341375,-1.999999999835467e-08,0.048370411364609366,0.9124143958388757,50,normal,53,50,0.0,0,,,0.18103045956981934,1.999999999835467e-08,5.0,False
normal_53,AI2_Current,0.5999380668278146,236.00428762634067,-0.7116245726921621,0.626785740567982,0.6459999999999991,6.613110964144358,0.9984320548055574,50,normal,53,50,0.0,0,,,0.18103045956981934,0.6459999999999991,5.0,False
normal_54,AI0_Vibration,1.4597995212533144,0.02502312822382526,-0.2860788476809622,-0.00017648513283668402,8.326672684688674e-19,0.029681138053103625,0.25785775082039974,50,normal,54,50,0.0,1,,,0.05714173443342441,8.326672684688674e-19,5.0,False
normal_54,AI1_Vibration,3.58313630826751,0.04283837547747966,-1.4241910147887518,-7.972735773135314e-05,6.000000000054572e-08,0.03392764590911999,0.44609151938417724,50,normal,54,50,0.0,1,,,0.05714173443342441,6.000000000054572e-08,5.0,False
normal_54,AI2_Current,0.603685860361016,115.68736817366106,-0.488335995298518,0.602701672219105,0.19,6.27700101406883,0.994134575386962,50,normal,54,50,0.0,1,,,0.05714173443342441,0.19,5.0,False
normal_55,AI0_Vibration,3.5706792352412555,0.0694512854033008,1.376097654329888,-0.0001403723143386243,-4.000000000031756e-08,0.04948277881423326,0.5008323092316525,50,normal,55,50,0.0,0,,,0.14848389565754258,4.000000000031756e-08,5.0,False
normal_55,AI1_Vibration,1.798192013298489,0.16483057325620334,-2.3596318549185247,-3.275059521011536e-05,3.999999999993592e-08,0.05951300402753769,0.7933873507027509,50,normal,55,50,0.0,0,,,0.14848389565754258,3.999999999993592e-08,5.0,False
normal_55,AI2_Current,0.5987387728971901,192.2485961065495,0.8622263198093891,1.0799124548733232,0.8319999999999986,6.955444052202403,0.9973903796527045,50,normal,55,50,0.0,0,,,0.14848389565754258,0.8319999999999986,5.0,False
normal_56,AI0_Vibration,3.6199316963993975,0.05077016726843565,-2.056113305981674,8.899999454015442e-05,-4.000000000045634e-08,0.038567205442581805,0.46089260376074204,50,normal,56,50,0.0,1,,,0.07024053746562593,4.000000000045634e-08,5.0,False
normal_56,AI1_Vibration,3.620832638189792,0.030991018769455505,-0.6305330688335481,0.0002177207358514347,6.000000000047634e-08,0.04107414654731424,0.2242121099881622,50,normal,56,50,0.0,1,,,0.07024053746562593,6.000000000047634e-08,5.0,False
normal_56,AI2_Current,0.6018869194650793,118.66488216118998,-1.8429203238312077,0.5218770099997414,0.18199999999999933,5.831327431407724,0.9952033906352189,50,normal,56,50,0.0,1,,,0.07024053746562593,0.18199999999999933,5.0,False
normal_57,AI0_Vibration,3.590254635711084,0.08979080571015972,-2.2969573802667864,0.00012809008751918372,5.551115123125783e-19,0.024732671581880663,0.8688187362994936,50,normal,57,50,0.0,1,,,0.09528414916606014,5.551115123125783e-19,5.0,False
normal_57,AI1_Vibration,1.8067143740092433,0.06791248264052227,2.714533915652005,-0.00020656246942839587,-1.9999999998632224e-08,0.04591091432978001,0.5226893426435505,50,normal,57,50,0.0,1,,,0.09528414916606014,1.9999999998632224e-08,5.0,False
normal_57,AI2_Current,0.5985888611558621,136.10601982694666,-1.0241910959572647,0.4133535033697626,0.7179999999999984,6.2828312525885055,0.995748320785117,50,normal,57,50,0.0,1,,,0.09528414916606014,0.7179999999999984,5.0,False
normal_58,AI0_Vibration,3.6001109770107163,0.06914156534333034,0.5778670087392965,1.3556605007042366e-06,-3.999999999976245e-08,0.04715550806452912,0.5180477799088036,50,normal,58,50,0.0,1,,,0.08438047942717557,3.999999999976245e-08,5.0,False
normal_58,AI1_Vibration,3.6289411143033434,0.044062012845880974,0.44290923522024367,0.00010224201762101988,-3.999999999823589e-08,0.03941296374632374,0.38019507372997463,50,normal,58,50,0.0,1,,,0.08438047942717557,3.999999999823589e-08,5.0,False
normal_58,AI2_Current,0.6014371842410952,117.76156926027646,-0.8348859171254608,0.6623776114278286,0.42400000000000093,5.440900462047574,0.9957530688179558,50,normal,58,50,0.0,1,,,0.08438047942717557,0.42400000000000093,5.0,False
normal_59,AI0_Vibration,1.8035745569052812,0.07057583342467366,-0.5736674942090678,0.0001303994840479404,-4.000000000198289e-08,0.04855155280345,0.5140863179183832,50,normal,59,50,0.0,0,,,0.18280004289282867,4.000000000198289e-08,5.0,False
normal_59,AI1_Vibration,1.792809469691697,0.23318890937437156,0.4200958431265863,-0.0002493873510795025,-1.999999999835467e-08,0.03547706985072531,0.9559378034906674,50,normal,59,50,0.0,0,,,0.18280004289282867,1.999999999835467e-08,5.0,False
normal_59,AI2_Current,0.6000879785691426,237.16592648294386,-0.5442351730215984,0.11936133713490449,0.09599999999999966,4.658617837515539,0.9992288984021851,50,normal,59,50,0.0,0,,,0.18280004289282867,0.09599999999999966,5.0,False
normal_60,AI0_Vibration,3.5840260991979567,0.1046988689146802,-2.018291255751506,0.00014445018819649047,-3.999999999837467e-08,0.04201185941851742,0.7583929163345693,50,normal,60,50,0.0,1,,,0.1389790273567922,3.999999999837467e-08,5.0,False
normal_60,AI1_Vibration,1.7941551055933949,0.14817116206981815,-0.18765033104799658,-0.0003797261924079476,-2.220446049250313e-18,0.03221559969742493,0.9135844789096645,50,normal,60,50,0.0,1,,,0.1389790273567922,2.220446049250313e-18,5.0,False
normal_60,AI2_Current,0.5978427244873056,152.2961244824537,-2.470999268213139,0.2321523629316573,0.4719999999999995,6.313645425136687,0.9965823333946354,50,normal,60,50,0.0,1,,,0.1389790273567922,0.4719999999999995,5.0,False
normal_61,AI0_Vibration,3.601011918801111,0.07013647474580356,0.8110397672366381,7.3632430291625806e-06,-2.000000000140778e-08,0.02891359705718778,0.7461981600376411,50,normal,61,50,0.0,1,,,0.06716859816714951,2.000000000140778e-08,5.0,False
normal_61,AI1_Vibration,2.964449280062487,0.021868475490132856,1.6365473329996842,4.2247803648101656e-05,-1.6696713456276769e-19,0.031214077427476165,0.19988787583802747,50,normal,61,50,0.0,1,,,0.06716859816714951,1.6696713456276769e-19,5.0,False
normal_61,AI2_Current,0.6014371842410952,114.79154405918284,1.7038209082933335,0.2522339080187521,0.5280000000000004,5.744905951608159,0.9950276998873945,50,normal,61,50,0.0,1,,,0.06716859816714951,0.5280000000000004,5.0,False
normal_62,AI0_Vibration,1.7732780213169865,0.07690772101986003,1.0329531653450719,6.651273153331777e-05,1.9999999999811833e-08,0.06244770221045963,0.43530265058624706,50,normal,62,50,0.0,0,,,0.21980940735145982,1.9999999999811833e-08,5.0,False
normal_62,AI1_Vibration,1.7914638337899988,0.28106478332406465,1.8404046338507425,0.0012817395272512744,-5.999999999450889e-08,0.045448110746616255,0.9501203921765671,50,normal,62,50,0.0,0,,,0.21980940735145982,5.999999999450889e-08,5.0,False
normal_62,AI2_Current,0.5993384198625024,252.65693718463547,1.6118224958692215,0.617066029333273,0.3400000000000006,4.972165230437646,0.9992251993039045,50,normal,62,50,0.0,0,,,0.21980940735145982,0.3400000000000006,5.0,False
normal_63,AI0_Vibration,3.5947035903633173,0.06105715276171347,1.622467443494796,4.4795444551208596e-05,6.000000000061511e-08,0.057282597977771244,0.3629459819815056,50,normal,63,50,0.0,0,,,0.1435168028589684,6.000000000061511e-08,5.0,False
normal_63,AI1_Vibration,1.796397832096225,0.16868684141719284,-1.6296373477085568,-0.00027737691512493,4.000000000031756e-08,0.03501776688282475,0.9206126415432858,50,normal,63,50,0.0,0,,,0.1435168028589684,4.000000000031756e-08,5.0,False
normal_63,AI2_Current,0.5985888611558621,202.92455117983164,2.5947754865798824,-0.12754374569698257,-0.4580000000000007,6.408526755113594,0.9980095338752331,50,normal,63,50,0.0,0,,,0.1435168028589684,0.4580000000000007,5.0,False
normal_64,AI0_Vibration,0.1278060609861595,0.08128719560125523,0.6229302849137484,-0.01922088242327064,-1.999999999821589e-08,0.06563837558989817,0.4276683400939483,50,normal,64,50,0.0,1,,,0.10509772062066808,1.999999999821589e-08,5.0,False
normal_64,AI1_Vibration,0.16132376430983003,0.04317592699165639,-0.06465034210578485,-0.0064368109817081135,1.1102230246251566e-18,0.051044510694497426,0.2593124155258216,50,normal,64,50,0.0,1,,,0.10509772062066808,1.1102230246251566e-18,5.0,False
normal_64,AI2_Current,0.5999380668278146,115.94468635650884,2.3766870722045277,0.5358242773518498,0.5260000000000005,5.636208744754554,0.9952959718905551,50,normal,64,50,0.0,1,,,0.10509772062066808,0.5260000000000005,5.0,False
normal_65,AI0_Vibration,3.2000215922980466,0.047161894793647775,2.4208893220275383,-3.5436635986707543e-07,2.0000000000297557e-08,0.06076479148967499,0.23147851421870114,50,normal,65,50,0.0,0,,,0.16189013941936056,2.0000000000297557e-08,5.0,False
normal_65,AI1_Vibration,1.795500741495093,0.19380192429527046,-1.88627556107691,-0.0002977011222858872,4.163336342344337e-19,0.05104369926575925,0.8782718624377379,50,normal,65,50,0.0,0,,,0.16189013941936056,4.163336342344337e-19,5.0,False
normal_65,AI2_Current,0.6015870959824232,204.80908934612248,-1.1393070568825536,0.40217844465783514,-0.12199999999999989,5.830791132561513,0.998385335258019,50,normal,65,50,0.0,0,,,0.16189013941936056,0.12199999999999989,5.0,False
normal_66,AI0_Vibration,3.6073185113338733,0.06915367834009463,-2.412390984486447,-4.993394051394304e-05,5.551115123125783e-19,0.0573816025538815,0.4194775653323273,50,normal,66,50,0.0,0,,,0.14823240640581936,5.551115123125783e-19,5.0,False
normal_66,AI1_Vibration,1.7972949226973571,0.16875084198748297,-0.4344887346325373,-0.0002313329190168495,-6.000000000144779e-08,0.045560002472324244,0.8726632134030893,50,normal,66,50,0.0,0,,,0.14823240640581936,6.000000000144779e-08,5.0,False
normal_66,AI2_Current,0.6002378903104707,221.81598561746426,0.014469143760093499,0.6829933262613559,0.6680000000000024,6.231570555698002,0.9984234045405219,50,normal,66,50,0.0,0,,,0.14823240640581936,0.6680000000000024,5.0,False
normal_67,AI0_Vibration,0.1730206614168585,0.06565027047185927,0.27879899947900644,-0.001968088473023018,-4.0000000001705336e-08,0.07692927189519035,0.2907057306699188,50,normal,67,50,0.0,0,,,0.15183867394909636,4.0000000001705336e-08,5.0,False
normal_67,AI1_Vibration,1.7941551055933949,0.1296200361293492,1.1913219582325858,0.0002271168354095604,-1.9999999999326113e-08,0.0793374962903206,0.5721363770769698,50,normal,67,50,0.0,0,,,0.15183867394909636,1.9999999999326113e-08,5.0,False
normal_67,AI2_Current,0.5979907807870836,178.44791663943337,-1.0512165481590185,0.3099430792824194,0.8860000000000002,4.929586264203798,0.9984717069730729,50,normal,67,50,0.0,0,,,0.15183867394909636,0.8860000000000002,5.0,False
normal_68,AI0_Vibration,1.7583305224503305,0.07118491115167984,0.6183452114414787,-0.0009170415169719587,2.0000000000575113e-08,0.06959755140236065,0.3452207668490218,50,normal,68,50,0.0,0,,,0.18082882622214855,2.0000000000575113e-08,5.0,False
normal_68,AI1_Vibration,1.792360924391131,0.21528190698385252,1.0827477902116776,0.00037572903218846543,2.000000000002e-08,0.045203367410253256,0.9192399542022779,50,normal,68,50,0.0,0,,,0.18082882622214855,2.000000000002e-08,5.0,False
normal_68,AI2_Current,0.5994883316038304,235.60802749911022,-2.5088053303450915,0.17449545527975374,0.26000000000000184,6.166963116925671,0.998632414656812,50,normal,68,50,0.0,0,,,0.18082882622214855,0.26000000000000184,5.0,False
normal_69,AI0_Vibration,1.3847152474297229,0.03244971390275119,-1.4773216856524085,-0.0003059800413744776,4.163336342344337e-19,0.03213380322578031,0.33658238659078477,50,normal,69,50,0.0,1,,,0.05816954759769067,4.163336342344337e-19,5.0,False
normal_69,AI1_Vibration,1.8289019520892935,0.02832020782640675,2.0402107704982977,-0.00042953289658842833,-2.7755575615628914e-19,0.03769742967741236,0.22227121197881006,50,normal,69,50,0.0,1,,,0.05816954759769067,2.7755575615628914e-19,5.0,False
normal_69,AI2_Current,0.5994883316038304,115.30119303335138,-2.848176199515257,0.3964082930740105,0.4059999999999998,5.5369297998883935,0.9954129714160748,50,normal,69,50,0.0,1,,,0.05816954759769067,0.4059999999999998,5.0,False
normal_70,AI0_Vibration,3.574238398963043,0.05183521677287833,3.0119010357766927,0.0004510995488963424,-3.999999999948489e-08,0.04470572529893755,0.3975222627681999,50,normal,70,50,0.0,1,,,0.11804893726721982,3.999999999948489e-08,5.0,False
normal_70,AI1_Vibration,1.8120977926890636,0.13435883426618866,-0.9090122429034974,0.0009043995428616447,7.999999999896978e-08,0.03912324863682202,0.8558492268203188,50,normal,70,50,0.0,1,,,0.11804893726721982,7.999999999896978e-08,5.0,False
normal_70,AI2_Current,0.6026364781717196,163.64859224004286,1.4203829891302784,0.289767206858798,0.977999999999999,6.02481807671343,0.9973064060448523,50,normal,70,50,0.0,1,,,0.11804893726721982,0.977999999999999,5.0,False
normal_71,AI0_Vibration,1.8067143740092433,0.06576820524840189,1.74832602260515,-0.0002472926440801812,-8.000000000008e-08,0.05375776008778751,0.42898457683156554,50,normal,71,50,0.0,0,,,0.16413340902205134,8.000000000008e-08,5.0,False
normal_71,AI1_Vibration,1.7896687883453914,0.19784767196030645,3.1282945472392645,0.0008067440375110475,3.3306690738754695e-18,0.047900416302664006,0.8951290680125225,50,normal,71,50,0.0,0,,,0.16413340902205134,3.3306690738754695e-18,5.0,False
normal_71,AI2_Current,0.6000879785691426,233.44252533610228,-0.423341303489989,0.6157365500235272,0.5960000000000002,7.501266985051375,0.9979390584606739,50,normal,71,50,0.0,0,,,0.16413340902205134,0.5960000000000002,5.0,False
normal_72,AI0_Vibration,1.8148227915107225,0.023784947652071217,-1.872455821842436,0.0001632359901875182,-6.591949208711867e-19,0.02704419399041752,0.2794420143346431,50,normal,72,50,0.0,1,,,0.06047913623655682,6.591949208711867e-19,5.0,False
normal_72,AI1_Vibration,3.6073185113338733,0.044234670837143886,-2.0685978870614954,6.08301747964668e-06,-3.999999999962367e-08,0.04086706678039882,0.36802507812625596,50,normal,72,50,0.0,1,,,0.06047913623655682,3.999999999962367e-08,5.0,False
normal_72,AI2_Current,0.6023366546890635,114.78462141687886,-0.346911581536855,0.2124913578117713,-0.001999999999999602,5.574476217515815,0.9952949985710824,50,normal,72,50,0.0,1,,,0.06047913623655682,0.001999999999999602,5.0,False
normal_73,AI0_Vibration,0.08402142280066904,0.10553335282024624,2.8334735661565618,0.0645616828068841,-3.999999999948489e-08,0.0705278958578623,0.2652485652080816,50,normal,73,50,0.0,1,,,0.12218815100065965,3.999999999948489e-08,5.0,True
normal_73,AI1_Vibration,1.7768219709447497,0.10342069546521493,3.1070564347305583,0.0011365291695478955,-8.000000000230045e-08,0.05329221300698672,0.6519558824018519,50,normal,73,50,0.0,1,,,0.12218815100065965,8.000000000230045e-08,5.0,False
normal_73,AI2_Current,0.6017370077237513,143.5442636951415,-0.4184506292514166,0.3964827961373487,0.16800000000000068,5.554902557492375,0.9970103153473561,50,normal,73,50,0.0,1,,,0.12218815100065965,0.16800000000000068,5.0,False
normal_74,AI0_Vibration,1.7790369394621017,0.07910625196608649,-0.06486419447255583,-0.0007864825055286348,4.000000000004e-08,0.05479340980653292,0.5091511491739875,50,normal,74,50,0.0,0,,,0.1854220711618765,4.000000000004e-08,5.0,False
normal_74,AI1_Vibration,1.78833980723498,0.22758330180495576,0.9064675673028573,0.00025020949657389435,2.498001805406602e-18,0.04661157377035579,0.9231325969352868,50,normal,74,50,0.0,0,,,0.1854220711618765,2.498001805406602e-18,5.0,False
normal_74,AI2_Current,0.5996382433451585,251.8514253026741,1.4950254480813163,0.6993108104821317,0.5519999999999999,4.641979165556229,0.9993206666395462,50,normal,74,50,0.0,0,,,0.1854220711618765,0.5519999999999999,5.0,False
normal_75,AI0_Vibration,3.5920342175719773,0.1247719520676197,0.8140987946243734,-0.00014658015021640214,3.999999999920734e-08,0.03759973057823528,0.8468242433519643,50,normal,75,50,0.0,0,,,0.13946959054919464,3.999999999920734e-08,5.0,False
normal_75,AI1_Vibration,1.799537649200187,0.1336027520788481,1.0652250113225694,1.7172124659389776e-05,3.999999999927673e-08,0.0359973445260576,0.8732363143907153,50,normal,75,50,0.0,0,,,0.13946959054919464,3.999999999927673e-08,5.0,False
normal_75,AI2_Current,0.5978427244873056,150.88585305300353,-0.8191734144749351,0.743529395306453,1.215999999999999,6.603014629273623,0.9961774998936568,50,normal,75,50,0.0,0,,,0.13946959054919464,1.215999999999999,5.0,False
normal_76,AI0_Vibration,1.8076114646103754,0.07592246030806446,1.5379914019442689,-0.00029847333840597734,4.000000000281556e-08,0.06798384002432507,0.3847792847644862,50,normal,76,50,0.0,0,,,0.1874001389132356,4.000000000281556e-08,5.0,False
normal_76,AI1_Vibration,1.789669652587735,0.22651109531479105,2.8174122480423334,0.0011900434082678726,2.0000000000575113e-08,0.04522514440673146,0.925911563659548,50,normal,76,50,0.0,0,,,0.1874001389132356,2.0000000000575113e-08,5.0,False
normal_76,AI2_Current,0.5994883316038304,245.04424079120272,-0.9673970112834341,0.6888015947364465,0.8820000000000005,5.844432039624758,0.9988629155354166,50,normal,76,50,0.0,0,,,0.1874001389132356,0.8820000000000005,5.0,False
normal_77,AI0_Vibration,1.5202708995956844,0.04202782493456317,-0.7149133612795305,-0.03431251874925799,-0.030377666666666664,0.019502464746256866,0.6755678616373777,12,normal,77,12,0.0,1,,,0.07189527300467442,0.030377666666666664,1.2,False
normal_77,AI1_Vibration,3.5343943239181157,0.05996890546329826,-1.6102300559042966,-0.014018995929434733,-0.01756325,0.029096704663028255,0.6938439185553784,12,normal,77,12,0.0,1,,,0.07189527300467442,0.01756325,1.2,False
normal_77,AI2_Current,0.5913282472970741,114.91736746373002,-2.534515282273195,0.170061632788574,-19.166666666666664,5.1091855466178115,0.9963077337221112,12,normal,77,12,0.0,1,,,0.07189527300467442,19.166666666666664,1.2,False
normal_78,AI0_Vibration,3.5947035903633173,0.05032482692519776,0.7304848421736839,-4.290480515297887e-05,-2.000000000047103e-08,0.036282681612491,0.49090325861924755,50,normal,78,50,0.0,1,,,0.10609772869086313,2.000000000047103e-08,5.0,False
normal_78,AI1_Vibration,1.796846377396791,0.12365827806169169,-1.769911002299181,-0.00015732852548872023,-2.0000000000644503e-08,0.03200498282873431,0.8818671555320333,50,normal,78,50,0.0,1,,,0.10609772869086313,2.0000000000644503e-08,5.0,False
normal_78,AI2_Current,0.601137360758439,147.64770935465563,0.09810743529497667,0.4324614069451833,0.41200000000000003,5.823801431495713,0.9968920709112038,50,normal,78,50,0.0,1,,,0.10609772869086313,0.41200000000000003,5.0,False
normal_79,AI0_Vibration,1.8058172834081112,0.0863308993441075,1.8709953924002274,-0.00028868095068945027,-5.551115123125783e-19,0.06891781136303489,0.44056592495341496,50,normal,79,50,0.0,0,,,0.18348877637806624,5.551115123125783e-19,5.0,False
normal_79,AI1_Vibration,1.78833980723498,0.216060795279077,3.0935849870977994,0.001052567712943508,-2.220446049250313e-18,0.04290450314638654,0.9268887170687092,50,normal,79,50,0.0,0,,,0.18348877637806624,2.220446049250313e-18,5.0,False
normal_79,AI2_Current,0.6003878020517988,241.04321144925512,2.3940701775592252,0.4444453542289182,0.5700000000000017,5.4095121451899555,0.9989939084192756,50,normal,79,50,0.0,0,,,0.18348877637806624,0.5700000000000017,5.0,False
normal_80,AI0_Vibration,3.589364844780637,0.06129243459773364,-1.3371326335172207,0.0010686878568449826,0.000768857142857144,0.03411480299546355,0.6182669273974428,42,normal,80,42,0.0,1,,,0.07471559128200116,0.000768857142857144,4.2,False
normal_80,AI1_Vibration,3.58046693547617,0.03860198897056767,-1.2874107769014607,0.0015002323059108286,0.001409285714285714,0.04225323535322025,0.29463009666064954,42,normal,80,42,0.0,1,,,0.07471559128200116,0.001409285714285714,4.2,False
normal_80,AI2_Current,0.5959179925901917,122.45974544237711,0.6591639204056662,1.0690509348052615,14.957142857142859,6.271224408541945,0.9946416601036475,42,normal,80,42,0.0,1,,,0.07471559128200116,14.957142857142859,4.2,False
normal_81,AI0_Vibration,1.373715612955438,0.0602611471242232,0.5665476180241321,-0.0020333899859651394,0.0007045161290322587,0.0623490168150203,0.320393321316226,31,normal,81,31,0.0,1,,,0.1287474441847168,0.0007045161290322587,3.1,False
normal_81,AI1_Vibration,1.8080600099109412,0.13738102760926793,1.3461058866326143,0.005694493091894931,0.009174677419354842,0.03496904161104419,0.8864714805808659,31,normal,81,31,0.0,1,,,0.1287474441847168,0.009174677419354842,3.1,False
normal_81,AI2_Current,0.5987387728971901,160.27330309667127,2.6651067932081083,0.9771324994592661,-9.877419354838707,5.6072901471829475,0.997425376299908,31,normal,81,31,0.0,1,,,0.1287474441847168,9.877419354838707,3.1,False
normal_82,AI0_Vibration,1.6753801777047475,0.10041120207754135,-1.6824729476480125,-0.018251457300553345,-0.01899475,0.0501258466974374,0.6810905512283794,16,normal,82,16,0.0,0,,,0.19901351985213842,0.01899475,1.6,False
normal_82,AI1_Vibration,1.804471647506413,0.24501724591694451,-0.9767198869376829,-0.008184576599110982,0.0011888124999999972,0.05006031291467108,0.9201020322911435,16,normal,82,16,0.0,0,,,0.19901351985213842,0.0011888124999999972,1.6,False
normal_82,AI2_Current,0.6021867429477354,249.52941161847258,0.18561557074987012,0.5931463912117678,1.7124999999999986,4.581714754393321,0.9993504183812771,16,normal,82,16,0.0,0,,,0.19901351985213842,1.7124999999999986,1.6,False
normal_83,AI0_Vibration,3.169056846734783,0.08600175522668012,-0.8841773427820778,0.012137715987356551,0.0112792,0.014785375370422408,0.9494528107204934,5,normal,83,5,0.0,1,,,0.09417391225811955,0.0112792,0.5,False
normal_83,AI1_Vibration,4.998769970094963,54.70606201789864,-3.140075730447379,-7.566589716286043e-05,0.00023920000000000053,0.028967627245945187,0.8100082792041768,5,normal,83,5,0.0,1,,,0.09417391225811955,0.00023920000000000053,0.5,False
normal_83,AI2_Current,0.6644469853293085,110.72890741330619,-1.1712632659186257,-2.6414055709688142,-33.120000000000005,0.8300414579256087,0.9997809694527653,5,normal,83,5,0.0,1,,,0.09417391225811955,33.120000000000005,0.5,True
normal_84,AI0_Vibration,1.7790369394621017,0.0876487764474387,-3.073309071676677,0.000781485300260773,-5.999999999811712e-08,0.048861818299149304,0.6164334521824311,50,normal,84,50,0.0,0,,,0.2047830660517124,5.999999999811712e-08,5.0,False
normal_84,AI1_Vibration,1.7852388513106874,0.2615824494531701,-2.1391938189655795,-0.0004704965539982231,-4.000000000004e-08,0.03448058387012027,0.9667080811599915,50,normal,84,50,0.0,0,,,0.2047830660517124,4.000000000004e-08,5.0,False
normal_84,AI2_Current,0.5999380668278146,242.6528002771438,2.908073822151204,0.6783432324916134,0.6679999999999978,4.724102271769571,0.9992425770601124,50,normal,84,50,0.0,0,,,0.2047830660517124,0.6679999999999978,5.0,False
normal_85,AI0_Vibration,3.5992100352203216,0.08776286762243912,2.6515899958263236,0.00148492352783023,0.0012216956521739126,0.04101312605371829,0.6979909562149271,46,normal,85,46,0.0,1,,,0.12094934442926743,0.0012216956521739126,4.6,False
normal_85,AI1_Vibration,1.7941551055933949,0.12753308983907374,-1.06814648862286,-0.0007131528810315063,-0.003463695652173915,0.030014017915389327,0.9004114527846205,46,normal,85,46,0.0,1,,,0.12094934442926743,0.003463695652173915,4.6,False
normal_85,AI2_Current,0.5968063303888597,152.24941311720406,-2.8618107408770834,0.3310515654635964,-7.952173913043476,6.247741799831017,0.9966541830074223,46,normal,85,46,0.0,1,,,0.12094934442926743,7.952173913043476,4.6,False
normal_86,AI0_Vibration,3.5956062680587433,0.07649998696117677,-2.1728542781954157,0.015020736126137711,0.014441606060606061,0.044995290526293266,0.5937952364492289,33,normal,86,33,0.0,1,,,0.08330603170675743,0.014441606060606061,3.3,False
normal_86,AI1_Vibration,2.6933517858009273,0.03411406218730467,-2.3588446437749933,0.0033853273427284294,0.0031935454545454554,0.033873421003015755,0.3394342901929853,33,normal,86,33,0.0,1,,,0.08330603170675743,0.0031935454545454554,3.3,False
normal_86,AI2_Current,0.601137360758439,115.71643455402229,-0.023749214335076554,0.7304507531697386,0.9787878787878785,5.866549363740423,0.9949222976041248,33,normal,86,33,0.0,1,,,0.08330603170675743,0.9787878787878785,3.3,False
normal_87,AI0_Vibration,1.8384858669182178,0.06827806111776227,-0.3452796385396509,-0.07242767726163032,-0.07315556521739132,0.0629492774330402,0.3600797188178859,23,normal,87,23,0.0,0,,,0.21518983634668495,0.07315556521739132,2.3,False
normal_87,AI1_Vibration,1.790118197888301,0.2534452514454821,0.8303764753837408,-0.032303866972371365,-0.027880478260869562,0.04682857387390905,0.9354745090466983,23,normal,87,23,0.0,0,,,0.21518983634668495,0.027880478260869562,2.3,False
normal_87,AI2_Current,0.5997881550864865,260.7906676685046,1.7118690978358226,0.906424120004715,24.143478260869564,4.743997958782663,0.9992893969459313,23,normal,87,23,0.0,0,,,0.21518983634668495,24.143478260869564,2.3,False
normal_88,AI0_Vibration,3.5212126526656613,0.07226362839472529,-0.8590385078406719,0.001390000881371617,-0.002777916666666666,0.03225813379086737,0.729820157998102,12,normal,88,12,0.0,1,,,0.07211291164960221,0.002777916666666666,1.2,False
normal_88,AI1_Vibration,2.35849764058764,0.03456510390611156,0.46326842169063986,-0.0073708914121275275,-0.0057975,0.02673642477008832,0.453272857380317,12,normal,88,12,0.0,1,,,0.07211291164960221,0.0057975,1.2,False
normal_88,AI2_Current,0.6161449841438235,121.61642750094461,1.829841702254963,-3.6251426862951917,-31.691666666666666,5.19054965763278,0.9958741581033014,12,normal,88,12,0.0,1,,,0.07211291164960221,31.691666666666666,1.2,False
normal_89,AI0_Vibration,1.7657682063545765,0.09361137154402013,-0.81476151926021,-0.0017184227452189185,5.999999999860284e-08,0.05877109787761651,0.5551952471481323,50,normal,89,50,0.0,0,,,0.20773736325042735,5.999999999860284e-08,5.0,False
normal_89,AI1_Vibration,1.7865678324210985,0.2602514141514851,-0.1899547797667117,-0.0016803548161047135,-2.0000000000575113e-08,0.04041703208959706,0.9538412273926494,50,normal,89,50,0.0,0,,,0.20773736325042735,2.0000000000575113e-08,5.0,False
normal_89,AI2_Current,0.5997881550864865,242.82406086655936,-1.9926297217518516,0.07146289985246312,0.14199999999999988,3.6785337883339597,0.9995411721783696,50,normal,89,50,0.0,0,,,0.20773736325042735,0.14199999999999988,5.0,False
normal_90,AI0_Vibration,3.572458817102149,0.0828876781534976,-2.083096815468187,0.00026936124157368735,-0.0016054693877551004,0.049962192844037655,0.5787009949876538,49,normal,90,49,0.0,0,,,0.14759836099789625,0.0016054693877551004,4.9,False
normal_90,AI1_Vibration,1.796397832096225,0.1647186278823281,-0.5447430746931103,-0.0015331317974458109,0.0020771428571428542,0.05074994601475419,0.8375383893557106,49,normal,90,49,0.0,0,,,0.14759836099789625,0.0020771428571428542,4.9,False
normal_90,AI2_Current,0.5975466118877496,183.64551962136338,2.228728120433823,0.531027876920632,-3.840816326530611,6.018984269309297,0.9978066772567363,49,normal,90,49,0.0,0,,,0.14759836099789625,3.840816326530611,4.9,False
normal_91,AI0_Vibration,1.4199932512425828,0.04137420149389565,1.443516987855505,-0.022108127478289125,-0.02121272222222222,0.03567986642766495,0.4067822851058581,36,normal,91,36,0.0,1,,,0.07724639759076148,0.02121272222222222,3.6,False
normal_91,AI1_Vibration,2.7122209276826963,0.04512914183024283,-1.6506721498967747,-0.009955900584282841,-0.010071083333333335,0.04715343847440134,0.31996091914167024,36,normal,91,36,0.0,1,,,0.07724639759076148,0.010071083333333335,3.6,False
normal_91,AI2_Current,0.5999380668278146,114.51688016745415,-1.206809407910021,0.5036951568302754,-5.861111111111111,5.437771321612579,0.9955437811918258,36,normal,91,36,0.0,1,,,0.07724639759076148,5.861111111111111,3.6,False
normal_92,AI0_Vibration,1.6980619060197009,0.07914660536113702,-0.9124603192841866,-0.018293865018798962,-0.016344260869565218,0.050161733912732626,0.5476585805054884,23,normal,92,23,0.0,0,,,0.196789517228986,0.016344260869565218,2.3,False
normal_92,AI1_Vibration,1.7856818450141578,0.25204940198533654,-0.545014052975082,-0.005684267187482092,-0.010415217391304346,0.03280129997141208,0.9671852856206806,23,normal,92,23,0.0,0,,,0.196789517228986,0.010415217391304346,2.3,False
normal_92,AI2_Current,0.5994883316038304,246.07664018425643,1.4963586894346086,1.025568073041768,32.856521739130436,3.7536790175237646,0.9995071010653056,23,normal,92,23,0.0,0,,,0.196789517228986,32.856521739130436,2.3,False
normal_93,AI0_Vibration,3.313586352412395,0.039001827649391516,-0.547519234336718,0.004810310492680072,0.007025124999999998,0.01877112148906442,0.6968166791560428,8,normal,93,8,0.0,0,,,0.12314327256695753,0.007025124999999998,0.8,False
normal_93,AI1_Vibration,1.7763789772412795,0.16577164448544507,2.847749313200129,-0.0005615954807156043,-0.017776375000000004,0.026977299775239633,0.946631285175795,8,normal,93,8,0.0,0,,,0.12314327256695753,0.017776375000000004,0.8,False
normal_93,AI2_Current,0.8472901528264334,118.8095383904223,0.021114149585330776,86.19902554835339,131.7375,4.911790802636679,0.993554687773039,8,normal,93,8,0.0,0,,,0.12314327256695753,131.7375,0.8,False
normal_94,AI0_Vibration,1.771506046503105,0.06465857598792785,0.005563612281128888,-0.0008906331550753892,5.999999999992123e-08,0.07979420906147369,0.24574986595909531,50,normal,94,50,0.0,0,,,0.1803153830876889,5.999999999992123e-08,5.0,False
normal_94,AI1_Vibration,1.782580889089865,0.20243529728485504,0.7015042058347458,-0.00027129512422297,4.000000000226045e-08,0.05790824781568101,0.8606942941113382,50,normal,94,50,0.0,0,,,0.1803153830876889,4.000000000226045e-08,5.0,False
normal_94,AI2_Current,0.6015870959824232,209.952720594767,0.5655096540930635,-0.28370478679831024,-0.06599999999999795,5.654119403721826,0.9985488818648077,50,normal,94,50,0.0,0,,,0.1803153830876889,0.06599999999999795,5.0,False
normal_95,AI0_Vibration,3.609120394914662,0.06655041210042258,-3.108968309189769,-0.00017154944448779532,1.999999999613422e-08,0.06414777132389501,0.3504346546812558,50,normal,95,50,0.0,0,,,0.15919863220304376,1.999999999613422e-08,5.0,False
normal_95,AI1_Vibration,1.799537649200187,0.1893182749466547,-0.7955858383546485,-5.0221679585849e-05,6.000000000172533e-08,0.03307389964408566,0.9424553756725758,50,normal,95,50,0.0,0,,,0.15919863220304376,6.000000000172533e-08,5.0,False
normal_95,AI2_Current,0.598289037673206,202.80558239394202,0.7991853933137214,1.3878011972362856,1.0659999999999998,7.3658156375958646,0.9973717059870046,50,normal,95,50,0.0,0,,,0.15919863220304376,1.0659999999999998,5.0,False
normal_96,AI0_Vibration,1.1987368124041713,0.023696022882776877,3.0855864614791155,-0.0065940300565024345,-0.008208447368421055,0.02759193321968456,0.26533147994024164,38,normal,96,38,0.0,1,,,0.0560964906712673,0.008208447368421055,3.8,False
normal_96,AI1_Vibration,3.58046693547617,0.03826979929657174,2.404916958308022,-0.0009659489577911982,-0.0010098157894736829,0.03598114842575529,0.3660386312151207,38,normal,96,38,0.0,1,,,0.0560964906712673,0.0010098157894736829,3.8,False
normal_96,AI2_Current,0.5997881550864865,114.75798654459143,-2.780838683455631,0.39943526455133593,-10.350000000000001,5.8389228417539965,0.9949390784397992,38,normal,96,38,0.0,1,,,0.0560964906712673,10.350000000000001,3.8,False
normal_97,AI0_Vibration,1.3533450276766517,0.05937458461096315,0.7189243253598793,-0.013829890533316753,-0.008468400000000001,0.060004104620336306,0.3328123929590868,25,normal,97,25,0.0,0,,,0.1732911650196859,0.008468400000000001,2.5,False
normal_97,AI1_Vibration,1.7972949226973571,0.21384780036964868,2.021519433232241,-0.0023303531184634407,-0.00017684000000000032,0.041739305517422984,0.929069262493007,25,normal,97,25,0.0,0,,,0.1732911650196859,0.00017684000000000032,2.5,False
normal_97,AI2_Current,0.5993384198625024,205.28402084433196,-1.755469757068292,0.08075882547879587,-16.115999999999996,4.649889936850483,0.9989611415898071,25,normal,97,25,0.0,0,,,0.1732911650196859,16.115999999999996,2.5,False
normal_98,AI0_Vibration,0.22273411449167513,0.05846213696636584,-1.3818212063072155,0.009843430419363898,0.01765783333333333,0.0513676206859841,0.39829541555933135,24,normal,98,24,0.0,1,,,0.08453208230877986,0.01765783333333333,2.4,False
normal_98,AI1_Vibration,3.526485321166643,0.04272428655241633,-2.85459312157455,0.012626377647319956,0.011453208333333333,0.03754090848359672,0.39186234686566945,24,normal,98,24,0.0,1,,,0.08453208230877986,0.011453208333333333,2.4,False
normal_98,AI2_Current,0.6030862133957038,114.02856343980699,2.4220272480627676,0.9210332884470205,-10.933333333333332,5.246533094695775,0.9956018044147485,24,normal,98,24,0.0,1,,,0.08453208230877986,10.933333333333332,2.4,False
normal_99,AI0_Vibration,2.0079638931905257,0.07865206988120142,-2.159123222117574,-0.006127697878676508,-0.016770499999999997,0.0438784036668293,0.6187055329176752,12,normal,99,12,0.0,0,,,0.2087473021442433,0.016770499999999997,1.2,False
normal_99,AI1_Vibration,1.8049201928069791,0.26915187834837684,-0.4185553265394158,0.004759886217509765,-0.004552333333333341,0.061742146868723216,0.9002697776593296,12,normal,99,12,0.0,0,,,0.2087473021442433,0.004552333333333341,1.2,False
normal_99,AI2_Current,0.5975466118877496,235.63728810975093,1.044253048500671,0.7397670308837974,3.3833333333333306,3.6679010157186265,0.9996034989910151,12,normal,99,12,0.0,0,,,0.2087473021442433,3.3833333333333306,1.2,False
normal_100,AI0_Vibration,3.6064175695434786,0.06287165425450959,-0.562568756945096,0.00013974134144349032,5.999999999894978e-08,0.0536613700147572,0.40826144624110905,50,normal,100,50,0.0,1,,,0.09264670896259619,5.999999999894978e-08,5.0,False
normal_100,AI1_Vibration,1.800883285101885,0.05990271026986058,0.8889479767686719,-1.0234620882711154e-05,2.0000000001685338e-08,0.04386186820547523,0.4824388433105935,50,normal,100,50,0.0,1,,,0.09264670896259619,2.0000000001685338e-08,5.0,False
normal_100,AI2_Current,0.6005377137931268,128.39119347949196,-1.4466775202651203,0.5434613623329767,0.42800000000000127,5.7241903225871065,0.9960438634055578,50,normal,100,50,0.0,1,,,0.09264670896259619,0.42800000000000127,5.0,False
normal_101,AI0_Vibration,1.8026774663041492,0.07675737989718794,0.4144282314167366,1.3187468832522725e-05,-5.551115123125783e-19,0.04764445181812196,0.5643429592262685,50,normal,101,50,0.0,0,,,0.1957979713953135,5.551115123125783e-19,5.0,False
normal_101,AI1_Vibration,1.792360924391131,0.2523449933638568,1.452039214274281,0.0007869902541681739,-3.9999999998652226e-08,0.03581129958694031,0.9612861182949569,50,normal,101,50,0.0,0,,,0.1957979713953135,3.9999999998652226e-08,5.0,False
normal_101,AI2_Current,0.5997881550864865,243.82346979431094,1.2719781378403148,0.5544129703736758,0.47799999999999954,3.430375073880778,0.9996041982486996,50,normal,101,50,0.0,0,,,0.1957979713953135,0.47799999999999954,5.0,False
normal_102,AI0_Vibration,3.5992100352203216,0.11056088773166355,0.3989482043802215,0.0019285508040527075,0.0017487999999999983,0.028322670980968107,0.8811951980230205,45,normal,102,45,0.0,1,,,0.12112696635936286,0.0017487999999999983,4.5,False
normal_102,AI1_Vibration,1.8080600099109412,0.11686048055721857,-2.2648529243624362,-2.2119067842149565e-05,-0.001368711111111111,0.03317625602574288,0.8609356111883981,45,normal,102,45,0.0,1,,,0.12112696635936286,0.001368711111111111,4.5,False
normal_102,AI2_Current,0.5979907807870836,144.68840836485768,-1.8885868217062083,0.011461251382087312,1.3488888888888892,6.413627782793232,0.9962898405463868,45,normal,102,45,0.0,1,,,0.12112696635936286,1.3488888888888892,4.5,False
normal_103,AI0_Vibration,3.5884750538501904,0.07840088681499009,-3.029974765999578,-0.002164341816787448,-0.001599029411764708,0.05188154262089506,0.5265224214201796,34,normal,103,34,0.0,1,,,0.10456204101126362,0.001599029411764708,3.4,False
normal_103,AI1_Vibration,1.8026774663041492,0.08157931940069998,-0.5659124329924954,0.0010235589459034015,-0.00014870588235294172,0.04391655458294097,0.6323340160552694,34,normal,103,34,0.0,1,,,0.10456204101126362,0.00014870588235294172,3.4,False
normal_103,AI2_Current,0.6027863899130477,129.21719302214422,-0.39376952617081074,0.38755481120247737,-0.9088235294117645,5.518118969929905,0.9963064859506151,34,normal,103,34,0.0,1,,,0.10456204101126362,0.9088235294117645,3.4,False
normal_104,AI0_Vibration,3.5706792352412555,0.02651952093979775,1.3672609255969579,-0.0058311140800055995,-0.005597029411764705,0.02868502835375584,0.29817081859158656,34,normal,104,34,0.0,1,,,0.0633877498445318,0.005597029411764705,3.4,False
normal_104,AI1_Vibration,3.550214043840981,0.04873081967182834,0.0634984507098129,-0.003974756593373634,-0.004234205882352941,0.040092199059450474,0.4251832976318619,34,normal,104,34,0.0,1,,,0.0633877498445318,0.004234205882352941,3.4,False
normal_104,AI2_Current,0.6068493289452757,114.52936622833218,-1.346064156182363,0.8545496981504641,-2.561764705882353,5.636054495769764,0.9952995819113447,34,normal,104,34,0.0,1,,,0.0633877498445318,2.561764705882353,3.4,False
normal_105,AI0_Vibration,3.617228871028214,0.05951721622686944,0.02874450131261292,-0.005693975038935661,-0.005322045454545456,0.04236361571291095,0.493593419912146,22,normal,105,22,0.0,1,,,0.09376508240835421,0.005322045454545456,2.2,False
normal_105,AI1_Vibration,1.8139144585701694,0.09117742323507529,-2.160918418737559,0.00733642334815994,0.007420727272727271,0.031607563861320916,0.8065587852048678,22,normal,105,22,0.0,1,,,0.09376508240835421,0.007420727272727271,2.2,False
normal_105,AI2_Current,0.6044354190676563,145.3524817559591,-0.0803710921698182,0.2058392884967315,21.077272727272724,5.98208395690945,0.9964635893189507,22,normal,105,22,0.0,1,,,0.09376508240835421,21.077272727272724,2.2,False
normal_106,AI0_Vibration,2.2327411554442245,0.07859869488908265,0.27952694870376416,-0.009163079474706709,-0.009316888888888888,0.04807277868081202,0.5708621369722333,9,normal,106,9,0.0,0,,,0.20998039509307637,0.009316888888888888,0.9,False
normal_106,AI1_Vibration,1.8293561185595701,0.2626255557603373,1.572602840022646,-0.0176192134387978,-0.012199666666666657,0.02753640701281376,0.9802902176606305,9,normal,106,9,0.0,0,,,0.20998039509307637,0.012199666666666657,0.9,False
normal_106,AI2_Current,0.7117206287561296,205.90255989211985,-0.6021245007735581,56.56198748431426,143.04444444444442,2.311829923285124,0.9995004031252546,9,normal,106,9,0.0,0,,,0.20998039509307637,143.04444444444442,0.9,False
normal_107,AI0_Vibration,3.5866954719892967,0.06841341591816998,1.4868997133511466,4.7304158823500975e-05,-2.000000000002e-08,0.05338895388154392,0.453316922244293,50,normal,107,50,0.0,1,,,0.10982575050196562,2.000000000002e-08,5.0,False
normal_107,AI1_Vibration,1.7999861945007531,0.10375943084411665,1.6855742030726306,7.759147202385241e-07,1.9999999999117945e-08,0.038272232440238245,0.786095346546196,50,normal,107,50,0.0,1,,,0.10982575050196562,1.9999999999117945e-08,5.0,False
normal_107,AI2_Current,0.601137360758439,145.08473322450538,-1.5984848806897864,0.7446945523157638,0.47399999999999864,6.138087624410406,0.9964393320327286,50,normal,107,50,0.0,1,,,0.10982575050196562,0.47399999999999864,5.0,False
normal_108,AI0_Vibration,1.7657682063545765,0.09972862338894574,-0.9135411320682895,-0.001758697726447725,1.9999999999742446e-08,0.06434123276223654,0.5423931454089325,50,normal,108,50,0.0,0,,,0.22198820662454122,1.9999999999742446e-08,5.0,False
normal_108,AI1_Vibration,1.7887828009384505,0.27471909011152057,-0.36510740262676267,-0.0016135791435318292,-7.999999999785956e-08,0.05168145573196208,0.933610977420169,50,normal,108,50,0.0,0,,,0.22198820662454122,7.999999999785956e-08,5.0,False
normal_108,AI2_Current,0.6000879785691426,250.72123103346587,-1.9476895683099653,0.747249228084911,0.7160000000000007,3.759629693816367,0.9995505154772406,50,normal,108,50,0.0,0,,,0.22198820662454122,0.7160000000000007,5.0,False
normal_109,AI0_Vibration,3.578687353615276,0.1093697957643231,2.1825857937051607,-0.0020385960863590277,0.00014610810810810796,0.033995431716908525,0.8420020465583328,37,normal,109,37,0.0,1,,,0.1293245282873932,0.00014610810810810796,3.7,False
normal_109,AI1_Vibration,1.793258014992263,0.11904274122345707,1.7851372022702956,0.001437462974069964,0.001024648648648649,0.04654499101514535,0.7697528716632414,37,normal,109,37,0.0,1,,,0.1293245282873932,0.001024648648648649,3.7,False
normal_109,AI2_Current,0.5994883316038304,145.20819382482614,-1.3636386742693105,1.0870352766032738,-9.024324324324326,5.694828051316072,0.99693928302708,37,normal,109,37,0.0,1,,,0.1293245282873932,9.024324324324326,3.7,False
normal_110,AI0_Vibration,3.605516627753084,0.05964111886018365,-0.38474123005852623,0.028851889666433813,0.02756986956521739,0.04186515959552347,0.4983769020141795,23,normal,110,23,0.0,1,,,0.08358097850925902,0.02756986956521739,2.3,False
normal_110,AI1_Vibration,2.6264419889876156,0.04264594468202224,-2.045049276303062,0.005520540715129297,0.005394956521739131,0.0424290880963761,0.3338747002286806,23,normal,110,23,0.0,1,,,0.08358097850925902,0.005394956521739131,2.3,False
normal_110,AI2_Current,0.5976946681875276,114.54117064721308,-2.2129400705939295,0.3631251481858868,-22.804347826086957,5.399297926503608,0.9954980911311815,23,normal,110,23,0.0,1,,,0.08358097850925902,22.804347826086957,2.3,False
normal_111,AI0_Vibration,3.522091430749158,0.08342776413201045,1.3594788785954706,-0.03009425981404522,-0.021265700000000002,0.05769672731595454,0.5018840618119009,10,normal,111,10,0.0,0,,,0.1905443756831988,0.021265700000000002,1.0,False
normal_111,AI1_Vibration,1.8239061209162521,0.22938292794169154,1.3714663010539547,-0.01161335556514767,-0.017011000000000005,0.0180587816297393,0.9887087664484342,10,normal,111,10,0.0,0,,,0.1905443756831988,0.017011000000000005,1.0,False
normal_111,AI2_Current,0.5589677445223005,227.35690670487577,1.6431090040504823,1.5419727760037745,-8.930000000000007,3.573135574922671,0.9995509595464374,10,normal,111,10,0.0,0,,,0.1905443756831988,8.930000000000007,1.0,False
normal_112,AI0_Vibration,0.16977432466439774,0.057700080235014474,-0.011186219395078174,-0.005081834103209962,-4.163336342344337e-19,0.044205731531240446,0.47371971294626236,50,normal,112,50,0.0,1,,,0.07503762009618908,4.163336342344337e-19,5.0,False
normal_112,AI1_Vibration,2.986651335935686,0.02826626528576243,2.3889971744850227,0.000138014046397978,-1.9999999999187335e-08,0.03899665964281279,0.20692183395007946,50,normal,112,50,0.0,1,,,0.07503762009618908,1.9999999999187335e-08,5.0,False
normal_112,AI2_Current,0.6021867429477354,116.41843521809818,1.9928702189087188,0.45189009992679985,0.8619999999999993,5.609631261615909,0.9953924141057844,50,normal,112,50,0.0,1,,,0.07503762009618908,0.8619999999999993,5.0,False
normal_113,AI0_Vibration,1.8026774663041492,0.0802482329529682,-2.3445657170183543,3.3901197750152434e-05,1.9999999998996515e-08,0.04653788993045358,0.5974811426618841,50,normal,113,50,0.0,0,,,0.19708649081177532,1.9999999998996515e-08,5.0,False
normal_113,AI1_Vibration,1.789669652587735,0.25391027785161,-1.2183983290054166,-0.0014336043294356227,8.000000000341067e-08,0.0373766932744508,0.9582512965359514,50,normal,113,50,0.0,0,,,0.19708649081177532,8.000000000341067e-08,5.0,False
normal_113,AI2_Current,0.6008375372757829,240.00057167326534,0.20691596755104316,0.06146373594100396,0.07199999999999776,4.72207810118146,0.99922526291763,50,normal,113,50,0.0,0,,,0.19708649081177532,0.07199999999999776,5.0,False
normal_114,AI0_Vibration,1.8120969176160353,0.06056711459443655,2.061025637979436,-0.001486551369069243,2.3325000000000428e-05,0.061602501252892315,0.3265817179093673,40,normal,114,40,0.0,0,,,0.1472564705385641,2.3325000000000428e-05,4.0,False
normal_114,AI1_Vibration,1.7919123790905649,0.1713511671105509,-2.9930048365833595,-0.001928020702631962,-0.0023803,0.04132378303743406,0.893561404518956,40,normal,114,40,0.0,0,,,0.1472564705385641,0.0023803,4.0,False
normal_114,AI2_Current,0.6003878020517988,199.3624090333032,1.9096668515132538,0.7302000060913088,4.740000000000002,6.3586469220576785,0.997889106494572,40,normal,114,40,0.0,0,,,0.1472564705385641,4.740000000000002,4.0,False
normal_115,AI0_Vibration,1.699326303955067,0.034083421625131095,-2.60445794563355,0.003836510642634093,0.0015434814814814814,0.025889125901848758,0.4572402875742293,27,normal,115,27,0.0,1,,,0.06194950697020802,0.0015434814814814814,2.7,False
normal_115,AI1_Vibration,3.5370306581686064,0.06178281913420345,2.223992686841378,0.00028768444607382704,0.001035259259259261,0.025860491349544382,0.7427233605240168,27,normal,115,27,0.0,1,,,0.06194950697020802,0.001035259259259261,2.7,False
normal_115,AI2_Current,0.600987449017111,115.38478587999523,-0.8728595525704048,0.1445552051365837,16.599999999999998,5.494953604428886,0.9952189013316066,27,normal,115,27,0.0,1,,,0.06194950697020802,16.599999999999998,2.7,False
normal_116,AI0_Vibration,3.5194550964986675,0.07002441449282495,0.39914808286657566,-0.0029577223354986318,-0.0007357407407407408,0.04637800296436155,0.5321424425471959,27,normal,116,27,0.0,0,,,0.13573719136543888,0.0007357407407407408,2.7,False
normal_116,AI1_Vibration,1.775935983537809,0.15069209701135095,0.6389285857244265,0.0004806363312633011,0.003858185185185183,0.04770390886955608,0.8352375088603925,27,normal,116,27,0.0,0,,,0.13573719136543888,0.003858185185185183,2.7,False
normal_116,AI2_Current,0.600987449017111,187.2711794569456,-0.25654512282767666,0.2611325899987804,34.44444444444445,5.647282635908295,0.9978991346406346,27,normal,116,27,0.0,0,,,0.13573719136543888,34.44444444444445,2.7,False
normal_117,AI0_Vibration,3.7029171980760536,0.07405576787961715,-1.1051559117712508,-0.002861102538340987,-0.006556000000000001,0.04527480065149708,0.5874991138106711,17,normal,117,17,0.0,1,,,0.08613305044830011,0.006556000000000001,1.7,False
normal_117,AI1_Vibration,3.609120394914662,0.04804593584657577,-1.0125591570173516,-0.002180180424637846,-0.0034538823529411777,0.03433017777134192,0.5078608568082903,17,normal,117,17,0.0,1,,,0.08613305044830011,0.0034538823529411777,1.7,False
normal_117,AI2_Current,0.6082154428627206,115.38055752974712,2.327732090320561,-0.9361529901226291,2.041176470588236,5.370346661345322,0.9957121141403528,17,normal,117,17,0.0,1,,,0.08613305044830011,2.041176470588236,1.7,False
normal_118,AI0_Vibration,,,,-0.0802975,-0.0802975,,,2,normal,118,2,0.0,0,,,0.16066337920322726,0.0802975,0.2,False
normal_118,AI1_Vibration,,,,-0.11405950000000001,-0.11405950000000001,,,2,normal,118,2,0.0,0,,,0.16066337920322726,0.11405950000000001,0.2,False
normal_118,AI2_Current,,,,-150.2,-150.2,,,2,normal,118,2,0.0,0,,,0.16066337920322726,150.2,0.2,False
normal_119,AI0_Vibration,3.2095669103345053,0.06593921258111556,-0.9131279677853763,0.0002287660759975399,4.000000000031756e-08,0.056246426957520204,0.40874275214445577,50,normal,119,50,0.0,0,,,0.17159235642335585,4.000000000031756e-08,5.0,False
normal_119,AI1_Vibration,1.790118197888301,0.2127383153500605,2.2224172871644066,0.0012309703782724668,-2.7755575615628914e-19,0.04022234248293744,0.9328509006483976,50,normal,119,50,0.0,0,,,0.17159235642335585,2.7755575615628914e-19,5.0,False
normal_119,AI2_Current,0.5993384198625024,224.73065765515088,-0.5715469234004892,0.8482482679290513,1.0219999999999994,6.070925890888633,0.9985426379574135,50,normal,119,50,0.0,0,,,0.17159235642335585,1.0219999999999994,5.0,False
normal_120,AI0_Vibration,1.3805714010304813,0.03405131904390183,-0.3742658965150732,-0.0004368563617706961,-3.9999999998791e-08,0.03683879080608299,0.29732904887544587,50,normal,120,50,0.0,1,,,0.06887464642914691,3.9999999998791e-08,5.0,False
normal_120,AI1_Vibration,3.6244364053513705,0.04806890958728589,-2.799756882871672,-0.00015917699779682305,-5.999999999922734e-08,0.0408826715810985,0.40570098636971097,50,normal,120,50,0.0,1,,,0.06887464642914691,5.999999999922734e-08,5.0,False
normal_120,AI2_Current,0.5987387728971901,113.77560290608287,0.6062255730172792,0.8115022544058164,0.7179999999999995,5.2396599203241445,0.9957825615182934,50,normal,120,50,0.0,1,,,0.06887464642914691,0.7179999999999995,5.0,False
normal_121,AI0_Vibration,3.576907771754383,0.054739065859208264,2.2497772303446952,-0.0059911747880122684,-0.005893928571428571,0.04204354306496871,0.4595435807230588,42,normal,121,42,0.0,1,,,0.11793070183505873,0.005893928571428571,4.2,False
normal_121,AI1_Vibration,1.7834668764968058,0.13634245938681633,-0.8063341312024651,-0.00385039266644846,-0.002790238095238096,0.03625780956546015,0.8759134204440578,42,normal,121,42,0.0,1,,,0.11793070183505873,0.002790238095238096,4.2,False
normal_121,AI2_Current,0.6018869194650793,157.3882836778095,0.7313180859525653,0.4974504033906868,16.54523809523809,5.749931764686087,0.9972717798496894,42,normal,121,42,0.0,1,,,0.11793070183505873,16.54523809523809,4.2,False
normal_122,AI0_Vibration,1.7339752793277836,0.09876103518349588,-2.1366949414248557,0.0383498918993185,0.03804255172413793,0.0720281952184747,0.4837483689100984,29,normal,122,29,0.0,0,,,0.2183711500075518,0.03804255172413793,2.9,False
normal_122,AI1_Vibration,1.7799229268690426,0.256069554260448,-1.754841823518641,0.01166456390379575,0.003787137931034481,0.04998235181184316,0.9309400859228993,29,normal,122,29,0.0,0,,,0.2183711500075518,0.003787137931034481,2.9,False
normal_122,AI2_Current,0.6027863899130477,246.6189284825889,-3.130296267929226,0.679430510666803,-25.82068965517242,4.8965248032025315,0.999164933054183,29,normal,122,29,0.0,0,,,0.2183711500075518,25.82068965517242,2.9,False
normal_123,AI0_Vibration,1.5551372175725264,0.0510941978064224,2.9975719638304614,0.01242982783055928,0.00903077777777778,0.02750362647746004,0.6183680549828182,18,normal,123,18,0.0,1,,,0.06284286208605291,0.00903077777777778,1.8,False
normal_123,AI1_Vibration,3.6019128605915056,0.03955158598973997,-1.5812552947449805,0.003433590961686356,0.0011791666666666665,0.03320811900195483,0.41470296973471643,18,normal,123,18,0.0,1,,,0.06284286208605291,0.0011791666666666665,1.8,False
normal_123,AI2_Current,0.6074564906863623,114.03785490814492,-1.822379443140164,2.3334516716775937,-7.222222222222224,5.215849445731701,0.9960865586863601,18,normal,123,18,0.0,1,,,0.06284286208605291,7.222222222222224,1.8,False
normal_124,AI0_Vibration,3.553773207562768,0.06991535492696219,-1.04245866865764,0.07972140651096418,0.07320514285714286,0.026422769669335672,0.7739898664723939,7,normal,124,7,0.0,0,,,0.13612277608153184,0.07320514285714286,0.7,False
normal_124,AI1_Vibration,1.9678654585722852,0.13972311480078478,-3.0970138117720625,0.04273243867209854,0.024385571428571427,0.020261951671463857,0.9567238995556003,7,normal,124,7,0.0,0,,,0.13612277608153184,0.024385571428571427,0.7,False
normal_124,AI2_Current,0.7890401176420871,140.12652780117998,-0.4826878568954284,60.12811661597215,128.05714285714285,3.013774354293675,0.9981110109944489,7,normal,124,7,0.0,0,,,0.13612277608153184,128.05714285714285,0.7,False
normal_125,AI0_Vibration,1.7679620968753418,0.08467411069092996,2.500580931585543,0.0015360085880763569,-1.99999999998075e-08,0.07401651619974922,0.39098373501062045,50,normal,125,50,0.0,0,,,0.19675208337412847,1.99999999998075e-08,5.0,False
normal_125,AI1_Vibration,1.787010826124569,0.23151627605870567,-3.1409280995979856,0.0012201217304742267,-3.999999999892978e-08,0.053922938136841576,0.9021503225066564,50,normal,125,50,0.0,0,,,0.19675208337412847,3.999999999892978e-08,5.0,False
normal_125,AI2_Current,0.5987387728971901,252.72417588008145,2.265869354227473,0.11317941425505751,-0.3600000000000017,5.856814851461194,0.9989257087538264,50,normal,125,50,0.0,0,,,0.19675208337412847,0.3600000000000017,5.0,False
normal_126,AI0_Vibration,1.3476189951691928,0.034499873448138575,2.5726875534999336,0.0011945394893363888,-8.000000000001062e-08,0.032127172410270514,0.3596488669376696,50,normal,126,50,0.0,1,,,0.06227850031431393,8.000000000001062e-08,5.0,False
normal_126,AI1_Vibration,3.5947053262683486,0.04084335462398992,-1.7191426897483366,-1.5644046960014424e-05,-1.3877787807814457e-19,0.037807401909948704,0.36940664964100933,50,normal,126,50,0.0,1,,,0.06227850031431393,1.3877787807814457e-19,5.0,False
normal_126,AI2_Current,0.6026364781717196,115.13777214561725,-2.560486646871033,0.5726547632835448,0.35999999999999993,5.697886368791217,0.9951117049065249,50,normal,126,50,0.0,1,,,0.06227850031431393,0.35999999999999993,5.0,False
normal_127,AI0_Vibration,3.627139230722554,0.05965013306717421,1.0134352892430716,-0.004485004319571821,-0.0032788541666666678,0.07240262922494285,0.2551262942363264,48,normal,127,48,0.0,0,,,0.15480749327121301,0.0032788541666666678,4.8,False
normal_127,AI1_Vibration,1.8049201928069791,0.15663331900346064,-1.7274208605811816,-0.003996309276578236,-0.005097229166666668,0.06636741331918841,0.7392319841104333,48,normal,127,48,0.0,0,,,0.15480749327121301,0.005097229166666668,4.8,False
normal_127,AI2_Current,0.5991885081211743,154.46840177317813,-0.5604015650950523,0.3637341143118107,6.287499999999999,5.485208819482828,0.9974101861625336,48,normal,127,48,0.0,0,,,0.15480749327121301,6.287499999999999,4.8,False
normal_128,AI0_Vibration,1.7561429683608465,0.06310569195368071,2.3985570598152135,0.009069401835474486,0.009860638888888891,0.06209395736008263,0.33513586636315307,36,normal,128,36,0.0,0,,,0.16907111828836344,0.009860638888888891,3.6,False
normal_128,AI1_Vibration,1.7910152884894328,0.2070727232156328,2.9814504017466703,0.0013106731649616468,-0.005407305555555555,0.03616767539886864,0.9422711729794196,36,normal,128,36,0.0,0,,,0.16907111828836344,0.005407305555555555,3.6,False
normal_128,AI2_Current,0.6003878020517988,232.03187783308414,-0.10433685552916622,0.7564387454924777,4.30277777777778,6.665794794746697,0.9982495294687987,36,normal,128,36,0.0,0,,,0.16907111828836344,4.30277777777778,3.6,False
normal_129,AI0_Vibration,3.6461398001979086,0.08388148717094814,1.0733250304048976,-0.003214719481731222,-0.0004758499999999999,0.03593212769887409,0.7326327058950517,20,normal,129,20,0.0,1,,,0.09858537164736966,0.0004758499999999999,2.0,False
normal_129,AI1_Vibration,3.5751281898934892,0.07818501137168732,0.6761948884949034,-0.001085147958021719,-0.0010356999999999977,0.04461773978458673,0.5927929045262349,20,normal,129,20,0.0,1,,,0.09858537164736966,0.0010356999999999977,2.0,False
normal_129,AI2_Current,0.5947335421919678,120.16401370248845,0.1448316329458249,0.9510579285482752,10.48,6.50924294520452,0.9937322547469658,20,normal,129,20,0.0,1,,,0.09858537164736966,10.48,2.0,False
normal_130,AI0_Vibration,3.7010698690975032,0.07697743569118824,-3.090857621121434,-0.017361265865942298,-0.02514657142857143,0.009410468813428028,0.9706444984962914,7,normal,130,7,0.0,1,,,0.08977391125727213,0.02514657142857143,0.7,False
normal_130,AI1_Vibration,2.1263483541414976,0.07873290442414846,2.176122333240939,-0.025758359066925696,-0.023964999999999997,0.027787426168733864,0.7987107537488659,7,normal,130,7,0.0,1,,,0.08977391125727213,0.023964999999999997,0.7,False
normal_130,AI2_Current,0.4545632096221019,168.395376529744,2.0016495391126976,-36.323128165270475,3.3999999999999977,2.0019196103041077,0.9994344129273823,7,normal,130,7,0.0,1,,,0.08977391125727213,3.3999999999999977,0.7,True
normal_131,AI0_Vibration,0.11769317433362712,0.024740399157044155,1.6878693107488412,0.0045105302757741,-6.000000000019878e-08,0.028962362836900516,0.27531632339187295,50,normal,131,50,0.0,1,,,0.054795922784455414,6.000000000019878e-08,5.0,False
normal_131,AI1_Vibration,1.7587680332682274,0.035062806390593594,1.0485514177610793,-0.00012180191108616262,-2.0000000000852668e-08,0.0348966388721743,0.3399938827851844,50,normal,131,50,0.0,1,,,0.054795922784455414,2.0000000000852668e-08,5.0,False
normal_131,AI2_Current,0.6070011193805473,115.91998698355289,-0.48049830454526077,0.4744743826264397,-0.24000000000000057,5.698715148718568,0.9951648704827378,50,normal,131,50,0.0,1,,,0.054795922784455414,0.24000000000000057,5.0,False
normal_132,AI0_Vibration,3.5688996533803623,0.05327184719103302,-1.9442606938311475,-0.0004468727862630348,-0.0016522653061224496,0.037144047891656894,0.5072643360611966,49,normal,132,49,0.0,1,,,0.11024267450872523,0.0016522653061224496,4.9,False
normal_132,AI1_Vibration,1.7896687883453914,0.12374387945495981,-0.07326250821050805,-0.0012298187309130338,0.0018404897959183682,0.04309670703302898,0.8012978660601174,49,normal,132,49,0.0,1,,,0.11024267450872523,0.0018404897959183682,4.9,False
normal_132,AI2_Current,0.6039856838436721,166.9640198688076,0.6479097400132411,-0.2759008263505933,-1.0204081632653066,7.227718684127306,0.996306182650167,49,normal,132,49,0.0,1,,,0.11024267450872523,1.0204081632653066,4.9,False
normal_133,AI0_Vibration,1.7896687883453914,0.08363425712869965,0.6546153349270665,0.01857308261456762,0.02120457142857143,0.07189234427949834,0.40513535759868524,35,normal,133,35,0.0,0,,,0.2072628065721668,0.02120457142857143,3.5,False
normal_133,AI1_Vibration,1.7839098702002762,0.24668135041186323,1.421022999775856,0.006201000793949724,0.015374857142857142,0.04777965826633353,0.932022896758824,35,normal,133,35,0.0,0,,,0.2072628065721668,0.015374857142857142,3.5,False
normal_133,AI2_Current,0.5997881550864865,253.84343257264192,-2.3519243732812583,0.6779850168490782,-8.722857142857142,5.0173827640212085,0.9992259834088876,35,normal,133,35,0.0,0,,,0.2072628065721668,8.722857142857142,3.5,False
normal_134,AI0_Vibration,3.438874513455399,0.04896809769624275,-1.0919336384849314,0.0019086139852115963,0.0009566818181818165,0.028218941275179103,0.6043751199408028,22,normal,134,22,0.0,1,,,0.05939666247548993,0.0009566818181818165,2.2,False
normal_134,AI1_Vibration,3.4845741935111545,0.04042735948177106,-2.9924307027567396,0.002424056776819652,0.0007901818181818174,0.026929385219328916,0.5208944543389372,22,normal,134,22,0.0,1,,,0.05939666247548993,0.0007901818181818174,2.2,False
normal_134,AI2_Current,0.6002378903104707,114.7253194890577,0.2593130876677934,0.9064974918419004,21.618181818181817,5.629290820311053,0.9951903712515469,22,normal,134,22,0.0,1,,,0.05939666247548993,21.618181818181817,2.2,False
normal_135,AI0_Vibration,1.0729596544664433,0.10036879438234664,1.6223358888691144,0.019153502163484992,0.015800555555555554,0.05379990787082974,0.6281859503211611,9,normal,135,9,0.0,1,,,0.11573838357644749,0.015800555555555554,0.9,False
normal_135,AI1_Vibration,1.715074539939256,0.10338772242759672,2.596949336291583,0.015787971272492957,0.002825444444444447,0.010903790104556948,0.9777900102914208,9,normal,135,9,0.0,1,,,0.11573838357644749,0.002825444444444447,0.9,False
normal_135,AI2_Current,0.7023895086260352,116.29935751258043,2.065979180223224,-15.825250685139665,-50.2,3.6726203912791857,0.997691059017334,9,normal,135,9,0.0,1,,,0.11573838357644749,50.2,0.9,False
normal_136,AI0_Vibration,3.5822465173370635,0.10065620065966172,-1.4652106323723797,-0.00016504116185402096,1.942890293094024e-18,0.035142024063566445,0.8058165788085134,50,normal,136,50,0.0,0,,,0.13487099215798776,1.942890293094024e-18,5.0,False
normal_136,AI1_Vibration,1.794603650893961,0.14050184658505993,-3.100073643410612,0.0002540354057464578,8.000000000230045e-08,0.04412731583861374,0.8354056010562841,50,normal,136,50,0.0,0,,,0.13487099215798776,8.000000000230045e-08,5.0,False
normal_136,AI2_Current,0.5985888611558621,167.35459424891212,1.0259376817858405,0.6709800033076903,0.38199999999999934,6.212835983726538,0.9972508084400228,50,normal,136,50,0.0,0,,,0.13487099215798776,0.38199999999999934,5.0,False
normal_137,AI0_Vibration,3.604615685962689,0.07387552655267458,-3.0445721592832506,-0.006268971683016825,-0.006150062499999998,0.057706288244976096,0.4440533246331887,48,normal,137,48,0.0,1,,,0.09404997121654707,0.006150062499999998,4.8,False
normal_137,AI1_Vibration,3.574238398963043,0.04866381497886871,2.5385835001747785,0.0010664765134560106,0.001567312500000001,0.0401361207799257,0.42780351802862404,48,normal,137,48,0.0,1,,,0.09404997121654707,0.001567312500000001,4.8,False
normal_137,AI2_Current,0.5999380668278146,115.33481216791127,-2.82381031903018,0.3935760595455058,-0.770833333333333,5.521088496345256,0.995586813718579,48,normal,137,48,0.0,1,,,0.09404997121654707,0.770833333333333,4.8,False
normal_138,AI0_Vibration,3.613625103866635,0.05738129541685256,0.32215471919889416,-0.00013492640451895008,0.0001783541666666675,0.04362462077734246,0.458982224998845,48,normal,138,48,0.0,1,,,0.08140609661751386,0.0001783541666666675,4.8,False
normal_138,AI1_Vibration,3.5519936257018743,0.04948108312407616,1.1022900030476168,0.001289018178989399,0.0013142291666666667,0.04350707471123392,0.39088176291809684,48,normal,138,48,0.0,1,,,0.08140609661751386,0.0013142291666666667,4.8,False
normal_138,AI2_Current,0.5966582740890817,122.86134553693678,-1.266110831652034,0.3846348197865268,5.806250000000001,6.288170165909461,0.9945789539041624,48,normal,138,48,0.0,1,,,0.08140609661751386,5.806250000000001,4.8,False
normal_139,AI0_Vibration,3.62623828893216,0.08009269772371344,0.18558334757550338,-0.006970864854670541,-0.0050218571428571395,0.0309477455108763,0.7649880761409193,35,normal,139,35,0.0,1,,,0.07837925569854018,0.0050218571428571395,3.5,False
normal_139,AI1_Vibration,1.8371062926647603,0.04353322322952458,1.209889917544573,-0.009453828363126617,-0.007415885714285713,0.03218270457134233,0.4789356217333298,35,normal,139,35,0.0,1,,,0.07837925569854018,0.007415885714285713,3.5,False
normal_139,AI2_Current,0.6033860368783599,121.82092193130924,-0.30280295647733774,0.4133479065590677,-0.4800000000000004,5.572124925213281,0.9956237523694177,35,normal,139,35,0.0,1,,,0.07837925569854018,0.4800000000000004,3.5,False
normal_140,AI0_Vibration,1.9199321557872773,0.07501042796941214,-2.899513071009984,0.0578950207280747,0.05339604347826086,0.055090243089115205,0.4810961567496258,23,normal,140,23,0.0,0,,,0.20963617287545955,0.05339604347826086,2.3,False
normal_140,AI1_Vibration,1.792809469691697,0.2510298087917263,-1.3041724879189367,0.026115272956903107,0.018416000000000002,0.04914067059323459,0.9308243089677883,23,normal,140,23,0.0,0,,,0.20963617287545955,0.018416000000000002,2.3,False
normal_140,AI2_Current,0.5987387728971901,263.6938852843576,2.091040700680087,0.5627484150942621,3.6260869565217404,4.815633121807859,0.9992736447416604,23,normal,140,23,0.0,0,,,0.20963617287545955,3.6260869565217404,2.3,False
normal_141,AI0_Vibration,0.01,29.021725971645683,-1.6437427102102697,29.010510339025625,0.014824846153846152,0.019829893926851756,0.6150902390031483,13,normal,141,13,0.0,1,,,0.05967617373728879,0.014824846153846152,1.3,True
normal_141,AI1_Vibration,2.496947215053199,0.05404061383927351,-0.5861212734889274,0.003751784694787083,0.001439846153846153,0.030068742822876908,0.6099182169679287,13,normal,141,13,0.0,1,,,0.05967617373728879,0.001439846153846153,1.3,False
normal_141,AI2_Current,0.6085190237332638,110.94281403344488,-1.0442496194750168,2.891807653625321,28.900000000000002,4.386895757318436,0.9957370029104754,13,normal,141,13,0.0,1,,,0.05967617373728879,28.900000000000002,1.3,False
normal_142,AI0_Vibration,,,,-0.002224999999999998,-0.002224999999999998,,,2,normal,142,2,0.0,1,,,0.1289657545048297,0.002224999999999998,0.2,False
normal_142,AI1_Vibration,,,,-0.096992,-0.096992,,,2,normal,142,2,0.0,1,,,0.1289657545048297,0.096992,0.2,False
normal_142,AI2_Current,,,,13.099999999999998,13.099999999999998,,,2,normal,142,2,0.0,1,,,0.1289657545048297,13.099999999999998,0.2,False
normal_143,AI0_Vibration,,,,0.011576,0.011576,,,1,normal,143,1,0.0,1,,,0.04793767972065398,0.011576,0.1,False
normal_143,AI1_Vibration,,,,-0.046519,-0.046519,,,1,normal,143,1,0.0,1,,,0.04793767972065398,0.046519,0.1,False
normal_143,AI2_Current,,,,-40.5,-40.5,,,1,normal,143,1,0.0,1,,,0.04793767972065398,40.5,0.1,False
normal_144,AI0_Vibration,0.16506411035262825,0.04851100074768718,3.1299484430540905,0.005611695805568863,-2.000000000224045e-08,0.06080816733140269,0.2471426888806375,50,normal,144,50,0.0,0,,,0.16051401440534718,2.000000000224045e-08,5.0,False
normal_144,AI1_Vibration,1.7852388513106874,0.19206081253876237,0.6196728508608148,-0.00028575460833699107,-2.0000000000575113e-08,0.04730105997948841,0.8927080060894146,50,normal,144,50,0.0,0,,,0.16051401440534718,2.0000000000575113e-08,5.0,False
normal_144,AI2_Current,0.6017370077237513,203.52275986622206,0.6173774741465499,-0.23802580004478102,0.021999999999999888,5.532974542578751,0.9985213435641138,50,normal,144,50,0.0,0,,,0.16051401440534718,0.021999999999999888,5.0,False
normal_145,AI0_Vibration,3.5858056810588503,0.08178007898438627,2.8016502910440066,0.0003977968637206078,5.999999999950489e-08,0.06939791969802683,0.40716385653891785,50,normal,145,50,0.0,0,,,0.1809324793044079,5.999999999950489e-08,5.0,False
normal_145,AI1_Vibration,1.7865678324210985,0.20905002704802625,2.1575918177650006,0.0016168818579705424,-2.0000000000575113e-08,0.054309703858843636,0.8801621004247534,50,normal,145,50,0.0,0,,,0.1809324793044079,2.0000000000575113e-08,5.0,False
normal_145,AI2_Current,0.5999380668278146,212.04358360213678,-2.2875052353401677,0.13241865560732435,0.14599999999999994,5.797063439333253,0.9985074250377889,50,normal,145,50,0.0,0,,,0.1809324793044079,0.14599999999999994,5.0,False
normal_146,AI0_Vibration,1.732246896154143,0.033313316812134244,-1.0296235942180192,-0.010198738437454048,-0.0098519,0.033363649049632634,0.33017362841826914,40,normal,146,40,0.0,1,,,0.07037981168026809,0.0098519,4.0,False
normal_146,AI1_Vibration,3.6001109770107163,0.05686963218022466,-1.2135990136431518,-0.0033304402409221334,-0.004653599999999999,0.039243403929195994,0.5146069363482326,40,normal,146,40,0.0,1,,,0.07037981168026809,0.004653599999999999,4.0,False
normal_146,AI2_Current,0.6006876255344549,115.75016242088554,0.026874042625235725,0.5512845708170868,13.685000000000002,5.628589401188703,0.995280731262159,40,normal,146,40,0.0,1,,,0.07037981168026809,13.685000000000002,4.0,False
normal_147,AI0_Vibration,1.2477757634997917,0.1019413361202656,2.5928050346586544,-0.03442806280329082,-0.03319784615384616,0.04931015343461771,0.6696356700516197,26,normal,147,26,0.0,0,,,0.1582416695567744,0.03319784615384616,2.6,False
normal_147,AI1_Vibration,1.7697340716892234,0.16441010290583616,3.0603407730009233,-0.02535150937688841,-0.03615719230769231,0.04635987806233908,0.859259749733543,26,normal,147,26,0.0,0,,,0.1582416695567744,0.03615719230769231,2.6,False
normal_147,AI2_Current,0.6012872724997671,185.33831089173844,-1.6572374484125267,0.7723187345828535,-2.065384615384616,5.182483333594493,0.9984978655697798,26,normal,147,26,0.0,0,,,0.1582416695567744,2.065384615384616,2.6,False
normal_148,AI0_Vibration,3.652525426948345,0.03082321122103923,2.373191011766464,-0.001637267375651133,-0.0011842692307692303,0.031461752101681686,0.3240047359636504,26,normal,148,26,0.0,1,,,0.0702794280456456,0.0011842692307692303,2.6,False
normal_148,AI1_Vibration,3.5644506987281286,0.061057915387596015,1.3899217908087413,0.004748892137003042,0.00649076923076923,0.03892787721228095,0.5583775951532778,26,normal,148,26,0.0,1,,,0.0702794280456456,0.00649076923076923,2.6,False
normal_148,AI2_Current,0.5978427244873056,115.32592556644379,-2.951763207370847,0.18025949701635824,-22.880769230769236,5.482929339567811,0.9949291231342315,26,normal,148,26,0.0,1,,,0.0702794280456456,22.880769230769236,2.6,False
normal_149,AI0_Vibration,1.6390369379063037,0.09856949915600721,-1.0587959809635132,-0.05993511298527179,-0.061691200000000015,0.07020237079785349,0.4913652390750036,15,normal,149,15,0.0,0,,,0.21027637845559352,0.061691200000000015,1.5,False
normal_149,AI1_Vibration,1.7941551055933949,0.2331958944667947,-0.824437428186351,-0.032073049067936454,-0.01513293333333333,0.05984621692094227,0.8825404123662086,15,normal,149,15,0.0,0,,,0.21027637845559352,0.01513293333333333,1.5,False
normal_149,AI2_Current,0.5975466118877496,200.5145918217461,-1.8650140083003643,-0.4224488144681402,15.420000000000005,4.455461377727578,0.9990059803432376,15,normal,149,15,0.0,0,,,0.21027637845559352,15.420000000000005,1.5,False
normal_150,AI0_Vibration,,,,0.003898,0.003898,,,3,normal,150,3,0.0,1,,,0.12378882651381208,0.003898,0.3,False
normal_150,AI1_Vibration,,,,-0.047299,-0.047299,,,3,normal,150,3,0.0,1,,,0.12378882651381208,0.047299,0.3,False
normal_150,AI2_Current,,,,39.733333333333334,39.733333333333334,,,3,normal,150,3,0.0,1,,,0.12378882651381208,39.733333333333334,0.3,False
normal_151,AI0_Vibration,,,,0.003015999999999999,0.003015999999999999,,,3,normal,151,3,0.0,1,,,0.16960829348531278,0.003015999999999999,0.3,False
normal_151,AI1_Vibration,,,,-0.08806366666666669,-0.08806366666666669,,,3,normal,151,3,0.0,1,,,0.16960829348531278,0.08806366666666669,0.3,False
normal_151,AI2_Current,,,,-54.03333333333334,-54.03333333333334,,,3,normal,151,3,0.0,1,,,0.16960829348531278,54.03333333333334,0.3,False
normal_152,AI0_Vibration,3.6082194531242675,0.06603908023819209,2.806131225390672,-0.0001827119594860118,2.0000000000991446e-08,0.040934954151407014,0.5669221013450265,50,normal,152,50,0.0,1,,,0.08054276691857562,2.0000000000991446e-08,5.0,False
normal_152,AI1_Vibration,3.631643939674527,0.03478610681971,1.3877930469260304,-0.00024710628785856725,4.000000000031756e-08,0.044878256890930356,0.23066620077320377,50,normal,152,50,0.0,1,,,0.08054276691857562,4.000000000031756e-08,5.0,False
normal_152,AI2_Current,0.5997881550864865,113.94502903937602,-3.0380176293125323,0.5035653560769973,0.5000000000000001,5.438121636300945,0.9954667548470784,50,normal,152,50,0.0,1,,,0.08054276691857562,0.5000000000000001,5.0,False
normal_153,AI0_Vibration,3.5911444266415304,0.11212346443354179,0.4684264867462425,-0.0002465603987126669,8.326672684688674e-19,0.033702729601869,0.8469264821812672,50,normal,153,50,0.0,1,,,0.10944510735670189,8.326672684688674e-19,5.0,False
normal_153,AI1_Vibration,1.795500741495093,0.08115410742283363,1.0242097248884532,8.139814428772402e-05,6.938893903907229e-19,0.035461089935099194,0.7241008225418633,50,normal,153,50,0.0,1,,,0.10944510735670189,6.938893903907229e-19,5.0,False
normal_153,AI2_Current,0.5985888611558621,138.00250349665023,2.8635163479076486,0.053511064180231216,-0.1,6.421095526826726,0.9956945831720203,50,normal,153,50,0.0,1,,,0.10944510735670189,0.1,5.0,False
normal_154,AI0_Vibration,1.3961244813888638,0.04719724865583673,-0.07751064665854061,-0.0018095442804601967,0.000391404255319149,0.042590092511439574,0.37741709832529957,47,normal,154,47,0.0,1,,,0.07191685939170285,0.000391404255319149,4.7,False
normal_154,AI1_Vibration,1.8522816094527925,0.04845845550372085,1.6662868531380588,-0.00011729320239028951,-0.00035570212765957383,0.032547448420979196,0.5308979635706133,47,normal,154,47,0.0,1,,,0.07191685939170285,0.00035570212765957383,4.7,False
normal_154,AI2_Current,0.6027863899130477,120.2487902468586,2.046897589653038,0.4771772061406807,-6.136170212765957,5.265785691183746,0.9959774333918281,47,normal,154,47,0.0,1,,,0.07191685939170285,6.136170212765957,4.7,False
normal_155,AI0_Vibration,1.7799229268690426,0.0849211804496544,-2.7790999219551065,0.016921664551669564,0.016947676470588233,0.05532747131659479,0.5382465778385499,34,normal,155,34,0.0,0,,,0.20771827685275185,0.016947676470588233,3.4,False
normal_155,AI1_Vibration,1.7874538198280394,0.25974598346806554,-1.9974869003480662,0.0031494721220058364,0.0006127058823529409,0.04960991948734388,0.9320687488377875,34,normal,155,34,0.0,0,,,0.20771827685275185,0.0006127058823529409,3.4,False
normal_155,AI2_Current,0.6002378903104707,249.64417431026794,-2.7856119991307673,0.647192042790607,-0.8117647058823532,4.6448329729687785,0.9992962519017615,34,normal,155,34,0.0,0,,,0.20771827685275185,0.8117647058823532,3.4,False
normal_156,AI0_Vibration,3.5379094362521033,0.09334497396243945,0.2558126051785566,-0.004881529569304134,-0.0007331052631578922,0.04260260868930493,0.6915628067645991,19,normal,156,19,0.0,1,,,0.134361550241562,0.0007331052631578922,1.9,False
normal_156,AI1_Vibration,1.7785939457586313,0.14646414895910298,1.0242963341855673,0.0025359024479510994,0.015993894736842106,0.030694339139747832,0.9209096967294191,19,normal,156,19,0.0,1,,,0.134361550241562,0.015993894736842106,1.9,False
normal_156,AI2_Current,0.6000879785691426,162.35015985497498,0.0315296991797317,0.5243670749800482,5.957894736842106,6.333744706586859,0.996646813987668,19,normal,156,19,0.0,1,,,0.134361550241562,5.957894736842106,1.9,False
normal_157,AI0_Vibration,4.209722952854607,0.12131059166974247,1.1633288322260285,0.03318944926667103,0.0539155,0.0051076470140173505,0.9960132484154914,6,normal,157,6,0.0,1,,,0.11444851820869796,0.0539155,0.6,False
normal_157,AI1_Vibration,3.386999875203278,0.06798854800133715,1.0555194341761938,0.015356951122506148,0.015477999999999999,0.0344494300373305,0.6518046414525255,6,normal,157,6,0.0,1,,,0.11444851820869796,0.015477999999999999,0.6,False
normal_157,AI2_Current,0.6178356035469087,132.2281493964903,-3.1075839880528324,16.84106239143462,-71.73333333333333,4.642308666978143,0.9897569312167886,6,normal,157,6,0.0,1,,,0.11444851820869796,71.73333333333333,0.6,True
normal_158,AI0_Vibration,3.5849158901284035,0.11206533398966714,0.7360129172573399,-0.0003420034724144344,-2.0000000000089392e-08,0.03821652943398714,0.8118556853210959,50,normal,158,50,0.0,0,,,0.14078997818886116,2.0000000000089392e-08,5.0,False
normal_158,AI1_Vibration,1.792809469691697,0.13860990852175076,-2.042669464421287,-0.00024008955871161752,-1.8735013540549518e-18,0.049206006032503,0.7992203103520182,50,normal,158,50,0.0,0,,,0.14078997818886116,1.8735013540549518e-18,5.0,False
normal_158,AI2_Current,0.5978427244873056,159.00975683578974,-1.6525596658702935,0.35731491249498504,0.9080000000000007,6.3522424257006245,0.9968086251513498,50,normal,158,50,0.0,0,,,0.14078997818886116,0.9080000000000007,5.0,False
normal_159,AI0_Vibration,3.5947053262683486,0.06708237971945871,0.05549014375808701,-0.00011284930935983413,2.000000000015878e-08,0.036562626495989944,0.6266174179870319,50,normal,159,50,0.0,1,,,0.07407375391392014,2.000000000015878e-08,5.0,False
normal_159,AI1_Vibration,3.589364844780637,0.032203468956406744,-0.07331724850190484,-0.00011615887193013952,-3.999999999976245e-08,0.03731119894385429,0.26984263216766946,50,normal,159,50,0.0,1,,,0.07407375391392014,3.999999999976245e-08,5.0,False
normal_159,AI2_Current,0.600987449017111,118.31832269101503,-3.1373136416945036,0.5611053538385027,0.5939999999999995,5.820787340682193,0.9951752039956894,50,normal,159,50,0.0,1,,,0.07407375391392014,0.5939999999999995,5.0,False
normal_160,AI0_Vibration,1.7919123790905649,0.09858730186106669,-1.9453033525733971,0.003090815180166309,0.0031843947368421083,0.05450196885869701,0.6269125684350207,38,normal,160,38,0.0,0,,,0.21506827321225233,0.0031843947368421083,3.8,False
normal_160,AI1_Vibration,1.7887828009384505,0.26963750172018874,-1.179104768808745,0.0027149546688405024,0.008191052631578951,0.04300705645749146,0.9516003342354781,38,normal,160,38,0.0,0,,,0.21506827321225233,0.008191052631578951,3.8,False
normal_160,AI2_Current,0.6002378903104707,242.11463441465347,-0.06403910119742685,0.47671457379984794,15.939473684210528,4.101279176745023,0.999408946839691,38,normal,160,38,0.0,0,,,0.21506827321225233,15.939473684210528,3.8,False
normal_161,AI0_Vibration,3.5379094362521033,0.1039501064098905,0.5646984809932498,-0.0036415653391143853,-0.0034410384615384624,0.05423267907420349,0.6368449310879281,26,normal,161,26,0.0,0,,,0.14618668617177358,0.0034410384615384624,2.6,False
normal_161,AI1_Vibration,1.7816949016829242,0.14809798745362146,-2.2205800557764963,-0.0017888005510426769,-0.008784000000000002,0.04765133447398129,0.8277536907234424,26,normal,161,26,0.0,0,,,0.14618668617177358,0.008784000000000002,2.6,False
normal_161,AI2_Current,0.5971024429884156,157.44108297993162,1.693870423754489,0.3193904735142894,-2.8884615384615384,5.476122130702595,0.9976619831565472,26,normal,161,26,0.0,0,,,0.14618668617177358,2.8884615384615384,2.6,False
normal_162,AI0_Vibration,3.64431533541207,0.08933862098531238,-1.2778442991890704,0.005579724356797405,0.004996538461538464,0.030871646731929554,0.8215620925809357,13,normal,162,13,0.0,1,,,0.10456400442202485,0.004996538461538464,1.3,False
normal_162,AI1_Vibration,3.44916042885994,0.08799983760667358,-1.14913176262784,0.010755927415809857,0.0057545384615384585,0.04114289769396248,0.6941440655898146,13,normal,162,13,0.0,1,,,0.10456400442202485,0.0057545384615384585,1.3,False
normal_162,AI2_Current,0.6033860368783599,113.64453612712259,-1.0185584430885855,1.7902263637887756,29.43846153846154,4.501728999150443,0.9956451562082727,13,normal,162,13,0.0,1,,,0.10456400442202485,29.43846153846154,1.3,False
normal_163,AI0_Vibration,,,,-0.070769,-0.070769,,,2,normal,163,2,0.0,0,,,0.14211890248661507,0.070769,0.2,False
normal_163,AI1_Vibration,,,,0.079149,0.079149,,,2,normal,163,2,0.0,0,,,0.14211890248661507,0.079149,0.2,False
normal_163,AI2_Current,,,,-153.8,-153.8,,,2,normal,163,2,0.0,0,,,0.14211890248661507,153.8,0.2,False
normal_164,AI0_Vibration,0.1436452921241339,0.07738934360464783,-0.007988384811567072,-0.02142064788022896,-2.0000000000297557e-08,0.057091203594029666,0.4178594965803132,50,normal,164,50,0.0,1,,,0.09374167461433575,2.0000000000297557e-08,5.0,False
normal_164,AI1_Vibration,3.625337347141765,0.03365272166699497,-2.205983949711402,5.548344947223921e-05,-8.000000000008e-08,0.05130397549564544,0.17450280117517536,50,normal,164,50,0.0,1,,,0.09374167461433575,8.000000000008e-08,5.0,False
normal_164,AI2_Current,0.5981391259318778,115.15312160765161,0.6026703276722416,0.6354977855310509,0.49999999999999944,5.24509912146659,0.995877103660677,50,normal,164,50,0.0,1,,,0.09374167461433575,0.49999999999999944,5.0,False
normal_165,AI0_Vibration,1.798192013298489,0.06791085801871594,-1.8600458667448683,0.002327193710807071,0.0020538604651162778,0.06512709665687513,0.357781976605844,43,normal,165,43,0.0,0,,,0.18497477795835893,0.0020538604651162778,4.3,False
normal_165,AI1_Vibration,1.7874538198280394,0.22617383365600455,-0.7051986540365305,0.00026711630660314345,0.006661069767441858,0.04637400585729952,0.9219757517100772,43,normal,165,43,0.0,0,,,0.18497477795835893,0.006661069767441858,4.3,False
normal_165,AI2_Current,0.6005377137931268,214.16772335893273,0.1955220160664829,0.5091826673207649,25.28372093023256,4.774804209808974,0.9989506095276213,43,normal,165,43,0.0,0,,,0.18497477795835893,25.28372093023256,4.3,False
normal_166,AI0_Vibration,3.6497887297695866,0.10034876368966072,2.0557403477545235,-0.002994747255349317,-0.002709218750000006,0.046533458891002015,0.7068272071031618,32,normal,166,32,0.0,0,,,0.1437447887652149,0.002709218750000006,3.2,False
normal_166,AI1_Vibration,1.7914638337899988,0.1470837616078495,1.8462793720335084,-0.001318885766271094,-0.004072000000000002,0.04699298353401178,0.833366525363143,32,normal,166,32,0.0,0,,,0.1437447887652149,0.004072000000000002,3.2,False
normal_166,AI2_Current,0.6006876255344549,187.43166256820004,-2.494204399096546,0.5528521817336411,2.1593750000000025,6.362469461276542,0.9977805757581633,32,normal,166,32,0.0,0,,,0.1437447887652149,2.1593750000000025,3.2,False
normal_167,AI0_Vibration,0.8513220771842687,0.06677023419930685,1.9504719538031279,0.060236993450983475,0.05449473684210527,0.04287682284248941,0.554113199602706,19,normal,167,19,0.0,1,,,0.12428523179279778,0.05449473684210527,1.9,False
normal_167,AI1_Vibration,3.620832638189792,0.06467664839577753,1.0094115226528775,0.02476703341069262,0.02543894736842105,0.07458787804960848,0.2781368347244715,19,normal,167,19,0.0,1,,,0.12428523179279778,0.02543894736842105,1.9,False
normal_167,AI2_Current,0.5999380668278146,116.69058968067796,0.23113354677775794,0.5024458621393215,6.968421052631581,6.1260461834187465,0.9941147841883092,19,normal,167,19,0.0,1,,,0.12428523179279778,6.968421052631581,1.9,False
normal_168,AI0_Vibration,2.1487238731237497,0.07264356647032316,1.120934692326597,0.009148131947749875,0.024035714285714282,0.023138630278571506,0.8182783115080032,7,normal,168,7,0.0,0,,,0.18259669006623,0.024035714285714282,0.7,False
normal_168,AI1_Vibration,1.693425780256691,0.2271219236436897,-2.161213448152971,-0.006697180730721536,-0.03687514285714287,0.041848160648256014,0.9384608957782872,7,normal,168,7,0.0,0,,,0.18259669006623,0.03687514285714287,0.7,False
normal_168,AI2_Current,0.7391811442058916,160.26997845548053,0.8948822706846862,59.51961513257709,134.37142857142857,2.2679395989454325,0.9992841171737812,7,normal,168,7,0.0,0,,,0.18259669006623,134.37142857142857,0.7,False
normal_169,AI0_Vibration,3.5866954719892967,0.08317327396049833,3.0446272532226435,0.0003785574519468739,1.999999999979449e-08,0.05016592262416657,0.5763658507476707,50,normal,169,50,0.0,1,,,0.09663583485157047,1.999999999979449e-08,5.0,False
normal_169,AI1_Vibration,3.589364844780637,0.05523446679935911,2.2817584993138422,0.00016966177303992525,8.326672684688674e-19,0.043331383017281115,0.4474264754752061,50,normal,169,50,0.0,1,,,0.09663583485157047,8.326672684688674e-19,5.0,False
normal_169,AI2_Current,0.601137360758439,115.83595683456771,1.4452346894707728,0.4111631115566894,0.6220000000000004,5.523395892869276,0.995480461917436,50,normal,169,50,0.0,1,,,0.09663583485157047,0.6220000000000004,5.0,False
normal_170,AI0_Vibration,1.814368625040446,0.06121627848437394,-2.1928240183602736,-0.0012198878172294536,-0.0030448095238095243,0.07361228290015846,0.25640240467414754,42,normal,170,42,0.0,0,,,0.2130135024426967,0.0030448095238095243,4.2,False
normal_170,AI1_Vibration,1.7812519079794538,0.26553356423266816,-1.011294161169268,0.003606936515407111,0.0029061904761904732,0.05408420163314421,0.9231648024385546,42,normal,170,42,0.0,0,,,0.2130135024426967,0.0029061904761904732,4.2,False
normal_170,AI2_Current,0.6008375372757829,232.21423255995606,0.8475446290795862,0.7481558800004962,22.592857142857138,3.901540515780671,0.9994249932863387,42,normal,170,42,0.0,0,,,0.2130135024426967,22.592857142857138,4.2,False
normal_171,AI0_Vibration,3.6497887297695866,0.09919600965272346,-1.135684443755351,-0.007217008050629997,-0.006520629629629628,0.04245004396355066,0.737124754403796,27,normal,171,27,0.0,0,,,0.1434325626103186,0.006520629629629628,2.7,False
normal_171,AI1_Vibration,1.8239061209162521,0.14678004693292576,0.0326614259281807,0.0007116753191690741,0.0023632962962962956,0.05382509457036299,0.78806283047627,27,normal,171,27,0.0,0,,,0.1434325626103186,0.0023632962962962956,2.7,False
normal_171,AI2_Current,0.6015870959824232,187.71106784777274,-0.7268768898955558,0.5140087170596814,30.11851851851852,6.390678542194032,0.9974733137771838,27,normal,171,27,0.0,0,,,0.1434325626103186,30.11851851851852,2.7,False
normal_172,AI0_Vibration,1.8148227915107225,0.06259196456672478,-2.983229029279021,-0.017287022884256466,-0.02060723076923077,0.04010888236903458,0.5386850153020852,26,normal,172,26,0.0,0,,,0.19718698924146946,0.02060723076923077,2.6,False
normal_172,AI1_Vibration,1.7812519079794538,0.25848727949821987,-1.8888019633544315,-0.0003412696962638295,-0.008039423076923076,0.030513330968972366,0.9733266780519413,26,normal,172,26,0.0,0,,,0.19718698924146946,0.008039423076923076,2.6,False
normal_172,AI2_Current,0.5994883316038304,234.78918965670775,-1.0266157779303002,0.9689614027795415,25.353846153846156,4.563008694315469,0.9992422751799287,26,normal,172,26,0.0,0,,,0.19718698924146946,25.353846153846156,2.6,False
normal_173,AI0_Vibration,3.5715690261717024,0.11805978226900261,3.0433190027464656,-0.008446500588696837,-0.00844107142857143,0.060014994309021755,0.6592901226791842,14,normal,173,14,0.0,0,,,0.17809208513896077,0.00844107142857143,1.4,False
normal_173,AI1_Vibration,1.8417048735096186,0.19002774937563893,-1.2319467007381584,-0.0019521770239224467,-0.0017952142857142908,0.048473660239805594,0.8884860075006844,14,normal,173,14,0.0,0,,,0.17809208513896077,0.0017952142857142908,1.4,False
normal_173,AI2_Current,0.5847405600919581,200.8727290242253,1.667236254736379,5.949581992835533,-27.6,6.146415123777163,0.9979198826971409,14,normal,173,14,0.0,0,,,0.17809208513896077,27.6,1.4,False
normal_174,AI0_Vibration,,,,0.10529266666666666,0.10529266666666666,,,3,normal,174,3,0.0,1,,,0.14210932814562174,0.10529266666666666,0.3,False
normal_174,AI1_Vibration,,,,0.07900666666666667,0.07900666666666667,,,3,normal,174,3,0.0,1,,,0.14210932814562174,0.07900666666666667,0.3,False
normal_174,AI2_Current,,,,105.3,105.3,,,3,normal,174,3,0.0,1,,,0.14210932814562174,105.3,0.3,False
normal_175,AI0_Vibration,1.7865678324210985,0.050587917734409814,-2.8262850749458486,0.00017568754414468146,4.000000000142778e-08,0.06466534385059484,0.23529299486386224,50,normal,175,50,0.0,0,,,0.16466940729103266,4.000000000142778e-08,5.0,False
normal_175,AI1_Vibration,1.7830238827933353,0.19276433593960135,-1.7746053068325514,-0.0009832861927047964,6.000000000117022e-08,0.054505480000130876,0.8627642576185535,50,normal,175,50,0.0,0,,,0.16466940729103266,6.000000000117022e-08,5.0,False
normal_175,AI2_Current,0.6012872724997671,190.43680758814617,-2.445090754136345,0.7505510197495795,0.5440000000000006,4.740036390894953,0.9987611364059585,50,normal,175,50,0.0,0,,,0.16466940729103266,0.5440000000000006,5.0,False
normal_176,AI0_Vibration,3.1541304836921666,0.06320633527919411,-1.622541860520758,0.00019059366773437753,-2.000000000140778e-08,0.06822295532871514,0.3044778598383452,50,normal,176,50,0.0,0,,,0.16423443029693863,2.000000000140778e-08,5.0,False
normal_176,AI1_Vibration,1.7941551055933949,0.19334063776036653,-0.7956753707101657,-0.0006587859045127653,1.9999999997799554e-08,0.04079928744867484,0.9179242277122951,50,normal,176,50,0.0,0,,,0.16423443029693863,1.9999999997799554e-08,5.0,False
normal_176,AI2_Current,0.5999380668278146,220.30320042741022,0.7499238287115082,0.7061615104528869,0.6939999999999992,5.611945083658706,0.9987039194264249,50,normal,176,50,0.0,0,,,0.16423443029693863,0.6939999999999992,5.0,False
normal_177,AI0_Vibration,0.17760560514517587,0.05820821821225682,-1.7002043242440565,-0.003752881337746622,0.005189565217391303,0.051892467746961726,0.37255412123382015,46,normal,177,46,0.0,1,,,0.09290552726700856,0.005189565217391303,4.6,False
normal_177,AI1_Vibration,3.5849158901284035,0.05554293524075436,-0.4178946739431717,0.002447577971466535,0.0024438043478260878,0.05260076037556969,0.3575652868818977,46,normal,177,46,0.0,1,,,0.09290552726700856,0.0024438043478260878,4.6,False
normal_177,AI2_Current,0.6005377137931268,115.97210520035803,2.0289333312537656,0.5168491013489529,-7.591304347826088,5.672524172435064,0.9950206742590774,46,normal,177,46,0.0,1,,,0.09290552726700856,7.591304347826088,4.6,False
normal_178,AI0_Vibration,1.3516609004685756,0.11082913338597307,-0.38968204517776006,0.016950376814441004,0.018429250000000005,0.12478487537756437,0.27583734259424764,32,normal,178,32,0.0,0,,,0.2348894246714824,0.018429250000000005,3.2,False
normal_178,AI1_Vibration,1.8366464345802744,0.23353301605898405,-1.5239603531402848,0.014701921906987797,0.0177670625,0.07475595720802468,0.8307313867600344,32,normal,178,32,0.0,0,,,0.2348894246714824,0.0177670625,3.2,False
normal_178,AI2_Current,0.6000879785691426,176.5277228108709,-1.0562884907538792,0.6225493072956567,7.8968750000000005,5.097756350677509,0.9982589668247054,32,normal,178,32,0.0,0,,,0.2348894246714824,7.8968750000000005,3.2,False
normal_179,AI0_Vibration,3.5238489869161524,0.08767799741136294,0.4226291801265007,-0.008009344634548513,-0.00838215,0.0672717445189461,0.457047737033731,20,normal,179,20,0.0,0,,,0.1811426758429664,0.00838215,2.0,False
normal_179,AI1_Vibration,1.8004347398013192,0.2120940523501295,0.5917647837322807,-0.004651900886457214,0.0130545,0.05126427588000548,0.8915697766707849,20,normal,179,20,0.0,0,,,0.1811426758429664,0.0130545,2.0,False
normal_179,AI2_Current,0.5994883316038304,229.52904031078327,2.461763243824895,0.19187956365854575,8.825,5.497886996108969,0.9987023169372483,20,normal,179,20,0.0,0,,,0.1811426758429664,8.825,2.0,False
normal_180,AI0_Vibration,3.34424326789741,0.02169715832970678,2.342428390237769,0.04096431423262005,0.04316628571428571,0.004796394503918656,0.9091034309468142,7,normal,180,7,0.0,1,,,0.07629547109476045,0.04316628571428571,0.7,False
normal_180,AI1_Vibration,3.5229702088326555,0.06617768563850876,-0.3693015187972465,0.025323789730633203,0.02519928571428572,0.031023948360452358,0.6864431786229906,7,normal,180,7,0.0,1,,,0.07629547109476045,0.02519928571428572,0.7,False
normal_180,AI2_Current,0.7742447937418254,99.96340080397542,-1.2284857337198416,10.917931133079804,24.37142857142857,2.8903965238492972,0.9983871738489537,7,normal,180,7,0.0,1,,,0.07629547109476045,24.37142857142857,0.7,False
normal_181,AI0_Vibration,1.7732780213169865,0.09981208579291512,1.349515471034732,0.0005602458201778293,-1.908195823574488e-18,0.05516286810187069,0.6236108669272903,50,normal,181,50,0.0,0,,,0.21915893305644651,1.908195823574488e-18,5.0,False
normal_181,AI1_Vibration,1.7910152884894328,0.2748475075626196,1.925004230976523,0.0013618198224404354,-5.551115123125783e-19,0.04853664463450667,0.9410253464912343,50,normal,181,50,0.0,0,,,0.21915893305644651,5.551115123125783e-19,5.0,False
normal_181,AI2_Current,0.6000879785691426,250.33505843220482,-1.0145135589636265,0.46443276881180395,0.4299999999999977,4.2901484147518145,0.9994130135580083,50,normal,181,50,0.0,0,,,0.21915893305644651,0.4299999999999977,5.0,False
normal_182,AI0_Vibration,3.5920342175719773,0.08393965429532536,-0.43300457805373443,-7.704815897117273e-05,0.000590021276595746,0.028284086364540925,0.8127999183697814,47,normal,182,47,0.0,1,,,0.0905847520703032,0.000590021276595746,4.7,False
normal_182,AI1_Vibration,1.815276957980999,0.06100641409892784,-2.8309389123360296,-0.0005997714829489333,-0.002961617021276593,0.04556235145926714,0.4708357837912571,47,normal,182,47,0.0,1,,,0.0905847520703032,0.002961617021276593,4.7,False
normal_182,AI2_Current,0.5969543866886377,135.43813820591734,-0.6137565522017854,0.45810616624750367,9.206382978723406,6.08010937932805,0.995729669952514,47,normal,182,47,0.0,1,,,0.0905847520703032,9.206382978723406,4.7,False
normal_183,AI0_Vibration,3.627139230722554,0.04846784467274206,-2.8808486673544755,-0.007939161898485694,-0.009286906250000001,0.03095010418922002,0.5474419767293663,32,normal,183,32,0.0,1,,,0.06544470086860547,0.009286906250000001,3.2,False
normal_183,AI1_Vibration,2.673306705222795,0.04061562535328243,-2.382559845468812,-0.008171418833382762,-0.00984425,0.034201731214009844,0.4101657545107057,32,normal,183,32,0.0,1,,,0.06544470086860547,0.00984425,3.2,False
normal_183,AI2_Current,0.6015870959824232,118.66007433142602,-1.23453151701058,0.2930672627318387,4.878124999999999,5.789106450950084,0.9950616363448079,32,normal,183,32,0.0,1,,,0.06544470086860547,4.878124999999999,3.2,False
normal_184,AI0_Vibration,3.6918332242047507,0.03181473682442876,-2.043902131053565,-0.00533564018716768,-0.005616333333333333,0.030387112568755557,0.34949644348700615,33,normal,184,33,0.0,1,,,0.06402635787752263,0.005616333333333333,3.3,False
normal_184,AI1_Vibration,3.6434031030191503,0.046834156381377993,-2.930023121239221,-0.005441404793611219,-0.005355272727272727,0.03901289259330475,0.4190091652675778,33,normal,184,33,0.0,1,,,0.06402635787752263,0.005355272727272727,3.3,False
normal_184,AI2_Current,0.5978427244873056,116.66165321344486,-1.3167327057020775,0.4558211716026648,2.066666666666667,5.701989325321742,0.9951759042586583,33,normal,184,33,0.0,1,,,0.06402635787752263,2.066666666666667,3.3,False
normal_185,AI0_Vibration,3.439731673072444,0.06319806239395585,1.9809994139586748,-0.001422400087007225,-1.3045454545454976e-05,0.04310316629305735,0.5211887387556993,22,normal,185,22,0.0,1,,,0.12247314855083356,1.3045454545454976e-05,2.2,False
normal_185,AI1_Vibration,1.8004347398013192,0.1304802758572872,-1.8209829540817413,-0.010942692489908562,-0.010142454545454545,0.04973325057387265,0.7754846869505813,22,normal,185,22,0.0,1,,,0.12247314855083356,0.010142454545454545,2.2,False
normal_185,AI2_Current,0.6012872724997671,162.20359297141664,-0.3695731144617727,0.4002557217008089,15.072727272727274,5.115088577551829,0.9978332064341667,22,normal,185,22,0.0,1,,,0.12247314855083356,15.072727272727274,2.2,False
normal_186,AI0_Vibration,1.731814800360733,0.07507690707142262,-1.7111395940583758,0.018394860748859862,0.010796333333333331,0.0356191244579914,0.6904045505737311,9,normal,186,9,0.0,0,,,0.19056763827983902,0.010796333333333331,0.9,False
normal_186,AI1_Vibration,1.7561429683608465,0.23461728702209203,-0.8065969713286959,0.023995711060214614,0.045609,0.044435851755980554,0.9342284974786838,9,normal,186,9,0.0,0,,,0.19056763827983902,0.045609,0.9,False
normal_186,AI2_Current,0.6742830703296716,215.64640869770798,0.40770277490218715,39.42413546087981,132.17777777777778,2.929238318430224,0.9993273700016313,9,normal,186,9,0.0,0,,,0.19056763827983902,132.17777777777778,0.9,False
normal_187,AI0_Vibration,3.6109222784954516,0.05784920642767034,3.1227556148981344,-0.00018119303014231417,2.0000000000991446e-08,0.04104412235317728,0.49914293044411107,50,normal,187,50,0.0,1,,,0.07346547039800398,2.0000000000991446e-08,5.0,False
normal_187,AI1_Vibration,1.7887828009384505,0.034725594010941684,2.695207818157882,0.0002116191769731806,-2.0000000000297557e-08,0.037869743794681304,0.2948237697036147,50,normal,187,50,0.0,1,,,0.07346547039800398,2.0000000000297557e-08,5.0,False
normal_187,AI2_Current,0.6018869194650793,117.72995179031054,1.56087690713218,0.4620734534090616,0.8279999999999993,5.795063904007378,0.9951918811771151,50,normal,187,50,0.0,1,,,0.07346547039800398,0.8279999999999993,5.0,False
normal_188,AI0_Vibration,1.7675191031718713,0.07410055940070562,-1.8551243921471383,-0.0003008296996207249,7.999999999841467e-08,0.06347051953672819,0.4094033102143957,50,normal,188,50,0.0,0,,,0.2140086487462598,7.999999999841467e-08,5.0,False
normal_188,AI1_Vibration,1.78833980723498,0.2683846361492317,-1.4275055400373786,-0.001512872397088999,1.6653345369377347e-18,0.055394342036911993,0.9212765116599365,50,normal,188,50,0.0,0,,,0.2140086487462598,1.6653345369377347e-18,5.0,False
normal_188,AI2_Current,0.6005377137931268,240.29852586201926,2.9321213223275855,0.9657744280647123,1.048,3.885856929686591,0.9994769326124345,50,normal,188,50,0.0,0,,,0.2140086487462598,1.048,5.0,False
normal_189,AI0_Vibration,3.593813799432871,0.09113489843071901,1.4330924604401631,-0.004165117847323596,-0.004224027777777777,0.04539551480418724,0.6712846998022903,36,normal,189,36,0.0,0,,,0.15748957848281406,0.004224027777777777,3.6,False
normal_189,AI1_Vibration,1.787010826124569,0.17492779418061352,-1.8206868096325362,0.0013977381766384356,-0.006214000000000001,0.05610954976323765,0.8296144704016368,36,normal,189,36,0.0,0,,,0.15748957848281406,0.006214000000000001,3.6,False
normal_189,AI2_Current,0.598438949414534,189.20848815684508,2.9628277938867167,-0.10636923555186328,-1.652777777777777,6.7700493790411045,0.9972811204524805,36,normal,189,36,0.0,0,,,0.15748957848281406,1.652777777777777,3.6,False
normal_190,AI0_Vibration,3.625337347141765,0.042404258213822404,1.0073852859040326,-0.027233253031127662,-0.025600653846153846,0.0347435070352423,0.4302700229138665,26,normal,190,26,0.0,1,,,0.07330461708777022,0.025600653846153846,2.6,False
normal_190,AI1_Vibration,2.887201989078058,0.03934732375585623,1.1839244157440374,-0.018292218790962662,-0.016456038461538463,0.039483762037488185,0.3305214419172473,26,normal,190,26,0.0,1,,,0.07330461708777022,0.016456038461538463,2.6,False
normal_190,AI2_Current,0.6018869194650793,117.50293486688327,-0.4336094628563981,0.14301562855153094,21.653846153846153,5.698119662733342,0.9948317749603487,26,normal,190,26,0.0,1,,,0.07330461708777022,21.653846153846153,2.6,False
normal_191,AI0_Vibration,1.7369999498816546,0.08363095531732115,-2.9123324799934025,0.005796951393433386,0.005977333333333334,0.03241073838977913,0.7602923444970201,12,normal,191,12,0.0,0,,,0.18884556694007054,0.005977333333333334,1.2,False
normal_191,AI1_Vibration,1.7999861945007531,0.24238202907001719,-2.3752585375896285,-0.0019139366283505432,-0.013659916666666673,0.0468421598336557,0.9293521254241319,12,normal,191,12,0.0,0,,,0.18884556694007054,0.013659916666666673,1.2,False
normal_191,AI2_Current,0.5879574841941975,228.07853551661822,-2.5343395056873197,6.0219993166827805,-33.78333333333335,5.847035236627215,0.998759194931392,12,normal,191,12,0.0,0,,,0.18884556694007054,33.78333333333335,1.2,False
normal_192,AI0_Vibration,0.01,8.327848383444994,-1.752646905485719,8.290426702634837,-1.9999999999187335e-08,0.05100922565992235,0.34563112318584477,50,normal,192,50,0.0,1,,,0.08644167698095635,1.9999999999187335e-08,5.0,True
normal_192,AI1_Vibration,1.797743467997923,0.0394387176368949,-2.127963563017331,-2.1000660149348566e-05,-1.999999999835467e-08,0.05212841942350986,0.2226980900409865,50,normal,192,50,0.0,1,,,0.08644167698095635,1.999999999835467e-08,5.0,False
normal_192,AI2_Current,0.5997881550864865,115.876146126208,2.9746278973936597,0.2524540381011402,0.23799999999999955,5.432700878911655,0.995624268748159,50,normal,192,50,0.0,1,,,0.08644167698095635,0.23799999999999955,5.0,False
normal_193,AI0_Vibration,1.7865678324210985,0.09108882789129501,0.9369847343717833,0.00011754575339122803,0.0,0.06414492345211599,0.5041983455520482,50,normal,193,50,0.0,0,,,0.21423664767042075,0.0,5.0,False
normal_193,AI1_Vibration,1.7941551055933949,0.2664886878461506,1.6107504597203794,0.0007467304898637062,-1.9999999996411777e-08,0.0462472559988796,0.9431145452571483,50,normal,193,50,0.0,0,,,0.21423664767042075,1.9999999996411777e-08,5.0,False
normal_193,AI2_Current,0.6005377137931268,244.83548309521507,0.4064799538387761,0.3065280563269539,0.35600000000000004,4.610026861477221,0.999290849477884,50,normal,193,50,0.0,0,,,0.21423664767042075,0.35600000000000004,5.0,False
normal_194,AI0_Vibration,3.631643939674527,0.056888344880790795,0.8822775847800078,-0.0024844921538969313,-0.0019416190476190466,0.04453244167831032,0.4455326904922021,42,normal,194,42,0.0,0,,,0.13160425622595084,0.0019416190476190466,4.2,False
normal_194,AI1_Vibration,1.7887828009384505,0.15885930691438127,-1.805909297121772,0.0006525836505640314,-0.0042160714285714275,0.033548355853381284,0.9179758900658758,42,normal,194,42,0.0,0,,,0.13160425622595084,0.0042160714285714275,4.2,False
normal_194,AI2_Current,0.5988886846385182,199.60825768286685,1.45942311461166,1.0733368640007086,7.385714285714288,6.769454550829925,0.9977128986808752,42,normal,194,42,0.0,0,,,0.13160425622595084,7.385714285714288,4.2,False
normal_195,AI0_Vibration,3.5431821047530847,0.038307227516336986,-0.10594407583074937,0.026571192073069815,0.02618237931034483,0.042648614482174795,0.28065371621249235,29,normal,195,29,0.0,1,,,0.09555540961120682,0.02618237931034483,2.9,False
normal_195,AI1_Vibration,3.5858056810588503,0.0617809478648037,-1.7900169007159579,0.010493846564383222,0.008262206896551726,0.06241448783718403,0.33392049794707435,29,normal,195,29,0.0,1,,,0.09555540961120682,0.008262206896551726,2.9,False
normal_195,AI2_Current,0.5991885081211743,114.86436908927446,1.776632804467248,0.4743632909216018,-10.275862068965518,5.435231683100533,0.9954808754766502,29,normal,195,29,0.0,1,,,0.09555540961120682,10.275862068965518,2.9,False
normal_196,AI0_Vibration,1.795500741495093,0.10821978441684836,-0.9072862162982668,0.008194930537305793,0.003130944444444444,0.05030163506635116,0.696246073698911,18,normal,196,18,0.0,0,,,0.21124371633258116,0.003130944444444444,1.8,False
normal_196,AI1_Vibration,1.792360924391131,0.2685628313090354,-0.15407029251806514,0.00568649111286244,0.005570277777777775,0.04883211263595179,0.9342242913863983,18,normal,196,18,0.0,0,,,0.21124371633258116,0.005570277777777775,1.8,False
normal_196,AI2_Current,0.600987449017111,245.80852470385918,-2.9520245011537654,1.061304406534184,-3.6500000000000017,4.799916193777085,0.9991848838907691,18,normal,196,18,0.0,0,,,0.21124371633258116,3.6500000000000017,1.8,False
normal_197,AI0_Vibration,3.2127486830133245,0.10682735929836727,2.3529639443454307,-0.009060350543396871,-0.013319166666666668,0.0034822320172664314,0.9977607979481321,6,normal,197,6,0.0,1,,,0.11260518827597008,0.013319166666666668,0.6,False
normal_197,AI1_Vibration,0.01,1439.8898233205991,-1.588588387673141,1439.8120163245649,0.008216833333333335,0.030929730693226923,0.8637198242344496,6,normal,197,6,0.0,1,,,0.11260518827597008,0.008216833333333335,0.6,True
normal_197,AI2_Current,0.5857641268517615,138.16240641413523,1.8240616339555376,-2.163774236364887,41.33333333333334,1.7771770857757878,0.9993887571440583,6,normal,197,6,0.0,1,,,0.11260518827597008,41.33333333333334,0.6,True
normal_198,AI0_Vibration,1.7887828009384505,0.07948925426138763,0.9368411312811653,0.00010322407667895384,1.1102230246251566e-18,0.06180453117044485,0.45442020691613116,50,normal,198,50,0.0,0,,,0.21538396798220613,1.1102230246251566e-18,5.0,False
normal_198,AI1_Vibration,1.792809469691697,0.2698374493881378,1.578276406106961,0.000893921226320149,4.0000000000352254e-08,0.05500314438929981,0.9231929220250662,50,normal,198,50,0.0,0,,,0.21538396798220613,4.0000000000352254e-08,5.0,False
normal_198,AI2_Current,0.6006876255344549,229.04213075835003,2.748152225206849,1.0953727107571396,1.2379999999999989,5.410225067272435,0.9988847889856043,50,normal,198,50,0.0,0,,,0.21538396798220613,1.2379999999999989,5.0,False
normal_199,AI0_Vibration,3.5884750538501904,0.0738284123338501,2.553283011007837,-0.0010023450248227844,-0.0011912653061224492,0.04507864758533321,0.5759715910982199,49,normal,199,49,0.0,0,,,0.1393471698721124,0.0011912653061224492,4.9,False
normal_199,AI1_Vibration,1.789225794641921,0.15835331879113157,-1.1655601475445891,-0.00010430165749850118,0.0024502653061224487,0.04504367781015203,0.8612019713990854,49,normal,199,49,0.0,0,,,0.1393471698721124,0.0024502653061224487,4.9,False
normal_199,AI2_Current,0.5987387728971901,175.83694550183293,-1.9531092235324308,-0.12078684862309785,2.7,5.380675291414474,0.9981291816189797,49,normal,199,49,0.0,0,,,0.1393471698721124,2.7,4.9,False
normal_200,AI0_Vibration,0.2024138881036815,0.024395155663504187,1.6343682295562008,0.0010095035917370328,-0.0040511515151515146,0.028716317558441652,0.2683442351704908,33,normal,200,33,0.0,1,,,0.055561349613819595,0.0040511515151515146,3.3,False
normal_200,AI1_Vibration,1.8394055830871894,0.042964395973383245,-1.4733695011682455,0.0008454105860831174,0.0003427272727272718,0.03177190479507902,0.4805905707928778,33,normal,200,33,0.0,1,,,0.055561349613819595,0.0003427272727272718,3.3,False
normal_200,AI2_Current,0.5993384198625024,115.37592629353232,1.0034472876796938,0.8459104598862126,-0.03636363636363581,5.448040018992947,0.9955638767967232,33,normal,200,33,0.0,1,,,0.055561349613819595,0.03636363636363581,3.3,False
normal_201,AI0_Vibration,3.1228508967761663,0.07416295529156458,2.0736171181100382,0.0023774176085157653,0.0013602727272727282,0.07218176010995435,0.3469998485740786,22,normal,201,22,0.0,0,,,0.1999845716270724,0.0013602727272727282,2.2,False
normal_201,AI1_Vibration,1.813460292099893,0.24008690912452618,-1.520806696017089,-0.0014267206357891082,-0.0008647727272727273,0.056868947279617214,0.8989740967690265,22,normal,201,22,0.0,0,,,0.1999845716270724,0.0008647727272727273,2.2,False
normal_201,AI2_Current,0.6026364781717196,214.80414926404978,0.6118459856435132,0.20820380513164594,44.16818181818182,5.274737785071986,0.9988215037673556,22,normal,201,22,0.0,0,,,0.1999845716270724,44.16818181818182,2.2,False
normal_202,AI0_Vibration,3.465480359600945,0.11232327922379598,2.0851048494849493,-0.015003998877308175,-0.0178885,0.039863868323264925,0.8171921361377243,8,normal,202,8,0.0,0,,,0.19133413540518587,0.0178885,0.8,False
normal_202,AI1_Vibration,1.6662226878417676,0.21214005487982887,-1.5691252325439142,0.0001902587546823986,-0.039554,0.06086256104278572,0.8577003621350872,8,normal,202,8,0.0,0,,,0.19133413540518587,0.039554,0.8,False
normal_202,AI2_Current,0.6586767083648348,209.82809620671512,0.8486788713852563,27.543213376433357,122.63750000000002,6.600099449570597,0.9966175999254029,8,normal,202,8,0.0,0,,,0.19133413540518587,122.63750000000002,0.8,False
normal_203,AI0_Vibration,3.601011918801111,0.07551485179025742,-0.8988231273188219,2.398103385759659e-05,2.0000000001130224e-08,0.04572432582788975,0.5770736526118851,50,normal,203,50,0.0,1,,,0.09630545454157828,2.0000000001130224e-08,5.0,False
normal_203,AI1_Vibration,1.799537649200187,0.07959864700090506,-2.554154154170604,-3.6015100150776913e-07,-4.000000000087267e-08,0.03409258766586878,0.7316495622103805,50,normal,203,50,0.0,1,,,0.09630545454157828,4.000000000087267e-08,5.0,False
normal_203,AI2_Current,0.6030862133957038,131.05624733857525,-1.5489877844154247,0.6956440398047761,0.02599999999999966,5.998360759772848,0.9958486200562128,50,normal,203,50,0.0,1,,,0.09630545454157828,0.02599999999999966,5.0,False
normal_204,AI0_Vibration,1.7750499961308681,0.08880898447777294,1.6810808442709528,0.0002013290888156355,0.001507770833333332,0.06774559345193833,0.4625683356217801,48,normal,204,48,0.0,0,,,0.21221047322729894,0.001507770833333332,4.8,False
normal_204,AI1_Vibration,1.790118197888301,0.2577817863874185,2.264656032150699,0.0012219709911882315,-0.0027327083333333305,0.05471675103234264,0.9179385597749687,48,normal,204,48,0.0,0,,,0.21221047322729894,0.0027327083333333305,4.8,False
normal_204,AI2_Current,0.6024865664303916,246.77826370731466,-3.0412545227550125,1.3199801303147538,-2.460416666666667,6.075699913469297,0.9988160289195217,48,normal,204,48,0.0,0,,,0.21221047322729894,2.460416666666667,4.8,False
normal_205,AI0_Vibration,3.58046693547617,0.09759457734421434,-1.2412359658843568,-0.004609229388671532,-0.004259606060606061,0.02037691469772069,0.922163233849685,33,normal,205,33,0.0,1,,,0.09391452478797684,0.004259606060606061,3.3,False
normal_205,AI1_Vibration,1.8022289210035831,0.06908417487765847,-2.9057504779722625,-0.0011735226280946004,-0.001479151515151515,0.03262985470310717,0.6927363127738834,33,normal,205,33,0.0,1,,,0.09391452478797684,0.001479151515151515,3.3,False
normal_205,AI2_Current,0.5981391259318778,132.93409401247746,-1.3075268114458682,0.29777530958585885,2.0666666666666664,6.058578074561042,0.9958050084675232,33,normal,205,33,0.0,1,,,0.09391452478797684,2.0666666666666664,3.3,False
normal_206,AI0_Vibration,3.5911444266415304,0.08943788311122203,3.1105494172092034,-0.0022220551935869426,-0.0035985454545454554,0.030212906848898484,0.80886344609631,22,normal,206,22,0.0,1,,,0.09066149348813972,0.0035985454545454554,2.2,False
normal_206,AI1_Vibration,1.8366464345802744,0.06814044945787538,2.549172255721864,-0.01417898730447116,-0.013555136363636361,0.030192748679443573,0.7192538290590782,22,normal,206,22,0.0,1,,,0.09066149348813972,0.013555136363636361,2.2,False
normal_206,AI2_Current,0.603685860361016,130.07012748455992,-2.552575333156304,0.8970925999689143,-25.736363636363635,5.408461080698319,0.9966218025205282,22,normal,206,22,0.0,1,,,0.09066149348813972,25.736363636363635,2.2,False
normal_207,AI0_Vibration,1.6841535287306713,0.11570797271262863,2.759460373622257,0.008935468746642652,0.009876999999999999,0.06837870552123163,0.5890980806532279,12,normal,207,12,0.0,0,,,0.21331322910823727,0.009876999999999999,1.2,False
normal_207,AI1_Vibration,1.746955241185013,0.25815639400326235,2.858326536519864,0.008704103572309017,0.014911916666666664,0.03727598212956358,0.9588949774978707,12,normal,207,12,0.0,0,,,0.21331322910823727,0.014911916666666664,1.2,False
normal_207,AI2_Current,0.5985888611558621,252.60040428839892,0.7931160693559431,-2.215120568668084,21.858333333333324,4.038136077595208,0.999563441480317,12,normal,207,12,0.0,0,,,0.21331322910823727,21.858333333333324,1.2,False
normal_208,AI0_Vibration,3.5493335513375635,0.11290568117467366,-2.6940007193206372,0.06139997027840361,0.05861009090909091,0.03477795970055153,0.8371526938178269,11,normal,208,11,0.0,0,,,0.1713580149750277,0.05861009090909091,1.1,False
normal_208,AI1_Vibration,1.7391604288487055,0.1782459793442705,2.38427278740849,0.04904353287024245,0.04063281818181818,0.043357138819937316,0.8884377520345725,11,normal,208,11,0.0,0,,,0.1713580149750277,0.04063281818181818,1.1,False
normal_208,AI2_Current,0.6240221318398993,186.00284610541956,-1.2145394981452737,8.344069360795146,57.436363636363645,4.263834695361275,0.9988043989459077,11,normal,208,11,0.0,0,,,0.1713580149750277,57.436363636363645,1.1,False
normal_209,AI0_Vibration,1.790118197888301,0.06249569977109042,0.9662313192420695,8.913873888556634e-05,-4.0000000000595114e-08,0.06590077472003517,0.31145588457834605,50,normal,209,50,0.0,0,,,0.17167539363758572,4.0000000000595114e-08,5.0,False
normal_209,AI1_Vibration,1.7887828009384505,0.2081284831763975,1.9625253797319264,0.001287972040264318,-1.9999999999742446e-08,0.040441872990380344,0.9293960250748684,50,normal,209,50,0.0,0,,,0.17167539363758572,1.9999999999742446e-08,5.0,False
normal_209,AI2_Current,0.5999380668278146,231.12460235771522,-2.713302791667496,0.2823218205005702,0.28800000000000003,6.740013962290661,0.9983022235646833,50,normal,209,50,0.0,0,,,0.17167539363758572,0.28800000000000003,5.0,False
normal_210,AI0_Vibration,3.5840260991979567,0.03740340287890644,-0.6636703213860081,-0.00018351733128909448,-4.000000000050838e-08,0.035136579509899846,0.35997018541569203,50,normal,210,50,0.0,1,,,0.07723335555173037,4.000000000050838e-08,5.0,False
normal_210,AI1_Vibration,3.5875852629197436,0.07163062045828497,-2.251634019103975,0.00012878811459595546,5.999999999756201e-08,0.03813479467061779,0.6396818200733906,50,normal,210,50,0.0,1,,,0.07723335555173037,5.999999999756201e-08,5.0,False
normal_210,AI2_Current,0.6012872724997671,115.84200691493615,2.8343341892312757,0.5997016918430234,0.7139999999999997,5.507332611577293,0.9954941918367727,50,normal,210,50,0.0,1,,,0.07723335555173037,0.7139999999999997,5.0,False
normal_211,AI0_Vibration,3.5352731020016126,0.04595036743089564,-1.089202240302432,6.533622450421994e-05,2.862293735361732e-19,0.057678762095735296,0.24493489593590712,50,normal,211,50,0.0,0,,,0.15111477942577292,2.862293735361732e-19,5.0,False
normal_211,AI1_Vibration,1.7852388513106874,0.18061452495195413,0.0234142043037594,-0.0010856223363249085,-2.000000000002e-08,0.04598704618240902,0.8852496479381369,50,normal,211,50,0.0,0,,,0.15111477942577292,2.000000000002e-08,5.0,False
normal_211,AI2_Current,0.6014371842410952,179.84945599280533,-2.813580827797721,1.3555725041218452,1.2860000000000003,5.4760002174095375,0.9981450120534373,50,normal,211,50,0.0,0,,,0.15111477942577292,1.2860000000000003,5.0,False
normal_212,AI0_Vibration,1.7777079583516906,0.083851477170808,-2.6180869937758837,0.01291947705517989,0.010835026315789472,0.06640265610155414,0.443038393245308,38,normal,212,38,0.0,0,,,0.19707743054177304,0.010835026315789472,3.8,False
normal_212,AI1_Vibration,1.7910152884894328,0.23695530908059104,-1.6783351549053382,0.0069918057050711024,0.008910815789473687,0.04486958097276008,0.9344763336770128,38,normal,212,38,0.0,0,,,0.19707743054177304,0.008910815789473687,3.8,False
normal_212,AI2_Current,0.5993384198625024,248.63402748643873,-2.7359199268511407,0.2815047663083874,-23.431578947368422,5.947630884848845,0.9988814894512511,38,normal,212,38,0.0,0,,,0.19707743054177304,23.431578947368422,3.8,False
normal_213,AI0_Vibration,3.6244364053513705,0.06198939452835129,-2.0052364055732514,-0.011285396407270314,-0.013531565217391305,0.04084591076598548,0.5407468922677284,23,normal,213,23,0.0,1,,,0.0849673578629899,0.013531565217391305,2.3,False
normal_213,AI1_Vibration,3.601011918801111,0.0526776474724438,-2.281882114908362,-0.0054623425104871545,-0.0065948260869565225,0.04471500017429953,0.40493596074099814,23,normal,213,23,0.0,1,,,0.0849673578629899,0.0065948260869565225,2.3,False
normal_213,AI2_Current,0.6006876255344549,127.66977009629059,2.851434492876964,0.9091982122034921,-17.26521739130435,6.0436904763335795,0.9952996466997585,23,normal,213,23,0.0,1,,,0.0849673578629899,17.26521739130435,2.3,False
normal_214,AI0_Vibration,3.6127241620762405,0.060932174008213824,1.2538945910537596,-0.0011574428928948707,0.0033287500000000014,0.018701023694683173,0.8484319536736499,12,normal,214,12,0.0,1,,,0.11029496722312401,0.0033287500000000014,1.2,False
normal_214,AI1_Vibration,1.699326303955067,0.13467542875988106,1.9784677967582387,0.0016846884810581136,0.004393333333333336,0.023569644368587904,0.9434703350081269,12,normal,214,12,0.0,1,,,0.11029496722312401,0.004393333333333336,1.2,False
normal_214,AI2_Current,0.5942893732926339,152.04620742904592,0.6656750876418339,-1.7643645843824913,20.16666666666667,5.651310834116949,0.9975082087975683,12,normal,214,12,0.0,1,,,0.11029496722312401,20.16666666666667,1.2,False
normal_215,AI0_Vibration,1.6163448469609392,0.04632366952622718,-2.8379625772280708,-0.0486091047658988,-0.057391000000000005,0.02049341995507794,0.6856096580233824,10,normal,215,10,0.0,1,,,0.08363275620712257,0.057391000000000005,1.0,False
normal_215,AI1_Vibration,3.4005446855130828,0.06014320109649498,-3.133089044748879,0.004584230291447427,0.0032962000000000004,0.02574170059706902,0.7185055349764937,10,normal,215,10,0.0,1,,,0.08363275620712257,0.0032962000000000004,1.0,False
normal_215,AI2_Current,0.5999380668278146,117.5351712636441,-0.7657050873518721,-1.5993270688589263,46.25,4.929722418010551,0.9943828009002353,10,normal,215,10,0.0,1,,,0.08363275620712257,46.25,1.0,False
normal_216,AI0_Vibration,1.795949286795659,0.08622791418336676,-1.9039978102768869,-0.000117411339927119,1.9999999998319973e-08,0.06293341508686832,0.48441717590608424,50,normal,216,50,0.0,0,,,0.19315318608829624,1.9999999998319973e-08,5.0,False
normal_216,AI1_Vibration,1.7905667431888668,0.23473548999951502,-0.9261045742503125,-0.0012967311289941719,4.000000000226045e-08,0.04748080868828543,0.9239046150873186,50,normal,216,50,0.0,0,,,0.19315318608829624,4.000000000226045e-08,5.0,False
normal_216,AI2_Current,0.6003878020517988,248.84097734803154,1.596614710031454,0.5342940382379595,0.6939999999999992,4.989756824529089,0.9991969857796744,50,normal,216,50,0.0,0,,,0.19315318608829624,0.6939999999999992,5.0,False
normal_217,AI0_Vibration,3.6001109770107163,0.11729051719224284,-2.8506636557710614,-3.4002547762597424e-06,-3.999999999837467e-08,0.032994549569070254,0.863360402491781,50,normal,217,50,0.0,1,,,0.12389956629940234,3.999999999837467e-08,5.0,False
normal_217,AI1_Vibration,1.795949286795659,0.09013968516089592,-0.6816888820771926,-0.00020706941352682806,1.9999999999673056e-08,0.05771666055642675,0.5488523322444467,50,normal,217,50,0.0,1,,,0.12389956629940234,1.9999999999673056e-08,5.0,False
normal_217,AI2_Current,0.5976946681875276,137.0568698724042,2.959925135960446,-0.05220712868341337,-0.26199999999999934,6.065962062451083,0.9961081333690983,50,normal,217,50,0.0,1,,,0.12389956629940234,0.26199999999999934,5.0,False
normal_218,AI0_Vibration,3.560001744075895,0.058243758674255026,2.9117122415239525,-0.0029644230787810154,-0.0034830789473684213,0.04107682618908246,0.5024586104467512,38,normal,218,38,0.0,1,,,0.0740003765258913,0.0034830789473684213,3.8,False
normal_218,AI1_Vibration,1.8754944025980838,0.04327447871377582,1.3718787719460928,-0.0004260274999153546,0.0003097894736842101,0.03351367603577985,0.4580727088834975,38,normal,218,38,0.0,1,,,0.0740003765258913,0.0003097894736842101,3.8,False
normal_218,AI2_Current,0.6021867429477354,120.25524527531184,0.48419570670303597,0.5492104414308869,12.894736842105265,5.972607711949907,0.9952331277469774,38,normal,218,38,0.0,1,,,0.0740003765258913,12.894736842105265,3.8,False
normal_219,AI0_Vibration,1.7543929250892591,0.07699346720858753,0.6383325060120939,0.009890467031449302,0.012451625,0.05607271998070489,0.4838654062788518,24,normal,219,24,0.0,0,,,0.21256713182192585,0.012451625,2.4,False
normal_219,AI1_Vibration,1.784795857607217,0.2606082064391202,1.2641910938315557,0.005166965589387729,0.021038458333333326,0.05704790407756587,0.9154583852750686,24,normal,219,24,0.0,0,,,0.21256713182192585,0.021038458333333326,2.4,False
normal_219,AI2_Current,0.601137360758439,236.19582837753782,2.747649545302095,0.5255803354760786,-36.7625,4.058320456820941,0.9993801439580601,24,normal,219,24,0.0,0,,,0.21256713182192585,36.7625,2.4,False
normal_220,AI0_Vibration,3.573348608032596,0.06919373782470192,2.5413482389616786,0.008054808445203177,0.008100642857142858,0.028786465674762497,0.7431378680990326,14,normal,220,14,0.0,1,,,0.11282849560094041,0.008100642857142858,1.4,False
normal_220,AI1_Vibration,1.7763789772412795,0.13041001326598078,1.9588984835876984,0.0016862385775540806,0.005367642857142857,0.031152883045886995,0.8968620325259218,14,normal,220,14,0.0,1,,,0.11282849560094041,0.005367642857142857,1.4,False
normal_220,AI2_Current,0.5999380668278146,146.9328291451696,3.0926677112071292,0.6688405274609215,-17.54285714285714,6.03768083787645,0.9965799150273755,14,normal,220,14,0.0,1,,,0.11282849560094041,17.54285714285714,1.4,False
normal_221,AI0_Vibration,1.7878968135315099,0.0957668760382809,-1.6480011746405443,-0.00045914374039714156,-2.0000000001685338e-08,0.06878686754945086,0.492333551652831,50,normal,221,50,0.0,0,,,0.21039136628973157,2.0000000001685338e-08,5.0,False
normal_221,AI1_Vibration,1.7839098702002762,0.25564449444554194,-0.9092032968385853,-0.00237770438047219,0.0,0.051070388711614456,0.9253613780952509,50,normal,221,50,0.0,0,,,0.21039136628973157,0.0,5.0,False
normal_221,AI2_Current,0.5999380668278146,250.26837109470708,1.4090586238579792,0.6944031892569171,0.6699999999999988,3.7003080503824695,0.9995629420493287,50,normal,221,50,0.0,0,,,0.21039136628973157,0.6699999999999988,5.0,False
normal_222,AI0_Vibration,3.58313630826751,0.09724340418237601,-1.8167459958086962,3.70111263804096e-05,-3.999999999892978e-08,0.046545617510093215,0.6885245741382755,50,normal,222,50,0.0,1,,,0.13391525945836047,3.999999999892978e-08,5.0,False
normal_222,AI1_Vibration,1.798640558599055,0.13953269072758298,-0.37468772932239763,-9.123075395858771e-05,2.7755575615628914e-19,0.035301493085468254,0.886479468137284,50,normal,222,50,0.0,1,,,0.13391525945836047,2.7755575615628914e-19,5.0,False
normal_222,AI2_Current,0.5993384198625024,157.1389433838464,-2.6842250183816043,0.19336486130185193,0.23800000000000004,6.108322452684864,0.9969899709821457,50,normal,222,50,0.0,1,,,0.13391525945836047,0.23800000000000004,5.0,False
normal_223,AI0_Vibration,1.134258483094977,0.04715541036117991,-0.40896607086627507,-0.01345781312589691,-0.0107836,0.039546483617010464,0.41337014643932857,40,normal,223,40,0.0,1,,,0.08584882507218722,0.0107836,4.0,False
normal_223,AI1_Vibration,1.818001956802658,0.047355098020923254,-0.7040611433133219,-0.00818502638765755,-0.008859574999999998,0.0583852774580948,0.24404137132986692,40,normal,223,40,0.0,1,,,0.08584882507218722,0.008859574999999998,4.0,False
normal_223,AI2_Current,0.6005377137931268,115.3791062101168,2.228474085709876,0.4512638073188384,-1.9075000000000017,5.438088362166034,0.9954030661386518,40,normal,223,40,0.0,1,,,0.08584882507218722,1.9075000000000017,4.0,False
normal_224,AI0_Vibration,1.764455673900886,0.0811542239664424,1.8676353773672691,-0.011726523328051588,-0.009828793103448275,0.05684273342391689,0.5106988590874171,29,normal,224,29,0.0,0,,,0.19841210337890525,0.009828793103448275,2.9,False
normal_224,AI1_Vibration,1.789669652587735,0.24764662952511057,2.4695346941567613,-0.0038351890286148493,0.0015232758620689663,0.04845062969670883,0.9281350840361065,29,normal,224,29,0.0,0,,,0.19841210337890525,0.0015232758620689663,2.9,False
normal_224,AI2_Current,0.5999380668278146,238.28962313061567,-0.6278264492032213,0.7183051269790042,32.64137931034484,4.631686922999869,0.9991335835436739,29,normal,224,29,0.0,0,,,0.19841210337890525,32.64137931034484,2.9,False
normal_225,AI0_Vibration,3.5751281898934892,0.11603683844652248,0.12338985834841677,0.017273445350873707,0.018358600000000003,0.06088104614455783,0.6300029254233335,15,normal,225,15,0.0,0,,,0.1749196697245148,0.018358600000000003,1.5,False
normal_225,AI1_Vibration,1.816185290921552,0.1912462618523991,0.49881518891794274,-0.001417810270999853,0.013084199999999999,0.04890166416032077,0.8808543576856989,15,normal,225,15,0.0,0,,,0.1749196697245148,0.013084199999999999,1.5,False
normal_225,AI2_Current,0.6136859013756993,178.81434710539884,-1.2563163439522136,7.239801451221496,22.486666666666668,5.590006635170341,0.99784098227537,15,normal,225,15,0.0,0,,,0.1749196697245148,22.486666666666668,1.5,False
normal_226,AI0_Vibration,,,,0.005770499999999998,0.005770499999999998,,,2,normal,226,2,0.0,1,,,0.07400217651528906,0.005770499999999998,0.2,False
normal_226,AI1_Vibration,,,,-0.0006465000000000012,-0.0006465000000000012,,,2,normal,226,2,0.0,1,,,0.07400217651528906,0.0006465000000000012,0.2,False
normal_226,AI2_Current,,,,-74.55,-74.55,,,2,normal,226,2,0.0,1,,,0.07400217651528906,74.55,0.2,False
normal_227,AI0_Vibration,1.7768219709447497,0.0804628205616259,-2.9683606908489204,0.0007368084018975918,1.0000000000121023e-07,0.0706540375322658,0.3935916864394592,50,normal,227,50,0.0,0,,,0.20440397260963397,1.0000000000121023e-07,5.0,False
normal_227,AI1_Vibration,1.7821378953863947,0.2429456317724142,-2.089089834391754,-0.0005331891582915638,1.999999999946489e-08,0.06099041779643357,0.8891221762521222,50,normal,227,50,0.0,0,,,0.20440397260963397,1.999999999946489e-08,5.0,False
normal_227,AI2_Current,0.6008375372757829,241.69940740882168,3.001488292765617,0.5907704036472055,0.6960000000000008,5.750755330205017,0.9988677626839753,50,normal,227,50,0.0,0,,,0.20440397260963397,0.6960000000000008,5.0,False
normal_228,AI0_Vibration,1.7768219709447497,0.0918501757280545,2.785938214834716,0.0011824604406010623,4.0000000000664505e-08,0.05153271268997724,0.6106345413882533,50,normal,228,50,0.0,0,,,0.2094013099860648,4.0000000000664505e-08,5.0,False
normal_228,AI1_Vibration,1.789225794641921,0.26561931009348616,-2.898491745233764,0.0007876396489678306,1.199999999995649e-07,0.04008608169787683,0.9566038939244037,50,normal,228,50,0.0,0,,,0.2094013099860648,1.199999999995649e-07,5.0,False
normal_228,AI2_Current,0.6006876255344549,238.32329306282497,-2.599494312275309,1.0497517624763617,0.9519999999999998,4.497510550320172,0.9992876193033389,50,normal,228,50,0.0,0,,,0.2094013099860648,0.9519999999999998,5.0,False
normal_229,AI0_Vibration,3.5680098624499155,0.07341621118572685,2.583125537377377,0.0004768944774527148,0.001423883720930232,0.04631841779514269,0.5544972109414632,43,normal,229,43,0.0,0,,,0.1510203843371776,0.001423883720930232,4.3,False
normal_229,AI1_Vibration,1.7910152884894328,0.17489257897035068,-1.6227901213309264,0.0017382489736016693,0.0018486279069767418,0.04813224841703546,0.8711937959925369,43,normal,229,43,0.0,0,,,0.1510203843371776,0.0018486279069767418,4.3,False
normal_229,AI2_Current,0.5993384198625024,189.9107559940092,-2.002853173828845,0.02474826068791458,-8.427906976744186,7.333236300210234,0.9970777030662122,43,normal,229,43,0.0,0,,,0.1510203843371776,8.427906976744186,4.3,False
normal_230,AI0_Vibration,3.6073185113338733,0.05260550948680993,2.659060568271072,0.020342292814180166,0.0201781875,0.03692607277300818,0.5063418116501649,32,normal,230,32,0.0,1,,,0.07715499559510874,0.0201781875,3.2,False
normal_230,AI1_Vibration,3.5229702088326555,0.0455946579237269,2.2043711971839275,0.003050459300222543,0.00416834375,0.0412227064381678,0.3856997935559199,32,normal,230,32,0.0,1,,,0.07715499559510874,0.00416834375,3.2,False
normal_230,AI2_Current,0.6014371842410952,114.507783791784,3.040169018045964,0.09642145225536325,-2.153125,5.361033314800857,0.9957133907430454,32,normal,230,32,0.0,1,,,0.07715499559510874,2.153125,3.2,False
normal_231,AI0_Vibration,3.3844602232701897,0.10888916178281725,-2.568637330005823,0.0046372931628785585,-0.0008236874999999998,0.06908336143749569,0.5532920249021702,16,normal,231,16,0.0,0,,,0.1984133505132026,0.0008236874999999998,1.6,False
normal_231,AI1_Vibration,1.7609555873577116,0.23450979670172242,-0.8319710423025056,-0.005761639840682176,0.008245062499999997,0.0506488912993696,0.9103523008696651,16,normal,231,16,0.0,0,,,0.1984133505132026,0.008245062499999997,1.6,False
normal_231,AI2_Current,0.6023366546890635,208.8249561436331,2.9926631912377513,0.914153101685816,-2.53125,4.663215105303459,0.9990261252854444,16,normal,231,16,0.0,0,,,0.1984133505132026,2.53125,1.6,False
normal_232,AI0_Vibration,2.8735217811687597,0.10323173171635762,0.5571231336092688,-0.0332244493751639,-0.03138875,9.602130266728936e-06,0.9999999783242186,4,normal,232,4,0.0,0,,,0.1295152053505688,0.03138875,0.4,False
normal_232,AI1_Vibration,0.01,4312.608038316658,-1.5795286808443225,4312.438561629823,-0.062034250000000006,0.0006754871466818188,0.9999406426511741,4,normal,232,4,0.0,0,,,0.1295152053505688,0.062034250000000006,0.4,True
normal_232,AI2_Current,0.5697850860626074,184.12707046213532,-1.0840064337595836,-26.761241317988635,-115.025,0.00012925522127436043,0.99999999999544,4,normal,232,4,0.0,0,,,0.1295152053505688,115.025,0.4,True
normal_233,AI0_Vibration,0.22977692073533715,0.0315743034131931,-2.311610592308346,0.003714622400236442,0.0,0.03471882443727876,0.30446998127826386,50,normal,233,50,0.0,1,,,0.07882641624049642,0.0,5.0,False
normal_233,AI1_Vibration,3.6073185113338733,0.07606939828747375,-1.747647848465299,7.075920525552448e-05,7.999999999841467e-08,0.03999782647579366,0.6429391302159482,50,normal,233,50,0.0,1,,,0.07882641624049642,7.999999999841467e-08,5.0,False
normal_233,AI2_Current,0.5973985555879716,113.93360511431868,-2.4218534307148967,0.624666717385324,0.8599999999999994,5.409702588031924,0.9955222940178159,50,normal,233,50,0.0,1,,,0.07882641624049642,0.8599999999999994,5.0,False
normal_234,AI0_Vibration,3.58046693547617,0.061347850918719284,-0.2432028649181412,-0.0004085123270084236,1.9999999999690403e-08,0.05041587755460706,0.4218182213636369,50,normal,234,50,0.0,1,,,0.11421424789744929,1.9999999999690403e-08,5.0,False
normal_234,AI1_Vibration,1.804471647506413,0.12652876232580265,-2.3570390731732815,9.386624326949283e-05,-4.0000000000595114e-08,0.025783022555195073,0.9231376861312718,50,normal,234,50,0.0,1,,,0.11421424789744929,4.0000000000595114e-08,5.0,False
normal_234,AI2_Current,0.6024865664303916,145.82301518986995,3.1287830789913436,0.9517574198402693,1.05,5.357308575088615,0.9972970560743815,50,normal,234,50,0.0,1,,,0.11421424789744929,1.05,5.0,False
normal_235,AI0_Vibration,1.8080600099109412,0.08241243159758097,-2.7518820256608385,-0.001597160892162993,-0.004834536585365857,0.07117262903422575,0.402672947575454,41,normal,235,41,0.0,0,,,0.19663435920081992,0.004834536585365857,4.1,False
normal_235,AI1_Vibration,1.789669652587735,0.23385240579154423,-1.5245455254475948,-0.0019109406952435015,-0.009897000000000001,0.049920377911866945,0.9171070338465903,41,normal,235,41,0.0,0,,,0.19663435920081992,0.009897000000000001,4.1,False
normal_235,AI2_Current,0.601137360758439,244.3100225793573,0.24045038838264174,0.46874729437153206,31.958536585365852,4.694685623993963,0.999247925282385,41,normal,235,41,0.0,0,,,0.19663435920081992,31.958536585365852,4.1,False
normal_236,AI0_Vibration,3.5813567264066166,0.09744743102926325,-1.4416088512164689,0.0018747312498065966,-0.0015713846153846138,0.024877448296262535,0.8889351226728808,26,normal,236,26,0.0,1,,,0.09691892859716865,0.0015713846153846138,2.6,False
normal_236,AI1_Vibration,1.814368625040446,0.06329100569620937,0.23236611265812593,-3.754447533795349e-05,0.0032554999999999984,0.04335743004861089,0.5063252811236181,26,normal,236,26,0.0,1,,,0.09691892859716865,0.0032554999999999984,2.6,False
normal_236,AI2_Current,0.5969543866886377,131.13959142517027,-0.2001280254068987,0.5252773864388729,26.549999999999997,6.5310445157668635,0.9944623466861412,26,normal,236,26,0.0,1,,,0.09691892859716865,26.549999999999997,2.6,False
normal_237,AI0_Vibration,3.61452604565703,0.11539104732151098,2.1318060785375557,-0.01573687730988982,-0.009719000000000004,0.029612938938388005,0.8833459868760781,15,normal,237,15,0.0,1,,,0.11085377437447344,0.009719000000000004,1.5,False
normal_237,AI1_Vibration,1.721902504580872,0.08309039102734422,2.327198572463049,0.00828976008759158,0.003528999999999999,0.034054642747526925,0.7513638919023138,15,normal,237,15,0.0,1,,,0.11085377437447344,0.003528999999999999,1.5,False
normal_237,AI2_Current,0.6050350660329685,126.53413995536002,1.5287845568015213,-1.7136686122438505,-12.79333333333334,5.0121124614764785,0.9966557174873352,15,normal,237,15,0.0,1,,,0.11085377437447344,12.79333333333334,1.5,False
normal_238,AI0_Vibration,,,,0.007155000000000002,0.007155000000000002,,,3,normal,238,3,0.0,0,,,0.15955337365700964,0.007155000000000002,0.3,False
normal_238,AI1_Vibration,,,,-0.08962166666666667,-0.08962166666666667,,,3,normal,238,3,0.0,0,,,0.15955337365700964,0.08962166666666667,0.3,False
normal_238,AI2_Current,,,,222.53333333333333,222.53333333333333,,,3,normal,238,3,0.0,0,,,0.15955337365700964,222.53333333333333,0.3,False
normal_239,AI0_Vibration,3.5947053262683486,0.09358938119133496,-0.44179788201336934,-0.00017132583031604157,6.000000000123961e-08,0.03608652641518173,0.770052122029683,50,normal,239,50,0.0,1,,,0.11514342781930717,6.000000000123961e-08,5.0,False
normal_239,AI1_Vibration,1.801780375703017,0.10333245461023759,0.3484606620044729,2.031007323258921e-05,-6.938893903907229e-20,0.04756207754038293,0.7021456654082856,50,normal,239,50,0.0,1,,,0.11514342781930717,6.938893903907229e-20,5.0,False
normal_239,AI2_Current,0.5969543866886377,140.9883671560436,-2.8452308466747844,0.3079204450274311,0.3520000000000006,6.2520106888746385,0.9961026932625959,50,normal,239,50,0.0,1,,,0.11514342781930717,0.3520000000000006,5.0,False
normal_240,AI0_Vibration,3.617228871028214,0.06936311537040411,-3.0685066974082607,-0.000291230390311056,-4.0000000001705336e-08,0.04191967673564735,0.5779134292563471,50,normal,240,50,0.0,1,,,0.0800520477033536,4.0000000001705336e-08,5.0,False
normal_240,AI1_Vibration,1.8266311197379113,0.04317497577937801,-0.2888193705069021,0.00027778199146043757,1.9999999999881224e-08,0.03636851215744069,0.4108545000356324,50,normal,240,50,0.0,1,,,0.0800520477033536,1.9999999999881224e-08,5.0,False
normal_240,AI2_Current,0.6033860368783599,121.92549342145648,1.893874220372226,0.6119540678257067,1.2880000000000007,5.86270234613517,0.9954211528073306,50,normal,240,50,0.0,1,,,0.0800520477033536,1.2880000000000007,5.0,False
normal_241,AI0_Vibration,1.795949286795659,0.08324941516364037,-0.8769686622972296,-0.00035589013622221166,0.0016866511627906984,0.05972409433767498,0.4919138350837565,43,normal,241,43,0.0,0,,,0.22045501650724417,0.0016866511627906984,4.3,False
normal_241,AI1_Vibration,1.792360924391131,0.28135475064530574,0.01558587768417921,-0.003913995457342582,0.005786325581395347,0.054950134006229556,0.9273170659376347,43,normal,241,43,0.0,0,,,0.22045501650724417,0.005786325581395347,4.3,False
normal_241,AI2_Current,0.6003878020517988,241.00877758976162,-1.657594101395494,0.7589198547330511,0.21395348837209607,4.779720533868694,0.9992375774873717,43,normal,241,43,0.0,0,,,0.22045501650724417,0.21395348837209607,4.3,False
normal_242,AI0_Vibration,3.560001744075895,0.07028918413594296,-2.9102982930528953,0.0028791331761414407,0.002580068965517241,0.05745976620927843,0.4185520643396857,29,normal,242,29,0.0,0,,,0.14920285142659837,0.002580068965517241,2.9,False
normal_242,AI1_Vibration,1.789225794641921,0.16687203909785628,2.073920265374204,0.0024942075595166535,0.007687758620689655,0.04882156303441592,0.8556953528142133,29,normal,242,29,0.0,0,,,0.14920285142659837,0.007687758620689655,2.9,False
normal_242,AI2_Current,0.5978427244873056,182.7382303091867,1.3237272305680055,1.7102946684611027,-5.679310344827585,5.174258693469173,0.998509159046925,29,normal,242,29,0.0,0,,,0.14920285142659837,5.679310344827585,2.9,False
normal_243,AI0_Vibration,1.434562407436408,0.07336939985874104,2.6649654538367655,0.0052115874823079195,0.005208187500000001,0.028329974145196835,0.7559213366869965,16,normal,243,16,0.0,1,,,0.08037729327988098,0.005208187500000001,1.6,False
normal_243,AI1_Vibration,3.5653404896585754,0.05403344533078221,0.08975823404965318,0.0031310732109609313,0.005911562500000001,0.04168746477322336,0.4412442837975791,16,normal,243,16,0.0,1,,,0.08037729327988098,0.005911562500000001,1.6,False
normal_243,AI2_Current,0.6089743950390788,113.73303394752915,2.7054607672525997,-0.7250682243798394,-2.6812499999999995,5.121191251593664,0.9959755264415645,16,normal,243,16,0.0,1,,,0.08037729327988098,2.6812499999999995,1.6,False
normal_244,AI0_Vibration,2.187040825542352,0.11917917801704889,2.7130918411109337,-0.002326853262456907,0.0011678333333333298,0.03445637769888344,0.8351347512891069,6,normal,244,6,0.0,0,,,0.2064582096809586,0.0011678333333333298,0.6,False
normal_244,AI1_Vibration,1.888154606127021,0.24565427928766492,-1.6651969761514218,0.036255115664780596,0.007634166666666674,0.050610580372949666,0.9275696634097681,6,normal,244,6,0.0,0,,,0.2064582096809586,0.007634166666666674,0.6,False
normal_244,AI2_Current,0.8341092769620249,139.47625356736899,2.882457447039933,-87.21437309173157,-165.10000000000002,4.7000016903998025,0.9939938998594968,6,normal,244,6,0.0,0,,,0.2064582096809586,165.10000000000002,0.6,False
normal_245,AI0_Vibration,1.4492737135668405,0.03628449412486421,-2.5550475669850337,0.0009073413182344274,-5.551115123125783e-19,0.035347427008030514,0.34613538794148946,50,normal,245,50,0.0,1,,,0.06891981550323535,5.551115123125783e-19,5.0,False
normal_245,AI1_Vibration,3.6109222784954516,0.05500015987705138,-2.192176303594571,-2.7411323044353175e-06,4.000000000004e-08,0.03660404987317161,0.5280676324679155,50,normal,245,50,0.0,1,,,0.06891981550323535,4.000000000004e-08,5.0,False
normal_245,AI2_Current,0.6005377137931268,115.09811518498113,-0.12554243308447893,0.5812066117280352,0.5499999999999998,5.561761647530045,0.9953482153188082,50,normal,245,50,0.0,1,,,0.06891981550323535,0.5499999999999998,5.0,False
normal_246,AI0_Vibration,3.5947053262683486,0.11376363852148157,2.5872565171484463,0.00020511453597488183,6.000000000214168e-08,0.04709384028531432,0.7439953455194095,50,normal,246,50,0.0,0,,,0.14028045647573292,6.000000000214168e-08,5.0,False
normal_246,AI1_Vibration,1.797743467997923,0.13832626831688827,-1.2349441262888485,-0.00017683094554343803,-1.999999999835467e-08,0.038226445907932415,0.8673433892215888,50,normal,246,50,0.0,0,,,0.14028045647573292,1.999999999835467e-08,5.0,False
normal_246,AI2_Current,0.5987387728971901,155.41025715503534,0.6434013908957482,0.9489104138992559,0.8100000000000003,6.449615396937129,0.9965719680736401,50,normal,246,50,0.0,0,,,0.14028045647573292,0.8100000000000003,5.0,False
normal_247,AI0_Vibration,3.5974081516395326,0.09700252546860086,-0.19006157029073198,-8.536641588586039e-05,2.000000000002e-08,0.048960653002711324,0.6620323251374177,50,normal,247,50,0.0,1,,,0.1042818741291122,2.000000000002e-08,5.0,False
normal_247,AI1_Vibration,1.8130061256296166,0.06334359020509964,-2.60176399061565,8.279391543949965e-05,1.9999999999326113e-08,0.04233414045944741,0.5261146888359783,50,normal,247,50,0.0,1,,,0.1042818741291122,1.9999999999326113e-08,5.0,False
normal_247,AI2_Current,0.6005377137931268,129.01088890082016,1.1638208533573091,0.551262430747002,0.6480000000000002,5.806687920345255,0.9959660961404654,50,normal,247,50,0.0,1,,,0.1042818741291122,0.6480000000000002,5.0,False
normal_248,AI0_Vibration,1.75701798999664,0.07440809773489439,-0.9503272098687786,0.001327952652323397,-0.00024802857142856995,0.04880560256764118,0.5403077629065405,35,normal,248,35,0.0,0,,,0.19911268344281838,0.00024802857142856995,3.5,False
normal_248,AI1_Vibration,1.78833980723498,0.2584666258902333,-0.3896321904333473,0.0014945257754645086,0.00011588571428571261,0.04561378479818026,0.9396294066075135,35,normal,248,35,0.0,0,,,0.19911268344281838,0.00011588571428571261,3.5,False
normal_248,AI2_Current,0.5993384198625024,233.17057126711578,-2.237352923893785,0.4920908381363347,-8.685714285714285,5.1189755257807885,0.9990534100675083,35,normal,248,35,0.0,0,,,0.19911268344281838,8.685714285714285,3.5,False
normal_249,AI0_Vibration,3.544939660920079,0.09370624869410689,-2.1593712621890266,-0.0019151641752014475,-0.0026372608695652156,0.03877775638141478,0.7381355631233887,23,normal,249,23,0.0,0,,,0.13772413237132694,0.0026372608695652156,2.3,False
normal_249,AI1_Vibration,1.798640558599055,0.1471778199286049,2.5563876986099943,-0.0028942440536432745,0.00039165217391304476,0.0494963040594782,0.8146623179136006,23,normal,249,23,0.0,0,,,0.13772413237132694,0.00039165217391304476,2.3,False
normal_249,AI2_Current,0.5988886846385182,168.35651686612277,-0.8288344634614234,0.9024359898982368,6.995652173913044,5.80429529292245,0.9974217806934206,23,normal,249,23,0.0,0,,,0.13772413237132694,6.995652173913044,2.3,False
normal_250,AI0_Vibration,3.0880310653984138,0.0404304384338134,-0.08656432347872958,0.027346813510323073,0.03077211111111111,0.026473085878492505,0.5053323767386431,9,normal,250,9,0.0,1,,,0.07018064641575576,0.03077211111111111,0.9,False
normal_250,AI1_Vibration,3.4363030346042636,0.05533436070745548,-2.7417167980458435,0.013765212353693134,0.014523444444444446,0.030008590483651586,0.6169179703837597,9,normal,250,9,0.0,1,,,0.07018064641575576,0.014523444444444446,0.9,False
normal_250,AI2_Current,0.01,334861.0912420402,-1.597749546580376,334749.1832949866,-67.28888888888889,4.293321337543679,0.9885600561553163,9,normal,250,9,0.0,1,,,0.07018064641575576,67.28888888888889,0.9,True
normal_251,AI0_Vibration,3.6415786382333115,0.06958484512281705,-1.9796385491006772,0.0005775918749761008,-6.000000000117022e-08,0.06088499954184956,0.39365101564624894,50,normal,251,50,0.0,0,,,0.1750307281585722,6.000000000117022e-08,5.0,False
normal_251,AI1_Vibration,1.799089103899621,0.20790546660554018,-0.12576330872926053,-7.198751423492453e-05,1.999999999835467e-08,0.053922394089820296,0.8814286078216432,50,normal,251,50,0.0,0,,,0.1750307281585722,1.999999999835467e-08,5.0,False
normal_251,AI2_Current,0.5991885081211743,210.4633340563927,-0.3888603409056975,1.2925181553452774,1.4520000000000026,5.971140934766736,0.9983935600289587,50,normal,251,50,0.0,0,,,0.1750307281585722,1.4520000000000026,5.0,False
normal_252,AI0_Vibration,3.6064175695434786,0.032054183342507384,1.9213215895517561,-5.5316009188684234e-05,4.77048955893622e-19,0.033996715692709345,0.3079433838324759,50,normal,252,50,0.0,1,,,0.06544063787112714,4.77048955893622e-19,5.0,False
normal_252,AI1_Vibration,3.5920342175719773,0.05052474303681353,0.3634497063316442,-0.00010846487345984347,-2.0000000000297557e-08,0.036575298441657834,0.48792521997640714,50,normal,252,50,0.0,1,,,0.06544063787112714,2.0000000000297557e-08,5.0,False
normal_252,AI2_Current,0.6008375372757829,113.0745874603088,-0.0185100227370025,0.6985847387618034,0.6680000000000004,5.207845857349724,0.995769911452218,50,normal,252,50,0.0,1,,,0.06544063787112714,0.6680000000000004,5.0,False
normal_253,AI0_Vibration,1.8389457250027037,0.05717076403595927,-0.7923786892091811,-0.003143220325040434,-0.0030407105263157894,0.058963412709565795,0.3193070432777704,38,normal,253,38,0.0,0,,,0.17346229904279065,0.0030407105263157894,3.8,False
normal_253,AI1_Vibration,1.797743467997923,0.2159056883733917,0.23305356475682948,0.004033172442761614,0.008101921052631578,0.04129287884358799,0.9315404802119168,38,normal,253,38,0.0,0,,,0.17346229904279065,0.008101921052631578,3.8,False
normal_253,AI2_Current,0.5999380668278146,204.00781933984211,2.7138930192616217,0.8384755712850023,-4.8921052631578945,4.004572293552452,0.9991787978213046,38,normal,253,38,0.0,0,,,0.17346229904279065,4.8921052631578945,3.8,False
normal_254,AI0_Vibration,3.590254635711084,0.08523833531088248,-0.774717355368301,-0.0003644449821497697,0.00041862962962962736,0.0676825056911547,0.451502139754138,27,normal,254,27,0.0,0,,,0.16675431650440672,0.00041862962962962736,2.7,False
normal_254,AI1_Vibration,1.7830238827933353,0.17888247201573823,-2.971026547457812,0.0007306061671408653,-0.004952370370370367,0.060710043221371704,0.810313616033143,27,normal,254,27,0.0,0,,,0.16675431650440672,0.004952370370370367,2.7,False
normal_254,AI2_Current,0.5997881550864865,188.0472255243231,-1.6322447541815828,0.48339449626567443,4.807407407407412,5.660474519207509,0.998301994805791,27,normal,254,27,0.0,0,,,0.16675431650440672,4.807407407407412,2.7,False
normal_255,AI0_Vibration,3.5379094362521033,0.04227422763939639,0.3187291763878287,-0.009203640004888958,-0.006142307692307692,0.02664064340980266,0.5465034276560791,13,normal,255,13,0.0,1,,,0.060359108115192836,0.006142307692307692,1.3,False
normal_255,AI1_Vibration,3.708459185011705,0.04472955347934811,-1.5344346925307268,-0.0035155714794261744,-0.0037550769230769235,0.030547077262136454,0.5395140409607716,13,normal,255,13,0.0,1,,,0.060359108115192836,0.0037550769230769235,1.3,False
normal_255,AI2_Current,0.6082154428627206,112.08962122963021,-1.8987492427827488,2.266100198647621,12.923076923076927,4.453992979608897,0.9971949284656098,13,normal,255,13,0.0,1,,,0.060359108115192836,12.923076923076927,1.3,False
normal_256,AI0_Vibration,1.8980551860898536,0.12010692953649653,-2.3234724210779945,-0.004158813867627287,-0.013367666666666672,0.022617751413952312,0.9307752576885577,6,normal,256,6,0.0,0,,,0.24211868864808156,0.013367666666666672,0.6,False
normal_256,AI1_Vibration,1.7339752793277836,0.3118787247443387,-1.5678245332295302,-0.017388466586135187,-0.029004000000000005,0.012759856198004498,0.9967574471765501,6,normal,256,6,0.0,0,,,0.24211868864808156,0.029004000000000005,0.6,False
normal_256,AI2_Current,0.4984546989923757,279.2591541475556,2.6147927403060596,7.213352853935277,-53.833333333333336,0.8941033313979718,0.9999549591540049,6,normal,256,6,0.0,0,,,0.24211868864808156,53.833333333333336,0.6,True
normal_257,AI0_Vibration,1.4013692027418034,0.044778797704341976,-2.893697501885672,-7.683813876223876e-06,-2.359223927328458e-18,0.03347701264741065,0.4719177849965126,50,normal,257,50,0.0,1,,,0.070972547851687,2.359223927328458e-18,5.0,False
normal_257,AI1_Vibration,3.5974081516395326,0.05675201044439366,0.6085599874627944,-2.7191138710924018e-05,3.999999999976245e-08,0.03609730935359697,0.5529772179017551,50,normal,257,50,0.0,1,,,0.070972547851687,3.999999999976245e-08,5.0,False
normal_257,AI2_Current,0.6018869194650793,114.61721095992216,2.2062980346554153,0.656763390480819,0.9780000000000004,5.32276892494754,0.9957131425185015,50,normal,257,50,0.0,1,,,0.070972547851687,0.9780000000000004,5.0,False
normal_258,AI0_Vibration,0.1410896553795477,0.053645223000645115,0.5483005346600981,-0.011125216749255644,0.0035793333333333332,0.06557229085725212,0.23198332450980763,45,normal,258,45,0.0,0,,,0.1496564649658232,0.0035793333333333332,4.5,False
normal_258,AI1_Vibration,1.7941551055933949,0.1730858004452224,-2.072405027819417,0.0006870525622802298,-0.00042326666666666653,0.042700830032254784,0.8913734252633971,45,normal,258,45,0.0,0,,,0.1496564649658232,0.00042326666666666653,4.5,False
normal_258,AI2_Current,0.5997881550864865,193.88163590197715,2.9410000919944013,0.7327029891191543,-17.397777777777776,5.202482889400182,0.9984563968080445,45,normal,258,45,0.0,0,,,0.1496564649658232,17.397777777777776,4.5,False
normal_259,AI0_Vibration,1.712940800988751,0.07975203781524223,-1.3547242369274186,0.010521525656813371,0.008718875,0.06588333363149734,0.4218704244567657,32,normal,259,32,0.0,0,,,0.2080983735659952,0.008718875,3.2,False
normal_259,AI1_Vibration,1.7914638337899988,0.25589229460383,-1.122076573585839,0.005773646855308817,0.012228874999999998,0.04999982414356088,0.929719194606366,32,normal,259,32,0.0,0,,,0.2080983735659952,0.012228874999999998,3.2,False
normal_259,AI2_Current,0.5991885081211743,250.19103008075598,-2.486298893465552,-0.3904820077266038,1.8187500000000014,6.057515997766064,0.9988722525065235,32,normal,259,32,0.0,0,,,0.2080983735659952,1.8187500000000014,3.2,False
normal_260,AI0_Vibration,1.6011074391943148,0.06067050583178118,-2.3795539103121492,-0.005051952433440875,-0.005385157894736843,0.04066838766632921,0.523778476958062,19,normal,260,19,0.0,1,,,0.07869562484361069,0.005385157894736843,1.9,False
normal_260,AI1_Vibration,1.8545808998752218,0.0538405210653878,-1.1808939925929458,0.004025073484290272,0.0034191052631578943,0.03490417025804574,0.5452930194648082,19,normal,260,19,0.0,1,,,0.07869562484361069,0.0034191052631578943,1.9,False
normal_260,AI2_Current,0.5902970653594625,124.90924123635125,1.0954821243677904,2.093709604484374,14.868421052631579,6.3137193198626935,0.9952217707637426,19,normal,260,19,0.0,1,,,0.07869562484361069,14.868421052631579,1.9,False
normal_261,AI0_Vibration,3.6982988756296775,0.08980999348197331,-2.379937020972165,-0.007688327685877926,-0.010516666666666667,0.051052777441381855,0.5967359981094165,21,normal,261,21,0.0,0,,,0.15871174108381877,0.010516666666666667,2.1,False
normal_261,AI1_Vibration,1.8202727891540402,0.18568404370252506,-0.5245577052937788,-0.003351864958478515,0.0052609999999999974,0.047132302437058814,0.8804893308099159,21,normal,261,21,0.0,0,,,0.15871174108381877,0.0052609999999999974,2.1,False
normal_261,AI2_Current,0.5988886846385182,204.59922463444116,-0.8952976284182507,0.602208915606866,-9.600000000000001,5.732588455671905,0.9982281158291083,21,normal,261,21,0.0,0,,,0.15871174108381877,9.600000000000001,2.1,False
normal_262,AI0_Vibration,4.293372947465115,0.020600987089529982,2.642673869313945,0.0190350021930457,0.02023325,0.011858787701230222,0.5831336955951665,8,normal,262,8,0.0,1,,,0.06695688159181251,0.02023325,0.8,False
normal_262,AI1_Vibration,2.7896428677797362,0.06835348942844334,-2.4583935767729654,0.009423718348838483,0.005653500000000002,0.03904332588835525,0.5885083127737636,8,normal,262,8,0.0,1,,,0.06695688159181251,0.005653500000000002,0.8,False
normal_262,AI2_Current,0.6978635134464182,107.59990531419353,1.5771967190677945,-3.144087917602917,-1.3375000000000057,3.860997053759915,0.9976742949192179,8,normal,262,8,0.0,1,,,0.06695688159181251,1.3375000000000057,0.8,False
normal_263,AI0_Vibration,3.719543158883008,0.06273788281457951,-1.703112410500802,0.010733312362808695,0.004155777777777778,0.022878739886374153,0.8043268632261845,9,normal,263,9,0.0,1,,,0.11811120747837607,0.004155777777777778,0.9,False
normal_263,AI1_Vibration,1.693425780256691,0.13864280901117537,-2.9315571460823526,-0.004581964625726822,-0.03394955555555555,0.03897593255656012,0.8496714962385105,9,normal,263,9,0.0,1,,,0.11811120747837607,0.03394955555555555,0.9,False
normal_263,AI2_Current,0.7931805682579585,123.50824209110891,2.8936153944756207,-62.677616173466355,-105.56666666666666,3.2770731531838737,0.9974279508080793,9,normal,263,9,0.0,1,,,0.11811120747837607,105.56666666666666,0.9,False
normal_264,AI0_Vibration,1.7618306089935052,0.0730073496899271,-0.4710008132851525,-0.001565314456210793,-1.200000000015078e-07,0.06200333855383493,0.40413199095111974,50,normal,264,50,0.0,0,,,0.20740804091167725,1.200000000015078e-07,5.0,False
normal_264,AI1_Vibration,1.7852388513106874,0.2594389440183254,-0.18288647935741686,-0.0018562152754819303,-2.000000000279556e-08,0.055132217183619756,0.9168753540115012,50,normal,264,50,0.0,0,,,0.20740804091167725,2.000000000279556e-08,5.0,False
normal_264,AI2_Current,0.6006876255344549,223.10582032582926,-2.890813952652888,1.1447042733012225,1.126000000000001,5.984310327906266,0.9985614822249309,50,normal,264,50,0.0,0,,,0.20740804091167725,1.126000000000001,5.0,False
normal_265,AI0_Vibration,3.593813799432871,0.059214563003793595,0.35148176276432885,-9.749331748187817e-05,4.000000000031756e-08,0.0515785037654407,0.3970155657892176,50,normal,265,50,0.0,0,,,0.14526992484771237,4.000000000031756e-08,5.0,False
normal_265,AI1_Vibration,1.795949286795659,0.1752101997933064,0.8740950968291343,0.00010163289819119237,5.999999999992123e-08,0.036112453898087454,0.9218693533716176,50,normal,265,50,0.0,0,,,0.14526992484771237,5.999999999992123e-08,5.0,False
normal_265,AI2_Current,0.5993384198625024,194.26370680004703,0.15186799033202428,1.1039060742942404,1.1140000000000003,7.036322234769897,0.9973859560373924,50,normal,265,50,0.0,0,,,0.14526992484771237,1.1140000000000003,5.0,False
normal_266,AI0_Vibration,3.5884750538501904,0.05644281892340741,-3.0146932991379938,0.004629012378777572,0.004607846153846154,0.04313222049836632,0.4611560432233086,39,normal,266,39,0.0,1,,,0.09101147679459626,0.004607846153846154,3.9,False
normal_266,AI1_Vibration,3.605516627753084,0.06955822516854868,1.6168866719364976,0.0050864221099787416,0.005323512820512822,0.04866585351295975,0.5046257625724038,39,normal,266,39,0.0,1,,,0.09101147679459626,0.005323512820512822,3.9,False
normal_266,AI2_Current,0.601137360758439,113.04107532267558,-1.792645222048704,0.4631935126465976,-10.210256410256411,4.997162345423665,0.9960880682257435,39,normal,266,39,0.0,1,,,0.09101147679459626,10.210256410256411,3.9,False
normal_267,AI0_Vibration,1.814368625040446,0.08087253788366211,2.444640808917463,-0.002937765834076532,-0.006668038461538462,0.05311860768099682,0.5316679752339224,26,normal,267,26,0.0,0,,,0.1772440643622625,0.006668038461538462,2.6,False
normal_267,AI1_Vibration,1.778150952055161,0.2199259745672513,-2.7706861766123394,0.0039133733330607295,-0.010572923076923079,0.043899995671901094,0.9236278402171068,26,normal,267,26,0.0,0,,,0.1772440643622625,0.010572923076923079,2.6,False
normal_267,AI2_Current,0.6000879785691426,210.5825202429754,-2.320601951428831,0.20160804429653467,-28.70384615384615,4.36720974698473,0.9991095135338932,26,normal,267,26,0.0,0,,,0.1772440643622625,28.70384615384615,2.6,False
normal_268,AI0_Vibration,3.5019322243386175,0.10381592707140885,0.6165506947232052,0.006069013727188544,0.00776393333333333,0.03524935175459913,0.8017461129152761,15,normal,268,15,0.0,0,,,0.15687072586028705,0.00776393333333333,1.5,False
normal_268,AI1_Vibration,1.782580889089865,0.16735012531843046,0.6889964572241848,-0.0010058752848553648,0.013002800000000002,0.0671285495474867,0.7511981631770562,15,normal,268,15,0.0,0,,,0.15687072586028705,0.013002800000000002,1.5,False
normal_268,AI2_Current,0.6021867429477354,191.4227409873831,-2.465466017042057,-0.12334392428924446,3.5733333333333266,5.462588497883706,0.9985154516979697,15,normal,268,15,0.0,0,,,0.15687072586028705,3.5733333333333266,1.5,False
normal_269,AI0_Vibration,4.4590446540742406,0.03351561132940117,1.73787163821745,-0.06777837959005828,-0.06598224999999999,2.397963835183348e-06,0.9999999934447739,4,normal,269,4,0.0,1,,,0.08466973785981624,0.06598224999999999,0.4,False
normal_269,AI1_Vibration,0.01,1155.3844506153132,-1.584274396697117,1155.3297340791128,-0.016718,0.0075007962988616035,0.9660790171809331,4,normal,269,4,0.0,1,,,0.08466973785981624,0.016718,0.4,True
normal_269,AI2_Current,0.01,286261.64862972085,-1.5664989746524385,286149.8354581524,-77.80000000000001,1.1852249621148787,0.9982323526203809,4,normal,269,4,0.0,1,,,0.08466973785981624,77.80000000000001,0.4,True
normal_270,AI0_Vibration,1.793706560292829,0.0825532657619169,-2.826895389227077,0.00010401886074611413,7.999999999938611e-08,0.06659401770280393,0.4353248899215384,50,normal,270,50,0.0,0,,,0.21962318176900175,7.999999999938611e-08,5.0,False
normal_270,AI1_Vibration,1.790118197888301,0.2729210084534543,-1.9776334520866838,-0.0006832579073400291,-5.999999999797834e-08,0.054589362804686244,0.926202382505794,50,normal,270,50,0.0,0,,,0.21962318176900175,5.999999999797834e-08,5.0,False
normal_270,AI2_Current,0.5997881550864865,230.5601129225419,1.8148666704493703,0.8198054069520424,0.7380000000000007,5.707083570639057,0.9987756251380581,50,normal,270,50,0.0,0,,,0.21962318176900175,0.7380000000000007,5.0,False
normal_271,AI0_Vibration,1.780365920572513,0.05785443647541228,2.3870458818704448,0.0006610590143203213,-7.28583859910259e-19,0.06083671894251514,0.3085697500381114,50,normal,271,50,0.0,0,,,0.17517416278013145,7.28583859910259e-19,5.0,False
normal_271,AI1_Vibration,1.795949286795659,0.21539175629162005,-3.0102305420873274,0.0002439925134297971,2.220446049250313e-18,0.04583480426512986,0.9170719625973188,50,normal,271,50,0.0,0,,,0.17517416278013145,2.220446049250313e-18,5.0,False
normal_271,AI2_Current,0.5991885081211743,207.76283625355254,-2.3285873565279473,-0.07461101522682156,0.08799999999999926,6.641782600925509,0.9979612069462994,50,normal,271,50,0.0,0,,,0.17517416278013145,0.08799999999999926,5.0,False
normal_272,AI0_Vibration,1.717208278889761,0.026974480303941655,2.962778694643704,2.5848144646984685e-05,-0.0005091860465116285,0.03183799228031278,0.2620436808721818,43,normal,272,43,0.0,1,,,0.0738069924172122,0.0005091860465116285,4.3,False
normal_272,AI1_Vibration,3.6028138023819003,0.06765129055418431,-1.5178445678788914,-0.0022182882066701243,-0.0037696976744186045,0.04208822611622922,0.5636255693113961,43,normal,272,43,0.0,1,,,0.0738069924172122,0.0037696976744186045,4.3,False
normal_272,AI2_Current,0.598438949414534,115.52161216293146,-1.317653846607932,0.3632658459052749,4.437209302325582,5.559388366761766,0.9954833712493205,43,normal,272,43,0.0,1,,,0.0738069924172122,4.437209302325582,4.3,False
normal_273,AI0_Vibration,3.5751281898934892,0.07935709995520127,2.615161807184024,-0.0016014916583360628,-0.0010775111111111096,0.04869828982568879,0.573735834859626,45,normal,273,45,0.0,0,,,0.13895106814366945,0.0010775111111111096,4.5,False
normal_273,AI1_Vibration,1.796397832096225,0.15357967855919613,1.7632900402444152,0.0001630346944997696,0.0018135555555555574,0.04250338493341001,0.8685144843749222,45,normal,273,45,0.0,0,,,0.13895106814366945,0.0018135555555555574,4.5,False
normal_273,AI2_Current,0.5971024429884156,180.14899050975697,0.34455250796437303,0.5918470145518739,13.735555555555553,5.645291192401473,0.9980095912762675,45,normal,273,45,0.0,0,,,0.13895106814366945,13.735555555555553,4.5,False
normal_274,AI0_Vibration,3.560001744075895,0.03449091027786865,2.7457197179642674,0.0003790543312798718,-4.000000000038695e-08,0.03818921164233142,0.28757722519607,50,normal,274,50,0.0,1,,,0.07983997061672804,4.000000000038695e-08,5.0,False
normal_274,AI1_Vibration,3.6019128605915056,0.06796618574453112,0.5623710042501238,2.312532991461877e-05,-3.999999999899917e-08,0.04493665543064295,0.5333572397921568,50,normal,274,50,0.0,1,,,0.07983997061672804,3.999999999899917e-08,5.0,False
normal_274,AI2_Current,0.5965102177893037,115.62572736357765,-0.747916744240388,0.4313826601811428,0.9999999999999989,5.45750609582541,0.9955533813904754,50,normal,274,50,0.0,1,,,0.07983997061672804,0.9999999999999989,5.0,False
normal_275,AI0_Vibration,3.589364844780637,0.05131491074145974,2.8204297391709963,-0.0016755137407495034,-0.002135893617021276,0.047681541205765954,0.36276037405344685,47,normal,275,47,0.0,1,,,0.10565120602266001,0.002135893617021276,4.7,False
normal_275,AI1_Vibration,1.784795857607217,0.11111953293401837,-0.6802832229107142,-0.0034066734065618665,-0.0034916808510638297,0.03870123292107415,0.8023415858359714,47,normal,275,47,0.0,1,,,0.10565120602266001,0.0034916808510638297,4.7,False
normal_275,AI2_Current,0.5999380668278146,159.31934885840099,-1.0439122859243744,0.5855919140892922,10.042553191489361,5.209760813233909,0.9977443207847745,47,normal,275,47,0.0,1,,,0.10565120602266001,10.042553191489361,4.7,False
normal_276,AI0_Vibration,1.793706560292829,0.0951812963153904,-2.167140147721734,-0.02030946377076767,-0.021914406249999997,0.08245777034319442,0.40534518500213923,32,normal,276,32,0.0,0,,,0.22764652851206352,0.021914406249999997,3.2,False
normal_276,AI1_Vibration,1.787010826124569,0.26617619761604605,-1.230684610800546,-0.0052137279564705985,0.00020593749999999605,0.06158851695679893,0.9049543207666577,32,normal,276,32,0.0,0,,,0.22764652851206352,0.00020593749999999605,3.2,False
normal_276,AI2_Current,0.6027863899130477,247.84096002065755,-2.579595716000635,1.1757883717169477,2.5312500000000018,5.183166443733386,0.9991554247602712,32,normal,276,32,0.0,0,,,0.22764652851206352,2.5312500000000018,3.2,False
normal_277,AI0_Vibration,3.541424548586091,0.04495012207604266,0.5570825752238623,0.014166320619655795,0.01587304761904762,0.041234054509587316,0.3723905173480476,21,normal,277,21,0.0,1,,,0.08086268282830143,0.01587304761904762,2.1,False
normal_277,AI1_Vibration,3.716772165415182,0.04988048650767079,-1.5294109791550257,0.006376760684121734,0.006129619047619048,0.04715175075474697,0.3719815545427978,21,normal,277,21,0.0,1,,,0.08086268282830143,0.006129619047619048,2.1,False
normal_277,AI2_Current,0.5965102177893037,113.79750389939113,-1.3366561562081902,1.0153222235399255,-12.819047619047618,4.890769089238145,0.9961511813183351,21,normal,277,21,0.0,1,,,0.08086268282830143,12.819047619047618,2.1,False
normal_278,AI0_Vibration,1.6163448469609392,0.08548777796343782,-2.4521585155166443,-0.005454220307570791,-0.021063875000000003,0.0502868996879037,0.5951357781604779,8,normal,278,8,0.0,1,,,0.12097785596701159,0.021063875000000003,0.8,False
normal_278,AI1_Vibration,1.856420332213165,0.11934126683290198,-1.0290803075087787,-0.02293650202250118,-0.025319749999999995,0.01668210074769171,0.961903255580696,8,normal,278,8,0.0,1,,,0.12097785596701159,0.025319749999999995,0.8,False
normal_278,AI2_Current,0.4491594888961333,182.68329132826125,-1.3620859569986132,27.72866925425234,-25.937500000000004,1.8771743499599023,0.9996316897351828,8,normal,278,8,0.0,1,,,0.12097785596701159,25.937500000000004,0.8,True
normal_279,AI0_Vibration,1.797743467997923,0.03930061666266882,0.7769603805522621,-0.028230162325843678,-0.019225625,0.012429547971405547,0.8256434298818769,8,normal,279,8,0.0,1,,,0.06773442237241713,0.019225625,0.8,False
normal_279,AI1_Vibration,2.740730310083696,0.07597731980742747,0.5814494602706123,-0.016350482562596937,-0.014073500000000001,0.02290719984895233,0.8325753623719133,8,normal,279,8,0.0,1,,,0.06773442237241713,0.014073500000000001,0.8,False
normal_279,AI2_Current,0.6657719237561412,109.66107777352804,-0.7404704363411,5.855638020304099,49.33749999999999,4.135492963237085,0.995914011634559,8,normal,279,8,0.0,1,,,0.06773442237241713,49.33749999999999,0.8,False
normal_280,AI0_Vibration,1.7785939457586313,0.08212153338833099,-1.9444253581233868,-0.0003042329774476382,-4.000000000087267e-08,0.06731994928850321,0.42938816936705904,50,normal,280,50,0.0,0,,,0.21038338639056078,4.000000000087267e-08,5.0,False
normal_280,AI1_Vibration,1.78833980723498,0.2588442058031999,-1.1947153447996028,-0.0016508155458039853,4.000000000226045e-08,0.05493959839585741,0.9168927806858914,50,normal,280,50,0.0,0,,,0.21038338639056078,4.000000000226045e-08,5.0,False
normal_280,AI2_Current,0.600987449017111,261.09912252540516,-0.004553134384283887,0.1903445365927614,0.1139999999999992,5.212194891946378,0.9992023736553262,50,normal,280,50,0.0,0,,,0.21038338639056078,0.1139999999999992,5.0,False
normal_281,AI0_Vibration,1.3634842168138661,0.02743212288903332,0.339024654482711,-0.0008811027293851251,0.0004794375000000001,0.029137399683997377,0.304413755091952,48,normal,281,48,0.0,1,,,0.06726523481075372,0.0004794375000000001,4.8,False
normal_281,AI1_Vibration,3.6064175695434786,0.06124641804280836,2.9220628000336184,-0.0011882571614909299,-0.0007595416666666659,0.038240892986544,0.5572973685123285,48,normal,281,48,0.0,1,,,0.06726523481075372,0.0007595416666666659,4.8,False
normal_281,AI2_Current,0.6057867958983741,115.66967949630805,2.6530229669972005,0.2909065353872151,-2.708333333333334,5.842473486184301,0.9948602517132988,48,normal,281,48,0.0,1,,,0.06726523481075372,2.708333333333334,4.8,False
normal_282,AI0_Vibration,3.61452604565703,0.08818562114096642,0.3162699468632602,-0.011330385333027923,-0.010757999999999998,0.046325727139848755,0.6423551806868375,33,normal,282,33,0.0,1,,,0.09136138404062288,0.010757999999999998,3.3,False
normal_282,AI1_Vibration,1.8394055830871894,0.04154386700725747,-2.209733826280119,-0.005834668910316372,-0.006107818181818182,0.036543322146680456,0.39113694193526116,33,normal,282,33,0.0,1,,,0.09136138404062288,0.006107818181818182,3.3,False
normal_282,AI2_Current,0.6045853308089844,118.70070337813983,2.1367644028489976,0.30899354396918,0.03636363636363731,5.262101920882587,0.9960775676450676,33,normal,282,33,0.0,1,,,0.09136138404062288,0.03636363636363731,3.3,False
normal_283,AI0_Vibration,1.795052196194527,0.10593495629632987,0.37024863875969133,0.011864833579707055,0.012361318181818187,0.0846733683643883,0.4419646232056754,22,normal,283,22,0.0,0,,,0.23995717848598436,0.012361318181818187,2.2,False
normal_283,AI1_Vibration,1.7852388513106874,0.2886650401499846,1.1154412323761531,0.008435298453680184,0.006647272727272735,0.04626136903710828,0.9519448712251215,22,normal,283,22,0.0,0,,,0.23995717848598436,0.006647272727272735,2.2,False
normal_283,AI2_Current,0.6002378903104707,260.50863192791115,-1.8271704590511328,0.4785598758650167,-44.7,3.7359998547218036,0.9995838498622467,22,normal,283,22,0.0,0,,,0.23995717848598436,44.7,2.2,False
normal_284,AI0_Vibration,1.721902504580872,0.06331002964209334,-0.1648678846726704,-0.026993599930039063,-0.017568000000000004,0.028427991383607538,0.6767333080479899,10,normal,284,10,0.0,1,,,0.06414929217614174,0.017568000000000004,1.0,False
normal_284,AI1_Vibration,1.0692377387810823,0.034408802663672175,-1.1001147542100032,-0.010857332876867718,-0.0129717,0.02280855465128803,0.5429688623942178,10,normal,284,10,0.0,1,,,0.06414929217614174,0.0129717,1.0,False
normal_284,AI2_Current,0.5908840783977402,123.81622657477024,-1.9081404985233892,2.621430312626387,-12.520000000000001,5.861069551739566,0.9959518778453431,10,normal,284,10,0.0,1,,,0.06414929217614174,12.520000000000001,1.0,False
normal_285,AI0_Vibration,3.6037147441722945,0.08611543212043303,2.897534883389969,-0.00010741502535818737,2.5500435096859064e-18,0.06141908477577953,0.496357845178209,50,normal,285,50,0.0,1,,,0.10610293668791641,2.5500435096859064e-18,5.0,False
normal_285,AI1_Vibration,1.801331830402451,0.05744154739243278,2.571113811290001,-4.0254501292781575e-05,4.163336342344337e-19,0.04601180290656561,0.43810860325613,50,normal,285,50,0.0,1,,,0.10610293668791641,4.163336342344337e-19,5.0,False
normal_285,AI2_Current,0.6033860368783599,125.49045465256769,-0.7500682592483722,0.5066691602413869,-0.042000000000000454,5.526043651940854,0.9961409999182341,50,normal,285,50,0.0,1,,,0.10610293668791641,0.042000000000000454,5.0,False
normal_286,AI0_Vibration,1.7843528639037467,0.08859088820036765,2.174663784078051,0.0007942415214071408,-6.00000000007886e-08,0.059631386419161034,0.5221613212722007,50,normal,286,50,0.0,0,,,0.21438735454121355,6.00000000007886e-08,5.0,False
normal_286,AI1_Vibration,1.7914638337899988,0.26602236094316517,2.9094698471456906,0.0010677691729308117,-3.999999999726445e-08,0.05653628118827916,0.9170216465215161,50,normal,286,50,0.0,0,,,0.21438735454121355,3.999999999726445e-08,5.0,False
normal_286,AI2_Current,0.6006876255344549,251.40001911465097,0.09532407142383323,0.19388114898611164,0.17000000000000115,4.706924799295988,0.9992985904744942,50,normal,286,50,0.0,0,,,0.21438735454121355,0.17000000000000115,5.0,False
normal_287,AI0_Vibration,3.638851473997684,0.07549198460705447,2.4255596502241312,-0.0009020135219443559,6.000000000033756e-08,0.02853912988978532,0.7810485535860985,50,normal,287,50,0.0,1,,,0.08196897009759242,6.000000000033756e-08,5.0,False
normal_287,AI1_Vibration,3.6244364053513705,0.05223930608269002,2.254267576304646,-0.00042977615725085447,-6.938893903907229e-19,0.040125318460823345,0.46313917395850923,50,normal,287,50,0.0,1,,,0.08196897009759242,6.938893903907229e-19,5.0,False
normal_287,AI2_Current,0.5972504992881936,128.7803845069782,-1.36336073533405,0.5900023916152719,1.1860000000000002,6.484924689943013,0.9949301073828657,50,normal,287,50,0.0,1,,,0.08196897009759242,1.1860000000000002,5.0,False
normal_288,AI0_Vibration,3.617228871028214,0.07185024948883187,1.207295359902403,0.006114620089804124,0.006135861111111111,0.04388859879345104,0.5714764588469885,36,normal,288,36,0.0,1,,,0.08009018404100605,0.006135861111111111,3.6,False
normal_288,AI1_Vibration,3.5688996533803623,0.0370770137492844,1.0805123884535965,-0.002260067466645664,-0.0019998611111111102,0.03435653504005955,0.37140695609525554,36,normal,288,36,0.0,1,,,0.08009018404100605,0.0019998611111111102,3.6,False
normal_288,AI2_Current,0.5996382433451585,115.98742180654523,0.15471375425877093,0.8840162202012287,4.572222222222223,5.853854955307333,0.9947216619045692,36,normal,288,36,0.0,1,,,0.08009018404100605,4.572222222222223,3.6,False
normal_289,AI0_Vibration,1.7874538198280394,0.0907855266205322,1.5602482587013273,-0.004128084967491799,0.0011648333333333337,0.06093294827183769,0.5329558059521442,24,normal,289,24,0.0,0,,,0.2140740512019147,0.0011648333333333337,2.4,False
normal_289,AI1_Vibration,1.789669652587735,0.26869752329565444,2.1979233196538277,0.0006776846815857163,0.009864916666666668,0.04907407281959984,0.9362545650422118,24,normal,289,24,0.0,0,,,0.2140740512019147,0.009864916666666668,2.4,False
normal_289,AI2_Current,0.6018869194650793,242.32355912688007,-3.0877228400242345,1.1564836242099013,-49.23333333333333,4.559425671697891,0.9992512376968039,24,normal,289,24,0.0,0,,,0.2140740512019147,49.23333333333333,2.4,False
normal_290,AI0_Vibration,3.51593998416468,0.12281498543664635,-1.5300527654108964,-0.008853169051939724,-0.016546307692307693,0.04829252060213144,0.7615342732960253,13,normal,290,13,0.0,1,,,0.13820109544539685,0.016546307692307693,1.3,False
normal_290,AI1_Vibration,1.8225436215054227,0.13320001189301467,-0.23951730287410422,0.002133242198858843,0.008048461538461539,0.023785215380299457,0.9370081026486178,13,normal,290,13,0.0,1,,,0.13820109544539685,0.008048461538461539,1.3,False
normal_290,AI2_Current,0.6083672332979921,145.8059572661663,-1.5246650771105967,3.536367083533918,28.60769230769231,5.504947002817408,0.9970000603718282,13,normal,290,13,0.0,1,,,0.13820109544539685,28.60769230769231,1.3,False
normal_291,AI0_Vibration,,,,-0.050063,-0.050063,,,1,normal,291,1,0.0,1,,,0.13376924262699555,0.050063,0.1,False
normal_291,AI1_Vibration,,,,0.124048,0.124048,,,1,normal,291,1,0.0,1,,,0.13376924262699555,0.124048,0.1,False
normal_291,AI2_Current,,,,-7.2,-7.2,,,1,normal,291,1,0.0,1,,,0.13376924262699555,7.2,0.1,False
normal_292,AI0_Vibration,1.799089103899621,0.08486385966574601,-0.5799816590811671,-4.158021378546095e-05,-2.0000000000436335e-08,0.06102165407232877,0.4915160500010105,50,normal,292,50,0.0,0,,,0.2176654574624095,2.0000000000436335e-08,5.0,False
normal_292,AI1_Vibration,1.7896687883453914,0.2755966039812074,0.30783422655111553,-0.0006761693246872119,-2.000000000612623e-08,0.04357054331061719,0.9526056256746813,50,normal,292,50,0.0,0,,,0.2176654574624095,2.000000000612623e-08,5.0,False
normal_292,AI2_Current,0.6008375372757829,241.18417972765832,-0.1069684968646869,0.16429709890674715,0.06999999999999972,5.300967821977564,0.999033622535234,50,normal,292,50,0.0,0,,,0.2176654574624095,0.06999999999999972,5.0,False
normal_293,AI0_Vibration,3.598309093429927,0.11171807938751833,2.37181520350094,6.150446783521196e-05,2.0000000001962893e-08,0.03659223387992649,0.8231875093991573,50,normal,293,50,0.0,1,,,0.131298782731905,2.0000000001962893e-08,5.0,False
normal_293,AI1_Vibration,1.794603650893961,0.1241980195967199,1.8090848472814984,0.00036089612104066304,1.999999999835467e-08,0.04442547159218081,0.7958270179931385,50,normal,293,50,0.0,1,,,0.131298782731905,1.999999999835467e-08,5.0,False
normal_293,AI2_Current,0.5988886846385182,147.33126648935058,-1.3818864351341913,0.46304041524855677,0.7380000000000001,5.814507689578651,0.9968887053678217,50,normal,293,50,0.0,1,,,0.131298782731905,0.7380000000000001,5.0,False
normal_294,AI0_Vibration,0.9907711731503673,0.04635428988731104,2.292479244157488,-0.008756777398046641,-0.0076933571428571415,0.04312080693350439,0.36386069617304817,42,normal,294,42,0.0,1,,,0.07591436933761996,0.0076933571428571415,4.2,False
normal_294,AI1_Vibration,1.8035745569052812,0.03828616531359555,3.10026919816483,-0.005414135577878021,-0.0069523333333333355,0.04481519547066603,0.2649995817774139,42,normal,294,42,0.0,1,,,0.07591436933761996,0.0069523333333333355,4.2,False
normal_294,AI2_Current,0.601137360758439,114.90808682335738,-2.176926091270819,0.49441041376866224,-9.054761904761904,5.713606840139507,0.9950177993642996,42,normal,294,42,0.0,1,,,0.07591436933761996,9.054761904761904,4.2,False
normal_295,AI0_Vibration,1.832989450321782,0.08008353998305026,2.3588429346509048,0.012950633469373786,0.014473172413793107,0.06457953622904705,0.42811130903436934,29,normal,295,29,0.0,0,,,0.2003941489999491,0.014473172413793107,2.9,False
normal_295,AI1_Vibration,1.793706560292829,0.2505471490166997,-2.9588478320949276,0.003584405104755356,0.0011863103448275867,0.047682048599344946,0.9303745422697712,29,normal,295,29,0.0,0,,,0.2003941489999491,0.0011863103448275867,2.9,False
normal_295,AI2_Current,0.6012872724997671,225.8891770829999,0.23866868487858647,0.17303218828330813,20.672413793103445,5.538479902135998,0.9987859607477882,29,normal,295,29,0.0,0,,,0.2003941489999491,20.672413793103445,2.9,False
normal_296,AI0_Vibration,3.5335155458346184,0.10079996006298847,-0.2978978319619316,-0.006189347541287802,-0.007284449999999998,0.037863278744553024,0.78306082282742,20,normal,296,20,0.0,1,,,0.12205668668163987,0.007284449999999998,2.0,False
normal_296,AI1_Vibration,1.789225794641921,0.12464240466522944,0.41124030698013847,-0.0010568967578628158,0.01023125,0.026292207950811403,0.9149890504999748,20,normal,296,20,0.0,1,,,0.12205668668163987,0.01023125,2.0,False
normal_296,AI2_Current,0.5985888611558621,144.42509687000043,2.0420138159692587,0.06035356091692279,13.955000000000002,5.140047662377487,0.9973449449851374,20,normal,296,20,0.0,1,,,0.12205668668163987,13.955000000000002,2.0,False
normal_297,AI0_Vibration,3.454303386562211,0.04637615311787742,1.7366299591477319,-0.006080672760980628,-0.005674375000000001,0.02446200402030371,0.6735676709300529,8,normal,297,8,0.0,1,,,0.07263678689204252,0.005674375000000001,0.8,False
normal_297,AI1_Vibration,1.856420332213165,0.07042993806364843,1.8474886728142739,-0.02460474634028282,-0.019080875,0.02491889582143998,0.796189168494174,8,normal,297,8,0.0,1,,,0.07263678689204252,0.019080875,0.8,False
normal_297,AI2_Current,0.7382663028823471,104.45606404286539,-1.3435485947757548,11.771932310910643,26.837500000000006,3.481760460677592,0.9979580676596296,8,normal,297,8,0.0,1,,,0.07263678689204252,26.837500000000006,0.8,False
normal_298,AI0_Vibration,3.6019128605915056,0.08698648250476154,-2.2240454222056876,-1.0564499756622603e-05,-5.551115123125783e-19,0.05881142908560409,0.5220428943636943,50,normal,298,50,0.0,0,,,0.16434075246067237,5.551115123125783e-19,5.0,False
normal_298,AI1_Vibration,1.787010826124569,0.18337027058418318,2.7774208670564335,0.0012621682922615701,1.9999999997799554e-08,0.055268467644237596,0.8455030225555749,50,normal,298,50,0.0,0,,,0.16434075246067237,1.9999999997799554e-08,5.0,False
normal_298,AI2_Current,0.5987387728971901,205.2191324906522,2.237132848879156,0.31792479668450824,-0.07199999999999875,6.606958190171163,0.9979285707855466,50,normal,298,50,0.0,0,,,0.16434075246067237,0.07199999999999875,5.0,False
normal_299,AI0_Vibration,1.7861248387176283,0.03309139411929774,1.04070424301316,-0.0010835038884606032,-0.0001271666666666678,0.02884321426696266,0.3961416031438162,48,normal,299,48,0.0,1,,,0.05999100497887162,0.0001271666666666678,4.8,False
normal_299,AI1_Vibration,1.792809469691697,0.04515849631895217,2.4202716485125917,0.0015051664003226592,0.0005402499999999991,0.03460404689599043,0.46083612586419254,48,normal,299,48,0.0,1,,,0.05999100497887162,0.0005402499999999991,4.8,False
normal_299,AI2_Current,0.6002378903104707,115.42653933407756,-1.0338456646201595,0.263548622509731,4.941666666666667,5.544055226464626,0.995208504894342,48,normal,299,48,0.0,1,,,0.05999100497887162,4.941666666666667,4.8,False
normal_300,AI0_Vibration,1.9536727393381013,0.06559394737630239,-2.2846626144390707,-0.005469472995639879,-0.005581722222222224,0.06661615637315939,0.3254611183467139,36,normal,300,36,0.0,0,,,0.18375894547197483,0.005581722222222224,3.6,False
normal_300,AI1_Vibration,1.82163528856487,0.2212044352692614,-1.214595010227846,0.0028468151549794485,0.0024649722222222195,0.04920140350068647,0.9108409593546528,36,normal,300,36,0.0,0,,,0.18375894547197483,0.0024649722222222195,3.6,False
normal_300,AI2_Current,0.6002378903104707,204.2394780618619,-0.2790082194950149,0.33567727651967516,0.8888888888888905,4.698209561538313,0.998870915677138,36,normal,300,36,0.0,0,,,0.18375894547197483,0.8888888888888905,3.6,False
normal_301,AI0_Vibration,1.648477711916704,0.10107015204692776,-1.0943767305456862,0.0461548814999572,0.0410024,0.07857256880758197,0.4485299932426636,20,normal,301,20,0.0,0,,,0.2155583332497262,0.0410024,2.0,False
normal_301,AI1_Vibration,1.793258014992263,0.23805316657097944,-1.0231638069764677,0.009436063745177692,0.014873799999999998,0.06599723932159886,0.8694669752418065,20,normal,301,20,0.0,0,,,0.2155583332497262,0.014873799999999998,2.0,False
normal_301,AI2_Current,0.5956218799906358,247.0127915195424,-2.117367631585476,-1.1245695435459027,-38.325,5.49997599230219,0.9990808051344942,20,normal,301,20,0.0,0,,,0.2155583332497262,38.325,2.0,False
normal_302,AI0_Vibration,1.3164379978818812,0.03213530809674844,1.850351895502357,-0.019205057026558954,-0.014809777777777776,0.014280481754075862,0.7265534317344604,9,normal,302,9,0.0,1,,,0.06835246870287699,0.014809777777777776,0.9,False
normal_302,AI1_Vibration,3.4793667842629157,0.07171995135675896,0.8060130053878872,-0.018815695718231388,-0.018363777777777774,0.03236034617676099,0.6892345114036239,9,normal,302,9,0.0,1,,,0.06835246870287699,0.018363777777777774,0.9,False
normal_302,AI2_Current,0.5392728100954749,130.88642402928915,-1.9311460678615011,18.715813937542237,-28.200000000000003,3.507744489308554,0.9980374968034802,9,normal,302,9,0.0,1,,,0.06835246870287699,28.200000000000003,0.9,True
normal_303,AI0_Vibration,1.8049201928069791,0.08008018505272806,0.9151683876287139,-9.501328481674454e-05,-1.1102230246251566e-18,0.0902886509688912,0.2818386137949749,50,normal,303,50,0.0,0,,,0.22455981593535382,1.1102230246251566e-18,5.0,False
normal_303,AI1_Vibration,1.7852388513106874,0.2679490727465946,2.0107713068507618,0.00217269450732982,4.0000000000595114e-08,0.058767413034065734,0.9116178092249783,50,normal,303,50,0.0,0,,,0.22455981593535382,4.0000000000595114e-08,5.0,False
normal_303,AI2_Current,0.6018869194650793,253.8271792208318,-1.875706053817687,1.1236399557396908,0.4080000000000007,6.84428883235915,0.9985507156923629,50,normal,303,50,0.0,0,,,0.22455981593535382,0.4080000000000007,5.0,False
normal_304,AI0_Vibration,3.58313630826751,0.04888565966301435,0.20096124540004526,-0.0002632710754446547,-2.000000000002e-08,0.04188870981850275,0.4028223084429874,50,normal,304,50,0.0,1,,,0.0849437159667506,2.000000000002e-08,5.0,False
normal_304,AI1_Vibration,2.6993666135148953,0.05225741178722733,-1.0589800705073456,0.0004728232467707122,1.9999999999742446e-08,0.05396665907645756,0.3190830034880847,50,normal,304,50,0.0,1,,,0.0849437159667506,1.9999999999742446e-08,5.0,False
normal_304,AI2_Current,0.5957699362904137,121.30773476472153,-0.7505480112281588,0.6095847875280853,1.3400000000000003,6.024628252719839,0.9950757861923691,50,normal,304,50,0.0,1,,,0.0849437159667506,1.3400000000000003,5.0,False
normal_305,AI0_Vibration,3.6019128605915056,0.07809003341386184,-0.3996680655720892,-0.004450598509509251,-0.0033410789473684215,0.04994806379887291,0.5522940122765069,38,normal,305,38,0.0,1,,,0.10409741297558996,0.0033410789473684215,3.8,False
normal_305,AI1_Vibration,1.787010826124569,0.08815397473004778,-2.280646181879086,-0.0003015943408731653,-0.0012354473684210517,0.0358284597272608,0.7555435816246416,38,normal,305,38,0.0,1,,,0.10409741297558996,0.0012354473684210517,3.8,False
normal_305,AI2_Current,0.601137360758439,131.90083276178746,1.6044161666449097,0.48489439992802374,11.142105263157895,5.485354164700644,0.9965306480088878,38,normal,305,38,0.0,1,,,0.10409741297558996,11.142105263157895,3.8,False
normal_306,AI0_Vibration,3.58046693547617,0.027787311887163282,-2.699683926601299,0.0005618248768342431,-0.00016891428571428642,0.028899107149813044,0.3152151619971165,35,normal,306,35,0.0,1,,,0.07154657929888353,0.00016891428571428642,3.5,False
normal_306,AI1_Vibration,1.8366464345802744,0.0544332363349751,-1.4910605652613442,-0.0007578744587311004,-0.002595714285714286,0.04916267020319725,0.3790791504629859,35,normal,306,35,0.0,1,,,0.07154657929888353,0.002595714285714286,3.5,False
normal_306,AI2_Current,0.6000879785691426,113.39867432042213,-2.2548496653571237,0.05277299352789555,-4.494285714285713,5.61488100485936,0.9952013471303318,35,normal,306,35,0.0,1,,,0.07154657929888353,4.494285714285713,3.5,False
normal_307,AI0_Vibration,3.6488764973766674,0.07347010270194243,2.1642349948545876,-0.017917247513240933,-0.015345565217391303,0.05793265128227338,0.4469931362889771,23,normal,307,23,0.0,1,,,0.13270287150131926,0.015345565217391303,2.3,False
normal_307,AI1_Vibration,1.74739275200291,0.1412080322722057,2.5113742545282842,-0.00765259748759569,-0.007020869565217393,0.035368023997151825,0.8888712287602822,23,normal,307,23,0.0,1,,,0.13270287150131926,0.007020869565217393,2.3,False
normal_307,AI2_Current,0.6003878020517988,159.6587682750677,0.36315409101595864,0.21982800857671236,33.995652173913044,4.945821450119006,0.9980543555959358,23,normal,307,23,0.0,1,,,0.13270287150131926,33.995652173913044,2.3,False
normal_308,AI0_Vibration,3.493253208924886,0.08584972704518384,1.6081772900741353,-0.01055132636892156,-0.006707666666666667,0.04282468712463643,0.6749531936045721,9,normal,308,9,0.0,0,,,0.20787142818124643,0.006707666666666667,0.9,False
normal_308,AI1_Vibration,1.762268119811402,0.2660395826289691,-1.9430313830963626,0.004085450881025771,-0.028942666666666665,0.04251064573597428,0.9507395757163386,9,normal,308,9,0.0,0,,,0.20787142818124643,0.028942666666666665,0.9,False
normal_308,AI2_Current,0.5448097170539702,276.43109223895397,1.7571149932879384,2.045342830005552,4.788888888888891,1.6868932537147883,0.9999239847359421,9,normal,308,9,0.0,0,,,0.20787142818124643,4.788888888888891,0.9,True
normal_309,AI0_Vibration,3.627139230722554,0.07921472689098258,-1.4738988768685286,0.0005884802996407104,-1.0408340855860842e-18,0.042182753237650375,0.6395938553318609,50,normal,309,50,0.0,1,,,0.10362652230254571,1.0408340855860842e-18,5.0,False
normal_309,AI1_Vibration,1.801331830402451,0.09118976295360554,0.44171634334909443,7.3349613712650474e-06,8.326672684688674e-19,0.04058651886523886,0.7160519044129563,50,normal,309,50,0.0,1,,,0.10362652230254571,8.326672684688674e-19,5.0,False
normal_309,AI2_Current,0.6017370077237513,132.5422486496469,1.0181341732458888,0.20325987735029116,0.49400000000000005,5.8504001755110595,0.9961200440928393,50,normal,309,50,0.0,1,,,0.10362652230254571,0.49400000000000005,5.0,False
normal_310,AI0_Vibration,0.15356026432849598,0.08122645546581576,-2.820624765876158,0.00990201422374757,2.0000000001685338e-08,0.0791234404136387,0.36616258413906233,50,normal,310,50,0.0,0,,,0.225451940327645,2.0000000001685338e-08,5.0,False
normal_310,AI1_Vibration,1.789225794641921,0.2759274416334145,2.5966102802792403,0.0016688852716927327,-7.999999999785956e-08,0.05585068768616418,0.9238292556287558,50,normal,310,50,0.0,0,,,0.225451940327645,7.999999999785956e-08,5.0,False
normal_310,AI2_Current,0.5999380668278146,259.43439317880336,2.6447729551944623,0.9490714943406573,0.9320000000000016,4.754191866635484,0.9993288374955435,50,normal,310,50,0.0,0,,,0.225451940327645,0.9320000000000016,5.0,False
normal_311,AI0_Vibration,3.589364844780637,0.10365338080862715,2.702984316836991,-0.006558630359837461,-0.007730631578947369,0.03302244511128557,0.833510137054729,38,normal,311,38,0.0,1,,,0.12038964972166528,0.007730631578947369,3.8,False
normal_311,AI1_Vibration,1.796397832096225,0.1126101622678456,1.9420160688882064,-0.0015103856100618929,-0.0036361052631578954,0.039371096056090196,0.8030601115431669,38,normal,311,38,0.0,1,,,0.12038964972166528,0.0036361052631578954,3.8,False
normal_311,AI2_Current,0.5972504992881936,142.19690564008042,2.1685615086719974,0.09710352933701927,4.7368421052631575,6.151110500246641,0.9960352697458046,38,normal,311,38,0.0,1,,,0.12038964972166528,4.7368421052631575,3.8,False
normal_312,AI0_Vibration,3.6707700748067342,0.03961276035459095,2.7940680667278937,0.018456281645444446,0.01757858333333334,0.026105267844180727,0.5284032159060319,24,normal,312,24,0.0,1,,,0.06095643805210406,0.01757858333333334,2.4,False
normal_312,AI1_Vibration,1.7896687883453914,0.03403017414618145,-1.7296917760455663,0.0045949571721755345,0.0025120000000000003,0.036838892366003406,0.30593991222737216,24,normal,312,24,0.0,1,,,0.06095643805210406,0.0025120000000000003,2.4,False
normal_312,AI2_Current,0.600987449017111,115.03467490279333,1.77870027131188,0.12027265891175887,4.170833333333334,5.673860022872448,0.9949550523292465,24,normal,312,24,0.0,1,,,0.06095643805210406,4.170833333333334,2.4,False
normal_313,AI0_Vibration,1.8476830286079342,0.07302181310129982,0.9602649516568567,-0.022881181649401415,-0.020418882352941176,0.051933837572858264,0.49747046304064746,17,normal,313,17,0.0,0,,,0.21808595713886866,0.020418882352941176,1.7,False
normal_313,AI1_Vibration,1.7843528639037467,0.27684159132072295,2.06183523862473,-0.0033087803370094593,-0.00010276470588235286,0.05428612238532768,0.9294599560695245,17,normal,313,17,0.0,0,,,0.21808595713886866,0.00010276470588235286,1.7,False
normal_313,AI2_Current,0.6023366546890635,261.5229811260997,-0.027423246251882184,0.16095793585936224,-0.7058823529411782,4.480142898484402,0.9993996257524835,17,normal,313,17,0.0,0,,,0.21808595713886866,0.7058823529411782,1.7,False
normal_314,AI0_Vibration,,,,0.093078,0.093078,,,1,normal,314,1,0.0,0,,,0.2559333673986258,0.093078,0.1,False
normal_314,AI1_Vibration,,,,0.238408,0.238408,,,1,normal,314,1,0.0,0,,,0.2559333673986258,0.238408,0.1,False
normal_314,AI2_Current,,,,-114.4,-114.4,,,1,normal,314,1,0.0,0,,,0.2559333673986258,114.4,0.1,False
normal_315,AI0_Vibration,3.5911444266415304,0.04496702043920249,-2.6790812032340248,9.95104532895072e-05,5.999999999950489e-08,0.04527163147426217,0.3302765445956398,50,normal,315,50,0.0,1,,,0.07720043906312968,5.999999999950489e-08,5.0,False
normal_315,AI1_Vibration,1.7865678324210985,0.03973854939017386,-1.4575547549237458,-0.00024715589279268244,7.999999999980246e-08,0.045955831088435095,0.27165964974602497,50,normal,315,50,0.0,1,,,0.07720043906312968,7.999999999980246e-08,5.0,False
normal_315,AI2_Current,0.6006876255344549,113.94298696151657,-0.5960054772803146,0.6677072815746428,0.5759999999999996,5.292715435310575,0.9957031123072997,50,normal,315,50,0.0,1,,,0.07720043906312968,0.5759999999999996,5.0,False
normal_316,AI0_Vibration,1.782580889089865,0.058339611053602664,-3.028741844117917,0.00039176015973916515,4.000000000004e-08,0.05580882110925515,0.35364628895166383,50,normal,316,50,0.0,0,,,0.18036781987721645,4.000000000004e-08,5.0,False
normal_316,AI1_Vibration,1.794603650893961,0.22874783729408402,-2.446149216125444,-3.399133018723577e-05,-1.9999999999742446e-08,0.038127500562478996,0.9475457393105464,50,normal,316,50,0.0,0,,,0.18036781987721645,1.9999999999742446e-08,5.0,False
normal_316,AI2_Current,0.6006876255344549,211.2587765841192,-3.031715272077903,0.9834623056554435,1.0,3.8161542646799673,0.9993470598656076,50,normal,316,50,0.0,0,,,0.18036781987721645,1.0,5.0,False
normal_317,AI0_Vibration,3.5644506987281286,0.07345311002231679,0.7960432110510595,0.00442404555950892,0.004496214285714286,0.0719734778889518,0.34327946042514323,42,normal,317,42,0.0,0,,,0.1879560109225155,0.004496214285714286,4.2,False
normal_317,AI1_Vibration,1.792809469691697,0.21661236743590206,-2.3000072367691096,0.002892274615536067,-0.006067309523809527,0.06392988023011725,0.8507428971533887,42,normal,317,42,0.0,0,,,0.1879560109225155,0.006067309523809527,4.2,False
normal_317,AI2_Current,0.6000879785691426,230.17473223661074,-0.31958325903886964,0.3575516983086544,26.70952380952381,5.970485281462455,0.9986126182123362,42,normal,317,42,0.0,0,,,0.1879560109225155,26.70952380952381,4.2,False
normal_318,AI0_Vibration,3.560001744075895,0.03323146925165033,0.8873257996912767,-0.009153037440352908,-0.009168870967741936,0.029823350849504108,0.3809014090049815,31,normal,318,31,0.0,1,,,0.06951529642831229,0.009168870967741936,3.1,False
normal_318,AI1_Vibration,3.5352731020016126,0.05654505960020511,-0.5545341605237228,-0.011782219309095288,-0.011529290322580647,0.0399362433544506,0.49825712477212836,31,normal,318,31,0.0,1,,,0.06951529642831229,0.011529290322580647,3.1,False
normal_318,AI2_Current,0.5975466118877496,115.40789510463144,0.7541607940572329,0.992311940308376,0.07741935483870895,5.525863544440182,0.9957281841126113,31,normal,318,31,0.0,1,,,0.06951529642831229,0.07741935483870895,3.1,False
normal_319,AI0_Vibration,3.650700962162506,0.06823169635873472,-1.6002950628499444,-0.001213815967971335,-0.0014479374999999987,0.03080471474473224,0.7238414531399604,16,normal,319,16,0.0,1,,,0.12267849239526463,0.0014479374999999987,1.6,False
normal_319,AI1_Vibration,1.8398654411716753,0.14317920793483438,0.40059530189795955,0.019387362729211877,0.0203849375,0.027624417948082916,0.9318421319591078,16,normal,319,16,0.0,1,,,0.12267849239526463,0.0203849375,1.6,False
normal_319,AI2_Current,0.6003878020517988,156.42217014465268,0.8711734113926534,0.5926288333085665,-2.818749999999998,5.801205595989489,0.9973030464349392,16,normal,319,16,0.0,1,,,0.12267849239526463,2.818749999999998,1.6,False
normal_320,AI0_Vibration,,,,0.13283166666666668,0.13283166666666668,,,3,normal,320,3,0.0,0,,,0.2667472833744829,0.13283166666666668,0.3,False
normal_320,AI1_Vibration,,,,-0.007894000000000003,-0.007894000000000003,,,3,normal,320,3,0.0,0,,,0.2667472833744829,0.007894000000000003,0.3,False
normal_320,AI2_Current,,,,-235.6,-235.6,,,3,normal,320,3,0.0,0,,,0.2667472833744829,235.6,0.3,False
normal_321,AI0_Vibration,,,,-0.09564366666666667,-0.09564366666666667,,,3,normal,321,3,0.0,1,,,0.14705622144495167,0.09564366666666667,0.3,False
normal_321,AI1_Vibration,,,,0.047091333333333325,0.047091333333333325,,,3,normal,321,3,0.0,1,,,0.14705622144495167,0.047091333333333325,0.3,False
normal_321,AI2_Current,,,,81.43333333333332,81.43333333333332,,,3,normal,321,3,0.0,1,,,0.14705622144495167,81.43333333333332,0.3,False
normal_322,AI0_Vibration,1.8076114646103754,0.0918464371615594,-0.5783889284385944,0.0003485249622276962,-1.999999999835467e-08,0.06105599145319229,0.5314331807484864,50,normal,322,50,0.0,0,,,0.2217662312576015,1.999999999835467e-08,5.0,False
normal_322,AI1_Vibration,1.7914638337899988,0.27539583208482904,0.5297426287584236,-0.00022965452803649922,-6.000000000394579e-08,0.05561226152330495,0.9249783947678754,50,normal,322,50,0.0,0,,,0.2217662312576015,6.000000000394579e-08,5.0,False
normal_322,AI2_Current,0.5997881550864865,246.3667705207857,0.8277598631210016,0.7239935998754419,0.6720000000000013,6.256157241799197,0.9987121206849997,50,normal,322,50,0.0,0,,,0.2217662312576015,0.6720000000000013,5.0,False
normal_323,AI0_Vibration,3.61452604565703,0.04869052717538465,-0.5752051909914985,0.00024198112069334816,-2.0816681711721684e-18,0.04686183774200986,0.35312036894481824,50,normal,323,50,0.0,1,,,0.0867624231669448,2.0816681711721684e-18,5.0,False
normal_323,AI1_Vibration,2.674643043928004,0.05564263969004457,-0.9565085302831231,0.0008049728000244227,-9.020562075079397e-19,0.05091718453875916,0.37270365566654573,50,normal,323,50,0.0,1,,,0.0867624231669448,9.020562075079397e-19,5.0,False
normal_323,AI2_Current,0.5938452043932999,117.21792295841067,-0.256385138180967,0.7571161332957921,1.3840000000000003,6.087624941170308,0.9946607321789255,50,normal,323,50,0.0,1,,,0.0867624231669448,1.3840000000000003,5.0,False
normal_324,AI0_Vibration,3.5911444266415304,0.09147893358876216,0.8457795248910515,-0.0018371824053781821,-0.0007763636363636362,0.04344714721222951,0.687605875743725,44,normal,324,44,0.0,1,,,0.11123871679165732,0.0007763636363636362,4.4,False
normal_324,AI1_Vibration,1.7919123790905649,0.10232526140318367,1.3851292373591764,8.361482608156001e-05,-0.0006022272727272734,0.03228970753666487,0.8353024495008396,44,normal,324,44,0.0,1,,,0.11123871679165732,0.0006022272727272734,4.4,False
normal_324,AI2_Current,0.6017370077237513,134.0512914292829,-0.8045016212407685,0.3829638696365123,12.895454545454545,5.3714238356977235,0.9966608306928061,44,normal,324,44,0.0,1,,,0.11123871679165732,12.895454545454545,4.4,False
normal_325,AI0_Vibration,1.7878968135315099,0.09584521019539669,-0.9472866174527863,-0.020810616043894156,-0.02276556666666667,0.06263392250921619,0.533916784612066,30,normal,325,30,0.0,0,,,0.21248472310035216,0.02276556666666667,3.0,False
normal_325,AI1_Vibration,1.790118197888301,0.2632023657476512,-0.12099773198933096,-0.007203152346123447,-0.0002248666666666686,0.046466841043639406,0.9403783202461359,30,normal,325,30,0.0,0,,,0.21248472310035216,0.0002248666666666686,3.0,False
normal_325,AI2_Current,0.6003878020517988,249.57224744866974,-2.874203022805374,1.271470632270784,-12.2,4.632278363854115,0.9993339236712192,30,normal,325,30,0.0,0,,,0.21248472310035216,12.2,3.0,False
normal_326,AI0_Vibration,3.622634521770581,0.051574385741817864,2.750851881271615,-0.005503460223555924,-0.00652142105263158,0.03632823979086839,0.49233339053723835,19,normal,326,19,0.0,1,,,0.07259682885998751,0.00652142105263158,1.9,False
normal_326,AI1_Vibration,3.6109222784954516,0.05847541425357343,2.9711060645445597,-0.003635371934902973,-0.005052894736842106,0.031302237680978395,0.6235212787389746,19,normal,326,19,0.0,1,,,0.07259682885998751,0.005052894736842106,1.9,False
normal_326,AI2_Current,0.5960660488899697,122.49269088880496,2.839081330259695,0.5988552094439719,1.6263157894736846,6.108250611893069,0.994471371915383,19,normal,326,19,0.0,1,,,0.07259682885998751,1.6263157894736846,1.9,False
normal_327,AI0_Vibration,,,,0.03959066666666667,0.03959066666666667,,,3,normal,327,3,0.0,1,,,0.05474342001860436,0.03959066666666667,0.3,False
normal_327,AI1_Vibration,,,,0.009071333333333332,0.009071333333333332,,,3,normal,327,3,0.0,1,,,0.05474342001860436,0.009071333333333332,0.3,False
normal_327,AI2_Current,,,,-10.333333333333334,-10.333333333333334,,,3,normal,327,3,0.0,1,,,0.05474342001860436,10.333333333333334,0.3,False
normal_328,AI0_Vibration,1.7618306089935052,0.05884968431916334,-1.526867200188513,-0.000562797652459042,-1.457167719820518e-18,0.0690489155031975,0.2688438604674157,50,normal,328,50,0.0,0,,,0.19139379834252726,1.457167719820518e-18,5.0,False
normal_328,AI1_Vibration,1.78833980723498,0.23508683452301501,-1.2659755976585878,-0.0014542402207206595,1.9999999998632224e-08,0.05118371013218868,0.9129954388281512,50,normal,328,50,0.0,0,,,0.19139379834252726,1.9999999998632224e-08,5.0,False
normal_328,AI2_Current,0.600987449017111,215.83397726612066,-2.2893058363403065,0.8660271948820366,0.6420000000000021,5.186672743751475,0.9988459573192024,50,normal,328,50,0.0,0,,,0.19139379834252726,0.6420000000000021,5.0,False
normal_329,AI0_Vibration,1.8004347398013192,0.057301984099684934,2.852549722118531,-1.0969715507744629e-05,-1.9999999997868945e-08,0.05543878955648951,0.3481914975065069,50,normal,329,50,0.0,0,,,0.1597021781472626,1.9999999997868945e-08,5.0,False
normal_329,AI1_Vibration,1.792809469691697,0.19688532115256152,-2.2704772813762255,-0.00016097653260513378,3.999999999976245e-08,0.036313525377562376,0.9365703002368426,50,normal,329,50,0.0,0,,,0.1597021781472626,3.999999999976245e-08,5.0,False
normal_329,AI2_Current,0.5996382433451585,204.56821149034275,2.218739038322484,0.4395771572284559,0.3280000000000007,6.403567489074115,0.998043352814651,50,normal,329,50,0.0,0,,,0.1597021781472626,0.3280000000000007,5.0,False
normal_330,AI0_Vibration,3.6725945395925734,0.03575517946532712,-1.405340570428051,0.0008442114863105622,-7.2857142857143855e-06,0.033511909504462395,0.3650522908123641,42,normal,330,42,0.0,1,,,0.07992885387494246,7.2857142857143855e-06,4.2,False
normal_330,AI1_Vibration,3.590254635711084,0.07413545655395476,-1.8556408959243296,0.000702174500866376,0.0005122857142857141,0.04358117315688796,0.5888594856407762,42,normal,330,42,0.0,1,,,0.07992885387494246,0.0005122857142857141,4.2,False
normal_330,AI2_Current,0.6003878020517988,114.94382940952362,-0.26189230045149076,0.37135217938000764,13.880952380952381,5.369742879146512,0.9955021432774231,42,normal,330,42,0.0,1,,,0.07992885387494246,13.880952380952381,4.2,False
normal_331,AI0_Vibration,2.0074621457929256,0.10107541003437258,2.2223628571080654,0.016466970750266804,0.0168668,0.07673957633888218,0.4656873846699965,30,normal,331,30,0.0,0,,,0.20727826356559115,0.0168668,3.0,False
normal_331,AI1_Vibration,1.854121041790736,0.24492924254498455,-2.7981378025014143,0.019491687235634866,0.004947766666666664,0.047582948822375605,0.9284265186775463,30,normal,331,30,0.0,0,,,0.20727826356559115,0.004947766666666664,3.0,False
normal_331,AI2_Current,0.5996382433451585,192.2709988134389,0.9531155690975021,0.6568429459480285,-2.0233333333333317,5.078964974738516,0.9987129562668456,30,normal,331,30,0.0,0,,,0.20727826356559115,2.0233333333333317,3.0,False
normal_332,AI0_Vibration,3.5352731020016126,0.11454158563451654,2.62652485428856,-0.032814218505723046,-0.03422721428571429,0.06269578689363568,0.6191538933494218,14,normal,332,14,0.0,0,,,0.2042686310535712,0.03422721428571429,1.4,False
normal_332,AI1_Vibration,1.795500741495093,0.22341735554145545,2.2473852993932257,-0.01863681696867131,-0.02325714285714286,0.06778169011739382,0.8452669199292082,14,normal,332,14,0.0,0,,,0.2042686310535712,0.02325714285714286,1.4,False
normal_332,AI2_Current,0.6112512515681535,237.93530449674617,-1.2476472034734873,6.616826237480012,43.600000000000016,3.445401376559022,0.9994960117312505,14,normal,332,14,0.0,0,,,0.2042686310535712,43.600000000000016,1.4,False
normal_333,AI0_Vibration,,,,0.100361,0.100361,,,2,normal,333,2,0.0,1,,,0.1045851956038712,0.100361,0.2,False
normal_333,AI1_Vibration,,,,-0.013476499999999999,-0.013476499999999999,,,2,normal,333,2,0.0,1,,,0.1045851956038712,0.013476499999999999,0.2,False
normal_333,AI2_Current,,,,43.5,43.5,,,2,normal,333,2,0.0,1,,,0.1045851956038712,43.5,0.2,False
normal_334,AI0_Vibration,1.7741640087239274,0.08876053599329047,1.687482061267913,0.0008778246639909587,-6.000000000033756e-08,0.06496721346975767,0.48319254147045443,50,normal,334,50,0.0,0,,,0.21110481374828952,6.000000000033756e-08,5.0,False
normal_334,AI1_Vibration,1.7887828009384505,0.26117295078380526,2.3093049996383166,0.0017183017402588041,-4.000000000031756e-08,0.050563432624222734,0.9297587798783684,50,normal,334,50,0.0,0,,,0.21110481374828952,4.000000000031756e-08,5.0,False
normal_334,AI2_Current,0.5987387728971901,257.89250674884914,2.407051333923917,0.17605848808470625,-0.26600000000000024,5.488111192491975,0.9990944823516474,50,normal,334,50,0.0,0,,,0.21110481374828952,0.26600000000000024,5.0,False
normal_335,AI0_Vibration,3.58313630826751,0.0669439192080997,1.1988832455095222,-0.00015597967211022912,0.0001239111111111089,0.046388637728922454,0.5070659381329798,45,normal,335,45,0.0,1,,,0.08702311012049871,0.0001239111111111089,4.5,False
normal_335,AI1_Vibration,3.617228871028214,0.048904708548308445,0.9227750406194669,-0.0003717188462975078,0.00018935555555555403,0.044950735441766025,0.37004213673724995,45,normal,335,45,0.0,1,,,0.08702311012049871,0.00018935555555555403,4.5,False
normal_335,AI2_Current,0.5981391259318778,124.10304337413395,1.3188723595791332,0.6980051200382746,-1.266666666666666,6.059527718726735,0.9954926259694026,45,normal,335,45,0.0,1,,,0.08702311012049871,1.266666666666666,4.5,False
normal_336,AI0_Vibration,1.717208278889761,0.04477085574538121,-2.966443948794842,0.006407946258732679,0.005454676470588235,0.05351555181165291,0.2581194235660399,34,normal,336,34,0.0,1,,,0.12145644685284371,0.005454676470588235,3.4,False
normal_336,AI1_Vibration,1.7772649646482201,0.1318099989605872,-2.819569163286047,0.005223147488372468,0.005322970588235294,0.047118036081051654,0.7950650073509447,34,normal,336,34,0.0,1,,,0.12145644685284371,0.005322970588235294,3.4,False
normal_336,AI2_Current,0.6023366546890635,150.12955837516688,-0.5833448936170824,0.47576381065483275,-1.5764705882352947,5.403213793942448,0.9973954120384811,34,normal,336,34,0.0,1,,,0.12145644685284371,1.5764705882352947,3.4,False
normal_337,AI0_Vibration,1.4143287731615386,0.032632194840109985,-2.1319498043822955,-0.01917986521957186,-0.0210671875,0.03206226790901296,0.33929905679059125,32,normal,337,32,0.0,1,,,0.06861858587920987,0.0210671875,3.2,False
normal_337,AI1_Vibration,3.550214043840981,0.053331252948746896,-0.08310628370824898,-0.0063154821511570685,-0.0064251875,0.03589168587245086,0.5170699482544321,32,normal,337,32,0.0,1,,,0.06861858587920987,0.0064251875,3.2,False
normal_337,AI2_Current,0.6023366546890635,113.89594001235706,1.2596213713611992,-0.19456895493989634,-3.384375,5.0052354454787675,0.9961300000791496,32,normal,337,32,0.0,1,,,0.06861858587920987,3.384375,3.2,False
normal_338,AI0_Vibration,3.5680098624499155,0.06416061172173082,2.25298281297399,0.026324786482015545,0.027801100000000002,0.03294059500361828,0.6651283702327915,20,normal,338,20,0.0,1,,,0.14087301180975015,0.027801100000000002,2.0,False
normal_338,AI1_Vibration,1.793258014992263,0.1656817488233413,2.1289865194737114,0.016215243007396463,0.012278250000000004,0.0404108531332327,0.8958605578985478,20,normal,338,20,0.0,1,,,0.14087301180975015,0.012278250000000004,2.0,False
normal_338,AI2_Current,0.6033860368783599,152.21201644674764,-0.016296809633507752,-0.6585110344492167,9.830000000000002,5.211452312323749,0.997425547802537,20,normal,338,20,0.0,1,,,0.14087301180975015,9.830000000000002,2.0,False
normal_339,AI0_Vibration,2.7189863561920653,0.14304761617700115,-2.5141159915741467,0.027733625454749486,-0.0007288333333333377,0.03991598243729758,0.8380133517781324,6,normal,339,6,0.0,0,,,0.20456881193704315,0.0007288333333333377,0.6,False
normal_339,AI1_Vibration,1.9488262136728547,0.23817370965066434,-1.3572282858830031,0.022372234982162537,-0.012346166666666672,0.021523783256339607,0.9854588812413237,6,normal,339,6,0.0,0,,,0.20456881193704315,0.012346166666666672,0.6,False
normal_339,AI2_Current,0.701693201675325,201.13627009478378,-0.6181610287553333,54.02303297735281,123.18333333333334,2.1367942172377177,0.9996571384014604,6,normal,339,6,0.0,0,,,0.20456881193704315,123.18333333333334,0.6,True
normal_340,AI0_Vibration,3.5840260991979567,0.10549496377208373,1.5640554187060962,0.00010803900505255981,4.000000000156656e-08,0.03772865879599272,0.7981541507506601,50,normal,340,50,0.0,1,,,0.1286569148695864,4.000000000156656e-08,5.0,False
normal_340,AI1_Vibration,1.7999861945007531,0.12767308897883803,-1.7522343862593177,-7.181606710426891e-07,4.000000000031756e-08,0.03674543038464457,0.8578773040298915,50,normal,340,50,0.0,1,,,0.1286569148695864,4.000000000031756e-08,5.0,False
normal_340,AI2_Current,0.5979907807870836,146.82791492316846,-2.95136980186286,0.25048709549146153,0.23599999999999993,5.5403958965421465,0.9971700709390856,50,normal,340,50,0.0,1,,,0.1286569148695864,0.23599999999999993,5.0,False
normal_341,AI0_Vibration,3.618129812818608,0.07214662587788022,-1.737795000453522,0.00023426512696148732,-2.000000000114757e-08,0.037888066075425116,0.6430388203932697,50,normal,341,50,0.0,1,,,0.07741391007396539,2.000000000114757e-08,5.0,False
normal_341,AI1_Vibration,1.818001956802658,0.04519412374682488,0.3133929984748921,-1.1593602894989855e-05,7.999999999896978e-08,0.031019610695206545,0.5119251505772588,50,normal,341,50,0.0,1,,,0.07741391007396539,7.999999999896978e-08,5.0,False
normal_341,AI2_Current,0.6018869194650793,119.8585998249005,0.6756351148816236,0.49945599383638495,0.6860000000000006,5.492714535165843,0.9958105237962845,50,normal,341,50,0.0,1,,,0.07741391007396539,0.6860000000000006,5.0,False
normal_342,AI0_Vibration,1.816185290921552,0.06955937879626858,2.3872617249054113,0.0010893154242739844,0.002131288888888888,0.06944398381463193,0.33393841353188647,45,normal,342,45,0.0,0,,,0.21817267179797442,0.002131288888888888,4.5,False
normal_342,AI1_Vibration,1.7839098702002762,0.2747870901960672,-2.647273396715288,-0.0006355339272469812,-0.000655999999999998,0.05254230223430904,0.931588226229416,45,normal,342,45,0.0,0,,,0.21817267179797442,0.000655999999999998,4.5,False
normal_342,AI2_Current,0.5996382433451585,248.88382951172804,-1.6702764240352865,0.7700365759200452,8.662222222222226,3.661631049316755,0.9995850570703833,45,normal,342,45,0.0,0,,,0.21817267179797442,8.662222222222226,4.5,False
normal_343,AI0_Vibration,3.5992100352203216,0.10033480817101251,-3.074374865491558,0.0031227921144852846,0.003814558823529416,0.03535048651236657,0.7960972136673725,34,normal,343,34,0.0,1,,,0.12703888979317457,0.003814558823529416,3.4,False
normal_343,AI1_Vibration,1.817093623862105,0.12646861257329864,-1.0406572761308126,0.002900597558026685,-0.0002725588235294121,0.04347656142923357,0.810894987266695,34,normal,343,34,0.0,1,,,0.12703888979317457,0.0002725588235294121,3.4,False
normal_343,AI2_Current,0.598438949414534,151.27671803644273,-3.0284165815182487,0.25608688905534827,0.16764705882353023,5.678756059950421,0.9971403078305178,34,normal,343,34,0.0,1,,,0.12703888979317457,0.16764705882353023,3.4,False
normal_344,AI0_Vibration,3.5176975403316737,0.04923154511808923,-0.4925023898240634,-0.007121800989411542,-0.008037476190476192,0.030906413275050032,0.5520483117605788,21,normal,344,21,0.0,1,,,0.06520860076342545,0.008037476190476192,2.1,False
normal_344,AI1_Vibration,3.5300004335006308,0.03728973010659132,0.8382568308543487,-0.011377022471042723,-0.009742904761904763,0.03546328284139143,0.3584262963710436,21,normal,344,21,0.0,1,,,0.06520860076342545,0.009742904761904763,2.1,False
normal_344,AI2_Current,0.5994883316038304,117.11403523532002,-0.828634330329782,0.3512537365765809,-4.023809523809524,5.324250381935249,0.9953168071992512,21,normal,344,21,0.0,1,,,0.06520860076342545,4.023809523809524,2.1,False
normal_345,AI0_Vibration,1.6353828519418838,0.07845671517844835,-3.0212916677715205,0.01654671489990342,0.012105142857142858,0.062148972839843726,0.43138627483481784,14,normal,345,14,0.0,0,,,0.191993870930261,0.012105142857142858,1.4,False
normal_345,AI1_Vibration,1.795949286795659,0.2330106404818246,-2.406013336722613,0.003485917285559692,-0.026881500000000003,0.05612484104023023,0.8921221432404042,14,normal,345,14,0.0,0,,,0.191993870930261,0.026881500000000003,1.4,False
normal_345,AI2_Current,0.593252979194188,238.55183766450762,3.0922750322794514,4.416421235451248,-28.007142857142856,5.637424478423182,0.9988486792755426,14,normal,345,14,0.0,0,,,0.191993870930261,28.007142857142856,1.4,False
normal_346,AI0_Vibration,,,,-0.04739933333333333,-0.04739933333333333,,,3,normal,346,3,0.0,1,,,0.05383407127770789,0.04739933333333333,0.3,False
normal_346,AI1_Vibration,,,,0.006601,0.006601,,,3,normal,346,3,0.0,1,,,0.05383407127770789,0.006601,0.3,False
normal_346,AI2_Current,,,,69.53333333333333,69.53333333333333,,,3,normal,346,3,0.0,1,,,0.05383407127770789,69.53333333333333,0.3,False
normal_347,AI0_Vibration,3.5431821047530847,0.05679066266559629,-2.5960150139160443,0.000979787952440258,-2.0000000000206485e-08,0.05281222425707338,0.36058133956861327,50,normal,347,50,0.0,1,,,0.10545381074148055,2.0000000000206485e-08,5.0,False
normal_347,AI1_Vibration,1.7772649646482201,0.10713019221581017,-0.4407512888384245,-0.0013813384469010467,3.999999999990123e-08,0.0331370897677551,0.8375286874842698,50,normal,347,50,0.0,1,,,0.10545381074148055,3.999999999990123e-08,5.0,False
normal_347,AI2_Current,0.6008375372757829,148.4221776291736,1.8448039232835558,0.672886099109121,0.8800000000000006,5.668951532899345,0.9970948503773572,50,normal,347,50,0.0,1,,,0.10545381074148055,0.8800000000000006,5.0,False
normal_348,AI0_Vibration,1.7821378953863947,0.09255619325672829,-1.9372533534822982,-0.0003435614020215888,-4.000000000045634e-08,0.06792050663824244,0.48364898544857726,50,normal,348,50,0.0,0,,,0.23007354475919214,4.000000000045634e-08,5.0,False
normal_348,AI1_Vibration,1.789225794641921,0.28589800981072977,-1.367745027247925,-0.0015606795664864503,2.0000000001130224e-08,0.05728197022563073,0.9254260684245208,50,normal,348,50,0.0,0,,,0.23007354475919214,2.0000000001130224e-08,5.0,False
normal_348,AI2_Current,0.6000879785691426,254.04407917618948,-2.2288422976665543,0.8548626349542587,0.8300000000000014,4.5751945965901,0.99935172819029,50,normal,348,50,0.0,0,,,0.23007354475919214,0.8300000000000014,5.0,False
normal_349,AI0_Vibration,3.6037147441722945,0.07166521210949406,0.6119088392807858,-0.0003864565349932861,0.0007928048780487798,0.02958578954826312,0.7410141891488013,41,normal,349,41,0.0,1,,,0.07926581198449288,0.0007928048780487798,4.1,False
normal_349,AI1_Vibration,1.8266311197379113,0.05657706708136469,1.1839306457667713,9.91059543345163e-05,0.002229487804878047,0.03606313669850487,0.5511746791486609,41,normal,349,41,0.0,1,,,0.07926581198449288,0.002229487804878047,4.1,False
normal_349,AI2_Current,0.5988886846385182,132.7709491513226,2.6486443532453463,0.833972013479034,-10.848780487804877,6.48488343469037,0.9951707393569902,41,normal,349,41,0.0,1,,,0.07926581198449288,10.848780487804877,4.1,False
normal_350,AI0_Vibration,3.604615685962689,0.05947516588674185,1.3926831108083604,-0.02345608568246282,-0.023101928571428572,0.02997337992384854,0.6605385034744472,28,normal,350,28,0.0,1,,,0.06986200505946398,0.023101928571428572,2.8,False
normal_350,AI1_Vibration,2.8972821422743826,0.02728242088336603,1.347841960316914,-0.01596331881848113,-0.01566,0.032909605892996754,0.25574859443438325,28,normal,350,28,0.0,1,,,0.06986200505946398,0.01566,2.8,False
normal_350,AI2_Current,0.6044354190676563,115.0465466265467,-1.7232166739686454,0.9325268999915011,5.575,5.414466623856824,0.9958950788100139,28,normal,350,28,0.0,1,,,0.06986200505946398,5.575,2.8,False
normal_351,AI0_Vibration,1.818001956802658,0.08841231193024587,2.9956518589348,0.0434662304136809,0.04251772222222222,0.05401316357367878,0.5578037244626733,18,normal,351,18,0.0,0,,,0.23105527946311413,0.04251772222222222,1.8,False
normal_351,AI1_Vibration,1.7821378953863947,0.28920493400717756,-2.38302678713516,0.00999432870615824,-0.0038347222222222207,0.054852202099370514,0.9330887766188752,18,normal,351,18,0.0,0,,,0.23105527946311413,0.0038347222222222207,1.8,False
normal_351,AI2_Current,0.6012872724997671,261.62541132810776,-0.4798640987160234,-0.056777464017926604,-7.949999999999998,4.953296669866707,0.9992438628695807,18,normal,351,18,0.0,0,,,0.23105527946311413,7.949999999999998,1.8,False
normal_352,AI0_Vibration,3.306980552474884,0.101747413019145,2.8907180192202175,0.022200270871998648,0.007740200000000003,0.021366979438284407,0.9164886738210678,5,normal,352,5,0.0,1,,,0.08571916888071186,0.007740200000000003,0.5,False
normal_352,AI1_Vibration,2.1578093488255408,0.060463960873053016,0.7078329365385413,0.010353878050276478,0.011651400000000003,0.0031913303950740464,0.9939564977740893,5,normal,352,5,0.0,1,,,0.08571916888071186,0.011651400000000003,0.5,False
normal_352,AI2_Current,0.01,263092.2558186808,-1.5726245728357062,262971.8019820893,-94.89999999999999,0.6188497998547935,0.9994575516070827,5,normal,352,5,0.0,1,,,0.08571916888071186,94.89999999999999,0.5,True
normal_353,AI0_Vibration,3.610021336705057,0.08174488077538108,-2.310900545287066,-4.107163492954313e-05,8.000000000105145e-08,0.05255934152379331,0.5454752649055122,50,normal,353,50,0.0,1,,,0.09183258058641279,8.000000000105145e-08,5.0,False
normal_353,AI1_Vibration,1.8357267184113029,0.04043055189165245,2.7457366022310743,-0.000315585976513523,4.85722573273506e-19,0.03936020337600305,0.3422888358138776,50,normal,353,50,0.0,1,,,0.09183258058641279,4.85722573273506e-19,5.0,False
normal_353,AI2_Current,0.6021867429477354,119.16737376612778,-2.469773723399256,0.6171242569001549,0.4019999999999999,5.717285843018156,0.9954088062494245,50,normal,353,50,0.0,1,,,0.09183258058641279,0.4019999999999999,5.0,False
normal_354,AI0_Vibration,1.8076114646103754,0.09105044264189373,2.0884407246017136,-0.00040288911283526546,-2.0000000001130224e-08,0.056295541444137884,0.5679692688088736,50,normal,354,50,0.0,0,,,0.23357424655492315,2.0000000001130224e-08,5.0,False
normal_354,AI1_Vibration,1.782580889089865,0.2959846394837243,-2.9810258264237124,0.0018772107587345516,-1.1102230246251566e-18,0.05752056715192887,0.929933929427423,50,normal,354,50,0.0,0,,,0.23357424655492315,1.1102230246251566e-18,5.0,False
normal_354,AI2_Current,0.5994883316038304,250.7275193102923,-1.5844290991279097,0.5994633216656666,0.8099999999999983,4.52209427525679,0.9993493163963804,50,normal,354,50,0.0,0,,,0.23357424655492315,0.8099999999999983,5.0,False
normal_355,AI0_Vibration,3.5849158901284035,0.0948327046697248,-2.4705963802414255,0.0009944299918592664,-0.0010251739130434777,0.05248337454257761,0.6201335527796136,46,normal,355,46,0.0,1,,,0.13192178474581726,0.0010251739130434777,4.6,False
normal_355,AI1_Vibration,1.790118197888301,0.1366992683770452,2.601183262988265,-0.0010556283291481838,0.00028447826086956554,0.031243033527949545,0.9038391279482709,46,normal,355,46,0.0,1,,,0.13192178474581726,0.00028447826086956554,4.6,False
normal_355,AI2_Current,0.5976946681875276,152.44634958674547,2.4728179737053044,0.10697146907087074,-12.436956521739129,6.2772653362825865,0.9963584282338672,46,normal,355,46,0.0,1,,,0.13192178474581726,12.436956521739129,4.6,False
normal_356,AI0_Vibration,1.797743467997923,0.03064434257016429,0.708502432283897,-0.0013454318038691772,-0.000603625,0.030756974052447993,0.3337383891323581,32,normal,356,32,0.0,1,,,0.05898830917621516,0.000603625,3.2,False
normal_356,AI1_Vibration,1.7526428818176718,0.048588914218644155,2.4913047504013415,-0.004479660072680091,-0.00626390625,0.028966013602497682,0.5846735696834957,32,normal,356,32,0.0,1,,,0.05898830917621516,0.00626390625,3.2,False
normal_356,AI2_Current,0.6008375372757829,114.88060663531252,-1.007521765284281,0.43480911492990515,4.996875000000001,5.80860693881035,0.9946945557591472,32,normal,356,32,0.0,1,,,0.05898830917621516,4.996875000000001,3.2,False
normal_357,AI0_Vibration,1.5191405703609604,0.12359432143709122,-3.1332768791009427,-0.021001546865245337,-0.020450100000000006,0.05678000569441867,0.7008191478190504,20,normal,357,20,0.0,0,,,0.22541159154832743,0.020450100000000006,2.0,False
normal_357,AI1_Vibration,1.7750499961308681,0.26910772632701707,2.1536031008431453,-0.011492324119872943,-0.01605115,0.05086062370921847,0.9342759606399422,20,normal,357,20,0.0,0,,,0.22541159154832743,0.01605115,2.0,False
normal_357,AI2_Current,0.5991885081211743,231.65360504517284,-0.7337134323902847,0.4372265870133418,-10.194999999999997,4.735654278057396,0.9990609280677443,20,normal,357,20,0.0,0,,,0.22541159154832743,10.194999999999997,2.0,False
normal_358,AI0_Vibration,3.634346765045711,0.15813137465782207,-2.4275711300504317,-0.007383646686186435,-0.030964857142857145,0.0622099371799899,0.746670064699632,7,normal,358,7,0.0,0,,,0.18910073598330754,0.030964857142857145,0.7,False
normal_358,AI1_Vibration,1.8080600099109412,0.18267679015551833,-0.8362365945987592,-0.003507570416990055,-0.02289628571428571,0.06150821954474564,0.8008726564590372,7,normal,358,7,0.0,0,,,0.18910073598330754,0.02289628571428571,0.7,False
normal_358,AI2_Current,0.8033203423242984,124.0789942870247,0.7182773914696876,68.3362592713981,123.27142857142859,4.563527040617649,0.9953599044652744,7,normal,358,7,0.0,0,,,0.18910073598330754,123.27142857142859,0.7,False
normal_359,AI0_Vibration,1.4663327811966431,0.08670040117260859,-0.6008088712263555,6.57686376338007e-05,3.999999999920734e-08,0.08239882810919145,0.35126610348524057,50,normal,359,50,0.0,0,,,0.20276610487090785,3.999999999920734e-08,5.0,False
normal_359,AI1_Vibration,1.795949286795659,0.234767219587614,-1.0801516059594711,-0.0005530610862352625,2.220446049250313e-18,0.056260165194268644,0.8967246317604253,50,normal,359,50,0.0,0,,,0.20276610487090785,2.220446049250313e-18,5.0,False
normal_359,AI2_Current,0.6008375372757829,203.04422793196184,1.471186670865008,0.31800148592401456,0.5919999999999999,4.454899192103286,0.9990393159736614,50,normal,359,50,0.0,0,,,0.20276610487090785,0.5919999999999999,5.0,False
normal_360,AI0_Vibration,3.596507209849138,0.06674075092284804,-2.708022837342491,5.5280044260058725e-05,4.000000000087267e-08,0.040693218404829125,0.5735999102127745,50,normal,360,50,0.0,1,,,0.07642056825017725,4.000000000087267e-08,5.0,False
normal_360,AI1_Vibration,1.8225436215054227,0.0281737300037572,2.1066483915867464,-0.00034262301310562446,6.938893903907229e-19,0.0394365969176877,0.20511737735825142,50,normal,360,50,0.0,1,,,0.07642056825017725,6.938893903907229e-19,5.0,False
normal_360,AI2_Current,0.6018869194650793,115.63280864745224,1.481862878847044,0.4605643495396663,0.8139999999999995,5.602253292186506,0.995340390438692,50,normal,360,50,0.0,1,,,0.07642056825017725,0.8139999999999995,5.0,False
normal_361,AI0_Vibration,1.793258014992263,0.10963517398585693,-3.1415409333654813,0.000269311200821521,6.000000000006e-08,0.0580030755571269,0.6413519428597911,50,normal,361,50,0.0,0,,,0.21909802209038767,6.000000000006e-08,5.0,False
normal_361,AI1_Vibration,1.78833980723498,0.26516944253059543,-2.5235111880094103,0.0002294952821515206,2.0000000000575113e-08,0.05652919577661687,0.9172636295743918,50,normal,361,50,0.0,0,,,0.21909802209038767,2.0000000000575113e-08,5.0,False
normal_361,AI2_Current,0.5999380668278146,250.7829024330427,0.7378446063294581,0.563576645320083,0.5499999999999988,4.075335869788243,0.9994721497835748,50,normal,361,50,0.0,0,,,0.21909802209038767,0.5499999999999988,5.0,False
normal_362,AI0_Vibration,3.618129812818608,0.06622291166483615,0.7557539446704052,-0.0009535641822535391,-1.7617647058823393e-05,0.06415962893479536,0.3439275990692653,34,normal,362,34,0.0,0,,,0.1697426559877178,1.7617647058823393e-05,3.4,False
normal_362,AI1_Vibration,1.789225794641921,0.20233878016096968,1.009441476482713,0.001545008018287622,0.003427911764705881,0.0459361912882319,0.9063262853643985,34,normal,362,34,0.0,0,,,0.1697426559877178,0.003427911764705881,3.4,False
normal_362,AI2_Current,0.5994883316038304,204.00313455036385,-0.05959160891421525,1.0512671324924359,0.5617647058823522,6.2967910267553275,0.9980625432462931,34,normal,362,34,0.0,0,,,0.1697426559877178,0.5617647058823522,3.4,False
normal_363,AI0_Vibration,3.6890622307369254,0.028505425741497295,2.1398954120256657,0.0032714332156546823,0.0030757142857142854,0.02681542040587506,0.37465180800909825,21,normal,363,21,0.0,1,,,0.06505329949027511,0.0030757142857142854,2.1,False
normal_363,AI1_Vibration,3.638851473997684,0.060207716147985944,0.9112656587862759,0.007456450208934186,0.010236380952380952,0.03526996510760083,0.5808473594393739,21,normal,363,21,0.0,1,,,0.06505329949027511,0.010236380952380952,2.1,False
normal_363,AI2_Current,0.598289037673206,114.18907186060862,0.9124151237293768,0.6634707196480178,21.633333333333333,5.454555930888374,0.9957201771457633,21,normal,363,21,0.0,1,,,0.06505329949027511,21.633333333333333,2.1,False
normal_364,AI0_Vibration,3.3534400706531877,0.13096136016215096,-3.1062569075765802,-0.016782429770337306,-0.016002444444444444,0.07362054886822392,0.6139104720343596,9,normal,364,9,0.0,0,,,0.21972055577457672,0.016002444444444444,0.9,False
normal_364,AI1_Vibration,1.815276957980999,0.2542684102388287,-0.6122799754609729,-0.007898584552949756,0.026654777777777777,0.04770328335788323,0.9316069021303931,9,normal,364,9,0.0,0,,,0.21972055577457672,0.026654777777777777,0.9,False
normal_364,AI2_Current,0.6427919546200564,218.91540835481095,0.6709892546793906,22.130192299096677,110.87777777777778,3.681166268610773,0.9991343250283188,9,normal,364,9,0.0,0,,,0.21972055577457672,110.87777777777778,0.9,False
normal_365,AI0_Vibration,0.01,8.733337710240873,-1.743083549252647,8.696017739473692,-3.4694469519536144e-19,0.0413187845962195,0.41992778395536245,50,normal,365,50,0.0,1,,,0.08399425655269532,3.4694469519536144e-19,5.0,True
normal_365,AI1_Vibration,3.598309093429927,0.058657074558834454,-1.17641615678737,-2.4862114000760716e-05,4.000000000031756e-08,0.04890463429726356,0.41835299325651465,50,normal,365,50,0.0,1,,,0.08399425655269532,4.000000000031756e-08,5.0,False
normal_365,AI2_Current,0.598438949414534,114.37598636506992,0.22258294679680773,0.6010179072095916,0.5980000000000001,5.323772531028776,0.9956970260962708,50,normal,365,50,0.0,1,,,0.08399425655269532,0.5980000000000001,5.0,False
normal_366,AI0_Vibration,1.4547180968529478,0.08578836045505403,2.0945236860596474,-0.0017697456002388617,4.0000000001289006e-08,0.07665408704067547,0.38324199198422737,50,normal,366,50,0.0,0,,,0.19916747920742484,4.0000000001289006e-08,5.0,False
normal_366,AI1_Vibration,1.8148227915107225,0.23370128321374545,0.6706340239998396,-0.0006537113806257822,4.0000000001150225e-08,0.05518205769154895,0.8989718123628008,50,normal,366,50,0.0,0,,,0.19916747920742484,4.0000000001150225e-08,5.0,False
normal_366,AI2_Current,0.6006876255344549,206.92150261377537,-1.6605011614077496,0.7097948856633707,0.48,5.024182683034487,0.9988234735089211,50,normal,366,50,0.0,0,,,0.19916747920742484,0.48,5.0,False
normal_367,AI0_Vibration,1.7763789772412795,0.08260828262728605,-2.943475137859578,0.005063155575668041,0.0009918378378378366,0.0687814711702319,0.41469115004231993,37,normal,367,37,0.0,0,,,0.17846785480054414,0.0009918378378378366,3.7,False
normal_367,AI1_Vibration,1.793706560292829,0.20816293818705367,-2.120313335911987,-0.00047702938064050904,-0.006524513513513515,0.044674702107547974,0.9158747586167765,37,normal,367,37,0.0,0,,,0.17846785480054414,0.006524513513513515,3.7,False
normal_367,AI2_Current,0.5994883316038304,223.59053040756257,-2.026159289683627,0.6595389854754217,-19.74864864864865,7.020918708165553,0.9981344469734671,37,normal,367,37,0.0,0,,,0.17846785480054414,19.74864864864865,3.7,False
normal_368,AI0_Vibration,3.613625103866635,0.04629943027065492,0.8880157671709635,0.03578427494670966,0.03689333333333334,0.04670627702572712,0.3245011333896505,27,normal,368,27,0.0,1,,,0.10646011463245546,0.03689333333333334,2.7,False
normal_368,AI1_Vibration,3.5840260991979567,0.08068671388920742,-0.5379813453186023,0.010850161499729186,0.01210511111111111,0.05709088084809812,0.5059072860248286,27,normal,368,27,0.0,1,,,0.10646011463245546,0.01210511111111111,2.7,False
normal_368,AI2_Current,0.5988886846385182,115.25495461888723,3.054007955938048,0.5084275311825337,-20.7,5.531483115757259,0.9947074805644064,27,normal,368,27,0.0,1,,,0.10646011463245546,20.7,2.7,False
normal_369,AI0_Vibration,1.8384858669182178,0.06198837740130306,-0.7351377881503128,0.04610476281675589,0.050678533333333324,0.029938839337783178,0.6706898546926456,15,normal,369,15,0.0,0,,,0.2059576490538771,0.050678533333333324,1.5,False
normal_369,AI1_Vibration,1.7561429683608465,0.25681845489748206,1.1578488717963107,0.007259519798703151,0.022659799999999997,0.054928524877451056,0.9175979921630601,15,normal,369,15,0.0,0,,,0.2059576490538771,0.022659799999999997,1.5,False
normal_369,AI2_Current,0.5948815984917458,215.11373949528644,-1.9509372156492057,-0.7222548259662176,15.093333333333335,4.439986305905643,0.999162368533242,15,normal,369,15,0.0,0,,,0.2059576490538771,15.093333333333335,1.5,False
normal_370,AI0_Vibration,,,,0.103244,0.103244,,,1,normal,370,1,0.0,0,,,0.1725828223230806,0.103244,0.1,False
normal_370,AI1_Vibration,,,,-0.138295,-0.138295,,,1,normal,370,1,0.0,0,,,0.1725828223230806,0.138295,0.1,False
normal_370,AI2_Current,,,,-139.5,-139.5,,,1,normal,370,1,0.0,0,,,0.1725828223230806,139.5,0.1,False
normal_371,AI0_Vibration,3.6109222784954516,0.042678329586261776,0.03107935578400324,0.00012906580898604247,1.457167719820518e-18,0.04222244743618523,0.3386859229400241,50,normal,371,50,0.0,1,,,0.07252862227134885,1.457167719820518e-18,5.0,False
normal_371,AI1_Vibration,2.5542015572989842,0.037777036230828315,2.2145835954391058,0.00044217573019115705,-1.9999999999360808e-08,0.04299639763988865,0.2791660123600582,50,normal,371,50,0.0,1,,,0.07252862227134885,1.9999999999360808e-08,5.0,False
normal_371,AI2_Current,0.5994883316038304,115.36077116925833,0.4214196957732992,0.7401021271298802,0.7180000000000004,5.682869710928623,0.9951737877176958,50,normal,371,50,0.0,1,,,0.07252862227134885,0.7180000000000004,5.0,False
normal_372,AI0_Vibration,1.775935983537809,0.06984544848525888,-0.11619132325629411,-0.0008456946179596202,-8.847089727481716e-19,0.05531062413108981,0.44161756410353514,50,normal,372,50,0.0,0,,,0.18974024303104495,8.847089727481716e-19,5.0,False
normal_372,AI1_Vibration,1.7852388513106874,0.23681972975314006,0.6322225893765889,-0.0003270005498756945,-1.6653345369377347e-18,0.04708107911033494,0.9273773906384988,50,normal,372,50,0.0,0,,,0.18974024303104495,1.6653345369377347e-18,5.0,False
normal_372,AI2_Current,0.600987449017111,221.94833810080127,-2.5981199255405394,1.2307128713813853,1.0979999999999992,6.13301833933446,0.9984733086274787,50,normal,372,50,0.0,0,,,0.18974024303104495,1.0979999999999992,5.0,False
normal_373,AI0_Vibration,3.6082194531242675,0.06317951285134549,1.7148239483150403,-0.0025788933185476592,-0.0012693953488372085,0.064248435512817,0.3255332604480434,43,normal,373,43,0.0,0,,,0.17517051826998956,0.0012693953488372085,4.3,False
normal_373,AI1_Vibration,1.7941551055933949,0.21042195384117496,-1.458579658894353,0.0012385013167415804,0.0028240000000000036,0.04378671288564439,0.9219189164620424,43,normal,373,43,0.0,0,,,0.17517051826998956,0.0028240000000000036,4.3,False
normal_373,AI2_Current,0.5993384198625024,203.0115292861321,1.5196529126859377,0.4864092069855417,0.4139534883720946,6.233257223251014,0.9981718564399887,43,normal,373,43,0.0,0,,,0.17517051826998956,0.4139534883720946,4.3,False
normal_374,AI0_Vibration,0.21075155483724836,0.05699182765496869,-2.6619738549627794,0.01945509921958828,0.0017043666666666664,0.044522786741682994,0.40248505658621714,30,normal,374,30,0.0,1,,,0.09388642643162003,0.0017043666666666664,3.0,False
normal_374,AI1_Vibration,3.572458817102149,0.06986862821186483,1.5392588952751562,-0.001526905294709384,-0.0006172000000000001,0.0547164232680873,0.45504629312307565,30,normal,374,30,0.0,1,,,0.09388642643162003,0.0006172000000000001,3.0,False
normal_374,AI2_Current,0.6015870959824232,114.63337727248039,2.4185415445170935,0.8554587048017908,-10.840000000000002,5.563964701342933,0.9947602262553349,30,normal,374,30,0.0,1,,,0.09388642643162003,10.840000000000002,3.0,False
normal_375,AI0_Vibration,1.706112836347135,0.0726816917541069,2.261157038873992,-0.00029811711646240274,-0.0029362380952380925,0.04102674240620773,0.6144468263459455,21,normal,375,21,0.0,0,,,0.20526266342687666,0.0029362380952380925,2.1,False
normal_375,AI1_Vibration,1.7852388513106874,0.27011502969477885,2.2808941314141737,0.007818918127268093,-0.005946666666666665,0.0445766377618487,0.9473246978196945,21,normal,375,21,0.0,0,,,0.20526266342687666,0.005946666666666665,2.1,False
normal_375,AI2_Current,0.5993384198625024,248.29476939751805,2.378842643312694,0.48873229887490766,6.823809523809524,4.213808506942796,0.9993416110153661,21,normal,375,21,0.0,0,,,0.20526266342687666,6.823809523809524,2.1,False
normal_376,AI0_Vibration,1.705686088557034,0.08858994686634782,3.0651952562945706,-0.0035998495636639697,-0.0025096666666666622,0.012925145930697001,0.958630777595687,6,normal,376,6,0.0,0,,,0.15850575797637975,0.0025096666666666622,0.6,False
normal_376,AI1_Vibration,1.5477979145075678,0.19761646865893784,-2.6790460250634713,0.001645477739429524,-0.0021950000000000073,0.007883288931619084,0.9970511453129732,6,normal,376,6,0.0,0,,,0.15850575797637975,0.0021950000000000073,0.6,False
normal_376,AI2_Current,1.4192851914824522,66.49325786813056,-0.5366428209154304,170.91581966290232,182.38333333333333,2.8450007182681407,0.9952893618806068,6,normal,376,6,0.0,0,,,0.15850575797637975,182.38333333333333,0.6,False
normal_377,AI0_Vibration,0.12745677196466798,0.03996565937026386,1.5518586342667644,0.006598334893464536,-1.9999999999326113e-08,0.036734118427464636,0.3910663910342823,50,normal,377,50,0.0,1,,,0.07249999831144825,1.9999999999326113e-08,5.0,False
normal_377,AI1_Vibration,3.5884750538501904,0.05666439325475555,1.0844225183367429,-5.0189841892436804e-05,-2.000000000002e-08,0.03770414435946221,0.5324063727230438,50,normal,377,50,0.0,1,,,0.07249999831144825,2.000000000002e-08,5.0,False
normal_377,AI2_Current,0.6018869194650793,114.41571112070314,-1.1363518128998948,0.5152314960215136,0.16799999999999982,5.431179964991617,0.9955257424695967,50,normal,377,50,0.0,1,,,0.07249999831144825,0.16799999999999982,5.0,False
normal_378,AI0_Vibration,3.5635609077976818,0.05815587607029813,1.3452820418551288,-0.00023789312472128482,-6.000000000117022e-08,0.056375548318096005,0.35130509719408176,50,normal,378,50,0.0,1,,,0.11600602273149443,6.000000000117022e-08,5.0,False
normal_378,AI1_Vibration,1.7772649646482201,0.12373242346154263,-1.3888819938150505,-0.0012129231125156958,2.3245294578089216e-18,0.030268529128556605,0.8929443866579727,50,normal,378,50,0.0,1,,,0.11600602273149443,2.3245294578089216e-18,5.0,False
normal_378,AI2_Current,0.6018869194650793,149.93247611336804,-2.881876201653621,1.0993254804975336,1.0520000000000003,6.033663032668911,0.9967613807868403,50,normal,378,50,0.0,1,,,0.11600602273149443,1.0520000000000003,5.0,False
normal_379,AI0_Vibration,1.790118197888301,0.10000284276668016,1.1266803415966455,-0.0023449580057794683,-0.0010089302325581404,0.07497534830313096,0.47499685010618875,43,normal,379,43,0.0,0,,,0.2254596355297535,0.0010089302325581404,4.3,False
normal_379,AI1_Vibration,1.792360924391131,0.26727413257128096,1.9155376946055458,0.0004513284701490039,-0.003431209302325585,0.06191949155856283,0.9044172294686031,43,normal,379,43,0.0,0,,,0.2254596355297535,0.003431209302325585,4.3,False
normal_379,AI2_Current,0.6006876255344549,259.62806692504626,-1.1560900396377731,1.3105645729113746,15.853488372093024,6.3987231651630285,0.9988003153346747,43,normal,379,43,0.0,0,,,0.2254596355297535,15.853488372093024,4.3,False
normal_380,AI0_Vibration,3.576017980823936,0.13265172902072492,-2.8362976756657727,0.0010642817952664918,-0.0005143103448275843,0.04272945035901611,0.824504328064799,29,normal,380,29,0.0,0,,,0.15163444350726724,0.0005143103448275843,2.9,False
normal_380,AI1_Vibration,1.8189102897432108,0.1446661020775508,-1.0871663741771962,5.3909836074256257e-05,-0.004951586206896554,0.046019336530814296,0.8314475535591558,29,normal,380,29,0.0,0,,,0.15163444350726724,0.004951586206896554,2.9,False
normal_380,AI2_Current,0.5963621614895257,150.2584983554347,-2.298718428571135,-0.07598038774979443,-4.113793103448274,6.118460531862595,0.9969529705663347,29,normal,380,29,0.0,0,,,0.15163444350726724,4.113793103448274,2.9,False
normal_381,AI0_Vibration,1.4238875799233008,0.06940188304081746,1.8849997357282373,-0.03265122760040823,-0.03724230769230769,0.04994146280955537,0.48173165015234143,13,normal,381,13,0.0,1,,,0.09932417759809774,0.03724230769230769,1.3,False
normal_381,AI1_Vibration,2.8642671896005223,0.05951733853044311,1.9711196269273372,-0.01801503764720743,-0.018913692307692305,0.0375631004910298,0.573476191979607,13,normal,381,13,0.0,1,,,0.09932417759809774,0.018913692307692305,1.3,False
normal_381,AI2_Current,0.6057867958983741,111.68253408280698,1.7103234751168022,-1.6788781713662217,-22.846153846153847,4.574319221173508,0.9962909088156388,13,normal,381,13,0.0,1,,,0.09932417759809774,22.846153846153847,1.3,False
normal_382,AI0_Vibration,,,,-0.060781,-0.060781,,,1,normal,382,1,0.0,0,,,0.19903470473764118,0.060781,0.1,False
normal_382,AI1_Vibration,,,,-0.189527,-0.189527,,,1,normal,382,1,0.0,0,,,0.19903470473764118,0.189527,0.1,False
normal_382,AI2_Current,,,,196.7,196.7,,,1,normal,382,1,0.0,0,,,0.19903470473764118,196.7,0.1,False
normal_383,AI0_Vibration,1.800883285101885,0.0827598352720104,-2.5213539725187055,2.985748115122422e-06,6.000000000019878e-08,0.05695803170143818,0.5133721940663216,50,normal,383,50,0.0,0,,,0.21013360662202513,6.000000000019878e-08,5.0,False
normal_383,AI1_Vibration,1.7878968135315099,0.26436224130225877,-1.6059776180504157,-0.0013243852175691961,-1.942890293094024e-18,0.050463308701722207,0.9320729189737424,50,normal,383,50,0.0,0,,,0.21013360662202513,1.942890293094024e-18,5.0,False
normal_383,AI2_Current,0.6003878020517988,250.05815374848368,-0.10705259448582358,0.33639532187949683,0.29000000000000115,4.551710678307875,0.9993374023041806,50,normal,383,50,0.0,0,,,0.21013360662202513,0.29000000000000115,5.0,False
normal_384,AI0_Vibration,3.598309093429927,0.09463355992572943,-0.8741018955736798,-4.9802158655902484e-05,-1.9999999999881224e-08,0.029704896066800518,0.8352661055543373,50,normal,384,50,0.0,1,,,0.10446530108308691,1.9999999999881224e-08,5.0,False
normal_384,AI1_Vibration,1.800883285101885,0.0885606792250259,-2.9248671715646384,-1.5118538157951958e-05,-4.000000000031756e-08,0.040459673430941936,0.7053979375112189,50,normal,384,50,0.0,1,,,0.10446530108308691,4.000000000031756e-08,5.0,False
normal_384,AI2_Current,0.5975466118877496,136.96888116311672,-0.5523512239453479,0.8908256743034357,1.2879999999999998,6.596626942222937,0.9953825457069505,50,normal,384,50,0.0,1,,,0.10446530108308691,1.2879999999999998,5.0,False
normal_385,AI0_Vibration,3.5911444266415304,0.04748910194380123,2.3727647954091333,-0.010387530361199361,-0.009570349999999998,0.04401080482288405,0.367432149855228,40,normal,385,40,0.0,1,,,0.07332196609151312,0.009570349999999998,4.0,False
normal_385,AI1_Vibration,2.594578463646209,0.03470688162531879,2.3395553423670568,-0.005200667521745257,-0.004740925000000002,0.040059450924643164,0.27056321345409406,40,normal,385,40,0.0,1,,,0.07332196609151312,0.004740925000000002,4.0,False
normal_385,AI2_Current,0.600987449017111,116.42545336244598,-2.3592869630036493,0.17409503162630813,-14.007500000000002,5.432396466590753,0.9956750972695383,40,normal,385,40,0.0,1,,,0.07332196609151312,14.007500000000002,4.0,False
normal_386,AI0_Vibration,1.7583305224503305,0.10995337393193057,1.3124724367302845,0.0028322949045289925,0.001946464285714286,0.07566430499243679,0.5158902475463565,28,normal,386,28,0.0,0,,,0.242243120387792,0.001946464285714286,2.8,False
normal_386,AI1_Vibration,1.7878968135315099,0.2901803424261464,1.7683235247309386,0.005952856294445141,0.006304392857142855,0.06826866847411571,0.9004402139331702,28,normal,386,28,0.0,0,,,0.242243120387792,0.006304392857142855,2.8,False
normal_386,AI2_Current,0.5999380668278146,247.52618293637093,-1.587942236517573,0.7582169414836812,14.77142857142857,4.408843583435471,0.9994015610149075,28,normal,386,28,0.0,0,,,0.242243120387792,14.77142857142857,2.8,False
normal_387,AI0_Vibration,3.629842056093738,0.13552177155679326,0.24746614394573774,-0.0032142080090422284,-0.004778705882352946,0.02953023284162647,0.9089675687051353,17,normal,387,17,0.0,1,,,0.13716193189031115,0.004778705882352946,1.7,False
normal_387,AI1_Vibration,1.792809469691697,0.12002758325462093,0.812298468782916,-0.00026508605962272114,0.000503411764705885,0.0458808246384355,0.771461517624506,17,normal,387,17,0.0,1,,,0.13716193189031115,0.000503411764705885,1.7,False
normal_387,AI2_Current,0.5996382433451585,142.78686940867226,0.28734290631721165,0.8243032396559471,1.2588235294117638,6.257598999581836,0.9961017961340494,17,normal,387,17,0.0,1,,,0.13716193189031115,1.2588235294117638,1.7,False
normal_388,AI0_Vibration,4.721912305223945,0.0931208865205121,-0.17313526134282364,0.05250258975394131,0.059758000000000006,4.84901670295172e-07,0.9999999998614986,4,normal,388,4,0.0,1,,,0.0889862116987795,0.059758000000000006,0.4,False
normal_388,AI1_Vibration,4.537472173207567,0.11889724064651774,-2.594945115887471,0.05343301053417328,0.03704,1.0059375466643249e-07,0.9999999999920814,4,normal,388,4,0.0,1,,,0.0889862116987795,0.03704,0.4,False
normal_388,AI2_Current,0.01,287502.8570420568,1.5647428822595095,-287391.90442031284,102.225,0.927995091034039,0.9891576385325084,4,normal,388,4,0.0,1,,,0.0889862116987795,102.225,0.4,True
normal_389,AI0_Vibration,1.784795857607217,0.08542366188903897,-1.4739193900995124,-0.0005799381864499964,3.9999999998791e-08,0.05886068727287377,0.5124916745283458,50,normal,389,50,0.0,0,,,0.21945961678500217,3.9999999998791e-08,5.0,False
normal_389,AI1_Vibration,1.7874538198280394,0.28000569960695226,-0.6150255435313836,-0.002019288475417408,2.0000000001685338e-08,0.0465475039971415,0.947226227610994,50,normal,389,50,0.0,0,,,0.21945961678500217,2.0000000001685338e-08,5.0,False
normal_389,AI2_Current,0.6002378903104707,237.1841807248758,-2.9950617706696665,0.8583789256056846,0.861999999999999,4.5674999279398545,0.9992585714159881,50,normal,389,50,0.0,0,,,0.21945961678500217,0.861999999999999,5.0,False
normal_390,AI0_Vibration,3.5911444266415304,0.06026487472951293,1.2224984156804208,-8.221850330468461e-06,6.000000000047634e-08,0.05699658598393976,0.36017873821331947,50,normal,390,50,0.0,0,,,0.16265454213190603,6.000000000047634e-08,5.0,False
normal_390,AI1_Vibration,1.797743467997923,0.1958693560571502,-2.059584344968995,-0.00012018442283603936,8.44593492366208e-19,0.04668609973984898,0.8980504751332554,50,normal,390,50,0.0,0,,,0.16265454213190603,8.44593492366208e-19,5.0,False
normal_390,AI2_Current,0.5997881550864865,197.45683419904938,-3.065342587568885,0.318085468277685,0.30999999999999944,6.630779625145145,0.997750510752994,50,normal,390,50,0.0,0,,,0.16265454213190603,0.30999999999999944,5.0,False
normal_391,AI0_Vibration,1.7578930116324338,0.019486669594114804,-2.054509590468355,0.0034136467739905845,0.0034476923076923074,0.020834877688919187,0.3089783384996426,39,normal,391,39,0.0,1,,,0.06037866801322535,0.0034476923076923074,3.9,False
normal_391,AI1_Vibration,3.5777975626848297,0.0552380789042151,-2.927016148692076,0.002727161250732987,0.0025278205128205123,0.03848365902536107,0.5061908499307546,39,normal,391,39,0.0,1,,,0.06037866801322535,0.0025278205128205123,3.9,False
normal_391,AI2_Current,0.6017370077237513,116.3413849085397,2.4027897570463628,0.43031016069583927,-1.8333333333333337,5.744034258629729,0.9948684845326006,39,normal,391,39,0.0,1,,,0.06037866801322535,1.8333333333333337,3.9,False
normal_392,AI0_Vibration,1.3672357287324426,0.04373073368593941,2.735616281034842,-0.012093562565376657,-0.013962000000000004,0.05093658523774818,0.2656054653594626,25,normal,392,25,0.0,0,,,0.15645279454749283,0.013962000000000004,2.5,False
normal_392,AI1_Vibration,1.8035745569052812,0.19099187068210025,2.5357353672224345,-0.003883703495480187,-0.00976796,0.049195285898062976,0.8828242206275545,25,normal,392,25,0.0,0,,,0.15645279454749283,0.00976796,2.5,False
normal_392,AI2_Current,0.6003878020517988,201.13239681215538,1.2568561590048282,0.9992822689904131,21.552,4.192074502318115,0.9991137713596745,25,normal,392,25,0.0,0,,,0.15645279454749283,21.552,2.5,False
normal_393,AI0_Vibration,3.724161481329384,0.0733996068430361,2.8771787793828394,0.0029175435300279285,0.005365714285714284,0.029407637864839287,0.7557515656855507,14,normal,393,14,0.0,0,,,0.13951478954704816,0.005365714285714284,1.4,False
normal_393,AI1_Vibration,1.8111998270149035,0.16576410289305615,2.187748453791646,0.0062983117325961235,0.002818357142857144,0.043955365955728104,0.8783860665055879,14,normal,393,14,0.0,0,,,0.13951478954704816,0.002818357142857144,1.4,False
normal_393,AI2_Current,0.6181429888929242,175.13419051594732,1.8643275354796363,-6.378264748609752,-31.600000000000005,5.370322883415062,0.9977817393026993,14,normal,393,14,0.0,0,,,0.13951478954704816,31.600000000000005,1.4,False
normal_394,AI0_Vibration,,,,0.097474,0.097474,,,1,normal,394,1,0.0,1,,,0.09783467240707663,0.097474,0.1,False
normal_394,AI1_Vibration,,,,0.008393,0.008393,,,1,normal,394,1,0.0,1,,,0.09783467240707663,0.008393,0.1,False
normal_394,AI2_Current,,,,-88.2,-88.2,,,1,normal,394,1,0.0,1,,,0.09783467240707663,88.2,0.1,False
normal_395,AI0_Vibration,3.578687353615276,0.07117356684331189,-2.2547233731491896,0.0002807318786454613,-4.000000000021347e-08,0.06218216227952537,0.39735403201605135,50,normal,395,50,0.0,0,,,0.15620037922361138,4.000000000021347e-08,5.0,False
normal_395,AI1_Vibration,1.789669652587735,0.17796997184552577,2.368038213982459,0.0010758673768293536,5.551115123125783e-19,0.047515977261441814,0.8744462626231373,50,normal,395,50,0.0,0,,,0.15620037922361138,5.551115123125783e-19,5.0,False
normal_395,AI2_Current,0.598438949414534,193.42932995848747,-2.76233591350233,-0.27622457835182956,-0.19199999999999942,7.374344550861874,0.9971087835872637,50,normal,395,50,0.0,0,,,0.15620037922361138,0.19199999999999942,5.0,False
normal_396,AI0_Vibration,0.20980744232126805,0.06536010106179169,-1.9852046994781507,0.0035420140230696465,0.007589590909090908,0.04514785960749106,0.5071912434596901,44,normal,396,44,0.0,1,,,0.0936446617887145,0.007589590909090908,4.4,False
normal_396,AI1_Vibration,3.6028138023819003,0.06139340973296027,-0.3829127359311773,0.004815999588543063,0.005448977272727271,0.0518868358396123,0.4077621913074214,44,normal,396,44,0.0,1,,,0.0936446617887145,0.005448977272727271,4.4,False
normal_396,AI2_Current,0.5991885081211743,116.15073714607446,-2.3767184382510873,0.4803116171282653,-6.395454545454544,5.772048012561171,0.9951474117949889,44,normal,396,44,0.0,1,,,0.0936446617887145,6.395454545454544,4.4,False
normal_397,AI0_Vibration,1.8022289210035831,0.07269647097270729,-0.7270729135436373,0.008758068140597007,0.011300625,0.06039344766523526,0.4143130392684625,32,normal,397,32,0.0,0,,,0.21730553032683037,0.011300625,3.2,False
normal_397,AI1_Vibration,1.796397832096225,0.2832916707615573,-0.09272254878123139,0.002199983955373786,0.013870000000000002,0.04503751183637142,0.9501309899194,32,normal,397,32,0.0,0,,,0.21730553032683037,0.013870000000000002,3.2,False
normal_397,AI2_Current,0.6012872724997671,226.41016703650754,-2.5432584074396183,1.307413532082009,2.8218750000000004,5.740683071744552,0.9987610814269658,32,normal,397,32,0.0,0,,,0.21730553032683037,2.8218750000000004,3.2,False
normal_398,AI0_Vibration,3.6415786382333115,0.11821131603466457,2.584192329365583,0.004841926972581283,0.005053681818181819,0.0369005992704914,0.8374799850038421,22,normal,398,22,0.0,0,,,0.15087882201997854,0.005053681818181819,2.2,False
normal_398,AI1_Vibration,1.7999861945007531,0.15624476963245798,-1.0311840045643408,-8.085620996725607e-05,0.001562545454545456,0.04796028946300665,0.839798028252795,22,normal,398,22,0.0,0,,,0.15087882201997854,0.001562545454545456,2.2,False
normal_398,AI2_Current,0.5987387728971901,160.81662654967394,1.874111902713927,0.19925122289265573,14.740909090909092,5.451969230709935,0.9974943671638209,22,normal,398,22,0.0,0,,,0.15087882201997854,14.740909090909092,2.2,False
normal_399,AI0_Vibration,3.700146204608228,0.06631341255727427,-2.2877010320206006,0.00832353414305851,-0.0015845714285714293,0.008188736224288565,0.965377952895441,7,normal,399,7,0.0,1,,,0.05439496075399422,0.0015845714285714293,0.7,False
normal_399,AI1_Vibration,2.248935411574401,0.03812816781623385,2.9855626247056724,0.003037096855637448,-0.0035622857142857136,0.018385594765676725,0.6642622413483742,7,normal,399,7,0.0,1,,,0.05439496075399422,0.0035622857142857136,0.7,False
normal_399,AI2_Current,0.48017486387292946,154.68766467068022,-1.4661609215416558,45.95560946309267,-22.14285714285715,1.5224622144945883,0.9995534291828174,7,normal,399,7,0.0,1,,,0.05439496075399422,22.14285714285715,0.7,True
normal_400,AI0_Vibration,1.8080600099109412,0.09414178903048405,-1.7819205634164035,0.00035117466118285423,3.999999999979714e-08,0.06228823158338292,0.5335330243708236,50,normal,400,50,0.0,0,,,0.2259547440892534,3.999999999979714e-08,5.0,False
normal_400,AI1_Vibration,1.7878968135315099,0.2848696640808327,-0.6339354371801293,-0.0019869435482684217,5.551115123125783e-19,0.04978059007736069,0.9420164125482526,50,normal,400,50,0.0,0,,,0.2259547440892534,5.551115123125783e-19,5.0,False
normal_400,AI2_Current,0.5996382433451585,246.2246281720176,2.311764371525201,0.6076311155298129,0.4800000000000006,4.512154942515379,0.9993286225021915,50,normal,400,50,0.0,0,,,0.2259547440892534,0.4800000000000006,5.0,False
normal_401,AI0_Vibration,3.5777975626848297,0.07628578353929655,-0.9032097819690595,0.001276195222870799,0.0002639130434782592,0.051143950608511485,0.5258229467578097,46,normal,401,46,0.0,0,,,0.15805102507665875,0.0002639130434782592,4.6,False
normal_401,AI1_Vibration,1.795949286795659,0.1849388886917728,3.0219765459860812,-0.0017644607167662078,-0.0025174782608695643,0.052456976244739724,0.8585765886388292,46,normal,401,46,0.0,0,,,0.15805102507665875,0.0025174782608695643,4.6,False
normal_401,AI2_Current,0.5988886846385182,188.97729166837095,-2.645691956450112,0.6740535932220268,-6.145652173913044,6.812893947969043,0.9974899557556794,46,normal,401,46,0.0,0,,,0.15805102507665875,6.145652173913044,4.6,False
normal_402,AI0_Vibration,3.6334458232553164,0.043706339898781754,0.4392125333345438,-0.02321636982495459,-0.022712499999999997,0.037713820438302154,0.3965562994564923,34,normal,402,34,0.0,1,,,0.07298858844770349,0.022712499999999997,3.4,False
normal_402,AI1_Vibration,2.9614965985611756,0.04508477469074636,2.598919648045591,-0.01383912278477957,-0.0135005,0.03528992814580643,0.45190300237629677,34,normal,402,34,0.0,1,,,0.07298858844770349,0.0135005,3.4,False
normal_402,AI2_Current,0.6029363016543757,117.85475911088078,-1.5587275553301287,0.8048430817812431,-2.073529411764707,6.271010339238674,0.994497138788392,34,normal,402,34,0.0,1,,,0.07298858844770349,2.073529411764707,3.4,False
normal_403,AI0_Vibration,1.2020160680471736,0.08248024511485745,1.3041915471459091,0.0011670465618871528,0.006881666666666665,0.06578324466697565,0.438823683770749,21,normal,403,21,0.0,0,,,0.22191629030914212,0.006881666666666665,2.1,False
normal_403,AI1_Vibration,1.787010826124569,0.27503969496493447,1.5975087413486384,0.008201745111659664,0.003780428571428571,0.04398379288586316,0.9533543389608767,21,normal,403,21,0.0,0,,,0.22191629030914212,0.003780428571428571,2.1,False
normal_403,AI2_Current,0.601137360758439,234.74369117684836,0.09308338611431,0.4650490487877157,29.566666666666666,4.395039209645783,0.999266159593779,21,normal,403,21,0.0,0,,,0.22191629030914212,29.566666666666666,2.1,False
normal_404,AI0_Vibration,3.574238398963043,0.08239184538933089,-2.3255969791828868,0.017128779667227076,0.013731333333333333,0.041071146987998304,0.6587432845400666,12,normal,404,12,0.0,1,,,0.08966240938840163,0.013731333333333333,1.2,False
normal_404,AI1_Vibration,1.9065659504125974,0.06011141614139272,1.8518288082426873,-0.005959088278514872,-0.00014199999999999833,0.032772434023683135,0.6306319805229623,12,normal,404,12,0.0,1,,,0.08966240938840163,0.00014199999999999833,1.2,False
normal_404,AI2_Current,0.6149154427597614,121.1215743396435,-1.5610324471086154,3.8285824903394143,24.441666666666663,5.581212136643143,0.9959199087580086,12,normal,404,12,0.0,1,,,0.08966240938840163,24.441666666666663,1.2,False
normal_405,AI0_Vibration,1.789225794641921,0.08793690089050575,1.3132620262949477,0.00030545272133117307,-3.9999999998652226e-08,0.05889359039821174,0.5278495309162188,50,normal,405,50,0.0,0,,,0.23021046303280834,3.9999999998652226e-08,5.0,False
normal_405,AI1_Vibration,1.789225794641921,0.29274442441447146,2.1909070233103995,0.001838875141660451,-2.0000000000575113e-08,0.05578752681396864,0.9318248600721348,50,normal,405,50,0.0,0,,,0.23021046303280834,2.0000000000575113e-08,5.0,False
normal_405,AI2_Current,0.6000879785691426,245.07598685972107,-2.13428240845554,0.8564308221126851,0.8299999999999994,3.9621996211309605,0.9994775199774998,50,normal,405,50,0.0,0,,,0.23021046303280834,0.8299999999999994,5.0,False
normal_406,AI0_Vibration,3.5911444266415304,0.07837472992129763,2.527393858926728,0.0002289814376768215,-2.0000000000366948e-08,0.05298536541714697,0.5209929100292392,50,normal,406,50,0.0,0,,,0.15288985907273248,2.0000000000366948e-08,5.0,False
normal_406,AI1_Vibration,1.7999861945007531,0.1704559011405649,-1.5880130403399646,-1.1318788313563477e-06,2.0000000000575113e-08,0.054651450044494024,0.829466474592646,50,normal,406,50,0.0,0,,,0.15288985907273248,2.0000000000575113e-08,5.0,False
normal_406,AI2_Current,0.5981391259318778,183.7024160196683,1.0332466548447592,0.9447416703901297,0.5259999999999999,6.01620754496919,0.9978590601320046,50,normal,406,50,0.0,0,,,0.15288985907273248,0.5259999999999999,5.0,False
normal_407,AI0_Vibration,1.3829886447633721,0.0455682324437676,-0.00561833099372429,0.00487956124349522,0.005605105263157895,0.032072032781219055,0.49566279963686,38,normal,407,38,0.0,1,,,0.07444320197499214,0.005605105263157895,3.8,False
normal_407,AI1_Vibration,1.7684050905788122,0.05376563004925778,1.5648313138514585,0.002243075144180838,0.0019762368421052633,0.04451214032391063,0.42850553133868274,38,normal,407,38,0.0,1,,,0.07444320197499214,0.0019762368421052633,3.8,False
normal_407,AI2_Current,0.5996382433451585,114.65062604882522,-1.4621975279249735,0.7546325882295264,-7.902631578947367,5.259003683145365,0.9957553156822547,38,normal,407,38,0.0,1,,,0.07444320197499214,7.902631578947367,3.8,False
normal_408,AI0_Vibration,3.5185763184151706,0.07218036803268278,3.0567160077959366,0.008387892639335948,0.00652404,0.05028408899152413,0.49650937184333876,25,normal,408,25,0.0,0,,,0.1806070098173379,0.00652404,2.5,False
normal_408,AI1_Vibration,1.7905667431888668,0.22293008839609538,-0.9415246831830107,0.009207269706343335,0.00908488,0.052778727380279944,0.898601964000434,25,normal,408,25,0.0,0,,,0.1806070098173379,0.00908488,2.5,False
normal_408,AI2_Current,0.5991885081211743,212.22699781732123,1.8497385971964635,0.3328882775781494,-3.4879999999999973,4.911842203748429,0.9989276717338205,25,normal,408,25,0.0,0,,,0.1806070098173379,3.4879999999999973,2.5,False
normal_409,AI0_Vibration,1.594359412712815,0.06145602355240498,1.2561189707720406,0.00499108394751116,0.00684576923076923,0.0382550186245434,0.5667419210877191,13,normal,409,13,0.0,0,,,0.18597125640559864,0.00684576923076923,1.3,False
normal_409,AI1_Vibration,1.7666432279903703,0.23396234859584852,1.3865500004682054,0.008521879887377987,0.03543161538461538,0.03427726364502284,0.9607115848584831,13,normal,409,13,0.0,0,,,0.18597125640559864,0.03543161538461538,1.3,False
normal_409,AI2_Current,0.6227771818432017,212.16683819284307,-0.9861554215025133,12.34992673056422,58.592307692307706,4.343484547089499,0.9988585030544177,13,normal,409,13,0.0,0,,,0.18597125640559864,58.592307692307706,1.3,False
normal_410,AI0_Vibration,3.2199889713318672,0.06717133200951081,-1.8824695604217225,0.00026073486806402896,9.999999999820916e-08,0.07047865086569635,0.31110118330448977,50,normal,410,50,0.0,0,,,0.20974523802646866,9.999999999820916e-08,5.0,False
normal_410,AI1_Vibration,1.7856818450141578,0.2619142290313851,-1.0454830181229127,-0.002121652789481232,4.000000000004e-08,0.052675750120459906,0.9245640542874303,50,normal,410,50,0.0,0,,,0.20974523802646866,4.000000000004e-08,5.0,False
normal_410,AI2_Current,0.6008375372757829,220.80769021375727,-0.5120528335080486,-0.09147493670545259,-0.2880000000000018,6.362657020028067,0.9983416395161656,50,normal,410,50,0.0,0,,,0.20974523802646866,0.2880000000000018,5.0,False
normal_411,AI0_Vibration,3.596507209849138,0.07392651348805263,0.9831147821112951,-1.795409162759498e-05,0.0,0.07077990401109599,0.3535323674353068,50,normal,411,50,0.0,0,,,0.187363042380668,0.0,5.0,False
normal_411,AI1_Vibration,1.792360924391131,0.2163287763925723,1.1604395017207871,0.00044578721087518147,2.000000000140778e-08,0.062332571478109375,0.8579678325024651,50,normal,411,50,0.0,0,,,0.187363042380668,2.000000000140778e-08,5.0,False
normal_411,AI2_Current,0.6002378903104707,223.08273621324705,2.8392020547636836,0.3163607167843949,0.35799999999999954,6.2051790253295085,0.9984546243184338,50,normal,411,50,0.0,0,,,0.187363042380668,0.35799999999999954,5.0,False
normal_412,AI0_Vibration,1.7834668764968058,0.03590511016171908,-0.15295631671504872,-0.007062481085011265,-0.007261449999999998,0.035292692967151575,0.3371091011633345,40,normal,412,40,0.0,1,,,0.06969679021967223,0.007261449999999998,4.0,False
normal_412,AI1_Vibration,3.61452604565703,0.050227331812086363,1.6687280472451997,0.00018386248004303302,0.0014474749999999988,0.04070095271575901,0.4334226680266806,40,normal,412,40,0.0,1,,,0.06969679021967223,0.0014474749999999988,4.0,False
normal_412,AI2_Current,0.6014371842410952,115.3759962473115,2.023148002511181,0.14485082593131438,0.625,5.475565223092511,0.9953403643628778,40,normal,412,40,0.0,1,,,0.06969679021967223,0.625,4.0,False
normal_413,AI0_Vibration,1.3665536356563377,0.08583579056576417,-0.7331428313628383,-0.03437009557501775,-0.030584607142857132,0.08697889660484744,0.31760679122382307,28,normal,413,28,0.0,0,,,0.2102910863899643,0.030584607142857132,2.8,False
normal_413,AI1_Vibration,1.838026008833732,0.2316871312860864,-1.178461470624443,-0.011945437108180246,-0.018424035714285712,0.06597459498034816,0.8633864144337412,28,normal,413,28,0.0,0,,,0.2102910863899643,0.018424035714285712,2.8,False
normal_413,AI2_Current,0.6003878020517988,197.25982592273778,0.8770535664494012,0.02829273953867073,9.789285714285711,5.445773184017003,0.9985726148298161,28,normal,413,28,0.0,0,,,0.2102910863899643,9.789285714285711,2.8,False
normal_414,AI0_Vibration,1.6386309283547016,0.11399140454532214,-0.13864502803465412,-0.009889429699708758,0.0009279333333333361,0.06366385327854382,0.6115147543441644,15,normal,414,15,0.0,0,,,0.19764421985628622,0.0009279333333333361,1.5,False
normal_414,AI1_Vibration,1.778150952055161,0.23568591411151552,-0.37713103447578994,-0.001110862707516036,0.02240666666666667,0.04609607210958589,0.9244559437181543,15,normal,414,15,0.0,0,,,0.19764421985628622,0.02240666666666667,1.5,False
normal_414,AI2_Current,0.5898583938909753,242.08127479204538,1.6659662900680376,5.499987368845467,-22.400000000000013,6.827907534937904,0.9982314755239848,15,normal,414,15,0.0,0,,,0.19764421985628622,22.400000000000013,1.5,False
normal_415,AI0_Vibration,1.382298003696832,0.07248359201925354,-2.311877080395242,0.03797984321686863,0.03845428571428571,0.04687402645409458,0.5528849543572024,14,normal,415,14,0.0,0,,,0.14980461778429932,0.03845428571428571,1.4,False
normal_415,AI1_Vibration,1.827539452678464,0.16376258415722952,2.9237484392883997,0.00032439246686800927,-0.01705492857142857,0.05274325875642287,0.8234609011295543,14,normal,415,14,0.0,0,,,0.14980461778429932,0.01705492857142857,1.4,False
normal_415,AI2_Current,0.5950296547915238,204.96614293111676,3.060661990766945,5.011512180402043,-23.078571428571422,3.4707747697753106,0.9994030236976087,14,normal,415,14,0.0,0,,,0.14980461778429932,23.078571428571422,1.4,False
normal_416,AI0_Vibration,,,,0.035278,0.035278,,,1,normal,416,1,0.0,0,,,0.12917268259194745,0.035278,0.1,False
normal_416,AI1_Vibration,,,,0.124262,0.124262,,,1,normal,416,1,0.0,0,,,0.12917268259194745,0.124262,0.1,False
normal_416,AI2_Current,,,,-165.7,-165.7,,,1,normal,416,1,0.0,0,,,0.12917268259194745,165.7,0.1,False
normal_417,AI0_Vibration,3.5884750538501904,0.06271950184073301,-2.410543548637433,0.00013642572335152703,-4.000000000031756e-08,0.04158080354656303,0.5331011631736098,50,normal,417,50,0.0,0,,,0.1361531337782572,4.000000000031756e-08,5.0,False
normal_417,AI1_Vibration,1.798640558599055,0.16062357451307985,-0.9085876847756383,-0.0001276938322275767,4.000000000031756e-08,0.04412126590563892,0.8687739133601372,50,normal,417,50,0.0,0,,,0.1361531337782572,4.000000000031756e-08,5.0,False
normal_417,AI2_Current,0.5996382433451585,189.33279258043035,1.3917896012722009,0.48899689905991295,0.38199999999999873,6.06916495049347,0.997948169301238,50,normal,417,50,0.0,0,,,0.1361531337782572,0.38199999999999873,5.0,False
normal_418,AI0_Vibration,1.8157311244512755,0.036275146835469445,0.44318842020457117,-3.9296043683689774e-05,-4.85722573273506e-19,0.03169378606758202,0.3933350371777604,50,normal,418,50,0.0,1,,,0.07315076701511748,4.85722573273506e-19,5.0,False
normal_418,AI1_Vibration,3.6154269874474245,0.05866340818325861,-3.061103847440521,-0.00022551603923063376,-2.0000000000575113e-08,0.04442367334513249,0.4659485792006637,50,normal,418,50,0.0,1,,,0.07315076701511748,2.0000000000575113e-08,5.0,False
normal_418,AI2_Current,0.5996382433451585,114.82546314648994,1.345790464243702,0.635654335465901,0.5720000000000002,5.357445341333078,0.995663280522525,50,normal,418,50,0.0,1,,,0.07315076701511748,0.5720000000000002,5.0,False
normal_419,AI0_Vibration,1.772835027613516,0.09272245507965084,-0.486792392713626,0.003014465369764456,0.006259684210526317,0.0533942907652457,0.5947737882566464,38,normal,419,38,0.0,0,,,0.21926800267612906,0.006259684210526317,3.8,False
normal_419,AI1_Vibration,1.792360924391131,0.2797200319476896,0.15578420544227062,0.0012125144901116852,0.007710315789473685,0.048034690598965535,0.9436471615639388,38,normal,419,38,0.0,0,,,0.21926800267612906,0.007710315789473685,3.8,False
normal_419,AI2_Current,0.601137360758439,229.41885533861654,2.836875337780025,1.2121205903312031,-8.536842105263156,5.799681827962448,0.9986532636187195,38,normal,419,38,0.0,0,,,0.21926800267612906,8.536842105263156,3.8,False
normal_420,AI0_Vibration,3.321843602334284,0.07096740739139448,1.2023456182689658,0.00581928456372912,0.008485826086956522,0.062262914954187246,0.38973425897455294,23,normal,420,23,0.0,0,,,0.19328760959288216,0.008485826086956522,2.3,False
normal_420,AI1_Vibration,1.7732780213169865,0.24115602250847942,-2.662112802224258,-0.007539196959061023,-0.008354478260869568,0.049171487439190656,0.9216663676998211,23,normal,420,23,0.0,0,,,0.19328760959288216,0.008354478260869568,2.3,False
normal_420,AI2_Current,0.600987449017111,242.95113263306328,-2.1911248371026244,0.9245101524182928,-47.573913043478264,6.9246749529327305,0.9983390823520787,23,normal,420,23,0.0,0,,,0.19328760959288216,47.573913043478264,2.3,False
normal_421,AI0_Vibration,1.2719581411775416,0.0545657818195768,2.192720557274912,0.03561613261144765,0.0406323,0.03235840725353435,0.5632543628003766,10,normal,421,10,0.0,1,,,0.09305133412208554,0.0406323,1.0,False
normal_421,AI1_Vibration,3.402237786801808,0.06252039839317497,2.812387489472933,0.030548808565545683,0.0314596,0.04237449028859947,0.5040377785228329,10,normal,421,10,0.0,1,,,0.09305133412208554,0.0314596,1.0,False
normal_421,AI2_Current,0.4508483007430888,162.50651815988638,-2.280519000401769,51.7293096637827,-44.34000000000001,2.6054677836710445,0.9985223965800843,10,normal,421,10,0.0,1,,,0.09305133412208554,44.34000000000001,1.0,True
normal_422,AI0_Vibration,1.75701798999664,0.09806871708053679,-0.4144852196590658,-0.0023319832526954506,-1.9999999997799554e-08,0.09559604414971193,0.3395943212708574,50,normal,422,50,0.0,0,,,0.225142367107526,1.9999999997799554e-08,5.0,False
normal_422,AI1_Vibration,1.78833980723498,0.2574495475809652,-0.16612657780597803,-0.0013910724064929575,-3.999999999892978e-08,0.06146968705949217,0.8974654779769917,50,normal,422,50,0.0,0,,,0.225142367107526,3.999999999892978e-08,5.0,False
normal_422,AI2_Current,0.5987387728971901,252.55865085402073,-2.1268113172849334,-0.292426353373088,0.09399999999999921,6.320669270037367,0.9987487901949156,50,normal,422,50,0.0,0,,,0.225142367107526,0.09399999999999921,5.0,False
normal_423,AI0_Vibration,3.5884750538501904,0.08833812012941897,-2.6836630873816247,-0.001108888498667089,-0.00287895918367347,0.029658231677735115,0.8145434574692965,49,normal,423,49,0.0,1,,,0.1142591597228486,0.00287895918367347,4.9,False
normal_423,AI1_Vibration,1.8026774663041492,0.11981680665248517,-0.8564418423227761,-0.0005165112363198776,0.0016052857142857156,0.03507364017080644,0.8518118907230853,49,normal,423,49,0.0,1,,,0.1142591597228486,0.0016052857142857156,4.9,False
normal_423,AI2_Current,0.598289037673206,142.32149570507667,-0.6693702537975751,0.8570194666471167,3.7673469387755096,6.559078522962037,0.9957128551925379,49,normal,423,49,0.0,1,,,0.1142591597228486,3.7673469387755096,4.9,False
normal_424,AI0_Vibration,3.5866954719892967,0.08473238808251624,0.7964710869322027,-0.00798359879592675,-0.007578583333333331,0.03419683940999878,0.7554871798108213,36,normal,424,36,0.0,1,,,0.09698755340663849,0.007578583333333331,3.6,False
normal_424,AI1_Vibration,1.799089103899621,0.08531459718758165,1.501916616583663,-0.007399291934921226,-0.004532111111111112,0.03028875734182278,0.7981916924898426,36,normal,424,36,0.0,1,,,0.09698755340663849,0.004532111111111112,3.6,False
normal_424,AI2_Current,0.6020368312064074,131.52822258849068,-1.0219848424073834,0.44781553446445344,-5.7250000000000005,5.373488924098025,0.9966143402921855,36,normal,424,36,0.0,1,,,0.09698755340663849,5.7250000000000005,3.6,False
normal_425,AI0_Vibration,1.313152604538922,0.0872780948024126,-2.7559309171712907,0.0068672704288234784,0.005061583333333332,0.07343190898914141,0.40667016418735336,24,normal,425,24,0.0,0,,,0.21117060784894204,0.005061583333333332,2.4,False
normal_425,AI1_Vibration,1.793706560292829,0.25434870812577304,-1.7349334646911099,0.006655142165626848,-0.009145375000000002,0.04517191015521565,0.9423516491899078,24,normal,425,24,0.0,0,,,0.21117060784894204,0.009145375000000002,2.4,False
normal_425,AI2_Current,0.6017370077237513,250.80117720159,-2.940630115110521,1.0848828077414296,-52.94166666666666,4.20031382820377,0.9994060659980678,24,normal,425,24,0.0,0,,,0.21117060784894204,52.94166666666666,2.4,False
normal_426,AI0_Vibration,3.4715556703905572,0.10182156119457492,2.2871683029342145,0.005127784681418668,0.0018257272727272705,0.03462402358514444,0.8165380430072614,11,normal,426,11,0.0,1,,,0.12172185140870818,0.0018257272727272705,1.1,False
normal_426,AI1_Vibration,1.611132049567094,0.10871415084065368,2.024170007104687,0.007739039090532265,-0.0018773636363636366,0.049794088557541874,0.7003648509687534,11,normal,426,11,0.0,1,,,0.12172185140870818,0.0018773636363636366,1.1,False
normal_426,AI2_Current,0.5543851940577439,153.2437709707085,-2.4857147888029916,14.17732741621819,-37.06363636363637,5.858110342439255,0.9963158529178205,11,normal,426,11,0.0,1,,,0.12172185140870818,37.06363636363637,1.1,False
normal_427,AI0_Vibration,1.7839098702002762,0.0765756459192905,0.6334001382446272,-0.00012878726502070503,3.999999999948489e-08,0.06109131219036436,0.442427244700877,50,normal,427,50,0.0,0,,,0.19961794332003321,3.999999999948489e-08,5.0,False
normal_427,AI1_Vibration,1.7905667431888668,0.24751112309146267,1.1947739111250482,0.0006377372776874835,2.0816681711721684e-18,0.04910089674967289,0.9272813084237694,50,normal,427,50,0.0,0,,,0.19961794332003321,2.0816681711721684e-18,5.0,False
normal_427,AI2_Current,0.6005377137931268,244.8485998163459,0.66826241930954,0.1145900043262742,0.21799999999999828,4.904121118655277,0.9991978936472102,50,normal,427,50,0.0,0,,,0.19961794332003321,0.21799999999999828,5.0,False
normal_428,AI0_Vibration,3.6037147441722945,0.08446759555584128,-1.2662181704218658,7.824457304618504e-05,6.000000000122228e-08,0.04703868889004277,0.6172150613695045,50,normal,428,50,0.0,0,,,0.14300598963602887,6.000000000122228e-08,5.0,False
normal_428,AI1_Vibration,1.7972949226973571,0.15883578793029654,-0.05572566932156581,-0.00015514165892967918,4.0000000001150225e-08,0.0452793228899467,0.860247510686244,50,normal,428,50,0.0,0,,,0.14300598963602887,4.0000000001150225e-08,5.0,False
normal_428,AI2_Current,0.5979907807870836,172.22423783238787,0.5148913294285556,1.3374661577016056,1.1680000000000004,6.47718550659852,0.997187105387412,50,normal,428,50,0.0,0,,,0.14300598963602887,1.1680000000000004,5.0,False
normal_429,AI0_Vibration,0.14814893677554275,0.05975292706742269,1.235480850156926,-0.006069946535088237,-0.0016902307692307694,0.04355503042242563,0.5117744393431931,39,normal,429,39,0.0,1,,,0.08557227939853851,0.0016902307692307694,3.9,False
normal_429,AI1_Vibration,1.8189102897432108,0.0479271090171529,2.0788556587100975,4.471731599546211e-05,0.0006867692307692304,0.04763945386254254,0.3390468257588396,39,normal,429,39,0.0,1,,,0.08557227939853851,0.0006867692307692304,3.9,False
normal_429,AI2_Current,0.5988886846385182,116.57840607199635,2.1369509648588836,0.43572208360085085,2.3512820512820523,5.879400128821566,0.9946278291592741,39,normal,429,39,0.0,1,,,0.08557227939853851,2.3512820512820523,3.9,False
normal_430,AI0_Vibration,1.8229977879756993,0.08557572619328678,2.9405751388933394,-0.0027697170225145645,-0.001986464285714286,0.05692071459466024,0.5267321959933997,28,normal,430,28,0.0,0,,,0.2260922885658168,0.001986464285714286,2.8,False
normal_430,AI1_Vibration,1.7905667431888668,0.2898599763286549,-2.2419982023001426,0.00014550320013345663,-0.0001615357142857186,0.048593283169020514,0.946658584146028,28,normal,430,28,0.0,0,,,0.2260922885658168,0.0001615357142857186,2.8,False
normal_430,AI2_Current,0.6005377137931268,233.65826293885618,0.8870964168159499,0.004380675390336819,11.150000000000006,4.600563458088661,0.9992745182668592,28,normal,430,28,0.0,0,,,0.2260922885658168,11.150000000000006,2.8,False
normal_431,AI0_Vibration,3.6280401725129487,0.03522447386072154,-2.4715692043604687,0.015260138936416154,0.015343800000000001,0.03658268173709188,0.3124376198647816,25,normal,431,25,0.0,1,,,0.06298153588727413,0.015343800000000001,2.5,False
normal_431,AI1_Vibration,2.808449812638631,0.035370935380711385,-1.8071742869614338,0.013780733234969169,0.01372052,0.031188577811321495,0.39073477108760013,25,normal,431,25,0.0,1,,,0.06298153588727413,0.01372052,2.5,False
normal_431,AI2_Current,0.6027863899130477,117.97939232307132,1.7810394301863783,0.2993139704689298,-0.7720000000000016,5.593639533326983,0.995544512301303,25,normal,431,25,0.0,1,,,0.06298153588727413,0.7720000000000016,2.5,False
normal_432,AI0_Vibration,1.8815542194851325,0.08470571651868543,-3.0059317148933236,0.0035727791756796894,0.004275999999999999,0.029632339528474095,0.79730696569,11,normal,432,11,0.0,0,,,0.23033741167489688,0.004275999999999999,1.1,False
normal_432,AI1_Vibration,1.7561429683608465,0.30534867227148427,-1.955010348173541,-0.0020001370665270746,0.0025992727272727317,0.02800935589461695,0.9838900940030393,11,normal,432,11,0.0,0,,,0.23033741167489688,0.0025992727272727317,1.1,False
normal_432,AI2_Current,0.6060903767689175,239.20626874329517,1.9020526698649591,-1.3831273572145903,-62.74545454545455,3.692202062894919,0.9994818328212318,11,normal,432,11,0.0,0,,,0.23033741167489688,62.74545454545455,1.1,False
normal_433,AI0_Vibration,0.19631026676611227,0.029277778334292816,-2.008777492112016,-0.00046692562581650277,3.9999999998513445e-08,0.03356654868034318,0.2738116225260153,50,normal,433,50,0.0,1,,,0.07359055137937207,3.9999999998513445e-08,5.0,False
normal_433,AI1_Vibration,3.6082194531242675,0.05756147025213177,-1.4485544364353986,0.00010401011227065965,3.9999999998166505e-08,0.04700528184875103,0.4281878729894689,50,normal,433,50,0.0,1,,,0.07359055137937207,3.9999999998166505e-08,5.0,False
normal_433,AI2_Current,0.6014371842410952,114.5759736270142,1.319386561822068,0.37228558171634063,0.6240000000000003,5.399240417547363,0.9955855271486171,50,normal,433,50,0.0,1,,,0.07359055137937207,0.6240000000000003,5.0,False
normal_434,AI0_Vibration,3.573348608032596,0.05350267338886561,1.4207391017337831,-0.0009667475247346069,0.00017983673469387613,0.04352867442033354,0.42979971249816806,49,normal,434,49,0.0,1,,,0.12223084879765794,0.00017983673469387613,4.9,False
normal_434,AI1_Vibration,1.7878968135315099,0.13889384683782352,1.3945054635720708,0.0012853457675722768,0.0009911836734693871,0.04190173985871444,0.8488556667193856,49,normal,434,49,0.0,1,,,0.12223084879765794,0.0009911836734693871,4.9,False
normal_434,AI2_Current,0.6017370077237513,159.1260676901289,-1.0995079634064713,0.63901990411577,3.4020408163265303,6.099381701517098,0.9970176089650434,49,normal,434,49,0.0,1,,,0.12223084879765794,3.4020408163265303,4.9,False
normal_435,AI0_Vibration,1.7878968135315099,0.0984383041712097,1.4505812032384033,-0.008090001631495022,-0.004298542857142859,0.07122803830736756,0.49530713191187703,35,normal,435,35,0.0,0,,,0.22083967019795797,0.004298542857142859,3.5,False
normal_435,AI1_Vibration,1.793706560292829,0.2679251503650155,2.127402216424776,-0.0026767520817278234,0.004436314285714281,0.05494001942017433,0.9219636523947925,35,normal,435,35,0.0,0,,,0.22083967019795797,0.004436314285714281,3.5,False
normal_435,AI2_Current,0.6000879785691426,246.72993956704283,-0.039685778733813626,0.6965284941980991,1.7085714285714277,4.339228502151995,0.9993526146930127,35,normal,435,35,0.0,0,,,0.22083967019795797,1.7085714285714277,3.5,False
normal_436,AI0_Vibration,1.5828747899726674,0.04622226756865676,0.06125412379222351,-0.00432121088425275,-0.00044431818181818206,0.04319118041207795,0.36163067769239654,22,normal,436,22,0.0,1,,,0.08047495664462669,0.00044431818181818206,2.2,False
normal_436,AI1_Vibration,2.6966926325639498,0.0509800916527935,2.0814086612631093,-0.000748202439831501,-0.0013019090909090916,0.04758212264392799,0.3626089258440509,22,normal,436,22,0.0,1,,,0.08047495664462669,0.0013019090909090916,2.2,False
normal_436,AI2_Current,0.5981388370868617,116.86973931844499,0.6508692196353463,0.5733189091245094,24.227272727272727,5.827280618944682,0.9951884637162128,22,normal,436,22,0.0,1,,,0.08047495664462669,24.227272727272727,2.2,False
normal_437,AI0_Vibration,1.2480883371343723,0.12983488392061246,-0.596353013620349,0.012697442531341745,0.007741299999999997,0.06875714333329934,0.6073795307646281,10,normal,437,10,0.0,1,,,0.13654882085283637,0.007741299999999997,1.0,False
normal_437,AI1_Vibration,1.0978403753562913,0.08862782607738125,-2.9917049816723424,0.019786307940409042,0.018897,0.051067537968250934,0.5785258043898304,10,normal,437,10,0.0,1,,,0.13654882085283637,0.018897,1.0,False
normal_437,AI2_Current,0.5572983293749695,138.77786338810637,-2.505877823524031,13.601628905741961,-49.239999999999995,5.023060146004724,0.995347807027372,10,normal,437,10,0.0,1,,,0.13654882085283637,49.239999999999995,1.0,False
normal_438,AI0_Vibration,3.605516627753084,0.08406077811336597,-1.5020836134038922,8.981564386836838e-05,-4.0000000002191063e-08,0.05058829009466802,0.5795211095578847,50,normal,438,50,0.0,0,,,0.1451606867444488,4.0000000002191063e-08,5.0,False
normal_438,AI1_Vibration,1.793706560292829,0.1637439197986426,-0.055228658523212425,-0.00039793852677298333,-3.999999999781956e-08,0.039642523888480545,0.8951285140502995,50,normal,438,50,0.0,0,,,0.1451606867444488,3.999999999781956e-08,5.0,False
normal_438,AI2_Current,0.5988886846385182,182.50785162827214,-0.059121860746886405,1.052869526157977,1.1420000000000021,6.689018481063961,0.9973250411916499,50,normal,438,50,0.0,0,,,0.1451606867444488,1.1420000000000021,5.0,False
normal_439,AI0_Vibration,3.5884750538501904,0.04875502670213851,0.45764736587985977,-0.0002576034549819986,0.0007192040816326535,0.044503631416655844,0.3727175251037472,49,normal,439,49,0.0,1,,,0.07575046716458625,0.0007192040816326535,4.9,False
normal_439,AI1_Vibration,3.049810835976229,0.0441285099488749,-3.008728403431121,-0.0009089667521021312,-0.0010709795918367345,0.04010590780170466,0.3763348721430225,49,normal,439,49,0.0,1,,,0.07575046716458625,0.0010709795918367345,4.9,False
normal_439,AI2_Current,0.6020368312064074,118.37119551553728,-0.11414637419799462,0.5412389657261816,1.4346938775510207,5.99990409096483,0.9949393574173472,49,normal,439,49,0.0,1,,,0.07575046716458625,1.4346938775510207,4.9,False
normal_440,AI0_Vibration,1.7763789772412795,0.09453586856214477,2.7645221851223933,-0.0033636509966440443,-0.0028905000000000024,0.07559179322923884,0.4389241507084507,34,normal,440,34,0.0,0,,,0.24122261667834355,0.0028905000000000024,3.4,False
normal_440,AI1_Vibration,1.778150952055161,0.2960362284865378,-2.766758805568402,-0.0016651983369533052,-0.0015707647058823598,0.06767164164599572,0.9045814695907768,34,normal,440,34,0.0,0,,,0.24122261667834355,0.0015707647058823598,3.4,False
normal_440,AI2_Current,0.6005377137931268,249.0806214650393,0.3618321751498668,0.07687311551418219,1.6117647058823537,4.758371276647393,0.9992579581441504,34,normal,440,34,0.0,0,,,0.24122261667834355,1.6117647058823537,3.4,False
normal_441,AI0_Vibration,3.7324878390856595,0.08676781365946135,2.6978772175750185,-0.003762762295980559,-0.0012805882352941176,0.04272540985624691,0.6656224226723082,17,normal,441,17,0.0,0,,,0.16062402879340168,0.0012805882352941176,1.7,False
normal_441,AI1_Vibration,1.7834668764968058,0.18582752635034613,2.1718090655894433,0.0045671908946054995,0.0066042941176470615,0.05308552143541937,0.861148201332425,17,normal,441,17,0.0,0,,,0.16062402879340168,0.0066042941176470615,1.7,False
normal_441,AI2_Current,0.6020368312064074,186.85025228161842,0.030689398488336815,0.44084312169909445,0.07647058823529311,6.168996787291699,0.9977734144475402,17,normal,441,17,0.0,0,,,0.16062402879340168,0.07647058823529311,1.7,False
normal_442,AI0_Vibration,0.01,247.62138564520816,-1.5953591326005223,247.51578742109822,-0.07111724999999999,0.0001880454656249532,0.9999506990765814,4,normal,442,4,0.0,1,,,0.08719664653242118,0.07111724999999999,0.4,True
normal_442,AI1_Vibration,3.2296539112940392,0.04881843514372785,-2.381287681089906,0.034656409138997785,0.02763975,1.0357668208517297e-05,0.9999998992082789,4,normal,442,4,0.0,1,,,0.08719664653242118,0.02763975,0.4,False
normal_442,AI2_Current,0.01,211510.57968504605,-1.5773541640350424,211400.76668826945,-103.725,1.8671335779983014,0.9107521644035588,4,normal,442,4,0.0,1,,,0.08719664653242118,103.725,0.4,True
normal_443,AI0_Vibration,0.01,6.8175784999269755,-1.67249870727807,6.780327281238745,2.000000000002e-08,0.05408668937007807,0.36205358625698125,50,normal,443,50,0.0,1,,,0.09423317552115071,2.000000000002e-08,5.0,True
normal_443,AI1_Vibration,3.5715690261717024,0.0619725813879831,-2.534514820755934,0.00048722407301590026,-2.0000000001269e-08,0.048861343169048256,0.4440448559046538,50,normal,443,50,0.0,1,,,0.09423317552115071,2.0000000001269e-08,5.0,False
normal_443,AI2_Current,0.6008375372757829,115.76389535635136,2.7073826905327487,0.36103329407345797,0.4539999999999992,5.666399361023466,0.9952287204684848,50,normal,443,50,0.0,1,,,0.09423317552115071,0.4539999999999992,5.0,False
normal_444,AI0_Vibration,1.7972949226973571,0.09558280961709106,-2.3150520933861345,-3.302990919498011e-05,4.163336342344337e-19,0.05148876522563313,0.6331628436367842,50,normal,444,50,0.0,0,,,0.22787066511010146,4.163336342344337e-19,5.0,False
normal_444,AI1_Vibration,1.789225794641921,0.29085490836828254,-1.459117247935349,-0.0014965828671647807,1.1102230246251566e-18,0.05003453647292761,0.9439919769090749,50,normal,444,50,0.0,0,,,0.22787066511010146,1.1102230246251566e-18,5.0,False
normal_444,AI2_Current,0.5997881550864865,244.72110714548631,0.9790480421317556,0.6575984050922159,0.5960000000000016,4.572641143850212,0.9993022194184308,50,normal,444,50,0.0,0,,,0.22787066511010146,0.5960000000000016,5.0,False
normal_445,AI0_Vibration,3.604615685962689,0.09066713766758216,-0.45464290148547726,2.3371682714573572e-05,0.0008919318181818198,0.06058714083281165,0.524689272198944,44,normal,445,44,0.0,0,,,0.1806636184066198,0.0008919318181818198,4.4,False
normal_445,AI1_Vibration,1.798640558599055,0.20212923714928174,0.3049933970132774,0.001935468929792572,0.0030931590909090904,0.06595656349748227,0.8253327192328459,44,normal,445,44,0.0,0,,,0.1806636184066198,0.0030931590909090904,4.4,False
normal_445,AI2_Current,0.5979907807870836,195.81177867380345,1.5894181773077036,1.1882034845986027,-4.061363636363639,8.28026577343616,0.9965689156146217,44,normal,445,44,0.0,0,,,0.1806636184066198,4.061363636363639,4.4,False
normal_446,AI0_Vibration,3.604615685962689,0.035040452209069664,-1.192144763423852,-0.002363317249659009,-0.002999516129032258,0.030335917709300886,0.4080983786542979,31,normal,446,31,0.0,1,,,0.06980097256924794,0.002999516129032258,3.1,False
normal_446,AI1_Vibration,3.5777975626848297,0.056373142351645436,-2.995151949779102,-0.0005194833899212622,-0.000156354838709678,0.041548008344754916,0.4782243381842698,31,normal,446,31,0.0,1,,,0.06980097256924794,0.000156354838709678,3.1,False
normal_446,AI2_Current,0.601137360758439,116.46936416171016,-0.23894043166095447,0.6780876006763918,6.964516129032255,5.754358409190401,0.9950670416370929,31,normal,446,31,0.0,1,,,0.06980097256924794,6.964516129032255,3.1,False
normal_447,AI0_Vibration,1.7657682063545765,0.07983680780826229,-2.275866474042231,-0.020205394687849515,-0.023468714285714284,0.06154417051452152,0.46055571952516927,21,normal,447,21,0.0,0,,,0.22787831327006422,0.023468714285714284,2.1,False
normal_447,AI1_Vibration,1.7878968135315099,0.2803853674102057,-1.647284003890565,-0.005302181586281152,-0.00249104761904762,0.05551731447409025,0.9305035746038732,21,normal,447,21,0.0,0,,,0.22787831327006422,0.00249104761904762,2.1,False
normal_447,AI2_Current,0.5996382433451585,239.62777960021157,2.114151016787511,0.3894124418841898,17.704761904761906,4.7306065064647775,0.9991344932739558,21,normal,447,21,0.0,0,,,0.22787831327006422,17.704761904761906,2.1,False
normal_448,AI0_Vibration,4.998769970094963,23.769210642082438,0.002113701621383267,-0.014566127381992911,-0.015261714285714286,0.009999246164432493,0.9321235156726759,7,normal,448,7,0.0,0,,,0.12615148336990958,0.015261714285714286,0.7,False
normal_448,AI1_Vibration,1.94930956048216,0.15747883906276205,-1.795349392309591,0.002444847461650801,-0.031520428571428574,0.02851273192382439,0.9384794167661482,7,normal,448,7,0.0,0,,,0.12615148336990958,0.031520428571428574,0.7,False
normal_448,AI2_Current,0.7800531488344778,137.5516847496363,-0.2835971578539138,59.718548715795194,134.0285714285714,6.333316954604424,0.9881655781079507,7,normal,448,7,0.0,0,,,0.12615148336990958,134.0285714285714,0.7,False
normal_449,AI0_Vibration,1.4238875799233008,0.07866057882311824,-2.8089274220591354,0.000343446578897285,6.000000000103146e-08,0.06978775707152957,0.38482920485404437,50,normal,449,50,0.0,0,,,0.16764588050489043,6.000000000103146e-08,5.0,False
normal_449,AI1_Vibration,1.793706560292829,0.18590871915931168,-0.7977650760498646,-0.0006827253265884459,8.000000000230045e-08,0.05459743762776589,0.8523447065493236,50,normal,449,50,0.0,0,,,0.16764588050489043,8.000000000230045e-08,5.0,False
normal_449,AI2_Current,0.6003878020517988,188.66351311370744,-1.481850510173508,0.6240498532660865,0.5020000000000004,5.2096581939277256,0.9984782985796121,50,normal,449,50,0.0,0,,,0.16764588050489043,0.5020000000000004,5.0,False
normal_450,AI0_Vibration,1.7856818450141578,0.07438859686034854,-1.0517783688869122,0.0026749267085087736,0.003188833333333333,0.06861430117540021,0.3723087374524501,48,normal,450,48,0.0,0,,,0.21507928540032042,0.003188833333333333,4.8,False
normal_450,AI1_Vibration,1.787010826124569,0.26705871872142717,-0.2280155829364529,0.0010055282075946137,0.00967514583333333,0.05699388104978564,0.9159666984864695,48,normal,450,48,0.0,0,,,0.21507928540032042,0.00967514583333333,4.8,False
normal_450,AI2_Current,0.5997881550864865,233.65942088406115,-2.755777514377733,0.16975427353666817,-1.583333333333335,6.069026020046781,0.9986997101074182,48,normal,450,48,0.0,0,,,0.21507928540032042,1.583333333333335,4.8,False
normal_451,AI0_Vibration,1.7421850994025765,0.026739184945034952,-0.7482146081718594,0.013208476848923643,0.013353135135135133,0.028996457028061442,0.2962493848445622,37,normal,451,37,0.0,1,,,0.0705870582807481,0.013353135135135133,3.7,False
normal_451,AI1_Vibration,3.6019128605915056,0.06001067393789874,-0.936208310474484,0.008135798570556792,0.006812675675675675,0.041676027279129654,0.5125309983106088,37,normal,451,37,0.0,1,,,0.0705870582807481,0.006812675675675675,3.7,False
normal_451,AI2_Current,0.5999380668278146,114.8221575651161,-1.3416165665691828,0.34981325340007174,-7.502702702702702,5.3652949012948,0.9956454674578127,37,normal,451,37,0.0,1,,,0.0705870582807481,7.502702702702702,3.7,False
normal_452,AI0_Vibration,0.8912330559877928,0.09096409804670211,-0.9548999363683272,0.028132835852330118,0.02397954166666667,0.07858511387616637,0.4005438540706783,24,normal,452,24,0.0,0,,,0.18068291367072226,0.02397954166666667,2.4,False
normal_452,AI1_Vibration,1.7754929898343386,0.19555559451495827,0.08935440677832475,0.01611169276851982,0.019995166666666665,0.05420251373575149,0.8625181170115571,24,normal,452,24,0.0,0,,,0.18068291367072226,0.019995166666666665,2.4,False
normal_452,AI2_Current,0.6003878020517988,170.7091490625847,-2.138492547590673,0.2502813107981865,-29.900000000000002,5.096815162605,0.9981273130489978,24,normal,452,24,0.0,0,,,0.18068291367072226,29.900000000000002,2.4,False
normal_453,AI0_Vibration,1.471111086622484,0.13507765514295225,1.062462198733478,-0.026163512673472986,-0.011692636363636362,0.062039307478170415,0.7043486953860612,11,normal,453,11,0.0,0,,,0.23235009291016787,0.011692636363636362,1.1,False
normal_453,AI1_Vibration,1.7618306089935052,0.26965308696598267,1.3745474527018786,0.004699216851615506,-0.0005903636363636389,0.06374825354900063,0.9004722046940943,11,normal,453,11,0.0,0,,,0.23235009291016787,0.0005903636363636389,1.1,False
normal_453,AI2_Current,0.5824133657634845,246.90110552930133,0.9746701419893485,-4.594888478452589,32.300000000000004,4.867880028760654,0.9992993141286975,11,normal,453,11,0.0,0,,,0.23235009291016787,32.300000000000004,1.1,False
normal_454,AI0_Vibration,3.5884750538501904,0.08193416703328954,2.1363703937820846,0.00024054613832454746,-3.9999999998895086e-08,0.04954296226207258,0.5774244820660175,50,normal,454,50,0.0,1,,,0.10457538394584072,3.9999999998895086e-08,5.0,False
normal_454,AI1_Vibration,1.798640558599055,0.09275857073274757,1.8144583767800875,6.965444318371428e-05,-1.9999999999187335e-08,0.028786147547522258,0.8383947253588884,50,normal,454,50,0.0,1,,,0.10457538394584072,1.9999999999187335e-08,5.0,False
normal_454,AI2_Current,0.6023366546890635,133.13657376305798,-2.9320066843882895,0.8956243813085187,0.8660000000000005,6.201998753330244,0.9956616289313994,50,normal,454,50,0.0,1,,,0.10457538394584072,0.8660000000000005,5.0,False
normal_455,AI0_Vibration,1.7662057171724734,0.09477657792438288,-1.0347553018841893,-0.0015530708573515406,1.19999999997622e-07,0.08624884622143608,0.37425304374623725,50,normal,455,50,0.0,0,,,0.22654974672530537,1.19999999997622e-07,5.0,False
normal_455,AI1_Vibration,1.789225794641921,0.27025047981954636,-0.670090262651704,-0.0016837342325913551,-1.999999999835467e-08,0.056352447730022445,0.9194762949985519,50,normal,455,50,0.0,0,,,0.22654974672530537,1.999999999835467e-08,5.0,False
normal_455,AI2_Current,0.598289037673206,252.68257857731277,-2.896341202620906,-0.6941040367125595,-0.6719999999999989,7.194232140294972,0.9983860877707152,50,normal,455,50,0.0,0,,,0.22654974672530537,0.6719999999999989,5.0,False
normal_456,AI0_Vibration,3.6616477508775396,0.06439035462246424,-0.6455288794920694,0.002460213130788067,0.0013546410256410244,0.03589902522569498,0.6185477495465026,39,normal,456,39,0.0,1,,,0.07556747183130028,0.0013546410256410244,3.9,False
normal_456,AI1_Vibration,1.7552679467250527,0.040619311708780324,1.2366148052952106,0.000494393417049814,0.0003102307692307685,0.03856239273296462,0.3617782025738472,39,normal,456,39,0.0,1,,,0.07556747183130028,0.0003102307692307685,3.9,False
normal_456,AI2_Current,0.5976946681875276,127.13525226545366,-1.1002883582685232,0.8836020796831434,-2.815384615384615,6.387646062291567,0.9946837576821763,39,normal,456,39,0.0,1,,,0.07556747183130028,2.815384615384615,3.9,False
normal_457,AI0_Vibration,3.560001744075895,0.09602215917600909,-1.4160422781318507,-0.010726401870929325,-0.012858222222222224,0.040814518009729475,0.7363877959223231,27,normal,457,27,0.0,1,,,0.10729637809029854,0.012858222222222224,2.7,False
normal_457,AI1_Vibration,1.7834668764968058,0.0872683037688428,0.20830661085943,-0.011371543967878915,-0.008695370370370372,0.034541989860051844,0.7590738827405914,27,normal,457,27,0.0,1,,,0.10729637809029854,0.008695370370370372,2.7,False
normal_457,AI2_Current,0.6027863899130477,131.9155831002213,1.9396630343774977,0.26296941811138197,-12.837037037037037,5.738934140530228,0.9962624494501489,27,normal,457,27,0.0,1,,,0.10729637809029854,12.837037037037037,2.7,False
normal_458,AI0_Vibration,1.9275699874299514,0.0723348679524934,0.7434731953623446,-0.00829731143449254,-0.0012760000000000017,0.06480881355280466,0.38199880824729304,18,normal,458,18,0.0,0,,,0.18682421857769582,0.0012760000000000017,1.8,False
normal_458,AI1_Vibration,1.7830238827933353,0.22875334996821578,2.437894584615005,-0.006196427021792114,0.0021332777777777773,0.05054805286268079,0.9090732746665161,18,normal,458,18,0.0,0,,,0.18682421857769582,0.0021332777777777773,1.8,False
normal_458,AI2_Current,0.6012872724997671,224.07098153060596,2.0970514684983748,-0.6474077721778713,13.383333333333333,5.004316521515371,0.9990226497698375,18,normal,458,18,0.0,0,,,0.18682421857769582,13.383333333333333,1.8,False
normal_459,AI0_Vibration,2.4349160135791172,0.039271082126209625,3.1251326570800027,-0.0142328694034256,-0.0135306,0.006780970534964618,0.9312034352999408,5,normal,459,5,0.0,1,,,0.0701935070686741,0.0135306,0.5,False
normal_459,AI1_Vibration,2.5440303734554854,0.09877715606269609,-2.8825130795924463,0.0048447666049146985,-0.0015839999999999993,0.004226669112311535,0.9956140494889987,5,normal,459,5,0.0,1,,,0.0701935070686741,0.0015839999999999993,0.5,False
normal_459,AI2_Current,0.4477141528945785,163.259848085211,-0.5909941574454342,25.95422171991052,21.68,2.1419355698613685,0.9988103781571807,5,normal,459,5,0.0,1,,,0.0701935070686741,21.68,0.5,True
normal_460,AI0_Vibration,0.18542305885295027,0.08900486683273012,-2.898543597523797,0.0003065119432383596,1.9999999998632224e-08,0.09543405915018768,0.31872857482252703,50,normal,460,50,0.0,0,,,0.23441256778061198,1.9999999998632224e-08,5.0,False
normal_460,AI1_Vibration,1.7910152884894328,0.2712724446734487,1.0371450115007663,0.000468119495002306,2.6020852139652106e-18,0.06788213340226286,0.8891795540721895,50,normal,460,50,0.0,0,,,0.23441256778061198,2.6020852139652106e-18,5.0,False
normal_460,AI2_Current,0.6008375372757829,249.15857301287755,1.9285679249339827,0.6584055961143633,1.0019999999999998,5.870230378964243,0.9988925345739167,50,normal,460,50,0.0,0,,,0.23441256778061198,1.0019999999999998,5.0,False
normal_461,AI0_Vibration,3.562671116867235,0.045946253560338116,2.1151532901859436,0.0005109586266961522,0.0008313333333333329,0.03747965266801136,0.43233531419223314,48,normal,461,48,0.0,1,,,0.07795726924264879,0.0008313333333333329,4.8,False
normal_461,AI1_Vibration,3.576907771754383,0.045267408417010935,1.6407148402006622,-0.0001048822013457254,0.0003544374999999997,0.05065158488280738,0.28772424740225533,48,normal,461,48,0.0,1,,,0.07795726924264879,0.0003544374999999997,4.8,False
normal_461,AI2_Current,0.5968063303888597,124.93990067301482,-0.7990083437726209,0.34845073992025277,6.0354166666666655,6.483048386671565,0.9943943732125611,48,normal,461,48,0.0,1,,,0.07795726924264879,6.0354166666666655,4.8,False
normal_462,AI0_Vibration,3.61452604565703,0.0833352566408383,-3.1275144518732523,0.0019983875210257364,0.0024477941176470584,0.058939555057050494,0.49123605055063946,34,normal,462,34,0.0,1,,,0.10802928537438355,0.0024477941176470584,3.4,False
normal_462,AI1_Vibration,1.8049201928069791,0.07428009144531357,2.5570344171324164,0.007122181715872821,0.008241705882352943,0.044937783828981004,0.5764981352791708,34,normal,462,34,0.0,1,,,0.10802928537438355,0.008241705882352943,3.4,False
normal_462,AI2_Current,0.6042855073263282,130.6492445121234,2.5887197337445658,0.7480674978996333,2.6264705882352946,5.83228487577141,0.9959842534929013,34,normal,462,34,0.0,1,,,0.10802928537438355,2.6264705882352946,3.4,False
normal_463,AI0_Vibration,1.709953566458044,0.034899712525578795,-1.077135258074297,0.004069515343007805,0.004965352941176469,0.029421759658721472,0.4103427226739639,34,normal,463,34,0.0,1,,,0.06874716588297423,0.004965352941176469,3.4,False
normal_463,AI1_Vibration,3.589364844780637,0.05250070901185552,-1.8174098375752141,0.003231634297564751,0.0024732352941176476,0.04294900221473627,0.4284444261388879,34,normal,463,34,0.0,1,,,0.06874716588297423,0.0024732352941176476,3.4,False
normal_463,AI2_Current,0.5953257673910798,117.82551065425218,1.4619781930849465,0.5120622621977873,1.8882352941176472,5.87547173521331,0.9951036062381697,34,normal,463,34,0.0,1,,,0.06874716588297423,1.8882352941176472,3.4,False
normal_464,AI0_Vibration,3.553773207562768,0.08033641440478813,3.123507284781983,-0.010401990344364002,-0.009342450000000002,0.04287148741557846,0.6372459384598497,20,normal,464,20,0.0,1,,,0.10271729299635968,0.009342450000000002,2.0,False
normal_464,AI1_Vibration,1.8731662974680612,0.08407822220341434,1.8375368208334484,0.0004426060692602901,-0.0019238500000000013,0.04178398591963449,0.6762751018149722,20,normal,464,20,0.0,1,,,0.10271729299635968,0.0019238500000000013,2.0,False
normal_464,AI2_Current,0.600987449017111,129.89599606786248,3.07616979254355,0.9994353040304667,-6.615,5.345261401108384,0.9962483088047437,20,normal,464,20,0.0,1,,,0.10271729299635968,6.615,2.0,False
normal_465,AI0_Vibration,0.4408551992250433,0.5850364878083327,-2.432405207315272,0.45167293171350253,-0.019555749999999997,0.06835364787524288,0.6843152976498559,8,normal,465,8,0.0,0,,,0.24505816817951612,0.019555749999999997,0.8,True
normal_465,AI1_Vibration,1.7609555873577116,0.2850523628575028,0.6462944996133451,-0.0032126297706772944,0.060620249999999994,0.042315201130412095,0.9565351771329743,8,normal,465,8,0.0,0,,,0.24505816817951612,0.060620249999999994,0.8,False
normal_465,AI2_Current,0.5786586010809619,260.0312260881259,-0.9192669289044714,3.4959782086997677,65.27499999999998,3.1078959478147734,0.9996539807522903,8,normal,465,8,0.0,0,,,0.24505816817951612,65.27499999999998,0.8,True
normal_466,AI0_Vibration,3.572458817102149,0.047960681372678726,-0.6694410418496768,-0.0003543471205514903,-4.000000000142778e-08,0.04424913164639573,0.3688262686913707,50,normal,466,50,0.0,1,,,0.07271504614507233,4.000000000142778e-08,5.0,False
normal_466,AI1_Vibration,1.8085085552115072,0.04145482240782179,0.09049136987791988,6.920962179059057e-05,-4.0000000000178784e-08,0.036468656895329236,0.39141703607317446,50,normal,466,50,0.0,1,,,0.07271504614507233,4.0000000000178784e-08,5.0,False
normal_466,AI2_Current,0.6020368312064074,120.34643820569647,-3.0436762207032912,0.5437600721229572,0.5680000000000007,5.798901150037242,0.9953619868719836,50,normal,466,50,0.0,1,,,0.07271504614507233,0.5680000000000007,5.0,False
normal_467,AI0_Vibration,1.7723920339100458,0.0862516989765755,2.8693259768076675,0.0026324472535842122,-6.726530612244827e-05,0.06497105440037469,0.4633189630467558,49,normal,467,49,0.0,0,,,0.2224350187474618,6.726530612244827e-05,4.9,False
normal_467,AI1_Vibration,1.7910152884894328,0.2814676338714807,-3.0300054396190834,0.0009293227080617132,-0.005444897959183675,0.05105084277414068,0.937324473229731,49,normal,467,49,0.0,0,,,0.2224350187474618,0.005444897959183675,4.9,False
normal_467,AI2_Current,0.6003878020517988,233.76760142137186,-1.7584000731633336,0.6063855221115659,4.522448979591836,4.249973199670254,0.9993332419456984,49,normal,467,49,0.0,0,,,0.2224350187474618,4.522448979591836,4.9,False
normal_468,AI0_Vibration,3.619030754609003,0.0890919343920195,-2.9341797084776116,0.0029359181837036227,0.0031175833333333333,0.03968426861366415,0.7160555074904731,36,normal,468,36,0.0,0,,,0.13494095870530026,0.0031175833333333333,3.6,False
normal_468,AI1_Vibration,1.800883285101885,0.13767538004752056,2.23411528092975,-0.0006739555062456326,-0.0009923888888888881,0.05661683282209984,0.7466447301514949,36,normal,468,36,0.0,0,,,0.13494095870530026,0.0009923888888888881,3.6,False
normal_468,AI2_Current,0.5993384198625024,181.67385516358553,-2.095809847424192,-0.00045816860369995993,-12.508333333333333,7.371458581302912,0.9968672638808656,36,normal,468,36,0.0,0,,,0.13494095870530026,12.508333333333333,3.6,False
normal_469,AI0_Vibration,1.764455673900886,0.102946436966935,1.6079456176204123,-0.004842030926448734,-0.0026584054054054093,0.08247458173644162,0.4385406052806927,37,normal,469,37,0.0,0,,,0.23367046598286367,0.0026584054054054093,3.7,False
normal_469,AI1_Vibration,1.7896687883453914,0.27836905216310326,2.0486488796108837,-0.001475449522599953,-0.005321864864864867,0.055284769039753955,0.9280024778290858,37,normal,469,37,0.0,0,,,0.23367046598286367,0.005321864864864867,3.7,False
normal_469,AI2_Current,0.6002378903104707,249.67436413852892,2.7500361091303107,0.8762102126316051,-1.7378378378378385,4.916059593781326,0.9991664799947345,37,normal,469,37,0.0,0,,,0.23367046598286367,1.7378378378378385,3.7,False
normal_470,AI0_Vibration,3.590254635711084,0.1185101433492128,-0.1427985899825961,-0.009488444316402896,-0.006334125000000002,0.035553075696752846,0.848365335123172,24,normal,470,24,0.0,1,,,0.13595192172985884,0.006334125000000002,2.4,False
normal_470,AI1_Vibration,1.7723920339100458,0.13489514281507392,0.6846545596611459,0.0013577067120700281,0.007433749999999999,0.02955932094636983,0.9130730125323298,24,normal,470,24,0.0,1,,,0.13595192172985884,0.007433749999999999,2.4,False
normal_470,AI2_Current,0.5985888611558621,150.36694744777816,1.9980319084545082,-0.03054134709421419,-1.3458333333333339,6.5457559754013905,0.9960511396775333,24,normal,470,24,0.0,1,,,0.13595192172985884,1.3458333333333339,2.4,False
normal_471,AI0_Vibration,3.697375211140402,0.07979591751696223,2.8079038305132817,-0.00698723332086949,-0.00539981818181818,0.042485980496237634,0.6476278789621069,11,normal,471,11,0.0,1,,,0.08768521838993679,0.00539981818181818,1.1,False
normal_471,AI1_Vibration,3.4465889500088047,0.0624536005791858,2.894336597682418,0.0006385474993026961,-0.0029484545454545445,0.027027969721940284,0.7110610483048007,11,normal,471,11,0.0,1,,,0.08768521838993679,0.0029484545454545445,1.1,False
normal_471,AI2_Current,0.5559071500855268,140.2631198951132,-2.282962907163282,8.460737952405935,-26.772727272727273,4.445703597826594,0.9979017664788287,11,normal,471,11,0.0,1,,,0.08768521838993679,26.772727272727273,1.1,False
normal_472,AI0_Vibration,4.027121255104164,0.01883595811552765,-0.15880920084527855,0.00013722422908040116,3.999999999892978e-08,0.025477457064824988,0.21643796573984408,50,normal,472,50,0.0,1,,,0.049850356751180824,3.999999999892978e-08,5.0,False
normal_472,AI1_Vibration,1.7830238827933353,0.023934381034229766,1.86068695953209,0.0002040228298135563,1.9999999999083253e-08,0.037038051199419046,0.17193826513839272,50,normal,472,50,0.0,1,,,0.049850356751180824,1.9999999999083253e-08,5.0,False
normal_472,AI2_Current,0.5997881550864865,120.61484209964974,-1.0951374783804597,0.6028612900748129,0.6439999999999995,6.0760369597718675,0.9949487070978305,50,normal,472,50,0.0,1,,,0.049850356751180824,0.6439999999999995,5.0,False
normal_473,AI0_Vibration,3.625337347141765,0.047356305141417226,0.6658440416701797,3.036265031759397e-05,4.000000000031756e-08,0.018406248069347157,0.764607928022957,50,normal,473,50,0.0,1,,,0.0637482326245991,4.000000000031756e-08,5.0,False
normal_473,AI1_Vibration,3.576017980823936,0.053543451985997866,-0.16808329158613255,-0.0004349361986513041,-8.000000000092569e-08,0.034870991433759796,0.536692910652284,50,normal,473,50,0.0,1,,,0.0637482326245991,8.000000000092569e-08,5.0,False
normal_473,AI2_Current,0.5999380668278146,121.37182612876695,1.7789050797702153,0.5606018243021111,0.5480000000000007,6.244893862979199,0.9947325964916242,50,normal,473,50,0.0,1,,,0.0637482326245991,0.5480000000000007,5.0,False
normal_474,AI0_Vibration,3.5502123294210604,0.06218804202418852,2.1263626038661143,0.0024999972350441824,0.0020844102564102564,0.020178135677293502,0.8279310025531759,39,normal,474,39,0.0,1,,,0.06973412620694514,0.0020844102564102564,3.9,False
normal_474,AI1_Vibration,3.5546629984932143,0.04585098026250939,0.3588061515480774,-0.000493530587438477,1.210256410256402e-05,0.0382102609570229,0.41417664387120456,39,normal,474,39,0.0,1,,,0.06973412620694514,1.210256410256402e-05,3.9,False
normal_474,AI2_Current,0.5999380668278146,121.09635906661433,0.08407529414492874,0.30658211099136246,12.22307692307692,6.096599290229056,0.9949618665986467,39,normal,474,39,0.0,1,,,0.06973412620694514,12.22307692307692,3.9,False
normal_475,AI0_Vibration,3.6534376593412645,0.048451298435601184,-1.2674205870296233,-0.00364273816830335,-0.0034021851851851856,0.019098961866202396,0.7683358750586894,27,normal,475,27,0.0,1,,,0.05237297531382213,0.0034021851851851856,2.7,False
normal_475,AI1_Vibration,3.6725945395925734,0.03328070940178413,-3.0218027777778524,-0.0042407899690532005,-0.004579407407407406,0.024373115083362054,0.4769856029992401,27,normal,475,27,0.0,1,,,0.05237297531382213,0.004579407407407406,2.7,False
normal_475,AI2_Current,0.6003878020517988,120.5806602789544,1.1584068847667155,0.1837302077891536,5.0259259259259235,6.159699087051139,0.9950978929873261,27,normal,475,27,0.0,1,,,0.05237297531382213,5.0259259259259235,2.7,False
normal_476,AI0_Vibration,3.5440608828365816,0.06206092637301962,-1.949589447230999,0.002476200460937647,0.0024514285714285705,0.02282292111898117,0.7906329103176686,14,normal,476,14,0.0,1,,,0.07953705002566863,0.0024514285714285705,1.4,False
normal_476,AI1_Vibration,3.6689456100208955,0.06497895053613936,2.273225866315044,-0.005513228999499256,-0.0034014999999999987,0.03950238229931459,0.5915784807062698,14,normal,476,14,0.0,1,,,0.07953705002566863,0.0034014999999999987,1.4,False
normal_476,AI2_Current,0.6063939576394608,120.34614478166117,-2.917771404609111,-1.3561969956882365,-10.214285714285714,5.621641389673429,0.9960062354674214,14,normal,476,14,0.0,1,,,0.07953705002566863,10.214285714285714,1.4,False
normal_477,AI0_Vibration,3.627139230722554,0.044159966440559764,1.0432377948616636,-0.0001302685980218432,2.000000000002e-08,0.02906765336545815,0.5318153515975003,50,normal,477,50,0.0,1,,,0.065586987607604,2.000000000002e-08,5.0,False
normal_477,AI1_Vibration,3.6082194531242675,0.047828909183910265,-0.40897655123483656,0.00013429157371369974,1.999999999996796e-08,0.03668702649010443,0.4609698619879983,50,normal,477,50,0.0,1,,,0.065586987607604,1.999999999996796e-08,5.0,False
normal_477,AI2_Current,0.6008375372757829,120.65837234088397,-0.5280196465957216,0.7014630585284962,0.5919999999999999,5.80637322363395,0.9953887426699417,50,normal,477,50,0.0,1,,,0.065586987607604,0.5919999999999999,5.0,False
normal_478,AI0_Vibration,3.5947053262683486,0.0496202767289229,1.3634646068685667,1.3715389166134295e-05,2.7755575615628914e-19,0.019464664622521447,0.7654031012993805,50,normal,478,50,0.0,1,,,0.06860395321189589,2.7755575615628914e-19,5.0,False
normal_478,AI1_Vibration,3.6019128605915056,0.06545743248387817,-0.39616795760012685,4.327882102631367e-05,-5.999999999978245e-08,0.03075488042047241,0.6940446825846238,50,normal,478,50,0.0,1,,,0.06860395321189589,5.999999999978245e-08,5.0,False
normal_478,AI2_Current,0.5997881550864865,119.8635102720094,-0.2165363675531898,0.6270910289154799,0.6439999999999992,5.777050222906092,0.995376740621219,50,normal,478,50,0.0,1,,,0.06860395321189589,0.6439999999999992,5.0,False
normal_479,AI0_Vibration,3.593813799432871,0.05950081169574646,1.3575775222458346,1.677048102170786e-05,4.0000000000595114e-08,0.022231318074967924,0.7825590857966873,50,normal,479,50,0.0,1,,,0.07084207869028125,4.0000000000595114e-08,5.0,False
normal_479,AI1_Vibration,3.5956062680587433,0.059601184899850106,-0.14089780464889076,-8.848899100835032e-05,-1.4224732503009817e-18,0.031227793340912517,0.6448295692722277,50,normal,479,50,0.0,1,,,0.07084207869028125,1.4224732503009817e-18,5.0,False
normal_479,AI2_Current,0.5993384198625024,119.91838637864994,0.775023037458991,0.622564350301964,0.5499999999999993,5.752790954443401,0.995420445464944,50,normal,479,50,0.0,1,,,0.07084207869028125,0.5499999999999993,5.0,False
normal_480,AI0_Vibration,3.6109222784954516,0.044434695568970554,-3.065123580243874,-0.0001297483683484939,-4.0000000000525724e-08,0.022435587845517743,0.6626978806351196,50,normal,480,50,0.0,1,,,0.059603792586713805,4.0000000000525724e-08,5.0,False
normal_480,AI1_Vibration,3.5680098624499155,0.05023023542895922,1.7846452677789175,8.62890405131378e-05,3.999999999920734e-08,0.027802664094132002,0.6248200726136086,50,normal,480,50,0.0,1,,,0.059603792586713805,3.999999999920734e-08,5.0,False
normal_480,AI2_Current,0.6003878020517988,119.88660248265475,-1.7785749610545685,0.572039227174443,0.49999999999999944,6.038696355027061,0.9949536868666943,50,normal,480,50,0.0,1,,,0.059603792586713805,0.49999999999999944,5.0,False
normal_481,AI0_Vibration,3.642490870626231,0.037444387299082456,2.5564941528041856,-0.0025901709455330713,-0.002782439024390245,0.03042373063404348,0.4285751011746365,41,normal,481,41,0.0,1,,,0.05978610073093709,0.002782439024390245,4.1,False
normal_481,AI1_Vibration,3.579577144545723,0.04197451930642151,1.3302846177988856,-0.002517805125208064,-0.0018177804878048787,0.032624438157169484,0.452356246863711,41,normal,481,41,0.0,1,,,0.05978610073093709,0.0018177804878048787,4.1,False
normal_481,AI2_Current,0.6006876255344549,121.34210987479513,-0.2736593591250787,0.31570458515209054,13.429268292682927,5.925078922225393,0.9951712413067262,41,normal,481,41,0.0,1,,,0.05978610073093709,13.429268292682927,4.1,False
normal_482,AI0_Vibration,3.6109222784954516,0.024897988991152198,-2.8334787748048846,-5.7122313805012086e-05,-2.7755575615628914e-19,0.025486255948606682,0.3225376184726797,50,normal,482,50,0.0,1,,,0.04972581458176427,2.7755575615628914e-19,5.0,False
normal_482,AI1_Vibration,3.621733579980187,0.03535067894975502,1.0726536212960218,-7.114373562950096e-05,-2.000000000002e-08,0.029963979053881616,0.4069196905713792,50,normal,482,50,0.0,1,,,0.04972581458176427,2.000000000002e-08,5.0,False
normal_482,AI2_Current,0.6008375372757829,121.27390932760032,1.7889763337691942,0.5961012393324836,0.7660000000000005,6.336936001482347,0.9945765387068205,50,normal,482,50,0.0,1,,,0.04972581458176427,0.7660000000000005,5.0,False
normal_483,AI0_Vibration,3.6037147441722945,0.047511247852031105,-1.6277843736229556,0.0007374234017004655,0.0007012272727272721,0.031043012907744128,0.5450649951058966,44,normal,483,44,0.0,1,,,0.07149642740152697,0.0007012272727272721,4.4,False
normal_483,AI1_Vibration,3.5974081516395326,0.06472179416350858,-2.999211923437662,0.0001368723093884503,-0.0006963181818181817,0.030868346230455146,0.68158643098353,44,normal,483,44,0.0,1,,,0.07149642740152697,0.0006963181818181817,4.4,False
normal_483,AI2_Current,0.6000879785691426,120.97068389362921,-0.6765353401558252,0.5038417018389083,12.595454545454544,6.010071117258706,0.994822263647004,44,normal,483,44,0.0,1,,,0.07149642740152697,12.595454545454544,4.4,False
normal_484,AI0_Vibration,3.618129812818608,0.03397035679261128,1.6709171735918638,-0.00023060571726605042,-0.00028970454545454547,0.016541720723576736,0.6809479258979101,44,normal,484,44,0.0,1,,,0.04905866332028143,0.00028970454545454547,4.4,False
normal_484,AI1_Vibration,3.630742997884133,0.04211860719172308,-0.6503844749179997,-0.0009436663265987438,-0.0008655227272727276,0.02578204221898993,0.5706787351573874,44,normal,484,44,0.0,1,,,0.04905866332028143,0.0008655227272727276,4.4,False
normal_484,AI2_Current,0.6000879785691426,121.39210931188593,-0.6402083240047448,0.4935242815664793,12.818181818181815,6.259739974371539,0.9944058597063717,44,normal,484,44,0.0,1,,,0.04905866332028143,12.818181818181815,4.4,False
normal_485,AI0_Vibration,3.6109222784954516,0.0505450580091264,2.035687203025547,2.5393857659601615e-05,-0.0002026818181818187,0.02198354727500685,0.7272337907726397,44,normal,485,44,0.0,1,,,0.061051404497097214,0.0002026818181818187,4.4,False
normal_485,AI1_Vibration,3.5866954719892967,0.0490968181389518,0.5667572461838285,-0.0005489298642054781,0.00019352272727272827,0.027898593798781495,0.6019650425791825,44,normal,485,44,0.0,1,,,0.061051404497097214,0.00019352272727272827,4.4,False
normal_485,AI2_Current,0.6002378903104707,121.30064847548817,2.1827940133157906,0.6413138026058505,-9.484090909090908,6.03579203392337,0.9949639509621929,44,normal,485,44,0.0,1,,,0.061051404497097214,9.484090909090908,4.4,False
normal_486,AI0_Vibration,3.552883416632321,0.038327834210768574,-0.9335731096841263,-0.00016917127151471617,-0.0008706744186046527,0.026427032220913253,0.5175192792688759,43,normal,486,43,0.0,1,,,0.06593747936086969,0.0008706744186046527,4.3,False
normal_486,AI1_Vibration,3.5653404896585754,0.06575317214467745,-2.8967335150646436,0.00029775833008536916,5.783720930232577e-05,0.02812113500036006,0.7272635158064846,43,normal,486,43,0.0,1,,,0.06593747936086969,5.783720930232577e-05,4.3,False
normal_486,AI2_Current,0.5987387728971901,120.91067616178348,0.19725656176592674,0.8302999313187662,15.025581395348837,6.151972001731318,0.9945633041237208,43,normal,486,43,0.0,1,,,0.06593747936086969,15.025581395348837,4.3,False
normal_487,AI0_Vibration,3.555552789423661,0.05104309772527177,0.6445645269181682,-0.0003992314304427924,0.0008757428571428577,0.02061244425652756,0.7544600349554662,35,normal,487,35,0.0,1,,,0.06000891057120481,0.0008757428571428577,3.5,False
normal_487,AI1_Vibration,3.5858056810588503,0.04320452532625269,-1.5561991459869668,-0.00040827128767027127,-0.0015094571428571433,0.030644585154479625,0.4971840316217312,35,normal,487,35,0.0,1,,,0.06000891057120481,0.0015094571428571433,3.5,False
normal_487,AI2_Current,0.6012872724997671,120.85637763005091,-1.2056418518187966,1.0676807286705952,-4.122857142857143,5.997495649903432,0.9952014915540298,35,normal,487,35,0.0,1,,,0.06000891057120481,4.122857142857143,3.5,False
normal_488,AI0_Vibration,1.4024181470123915,0.03074250635590517,-1.0587988535286919,0.0004713884098279872,-0.0009786086956521747,0.024825167349388506,0.4330469930235663,23,normal,488,23,0.0,1,,,0.049627728683714185,0.0009786086956521747,2.3,False
normal_488,AI1_Vibration,3.610021336705057,0.042069706090340844,0.46060399911051986,0.0007233280643985755,0.001175434782608696,0.023001943339049737,0.6148022598096475,23,normal,488,23,0.0,1,,,0.049627728683714185,0.001175434782608696,2.3,False
normal_488,AI2_Current,0.5957699362904137,121.0361807064407,0.7469556472944952,1.1833773712863263,26.847826086956523,6.400494017021264,0.994397325233083,23,normal,488,23,0.0,1,,,0.049627728683714185,26.847826086956523,2.3,False
normal_489,AI0_Vibration,3.5920342175719773,0.04346303927069534,-1.0889684731271445,-0.0012971114768069586,-0.002406142857142859,0.018083253783921394,0.7442171095801982,21,normal,489,21,0.0,1,,,0.04698945560036898,0.002406142857142859,2.1,False
normal_489,AI1_Vibration,3.609120394914662,0.029817758425205287,-2.8396896224749164,0.000526707526669376,-0.0007410952380952381,0.022033259226986623,0.47416521957070124,21,normal,489,21,0.0,1,,,0.04698945560036898,0.0007410952380952381,2.1,False
normal_489,AI2_Current,0.598289037673206,119.7716912719323,-1.4324771342777223,0.46595453723142555,-15.552380952380954,5.951127406645472,0.9949451268490624,21,normal,489,21,0.0,1,,,0.04698945560036898,15.552380952380954,2.1,False
normal_490,AI0_Vibration,3.763350754223525,0.029076576316503726,-0.14697518362342474,-0.002088203057081581,-0.002215000000000001,0.018322106456342874,0.5598623935309623,8,normal,490,8,0.0,1,,,0.039526397280804634,0.002215000000000001,0.8,False
normal_490,AI1_Vibration,3.176953740376606,0.03776031044871557,-1.5454672947320747,0.00313153838075661,-0.001023000000000001,0.010043386742708854,0.8729070790578344,8,normal,490,8,0.0,1,,,0.039526397280804634,0.001023000000000001,0.8,False
normal_490,AI2_Current,0.01,347763.3563473122,-1.5937344172025816,347646.1125297815,-81.05000000000001,4.765016305353828,0.9780553315418151,8,normal,490,8,0.0,1,,,0.039526397280804634,81.05000000000001,0.8,True
normal_491,AI0_Vibration,3.5884750538501904,0.04615202290339221,-1.5924915369476675,-4.3881499877967967e-05,-2.0000000000297557e-08,0.029160042219995776,0.5580377085645323,50,normal,491,50,0.0,1,,,0.06588675346213381,2.0000000000297557e-08,5.0,False
normal_491,AI1_Vibration,3.5715690261717024,0.05678510299053885,-3.0032692587834617,0.0005390833121127732,3.999999999920734e-08,0.028913953952513866,0.6541278164176372,50,normal,491,50,0.0,1,,,0.06588675346213381,3.999999999920734e-08,5.0,False
normal_491,AI2_Current,0.5981388370868617,119.51053224426471,0.3740750969595173,0.7004527862784968,0.6420000000000005,5.630267703076248,0.9955939964537153,50,normal,491,50,0.0,1,,,0.06588675346213381,0.6420000000000005,5.0,False
normal_492,AI0_Vibration,3.5875852629197436,0.05158968798168023,-2.253098003496147,9.302655143272887e-05,2.0000000000245514e-08,0.030469690050038467,0.5905765625766785,50,normal,492,50,0.0,1,,,0.06077455607949761,2.0000000000245514e-08,5.0,False
normal_492,AI1_Vibration,3.605516627753084,0.03319672019699304,1.5811366689860977,-3.239588812934541e-05,-4.0000000000178784e-08,0.029599659820701833,0.3855801097045709,50,normal,492,50,0.0,1,,,0.06077455607949761,4.0000000000178784e-08,5.0,False
normal_492,AI2_Current,0.6006876255344549,120.35367312320895,1.6452421707632525,0.4621501596801494,0.5999999999999985,6.0809705228366155,0.9949259932213562,50,normal,492,50,0.0,1,,,0.06077455607949761,0.5999999999999985,5.0,False
normal_493,AI0_Vibration,1.7843528639037467,0.032185616589086745,-0.3178728467471388,0.0005619587602470732,0.0007306153846153839,0.028251645651248363,0.3927927960052785,39,normal,493,39,0.0,1,,,0.05777220827104344,0.0007306153846153839,3.9,False
normal_493,AI1_Vibration,3.5911444266415304,0.05158175067922883,0.4339986477558899,-0.0018135449529044518,-0.001829282051282053,0.026253861551458174,0.6586576202508576,39,normal,493,39,0.0,1,,,0.05777220827104344,0.001829282051282053,3.9,False
normal_493,AI2_Current,0.6003878020517988,120.41301747998736,2.884457309179106,0.595034813306242,-7.894871794871794,5.839152425372539,0.995184118699362,39,normal,493,39,0.0,1,,,0.05777220827104344,7.894871794871794,3.9,False
normal_494,AI0_Vibration,3.579577144545723,0.051906512886535236,-2.6548474596524745,-0.0009786359071156416,-0.0028169999999999996,0.02136019206150925,0.7387545334643385,27,normal,494,27,0.0,1,,,0.06177725256621267,0.0028169999999999996,2.7,False
normal_494,AI1_Vibration,3.579577144545723,0.049600764530580384,1.5442244949899362,-0.0005913916769016703,0.0004556296296296299,0.02859556675296229,0.6034043974767556,27,normal,494,27,0.0,1,,,0.06177725256621267,0.0004556296296296299,2.7,False
normal_494,AI2_Current,0.6006876255344549,120.46935169762563,-0.7535266835195165,0.5372957234591951,19.237037037037037,5.894553634778923,0.994830096363325,27,normal,494,27,0.0,1,,,0.06177725256621267,19.237037037037037,2.7,False
normal_495,AI0_Vibration,3.562671116867235,0.03802894153011562,-1.4127183948199111,0.0011629553931376893,-0.0013053333333333333,0.016758693813366955,0.7318561380747494,15,normal,495,15,0.0,1,,,0.05174596355079302,0.0013053333333333333,1.5,False
normal_495,AI1_Vibration,3.5379094362521033,0.04785508955423631,2.823775945182927,0.0034541406955501085,0.004765933333333331,0.022721181417838125,0.6785132537287422,15,normal,495,15,0.0,1,,,0.05174596355079302,0.004765933333333331,1.5,False
normal_495,AI2_Current,0.5978427244873056,122.61976230208197,2.051359088687934,1.8647988189115097,-12.08,5.656685900848612,0.9951010998163692,15,normal,495,15,0.0,1,,,0.05174596355079302,12.08,1.5,False
normal_496,AI0_Vibration,3.541424548586091,0.04555524427823773,-0.7326200033778519,-0.004986417239056649,-0.004794538461538462,0.018752477060775426,0.7574810705894557,13,normal,496,13,0.0,1,,,0.05699651542655245,0.004794538461538462,1.3,False
normal_496,AI1_Vibration,3.4508747480940305,0.043498145557411924,-2.5017696307926136,0.0032409787820753266,-9.976923076923074e-05,0.02892087254092921,0.5289366201494974,13,normal,496,13,0.0,1,,,0.05699651542655245,9.976923076923074e-05,1.3,False
normal_496,AI2_Current,0.534716264209246,144.59166971217192,2.8876191356878937,24.35059409293771,-29.069230769230778,5.27365584848869,0.994941155180878,13,normal,496,13,0.0,1,,,0.05699651542655245,29.069230769230778,1.3,False
normal_497,AI0_Vibration,3.617228871028214,0.049030933038267825,0.612021779202279,7.25848576714587e-05,4.0000000000733895e-08,0.020219862459187502,0.7439413930406014,50,normal,497,50,0.0,1,,,0.058779884328399284,4.0000000000733895e-08,5.0,False
normal_497,AI1_Vibration,3.601011918801111,0.04432320322607552,-1.0170605803290553,1.3197686106698747e-05,1.99999999993955e-08,0.029593481695298775,0.5287477928034257,50,normal,497,50,0.0,1,,,0.058779884328399284,1.99999999993955e-08,5.0,False
normal_497,AI2_Current,0.5991885081211743,121.85807515809188,0.7818468719713139,0.6630960980203611,0.5720000000000003,6.127330515392155,0.9949715325646089,50,normal,497,50,0.0,1,,,0.058779884328399284,0.5720000000000003,5.0,False
normal_498,AI0_Vibration,3.61452604565703,0.026741247869287794,-0.7870067880977678,0.00013239965768164184,2.7755575615628914e-19,0.022658328114814497,0.4132072549239444,50,normal,498,50,0.0,1,,,0.048579352553116635,2.7755575615628914e-19,5.0,False
normal_498,AI1_Vibration,3.598309093429927,0.04292223235896962,-2.80274369347959,1.839493640426633e-05,-2.0816681711721684e-19,0.023747684740191517,0.6202411900609965,50,normal,498,50,0.0,1,,,0.048579352553116635,2.0816681711721684e-19,5.0,False
normal_498,AI2_Current,0.5991885081211743,121.26964003429623,-2.029343538732386,0.6594405008112005,0.7900000000000006,5.740809123993724,0.9955364517314358,50,normal,498,50,0.0,1,,,0.048579352553116635,0.7900000000000006,5.0,False
normal_499,AI0_Vibration,3.604615685962689,0.06051243867708712,-1.3116645753683804,6.740403973425763e-05,1.249000902703301e-18,0.024561462400019975,0.7521431333129956,50,normal,499,50,0.0,1,,,0.06810278207635867,1.249000902703301e-18,5.0,False
normal_499,AI1_Vibration,3.6001109770107163,0.05863537425504951,3.1340547798214917,-2.069828820450907e-06,-1.999999999946489e-08,0.022020630236775994,0.7799934407604049,50,normal,499,50,0.0,1,,,0.06810278207635867,1.999999999946489e-08,5.0,False
normal_499,AI2_Current,0.6005377137931268,121.23544787517741,-1.7592636332393976,0.6298601338359049,0.5279999999999996,6.1135957195998625,0.9949432854130654,50,normal,499,50,0.0,1,,,0.06810278207635867,0.5279999999999996,5.0,False
normal_500,AI0_Vibration,3.560001744075895,0.04808416717084815,-0.1774822547229545,0.0017518511333923696,0.0012421621621621635,0.0317445894581388,0.5337674931998815,37,normal,500,37,0.0,1,,,0.06172177717068838,0.0012421621621621635,3.7,False
normal_500,AI1_Vibration,3.604615685962689,0.043950225168452525,-2.861743964906739,0.0012355492392592564,0.001001162162162162,0.026578818991591285,0.5707198741639419,37,normal,500,37,0.0,1,,,0.06172177717068838,0.001001162162162162,3.7,False
normal_500,AI2_Current,0.5999380668278146,121.26673327800988,0.7893516217422584,0.7592757349101333,11.467567567567567,6.162972763968652,0.9950835906744303,37,normal,500,37,0.0,1,,,0.06172177717068838,11.467567567567567,3.7,False
normal_501,AI0_Vibration,3.4724235719319303,0.03119852492591744,-2.7275624277517263,-0.00035858954685282114,-0.0008201250000000009,0.020680547609511244,0.5239451027072612,24,normal,501,24,0.0,1,,,0.054418996194650016,0.0008201250000000009,2.4,False
normal_501,AI1_Vibration,3.5974081516395326,0.057913312445424005,0.34264668192861075,-0.0015784399131375526,0.000694875000000001,0.020979653023753382,0.7865315064844585,24,normal,501,24,0.0,1,,,0.054418996194650016,0.000694875000000001,2.4,False
normal_501,AI2_Current,0.6008375372757829,121.2962144771381,1.7260881129888515,0.10273866359266037,5.770833333333335,6.157935070885778,0.9946538562183197,24,normal,501,24,0.0,1,,,0.054418996194650016,5.770833333333335,2.4,False
normal_502,AI0_Vibration,3.478498882721542,0.04423383091511348,1.640072094623806,0.004781242542123414,0.0047771818181818184,0.020256910215655746,0.7237204012991785,11,normal,502,11,0.0,1,,,0.06544332609559622,0.0047771818181818184,1.1,False
normal_502,AI1_Vibration,3.605516627753084,0.06665384883992606,-0.9064062029870222,0.0038339633407752233,0.004431454545454546,0.023597499528979077,0.7978887717324773,11,normal,502,11,0.0,1,,,0.06544332609559622,0.004431454545454546,1.1,False
normal_502,AI2_Current,0.6327877909839318,116.42739589880921,1.8011649209473952,-5.366825141578431,-31.75454545454545,5.70763040737672,0.9950054558173734,11,normal,502,11,0.0,1,,,0.06544332609559622,31.75454545454545,1.1,False
normal_503,AI0_Vibration,3.572458817102149,0.049624737377452696,0.685209880447401,0.0007594019554898919,0.004567846153846153,0.029742006936920494,0.5590383776094032,13,normal,503,13,0.0,1,,,0.06902659808586609,0.004567846153846153,1.3,False
normal_503,AI1_Vibration,3.627139230722554,0.06568992448962455,-1.6672649007365192,0.001155223802779999,-0.001147769230769232,0.02216044396860799,0.8205391471550562,13,normal,503,13,0.0,1,,,0.06902659808586609,0.001147769230769232,1.3,False
normal_503,AI2_Current,0.6014371842410952,120.37831537644904,-2.631306482468405,-1.7087532817738094,-12.815384615384621,6.030956369764555,0.9955985372096086,13,normal,503,13,0.0,1,,,0.06902659808586609,12.815384615384621,1.3,False
normal_504,AI0_Vibration,3.6199316963993975,0.041612307568431296,-2.3297188085601226,-3.507121263516405e-06,-4.000000000031756e-08,0.023302198379884138,0.6108917816934687,50,normal,504,50,0.0,1,,,0.05776434387163071,4.000000000031756e-08,5.0,False
normal_504,AI1_Vibration,3.598309093429927,0.053363164666230416,2.2801169156226657,2.824529136956702e-05,4.163336342344337e-19,0.022773956965565837,0.7328238276121747,50,normal,504,50,0.0,1,,,0.05776434387163071,4.163336342344337e-19,5.0,False
normal_504,AI2_Current,0.5987387728971901,121.17719123733664,0.8208956581800958,0.673711907044499,0.5260000000000005,6.0947541247710495,0.9949696837585182,50,normal,504,50,0.0,1,,,0.05776434387163071,0.5260000000000005,5.0,False
normal_505,AI0_Vibration,3.601011918801111,0.05301801576046314,1.4290588039267247,-5.74630035998086e-06,1.3877787807814457e-19,0.01719760242620198,0.8260529400067738,50,normal,505,50,0.0,1,,,0.06139719941642289,1.3877787807814457e-19,5.0,False
normal_505,AI1_Vibration,3.6019128605915056,0.051082446539378226,-0.4897887208045639,3.3924691923346156e-05,2.000000000002e-08,0.027615242319804084,0.6314764362457534,50,normal,505,50,0.0,1,,,0.06139719941642289,2.000000000002e-08,5.0,False
normal_505,AI2_Current,0.6005377137931268,122.13083328257805,1.8467581894313603,0.48649929825307936,0.5960000000000011,6.483931738725076,0.9943994968554207,50,normal,505,50,0.0,1,,,0.06139719941642289,0.5960000000000011,5.0,False
normal_506,AI0_Vibration,3.6082194531242675,0.04257097993982977,-1.9327062729306905,-0.0008088504963562893,-0.0015289473684210533,0.01754217058667345,0.7457961020413799,38,normal,506,38,0.0,1,,,0.05475734569587804,0.0015289473684210533,3.8,False
normal_506,AI1_Vibration,3.5947053262683486,0.0489015280724777,2.290633332345372,0.00021342979670048445,9.781578947368397e-05,0.02358007837319574,0.6885852481936061,38,normal,506,38,0.0,1,,,0.05475734569587804,9.781578947368397e-05,3.8,False
normal_506,AI2_Current,0.5994883316038304,120.70381713802111,-2.6371230842092586,0.40187759094462194,-11.671052631578949,5.915743835882408,0.9953617332473569,38,normal,506,38,0.0,1,,,0.05475734569587804,11.671052631578949,3.8,False
normal_507,AI0_Vibration,3.6082194531242675,0.03446860221782096,-2.6132815516490306,0.0021511755695281347,0.0011429259259259248,0.026764022510672045,0.441284978744254,27,normal,507,27,0.0,1,,,0.06244217104293825,0.0011429259259259248,2.7,False
normal_507,AI1_Vibration,3.578687353615276,0.060217510367606884,2.4112425518415397,0.0010134243765864553,0.0005288148148148138,0.027137681809686644,0.718412812213546,27,normal,507,27,0.0,1,,,0.06244217104293825,0.0005288148148148138,2.7,False
normal_507,AI2_Current,0.5997881550864865,121.78129705364967,-2.18279732609477,0.857332023711237,-8.385185185185183,6.283670741362854,0.9948755374576345,27,normal,507,27,0.0,1,,,0.06244217104293825,8.385185185185183,2.7,False
normal_508,AI0_Vibration,3.6534376593412645,0.06161070593033477,-0.10791670194092713,-0.0032827064715669216,-3.846153846152355e-06,0.017757011677367113,0.8489963183252286,13,normal,508,13,0.0,1,,,0.06304224804355103,3.846153846152355e-06,1.3,False
normal_508,AI1_Vibration,3.576907771754383,0.05672802880232002,-1.6480364770054823,0.0007338514651263339,-0.002141,0.01632826420133573,0.8583083457779406,13,normal,508,13,0.0,1,,,0.06304224804355103,0.002141,1.3,False
normal_508,AI2_Current,0.6003878020517988,120.06210709097542,0.7077743915806068,2.585717210387344,7.900000000000001,5.607036354110081,0.99634569638249,13,normal,508,13,0.0,1,,,0.06304224804355103,7.900000000000001,1.3,False
normal_509,AI0_Vibration,3.6154269874474245,0.04154312242856587,-1.5350680241809986,0.0001438287521845008,1.9999999999811833e-08,0.02597958537854642,0.5606771636600585,50,normal,509,50,0.0,1,,,0.05949379320702287,1.9999999999811833e-08,5.0,False
normal_509,AI1_Vibration,3.592924008502424,0.051176092178664846,3.0896224014886298,0.00012072856840230099,-1.999999999871896e-08,0.026458420327928053,0.6505342823483331,50,normal,509,50,0.0,1,,,0.05949379320702287,1.999999999871896e-08,5.0,False
normal_509,AI2_Current,0.6008375372757829,122.49115798674605,2.2783838818289857,0.473977131803494,0.6220000000000004,6.108257946527048,0.9950545865014602,50,normal,509,50,0.0,1,,,0.05949379320702287,0.6220000000000004,5.0,False
normal_510,AI0_Vibration,3.5974081516395326,0.059005061306372265,-1.5672698055483754,-2.078846847654303e-05,6.000000000061511e-08,0.025386951783285854,0.7300912777790806,50,normal,510,50,0.0,1,,,0.06774134115206164,6.000000000061511e-08,5.0,False
normal_510,AI1_Vibration,3.6127241620762405,0.05658585767653613,2.540993164997212,-0.00024769126244096606,2.0000000000575113e-08,0.02416393407089629,0.7347200659318451,50,normal,510,50,0.0,1,,,0.06774134115206164,2.0000000000575113e-08,5.0,False
normal_510,AI2_Current,0.6003878020517988,121.82483874624421,1.4868390429849125,0.5156369603320883,0.5920000000000004,6.249951284295537,0.994766578265823,50,normal,510,50,0.0,1,,,0.06774134115206164,0.5920000000000004,5.0,False
normal_511,AI0_Vibration,3.638851473997684,0.026165275273326176,-1.785057897166398,-0.001447645374104689,-0.0015733421052631581,0.023910453740506675,0.380165061582167,38,normal,511,38,0.0,1,,,0.04614432567556526,0.0015733421052631581,3.8,False
normal_511,AI1_Vibration,3.5822465173370635,0.032446813081948724,2.4230154472524035,0.0019108673723060889,0.0018396052631578967,0.02575392048112213,0.44777715834694487,38,normal,511,38,0.0,1,,,0.04614432567556526,0.0018396052631578967,3.8,False
normal_511,AI2_Current,0.5999380668278146,122.02481554784998,0.7829513418337172,0.44649218932563883,13.581578947368419,6.084910555974407,0.995266783472425,38,normal,511,38,0.0,1,,,0.04614432567556526,13.581578947368419,3.8,False
normal_512,AI0_Vibration,3.5466972170870728,0.04506041777329652,-2.665694421671362,-0.0011767646165722501,-0.0012475769230769244,0.02466728518756494,0.6137806646599661,26,normal,512,26,0.0,1,,,0.06918400467315682,0.0012475769230769244,2.6,False
normal_512,AI1_Vibration,3.6028138023819003,0.06780811746521256,1.2482851429670188,0.0013519818158705538,0.0038684230769230788,0.02883769916679444,0.7396686925350368,26,normal,512,26,0.0,1,,,0.06918400467315682,0.0038684230769230788,2.6,False
normal_512,AI2_Current,0.5988886846385182,122.12814953770263,-3.109302761616595,0.2691525573474003,-24.434615384615388,6.163497001635733,0.9942541855173541,26,normal,512,26,0.0,1,,,0.06918400467315682,24.434615384615388,2.6,False
normal_513,AI0_Vibration,3.610021336705057,0.05284115901614936,0.26077948267839723,-0.003860136601875395,-0.0003048461538461537,0.022993201933874188,0.706149847284181,13,normal,513,13,0.0,1,,,0.05641770798660239,0.0003048461538461537,1.3,False
normal_513,AI1_Vibration,2.9328618479860773,0.044091037160682314,1.078580079145913,-0.0015988930880365126,-0.0006111538461538458,0.019121922348245057,0.7356732921662927,13,normal,513,13,0.0,1,,,0.05641770798660239,0.0006111538461538458,1.3,False
normal_513,AI2_Current,0.5827021938159862,128.51234822044773,2.9656825156215936,6.803883548587489,-26.94615384615384,5.989326021050922,0.9940735630876517,13,normal,513,13,0.0,1,,,0.05641770798660239,26.94615384615384,1.3,False
normal_514,AI0_Vibration,3.5992100352203216,0.04880445686648607,-0.6000025669993899,-1.3168924976322133e-05,1.9999999999187335e-08,0.01707673200739972,0.8032063778755795,50,normal,514,50,0.0,1,,,0.05298503010115216,1.9999999999187335e-08,5.0,False
normal_514,AI1_Vibration,3.604615685962689,0.038489770677867026,-2.856020358508233,-4.3064769460886276e-05,5.551115123125783e-19,0.024185019480269854,0.558748739023365,50,normal,514,50,0.0,1,,,0.05298503010115216,5.551115123125783e-19,5.0,False
normal_514,AI2_Current,0.5994883316038304,121.07314250220804,0.8631527685570531,0.5642884038452678,0.5000000000000009,6.167669750034066,0.9948377398181354,50,normal,514,50,0.0,1,,,0.05298503010115216,0.5000000000000009,5.0,False
normal_515,AI0_Vibration,3.6109222784954516,0.048571316894655034,1.129501931330336,-3.0358196800653325e-05,0.0,0.024072749072227426,0.6687248318677212,50,normal,515,50,0.0,1,,,0.05888056938515456,0.0,5.0,False
normal_515,AI1_Vibration,3.6001109770107163,0.04367574890371191,-0.79693907456754,1.5776976551168387e-06,-4.163336342344337e-19,0.027636529686140367,0.5553301071735383,50,normal,515,50,0.0,1,,,0.05888056938515456,4.163336342344337e-19,5.0,False
normal_515,AI2_Current,0.5994883316038304,121.8418794979197,-2.27871913172988,0.4593263635612459,0.5240000000000012,6.407498894640905,0.9945004176585555,50,normal,515,50,0.0,1,,,0.05888056938515456,0.5240000000000012,5.0,False
normal_516,AI0_Vibration,3.5822465173370635,0.04092324463339172,0.13992040523645136,0.00023232957574552794,0.0002791250000000002,0.016894056822471543,0.74034785719965,40,normal,516,40,0.0,1,,,0.05275760519891895,0.0002791250000000002,4.0,False
normal_516,AI1_Vibration,3.620832638189792,0.04260417293555698,-2.336075798277837,0.0006375273433007755,-0.00044889999999999893,0.027843718619249145,0.5395935034672539,40,normal,516,40,0.0,1,,,0.05275760519891895,0.00044889999999999893,4.0,False
normal_516,AI2_Current,0.5990385963798462,120.96177852765793,1.0720159192833092,0.805161411959503,13.7975,5.963945391888677,0.9951379632042675,40,normal,516,40,0.0,1,,,0.05275760519891895,13.7975,4.0,False
normal_517,AI0_Vibration,3.64431533541207,0.03851929515555113,3.0167692757047417,-0.0004279294868998742,3.175999999999901e-05,0.01969929648594437,0.6585539597847045,25,normal,517,25,0.0,1,,,0.048204783092552134,3.175999999999901e-05,2.5,False
normal_517,AI1_Vibration,3.6064175695434786,0.03231949336643022,1.171184178091225,-0.004226643278583658,-0.00422028,0.0254908505705751,0.44432717612809025,25,normal,517,25,0.0,1,,,0.048204783092552134,0.00422028,2.5,False
normal_517,AI2_Current,0.5996382433451585,120.8677092791748,-2.1615090249066014,0.6838632612746522,-17.508,6.273683171870424,0.9943876026011028,25,normal,517,25,0.0,1,,,0.048204783092552134,17.508,2.5,False
normal_518,AI0_Vibration,3.6909095597154757,0.06164000070957917,1.7620648047378538,-0.0015782728602935642,-0.0014817692307692299,0.014227184183324713,0.9116912627718622,13,normal,518,13,0.0,1,,,0.061001263884762756,0.0014817692307692299,1.3,False
normal_518,AI1_Vibration,3.601011918801111,0.04757717499021289,-0.2582000400248565,-0.0010396042141845741,0.001284076923076923,0.017080326915509748,0.7953014962614853,13,normal,518,13,0.0,1,,,0.061001263884762756,0.001284076923076923,1.3,False
normal_518,AI2_Current,0.6018869194650793,120.39020605537665,0.10384430249447368,1.2866923065090283,22.91538461538463,5.829731201910374,0.9950476035858372,13,normal,518,13,0.0,1,,,0.061001263884762756,22.91538461538463,1.3,False
normal_519,AI0_Vibration,3.5956062680587433,0.04528752286892246,1.1329988873511423,-4.52894792024594e-06,-1.3877787807814457e-19,0.03522070913447043,0.4534288769831626,50,normal,519,50,0.0,1,,,0.0720355137934061,1.3877787807814457e-19,5.0,False
normal_519,AI1_Vibration,3.6001109770107163,0.06470836665519285,-0.5186071514663058,2.4858740998411066e-06,-1.1102230246251566e-18,0.028735704234167228,0.7171650419041382,50,normal,519,50,0.0,1,,,0.0720355137934061,1.1102230246251566e-18,5.0,False
normal_519,AI2_Current,0.5996382433451585,120.61308760174214,0.8143562513639955,0.4505471973694455,0.40800000000000014,5.883319803351949,0.9952648056835645,50,normal,519,50,0.0,1,,,0.0720355137934061,0.40800000000000014,5.0,False
normal_520,AI0_Vibration,3.610021336705057,0.046375288943140795,2.174482334045113,-0.000149423194955544,-5.724587470723464e-19,0.021543906081712503,0.6997475179590507,50,normal,520,50,0.0,1,,,0.050414794534937864,5.724587470723464e-19,5.0,False
normal_520,AI1_Vibration,3.6028138023819003,0.03217093531776053,0.03714309954350929,2.7370784990994167e-05,1.1999999999998122e-07,0.021857152849568382,0.5202593261393447,50,normal,520,50,0.0,1,,,0.050414794534937864,1.1999999999998122e-07,5.0,False
normal_520,AI2_Current,0.6000879785691426,121.38596509092537,1.2802602977601159,0.5561016989738476,0.5719999999999993,6.153423087228202,0.9948871530481725,50,normal,520,50,0.0,1,,,0.050414794534937864,0.5719999999999993,5.0,False
normal_521,AI0_Vibration,3.5608915350063417,0.028349264746000014,0.5856896130682299,0.00018435983416378865,0.0004011282051282058,0.019382367500363127,0.5157310915662715,39,normal,521,39,0.0,1,,,0.050207982188707194,0.0004011282051282058,3.9,False
normal_521,AI1_Vibration,3.596507209849138,0.043942990033266,-1.58969508378305,0.0016575000699408267,0.0016076153846153833,0.027922413273261466,0.5525198118759092,39,normal,521,39,0.0,1,,,0.050207982188707194,0.0016076153846153833,3.9,False
normal_521,AI2_Current,0.5991885081211743,121.02714538142658,1.4688025516559295,0.6043230759072742,10.999999999999998,5.773388544916626,0.9954115106019743,39,normal,521,39,0.0,1,,,0.050207982188707194,10.999999999999998,3.9,False
normal_522,AI0_Vibration,3.5608915350063417,0.069952773623019,2.7376964143332216,0.0008018281243874388,-0.0001073200000000006,0.01940152203533197,0.8636125801580163,25,normal,522,25,0.0,1,,,0.07288559021205769,0.0001073200000000006,2.5,False
normal_522,AI1_Vibration,3.5992100352203216,0.06194957023052025,0.7423525342180349,0.0027072674657893994,0.0027137999999999997,0.02500525958120514,0.754317859753695,25,normal,522,25,0.0,1,,,0.07288559021205769,0.0027137999999999997,2.5,False
normal_522,AI2_Current,0.5987387728971901,120.84021708232316,-3.057672498842927,0.26797172976852046,-25.412,6.021723868014652,0.9945824843838695,25,normal,522,25,0.0,1,,,0.07288559021205769,25.412,2.5,False
normal_523,AI0_Vibration,1.6757964272439738,0.03875956214800365,0.8980042607157407,-0.0015450918055921262,-0.0011468181818181814,0.028661528208962818,0.4978811610159284,11,normal,523,11,0.0,1,,,0.05237326558551519,0.0011468181818181814,1.1,False
normal_523,AI1_Vibration,3.592924008502424,0.039371949556814646,1.0699119193732403,0.0006475155518655372,0.0007703636363636366,0.017473686082184584,0.7236877456253961,11,normal,523,11,0.0,1,,,0.05237326558551519,0.0007703636363636366,1.1,False
normal_523,AI2_Current,0.4810135048010258,167.1792097131366,-0.11379123046382628,-47.99033952951366,51.036363636363625,4.9308902626128255,0.9929775500341352,11,normal,523,11,0.0,1,,,0.05237326558551519,51.036363636363625,1.1,False
normal_524,AI0_Vibration,3.618129812818608,0.03858634823059569,-0.7526941327051834,0.00023880808635042688,-3.999999999976245e-08,0.028551456178911378,0.4807992945423333,50,normal,524,50,0.0,1,,,0.05130457163197058,3.999999999976245e-08,5.0,False
normal_524,AI1_Vibration,3.5822465173370635,0.03315338249422203,-2.4917068956074675,0.0001385321273220698,2.000000000071389e-08,0.022628808457886045,0.5178682418460295,50,normal,524,50,0.0,1,,,0.05130457163197058,2.000000000071389e-08,5.0,False
normal_524,AI2_Current,0.6002378903104707,121.69167863077881,-1.1626843683655848,0.6953122327553984,0.6480000000000012,5.9927143788479205,0.9951750143122379,50,normal,524,50,0.0,1,,,0.05130457163197058,0.6480000000000012,5.0,False
normal_525,AI0_Vibration,3.6064175695434786,0.03986621047529032,2.780074995877953,-8.727010078378103e-05,-6.00000000001641e-08,0.019287641876449695,0.6821894615303943,50,normal,525,50,0.0,1,,,0.05585604833301403,6.00000000001641e-08,5.0,False
normal_525,AI1_Vibration,3.5911444266415304,0.05228394295436909,1.0989977188913929,-2.6875818222422965e-05,-2.7755575615628914e-19,0.02394554105083325,0.705856060848955,50,normal,525,50,0.0,1,,,0.05585604833301403,2.7755575615628914e-19,5.0,False
normal_525,AI2_Current,0.5999380668278146,121.47054745512075,-0.0766698006356836,0.5226825881930335,0.5260000000000001,6.322288283515304,0.994611714259938,50,normal,525,50,0.0,1,,,0.05585604833301403,0.5260000000000001,5.0,False
normal_526,AI0_Vibration,3.6073185113338733,0.05559572877224933,2.6153248058191094,-0.00047407582312112076,-0.0009509999999999995,0.022498808342398858,0.7558655972321315,49,normal,526,49,0.0,1,,,0.06708867727455192,0.0009509999999999995,4.9,False
normal_526,AI1_Vibration,3.617228871028214,0.058145002438788895,0.6686743041851181,-0.00026549321836855794,0.0007028367346938773,0.02786115432894693,0.6800391459863085,49,normal,526,49,0.0,1,,,0.06708867727455192,0.0007028367346938773,4.9,False
normal_526,AI2_Current,0.6006876255344549,121.38439025921583,-1.8589522133463547,0.8504206642065384,2.70408163265306,6.113115731125493,0.9949255025066918,49,normal,526,49,0.0,1,,,0.06708867727455192,2.70408163265306,4.9,False
normal_527,AI0_Vibration,3.5715690261717024,0.036743554472498545,1.999199472929964,-0.0010035807830950788,-0.0012077777777777783,0.02226223417450279,0.5809936109717143,36,normal,527,36,0.0,1,,,0.055595976251533806,0.0012077777777777783,3.6,False
normal_527,AI1_Vibration,3.569789444310809,0.0536102486099193,-0.056552860080108236,-0.001211161080224277,-0.00046841666666666754,0.022594742696319257,0.7322087644761239,36,normal,527,36,0.0,1,,,0.055595976251533806,0.00046841666666666754,3.6,False
normal_527,AI2_Current,0.5991885081211743,121.83792107305702,0.5108142826558241,1.3399477942448712,7.580555555555555,6.284097923671882,0.9947003758595092,36,normal,527,36,0.0,1,,,0.055595976251533806,7.580555555555555,3.6,False
normal_528,AI0_Vibration,3.5511038347714274,0.05178466025686375,-1.5865180498565887,-0.0019415917492366722,-0.0018937199999999976,0.026909146288765378,0.6571190093699162,25,normal,528,25,0.0,1,,,0.06918927785603778,0.0018937199999999976,2.5,False
normal_528,AI1_Vibration,3.659823286091701,0.059158054933179834,2.099619531968027,0.0006288174262361161,0.0017893199999999992,0.029115990320411983,0.6823215975248198,25,normal,528,25,0.0,1,,,0.06918927785603778,0.0017893199999999992,2.5,False
normal_528,AI2_Current,0.6005377137931268,121.31412430520095,-0.7045975707490982,0.08753081444646682,16.392,6.308898678675195,0.9944207057827468,25,normal,528,25,0.0,1,,,0.06918927785603778,16.392,2.5,False
normal_529,AI0_Vibration,3.593813799432871,0.02909131844838458,-1.5750254375889972,0.0038843210403391656,0.00400709090909091,0.015029957093654126,0.6582949584189457,11,normal,529,11,0.0,1,,,0.05525675868327619,0.00400709090909091,1.1,False
normal_529,AI1_Vibration,3.284807025622414,0.06092885653233606,-2.613263317201974,0.0034162098025012355,-0.0025669090909090893,0.025863335304782797,0.7177071749350901,11,normal,529,11,0.0,1,,,0.05525675868327619,0.0025669090909090893,1.1,False
normal_529,AI2_Current,0.35004019331087305,293.5479814568663,0.43492787629260915,-174.87219180651826,52.45454545454547,4.944384875350667,0.992524196743703,11,normal,529,11,0.0,1,,,0.05525675868327619,52.45454545454547,1.1,True
normal_530,AI0_Vibration,,,,0.002891,0.002891,,,1,normal,530,1,0.0,1,,,0.05622737135950782,0.002891,0.1,False
normal_530,AI1_Vibration,,,,0.056153,0.056153,,,1,normal,530,1,0.0,1,,,0.05622737135950782,0.056153,0.1,False
normal_530,AI2_Current,,,,-23.8,-23.8,,,1,normal,530,1,0.0,1,,,0.05622737135950782,23.8,0.1,False
normal_531,AI0_Vibration,3.593813799432871,0.04522620761031803,0.8462521715585697,-3.60030880952808e-05,1.3877787807814457e-19,0.019353985485315892,0.7326332603282897,50,normal,531,50,0.0,1,,,0.057002570815183416,1.3877787807814457e-19,5.0,False
normal_531,AI1_Vibration,3.5875852629197436,0.04891642269758543,-0.723532412011405,-0.00018670375688530777,-1.999999999870161e-08,0.025666370522718755,0.6435861894661608,50,normal,531,50,0.0,1,,,0.057002570815183416,1.999999999870161e-08,5.0,False
normal_531,AI2_Current,0.6003878020517988,120.15977540577595,-1.2105498320162227,0.5808454062062793,0.5039999999999998,5.857065518125718,0.9952734367362019,50,normal,531,50,0.0,1,,,0.057002570815183416,0.5039999999999998,5.0,False
normal_532,AI0_Vibration,3.5813567264066166,0.01895634255142507,-0.2187267293414089,-0.00012105143217750478,-2.000000000022817e-08,0.018604423512617308,0.3385102704563405,50,normal,532,50,0.0,1,,,0.04586675307017055,2.000000000022817e-08,5.0,False
normal_532,AI1_Vibration,3.5956062680587433,0.03852496181660669,-2.5033754057295488,3.1213185802667076e-05,-2.0000000000991446e-08,0.02893567577138892,0.47025080445292544,50,normal,532,50,0.0,1,,,0.04586675307017055,2.0000000000991446e-08,5.0,False
normal_532,AI2_Current,0.6006876255344549,120.37193825440231,2.179046933309615,0.3760260933131434,0.5019999999999999,6.106265191801048,0.9948835089448168,50,normal,532,50,0.0,1,,,0.04586675307017055,0.5019999999999999,5.0,False
normal_533,AI0_Vibration,3.634346765045711,0.035515104817603914,-2.3885239815232757,-0.0002596917356246613,-0.0007395789473684209,0.02794071755877746,0.44365480205163,38,normal,533,38,0.0,1,,,0.05955019521135532,0.0007395789473684209,3.8,False
normal_533,AI1_Vibration,3.604615685962689,0.04945836051290493,2.4789737333876825,0.001113531608055128,0.0006620789473684219,0.029855213220320795,0.5838786270316221,38,normal,533,38,0.0,1,,,0.05955019521135532,0.0006620789473684219,3.8,False
normal_533,AI2_Current,0.6000879785691426,121.45787434512219,1.3242559817957862,0.24247968695009092,12.110526315789473,5.9366159435226535,0.9953600924363084,38,normal,533,38,0.0,1,,,0.05955019521135532,12.110526315789473,3.8,False
normal_534,AI0_Vibration,3.5343943239181157,0.037357341894257254,-0.07156011724253859,0.0017395829179309625,0.0025549600000000002,0.014200599314384218,0.7681217063695435,25,normal,534,25,0.0,1,,,0.05847782048298311,0.0025549600000000002,2.5,False
normal_534,AI1_Vibration,3.5608915350063417,0.05716945738892497,-2.465941877222037,0.0018994395713572629,0.0013754000000000006,0.03007153190567253,0.6441972509642477,25,normal,534,25,0.0,1,,,0.05847782048298311,0.0013754000000000006,2.5,False
normal_534,AI2_Current,0.5973985555879716,121.60687936764057,0.819393901159694,0.8746578667876292,22.22,6.219636343939337,0.9944645773239876,25,normal,534,25,0.0,1,,,0.05847782048298311,22.22,2.5,False
normal_535,AI0_Vibration,1.4263657890837576,0.03958897418749064,0.2441721472862476,0.0004095105651210195,0.0084743,0.019739341573059226,0.6573390218997289,10,normal,535,10,0.0,1,,,0.05046416512140075,0.0084743,1.0,False
normal_535,AI1_Vibration,3.7727031527501507,0.0442327584105115,-2.7479523961266508,-0.005521522551518372,-0.0086413,0.02079103409226934,0.6577568372934229,10,normal,535,10,0.0,1,,,0.05046416512140075,0.0086413,1.0,False
normal_535,AI2_Current,0.5828466078422371,127.81917334469708,-0.7091450189330017,-6.0718367268309095,48.66,5.399477517371294,0.9940008603187193,10,normal,535,10,0.0,1,,,0.05046416512140075,48.66,1.0,False
normal_536,AI0_Vibration,3.6073185113338733,0.030376385081095584,-1.5949611478196761,3.88409321648818e-05,5.999999999978245e-08,0.022352464990768154,0.4793574083267793,50,normal,536,50,0.0,1,,,0.050503454183847656,5.999999999978245e-08,5.0,False
normal_536,AI1_Vibration,3.6109222784954516,0.043632665319936884,2.625272741760027,-0.00016374140525730017,-4.0000000001150225e-08,0.025116811731719296,0.6034739168109794,50,normal,536,50,0.0,1,,,0.050503454183847656,4.0000000001150225e-08,5.0,False
normal_536,AI2_Current,0.6000879785691426,122.39768737444172,1.9329331887060957,0.556224303865335,0.5739999999999992,6.085953842586933,0.9950803094949302,50,normal,536,50,0.0,1,,,0.050503454183847656,0.5739999999999992,5.0,False
normal_537,AI0_Vibration,3.5662302805890223,0.044006556652027996,-1.0736263206835888,-0.00020041506434297085,-1.9999999999187335e-08,0.019778855859741148,0.7152681503706049,50,normal,537,50,0.0,1,,,0.060443584056043526,1.9999999999187335e-08,5.0,False
normal_537,AI1_Vibration,3.598309093429927,0.05291656676814471,2.8698743591696734,3.0717789225444964e-05,-4.000000000101145e-08,0.02968605031779763,0.6133955478183379,50,normal,537,50,0.0,1,,,0.060443584056043526,4.000000000101145e-08,5.0,False
normal_537,AI2_Current,0.6003878020517988,122.47198101701927,1.3422730954093627,0.477051103096386,0.55,6.369233749031335,0.9946223330932501,50,normal,537,50,0.0,1,,,0.060443584056043526,0.55,5.0,False
normal_538,AI0_Vibration,3.6415786382333115,0.04737584491159895,3.134295670555265,-0.0022975333740664016,-0.003287599999999999,0.017199632398576838,0.7865994839243413,35,normal,538,35,0.0,1,,,0.05654976767288389,0.003287599999999999,3.5,False
normal_538,AI1_Vibration,3.58313630826751,0.0458020650640099,1.71215013593428,-0.002768906114481648,-0.0016833428571428576,0.02741564782067934,0.5819654814573462,35,normal,538,35,0.0,1,,,0.05654976767288389,0.0016833428571428576,3.5,False
normal_538,AI2_Current,0.5987387728971901,122.62954871341707,-2.731725181076041,0.21239246118361876,-2.551428571428571,6.20406655794642,0.9947871401180264,35,normal,538,35,0.0,1,,,0.05654976767288389,2.551428571428571,3.5,False
normal_539,AI0_Vibration,3.516818762248177,0.04047323033162064,-2.2332005582262893,-0.000452502334502794,-0.000496956521739131,0.019105126778708487,0.6855843779668227,23,normal,539,23,0.0,1,,,0.056552941415063916,0.000496956521739131,2.3,False
normal_539,AI1_Vibration,3.62623828893216,0.05364625813021753,1.291546498721898,0.002487421309945073,0.004603130434782609,0.022983695339965252,0.7379577104067394,23,normal,539,23,0.0,1,,,0.056552941415063916,0.004603130434782609,2.3,False
normal_539,AI2_Current,0.6005377137931268,122.10942063648794,1.940433768899176,0.24899635706923107,5.282608695652172,6.305480345047689,0.9942512125188466,23,normal,539,23,0.0,1,,,0.056552941415063916,5.282608695652172,2.3,False
normal_540,AI0_Vibration,3.5519936257018743,0.044187064824080684,3.0917941684715196,-0.0022515509403165474,-0.0048643,0.009092236296428252,0.9226509580710517,10,normal,540,10,0.0,1,,,0.06010872039729344,0.0048643,1.0,False
normal_540,AI1_Vibration,3.621733579980187,0.059351292507531836,1.1171283857345353,0.005068348952185074,0.0107419,0.028215784653167122,0.6690006648747666,10,normal,540,10,0.0,1,,,0.06010872039729344,0.0107419,1.0,False
normal_540,AI2_Current,0.6327877909839318,117.83388407038203,-1.0368104731290952,5.283353883604846,42.559999999999995,5.463706118275468,0.9947354872815642,10,normal,540,10,0.0,1,,,0.06010872039729344,42.559999999999995,1.0,False
normal_541,AI0_Vibration,3.769897433192163,0.04057624050663668,-2.6259362967980278,-0.004667123129583329,-0.004508374999999999,0.0071944230505976035,0.9405152255888481,8,normal,541,8,0.0,1,,,0.05871097302996263,0.004508374999999999,0.8,False
normal_541,AI1_Vibration,3.3827671219814643,0.05975470765637266,2.6218555421493077,0.012714403526047729,0.008664249999999998,0.0252636357757157,0.7427909619488897,8,normal,541,8,0.0,1,,,0.05871097302996263,0.008664249999999998,0.8,False
normal_541,AI2_Current,0.04065960731783706,16550.99156310459,1.5416592876656923,-16433.179661437443,59.4625,1.1671129718436404,0.9996603428003323,8,normal,541,8,0.0,1,,,0.05871097302996263,59.4625,0.8,True
normal_542,AI0_Vibration,3.5546629984932143,0.026522810595742616,-1.32906513833443,6.24805210784965e-06,-5.99999999994355e-08,0.019647826818873258,0.4829326767501886,50,normal,542,50,0.0,1,,,0.048027112814534256,5.99999999994355e-08,5.0,False
normal_542,AI1_Vibration,3.5974081516395326,0.03983327225188002,1.8889422208328779,2.3626744848074394e-05,4.000000000038695e-08,0.027684745900201414,0.5086933933638697,50,normal,542,50,0.0,1,,,0.048027112814534256,4.000000000038695e-08,5.0,False
normal_542,AI2_Current,0.6002378903104707,121.47597363597015,-1.3192722901206189,0.4803229127277149,0.4319999999999999,6.194092674455996,0.9948289528160343,50,normal,542,50,0.0,1,,,0.048027112814534256,0.4319999999999999,5.0,False
normal_543,AI0_Vibration,3.5911444266415304,0.04381574580915755,0.9430249844164507,-4.296185652776299e-05,-1.1999999999984247e-07,0.019172089096437205,0.7242347619303698,50,normal,543,50,0.0,1,,,0.056146079981063676,1.1999999999984247e-07,5.0,False
normal_543,AI1_Vibration,3.6073185113338733,0.049400388120621516,-1.334281872741381,8.878801710632961e-05,3.4694469519536144e-19,0.024479243480659697,0.6706562239982071,50,normal,543,50,0.0,1,,,0.056146079981063676,3.4694469519536144e-19,5.0,False
normal_543,AI2_Current,0.5993384198625024,121.20971900211605,-2.493251863257179,0.5134995702754068,0.5719999999999993,6.228080258762633,0.9947510453087993,50,normal,543,50,0.0,1,,,0.056146079981063676,0.5719999999999993,5.0,False
normal_544,AI0_Vibration,3.5866954719892967,0.04908273397308984,-1.9925394496604802,0.00021182788403668884,0.00010844444444444496,0.017334933697931793,0.8029273915864348,36,normal,544,36,0.0,1,,,0.05656340085175808,0.00010844444444444496,3.6,False
normal_544,AI1_Vibration,3.604615685962689,0.04346884362978908,2.057464520996777,-9.050338979562159e-05,-0.0001641388888888897,0.02702695261252468,0.5637925133580781,36,normal,544,36,0.0,1,,,0.05656340085175808,0.0001641388888888897,3.6,False
normal_544,AI2_Current,0.6015870959824232,120.52600428319393,1.5054998467829412,-0.08204701345484011,8.469444444444445,5.898780719418846,0.9954404518147258,36,normal,544,36,0.0,1,,,0.05656340085175808,8.469444444444445,3.6,False
normal_545,AI0_Vibration,3.52736409925014,0.03688409394948804,-0.8487717291322934,0.0007877818003716314,0.001323590909090909,0.012700459390234498,0.8138163390451604,22,normal,545,22,0.0,1,,,0.05978094416891785,0.001323590909090909,2.2,False
normal_545,AI1_Vibration,3.625337347141765,0.06407651821481686,2.924909867621472,-0.000853326070969376,-0.0010951363636363643,0.02587528499831046,0.7524340200796582,22,normal,545,22,0.0,1,,,0.05978094416891785,0.0010951363636363643,2.2,False
normal_545,AI2_Current,0.5990385963798462,121.22446364680714,-1.9802057694632382,0.5384975554563454,-22.25909090909091,6.194229400613104,0.9948439203185815,22,normal,545,22,0.0,1,,,0.05978094416891785,22.25909090909091,2.2,False
normal_546,AI0_Vibration,3.67806793395009,0.02957377850525525,1.662918127326226,0.0010657311668392545,0.004376285714285714,0.0037898599507108087,0.96716169770271,7,normal,546,7,0.0,1,,,0.04933305909544112,0.004376285714285714,0.7,False
normal_546,AI1_Vibration,3.5440608828365816,0.05196888934110607,-0.3074389413808132,-0.016076793243620338,-0.015336285714285715,0.020516781166652686,0.758360626159351,7,normal,546,7,0.0,1,,,0.04933305909544112,0.015336285714285715,0.7,False
normal_546,AI2_Current,0.3434823483965493,362.09617555772553,0.6341341013563243,-241.18132326266687,74.41428571428573,3.6195638045725387,0.9948056022597072,7,normal,546,7,0.0,1,,,0.04933305909544112,74.41428571428573,0.7,True
normal_547,AI0_Vibration,3.73996975790696,0.019843150705957966,-1.0534693594579856,0.0012430565790952867,0.001295625,0.009469571226091853,0.6866672749766793,8,normal,547,8,0.0,1,,,0.0377070854946388,0.001295625,0.8,False
normal_547,AI1_Vibration,3.556442580354108,0.03837930731781801,-2.451418355523966,0.00023815712594339386,-0.0017371250000000008,0.020563287009411447,0.6261078346903166,8,normal,547,8,0.0,1,,,0.0377070854946388,0.0017371250000000008,0.8,False
normal_547,AI2_Current,0.40911313374903285,203.7793110677694,-1.736373988014143,87.03012717389103,-39.325,2.6717886011411998,0.9987539821229392,8,normal,547,8,0.0,1,,,0.0377070854946388,39.325,0.8,True
normal_548,AI0_Vibration,3.5653404896585754,0.03146844826459346,1.0260684902364112,-0.00021573280676074821,7.99999999994555e-08,0.020390091787020906,0.545165851840018,50,normal,548,50,0.0,1,,,0.048580753812389535,7.99999999994555e-08,5.0,False
normal_548,AI1_Vibration,3.5858056810588503,0.03394870543125686,-1.83459860672858,7.0820012928567155e-06,1.999999999960367e-08,0.029383141224881257,0.4029290431513016,50,normal,548,50,0.0,1,,,0.048580753812389535,1.999999999960367e-08,5.0,False
normal_548,AI2_Current,0.6005377137931268,121.42013398348767,2.198162589066373,0.5233878996689185,0.621999999999999,6.138342009241573,0.9949173631287915,50,normal,548,50,0.0,1,,,0.048580753812389535,0.621999999999999,5.0,False
normal_549,AI0_Vibration,3.5947053262683486,0.05711628192002582,-1.2982957054097208,0.0006934910485248136,0.00011624489795918342,0.02559133337843868,0.7153874578288671,49,normal,549,49,0.0,1,,,0.07219556559337241,0.00011624489795918342,4.9,False
normal_549,AI1_Vibration,3.6028138023819003,0.06511749235251744,-2.9898739936622065,0.0001879608040913465,-0.0009548163265306138,0.028576029150128857,0.7194037873715105,49,normal,549,49,0.0,1,,,0.07219556559337241,0.0009548163265306138,4.9,False
normal_549,AI2_Current,0.5999380668278146,121.11294794407442,-1.6934347601925235,0.6409028741818901,2.8204081632653057,5.940878313636656,0.9951543087604621,49,normal,549,49,0.0,1,,,0.07219556559337241,2.8204081632653057,4.9,False
normal_550,AI0_Vibration,3.5956062680587433,0.02992838307070646,-2.078197141929085,-3.365465911956897e-05,-0.0007463260869565218,0.02149389131078886,0.49021299370599725,46,normal,550,46,0.0,1,,,0.05123538352290465,0.0007463260869565218,4.6,False
normal_550,AI1_Vibration,3.5875852629197436,0.041781479808249276,1.8892223566851039,-0.0010119438694466548,-0.0002908478260869567,0.029083903161610535,0.5076941665311572,46,normal,550,46,0.0,1,,,0.05123538352290465,0.0002908478260869567,4.6,False
normal_550,AI2_Current,0.6041355955850002,120.15963042269279,-0.2337918954632498,0.5262543011337648,8.491304347826086,5.8665596082004186,0.9950359750004348,46,normal,550,46,0.0,1,,,0.05123538352290465,8.491304347826086,4.6,False
normal_551,AI0_Vibration,3.6370495904168947,0.04816411049679917,-2.243837164990767,-0.0001606790481096243,-0.0010074888888888889,0.01842992409867306,0.7743035949242317,45,normal,551,45,0.0,1,,,0.05639835972063175,0.0010074888888888889,4.5,False
normal_551,AI1_Vibration,3.589364844780637,0.04258405094586029,2.4533460465124244,0.0001570042868001935,0.0006258222222222213,0.02736704761792105,0.5527068185493358,45,normal,551,45,0.0,1,,,0.05639835972063175,0.0006258222222222213,4.5,False
normal_551,AI2_Current,0.6003878020517988,120.36545436418051,1.5492737814191335,0.43665282483023304,-4.288888888888887,5.970371193985022,0.9952683246596012,45,normal,551,45,0.0,1,,,0.05639835972063175,4.288888888888887,4.5,False
normal_552,AI0_Vibration,3.5635609077976818,0.02414310430039233,1.6889834157145944,0.0013745960738585899,0.0014583548387096777,0.019396907453621548,0.436094143842798,31,normal,552,31,0.0,1,,,0.048102324741956554,0.0014583548387096777,3.1,False
normal_552,AI1_Vibration,3.610021336705057,0.04507562779045505,-0.8274534382900026,0.0010718510549389618,0.00018529032258064512,0.024350327358513852,0.6394346902668238,31,normal,552,31,0.0,1,,,0.048102324741956554,0.00018529032258064512,3.1,False
normal_552,AI2_Current,0.5994883316038304,121.61528492445228,-2.655141835362146,-0.056354371312366425,-1.3741935483870948,6.145496441090572,0.9952274781857379,31,normal,552,31,0.0,1,,,0.048102324741956554,1.3741935483870948,3.1,False
normal_553,AI0_Vibration,3.6289411143033434,0.06209373687100548,0.4722785801319121,0.004209417132234956,0.003932705882352942,0.02174200909394974,0.7921833134255835,17,normal,553,17,0.0,1,,,0.07130555807847207,0.003932705882352942,1.7,False
normal_553,AI1_Vibration,3.610021336705057,0.05910895927351389,-0.9792727250535882,-0.0034534709092503765,-0.005044764705882353,0.030419473422789903,0.6658072284470278,17,normal,553,17,0.0,1,,,0.07130555807847207,0.005044764705882353,1.7,False
normal_553,AI2_Current,0.6135322087026917,120.13458267340326,1.7536374519888236,-2.053633404599452,2.8764705882352937,5.852080402491128,0.9954447092224153,17,normal,553,17,0.0,1,,,0.07130555807847207,2.8764705882352937,1.7,False
normal_554,AI0_Vibration,,,,0.005102333333333334,0.005102333333333334,,,3,normal,554,3,0.0,1,,,0.052440147651076144,0.005102333333333334,0.3,False
normal_554,AI1_Vibration,,,,-0.028478000000000003,-0.028478000000000003,,,3,normal,554,3,0.0,1,,,0.052440147651076144,0.028478000000000003,0.3,False
normal_554,AI2_Current,,,,-52.833333333333336,-52.833333333333336,,,3,normal,554,3,0.0,1,,,0.052440147651076144,52.833333333333336,0.3,False
normal_555,AI0_Vibration,3.609120394914662,0.03845655035557112,0.9412153648033821,5.97999387586326e-06,6.938893903907229e-19,0.02023765938405101,0.6418627800751533,50,normal,555,50,0.0,1,,,0.0569355626685115,6.938893903907229e-19,5.0,False
normal_555,AI1_Vibration,3.6028138023819003,0.05353719204586566,-0.7655592609082578,5.013452141077249e-05,-5.999999999894978e-08,0.025732767954330788,0.6843877880596925,50,normal,555,50,0.0,1,,,0.0569355626685115,5.999999999894978e-08,5.0,False
normal_555,AI2_Current,0.6000879785691426,121.35234422474582,-0.3820277788427772,0.5776453895744247,0.5680000000000001,5.857872744931956,0.9953610307995675,50,normal,555,50,0.0,1,,,0.0569355626685115,0.5680000000000001,5.0,False
normal_556,AI0_Vibration,3.6154269874474245,0.044082627569775844,-2.0323170204065932,5.0009386544112855e-05,5.999999999922734e-08,0.019321173295336284,0.7201978246933518,50,normal,556,50,0.0,1,,,0.05382465836175832,5.999999999922734e-08,5.0,False
normal_556,AI1_Vibration,3.6154269874474245,0.035733721397888066,1.9367022057561991,-0.00016337039774972847,1.9999999999187335e-08,0.030342191968010395,0.4109391947009937,50,normal,556,50,0.0,1,,,0.05382465836175832,1.9999999999187335e-08,5.0,False
normal_556,AI2_Current,0.5999380668278146,121.45098553074995,1.5860914334376144,0.5384214600288715,0.5259999999999997,6.014516406864045,0.9951185669919229,50,normal,556,50,0.0,1,,,0.05382465836175832,0.5259999999999997,5.0,False
normal_557,AI0_Vibration,3.621733579980187,0.029844532557657562,-0.3011833363620084,0.0004187870378012711,0.00013506666666666681,0.020326181602250082,0.5149567383429206,45,normal,557,45,0.0,1,,,0.05307022546065208,0.00013506666666666681,4.5,False
normal_557,AI1_Vibration,3.5911444266415304,0.046521170188634865,-2.1772145363775026,0.00075497844174836,0.0005713777777777777,0.03004449551046547,0.5404653294175426,45,normal,557,45,0.0,1,,,0.05307022546065208,0.0005713777777777777,4.5,False
normal_557,AI2_Current,0.5999380668278146,121.28352402273352,-0.7244080143758804,0.5883697133542682,11.762222222222224,5.750092038197118,0.9952136800530215,45,normal,557,45,0.0,1,,,0.05307022546065208,11.762222222222224,4.5,False
normal_558,AI0_Vibration,3.541424548586091,0.055222637333598674,2.394052106594471,0.0007619683974715574,0.0005703999999999999,0.019152926259463847,0.8104935804905635,30,normal,558,30,0.0,1,,,0.06917500905167993,0.0005703999999999999,3.0,False
normal_558,AI1_Vibration,3.6037147441722945,0.06457261714113124,-0.036167282053272125,0.0029562093749645477,0.0042613666666666645,0.02873332368058763,0.708366135943552,30,normal,558,30,0.0,1,,,0.06917500905167993,0.0042613666666666645,3.0,False
normal_558,AI2_Current,0.6005377137931268,120.4122428002902,0.015806706248302403,0.3664716149946088,9.293333333333331,5.98170140581752,0.99502515152538,30,normal,558,30,0.0,1,,,0.06917500905167993,9.293333333333331,3.0,False
normal_559,AI0_Vibration,3.6154269874474245,0.04280585609508587,3.05689675632829,0.00010391195681202668,-0.000885842105263158,0.025853015603691118,0.5653467151088434,19,normal,559,19,0.0,1,,,0.051894934813169945,0.000885842105263158,1.9,False
normal_559,AI1_Vibration,3.4337315557531283,0.031309279836608826,2.2236638857757822,-0.0012513404221939292,-0.0006117368421052624,0.025707973868511095,0.427394464901918,19,normal,559,19,0.0,1,,,0.051894934813169945,0.0006117368421052624,1.9,False
normal_559,AI2_Current,0.5957699362904137,119.53527064008584,0.7593472625173244,1.6385667756743914,12.999999999999998,5.375607337821691,0.9960637703977969,19,normal,559,19,0.0,1,,,0.051894934813169945,12.999999999999998,1.9,False
normal_560,AI0_Vibration,2.8678226868222825,0.0986710045250871,1.0783043114832234,-0.023385645659243004,0.0012361999999999985,0.017877234557496253,0.9358769461112668,5,normal,560,5,0.0,0,,,0.1598609442465545,0.0012361999999999985,0.5,False
normal_560,AI1_Vibration,1.4917797293143906,0.17941027846659116,-2.0857843110316954,0.03034319535014493,0.018418799999999992,0.025242917280525277,0.9685029865180381,5,normal,560,5,0.0,0,,,0.1598609442465545,0.018418799999999992,0.5,False
normal_560,AI2_Current,0.6104922993917953,186.5690685324003,1.8969707175917303,50.585996426477976,124.22,1.2457638068715333,0.9997760930111393,5,normal,560,5,0.0,0,,,0.1598609442465545,124.22,0.5,True
normal_561,AI0_Vibration,3.5911444266415304,0.0682033049262613,-1.5300287078559573,-7.06017115082655e-05,3.9999999998791e-08,0.037839161076693904,0.6202505836105388,50,normal,561,50,0.0,1,,,0.07588502861790328,3.9999999998791e-08,5.0,False
normal_561,AI1_Vibration,3.596507209849138,0.047294720801329196,-1.6073322617331998,-1.9661243214404156e-05,-1.9999999999326113e-08,0.029450416323757733,0.563751930541647,50,normal,561,50,0.0,1,,,0.07588502861790328,1.9999999999326113e-08,5.0,False
normal_561,AI2_Current,0.6018869194650793,123.60961062157709,2.2708016908155577,0.5757949676246739,0.9100000000000011,6.208106276402267,0.9949879782171643,50,normal,561,50,0.0,1,,,0.07588502861790328,0.9100000000000011,5.0,False
normal_562,AI0_Vibration,3.589364844780637,0.056636701905071876,-0.00937086453284176,-0.00020107917988491236,4.0000000001150225e-08,0.04518169516563261,0.43817845048232906,50,normal,562,50,0.0,1,,,0.07887495591757882,4.0000000001150225e-08,5.0,False
normal_562,AI1_Vibration,1.7679620968753418,0.04135164371018862,-0.9400655518927502,-0.0006882008231211961,2.7755575615628914e-19,0.04175896286211313,0.32612752169986503,50,normal,562,50,0.0,1,,,0.07887495591757882,2.7755575615628914e-19,5.0,False
normal_562,AI2_Current,0.5957699362904137,116.08687624217617,2.926084574274161,0.2785473955380837,-0.09600000000000136,6.107686468765339,0.9945174602723593,50,normal,562,50,0.0,1,,,0.07887495591757882,0.09600000000000136,5.0,False
normal_563,AI0_Vibration,1.4381470732616604,0.0633549691309479,-0.2957972502995065,-0.0005026127043131594,0.0002851363636363643,0.04588550713068914,0.4824909532434525,44,normal,563,44,0.0,0,,,0.14071635253151188,0.0002851363636363643,4.4,False
normal_563,AI1_Vibration,1.7799229268690426,0.17199377139058578,2.966971908762282,0.001064733379807864,-0.0024779090909090914,0.03483864933992372,0.9228219491939327,44,normal,563,44,0.0,0,,,0.14071635253151188,0.0024779090909090914,4.4,False
normal_563,AI2_Current,0.5987387728971901,192.83380835548186,-0.4307350634328383,0.6837297779423039,21.650000000000002,5.824422725065603,0.9980494756621024,44,normal,563,44,0.0,0,,,0.14071635253151188,21.650000000000002,4.4,False
normal_564,AI0_Vibration,1.713367548778852,0.05091506985031898,2.1108357736954244,-0.0031443339015457226,-0.0018693000000000004,0.046672660927973356,0.37706252616465297,30,normal,564,30,0.0,0,,,0.15896682826447364,0.0018693000000000004,3.0,False
normal_564,AI1_Vibration,1.7905667431888668,0.20522973026277927,2.30573037153944,-0.0008055724178365753,0.0018918999999999995,0.034883971973515816,0.9440933759354575,30,normal,564,30,0.0,0,,,0.15896682826447364,0.0018918999999999995,3.0,False
normal_564,AI2_Current,0.5991885081211743,215.01199122066205,2.0665811391105464,0.5491677009987939,-20.983333333333327,5.595837138884825,0.9985157167565842,30,normal,564,30,0.0,0,,,0.15896682826447364,20.983333333333327,3.0,False
normal_565,AI0_Vibration,3.5858056810588503,0.09059183202291708,0.9862697580710071,-0.012554271575574538,-0.0072572222222222205,0.03434236983483751,0.7785057184751036,18,normal,565,18,0.0,1,,,0.08863158801873192,0.0072572222222222205,1.8,False
normal_565,AI1_Vibration,3.475895178097423,0.05117224641117601,1.2656396732223867,-0.004846741166270048,-0.0029272777777777765,0.033619654091225644,0.5423197919544236,18,normal,565,18,0.0,1,,,0.08863158801873192,0.0029272777777777765,1.8,False
normal_565,AI2_Current,0.6038357721023441,118.85910599325977,-0.7891351993970499,0.7581996188434701,-5.366666666666668,6.072312846252555,0.9947142286058916,18,normal,565,18,0.0,1,,,0.08863158801873192,5.366666666666668,1.8,False
normal_566,AI0_Vibration,3.654349891734184,0.09285644300242758,-1.6089676789811171,0.07315708325573136,0.04876375,1.6963514351844246e-06,0.9999999992827878,4,normal,566,4,0.0,1,,,0.15588577727297637,0.04876375,0.4,False
normal_566,AI1_Vibration,1.8293561185595701,0.17436873045167894,0.9973205452407066,-0.0011042011937206497,0.02331325,3.0273931719946965e-06,0.9999999994722611,4,normal,566,4,0.0,1,,,0.15588577727297637,0.02331325,0.4,False
normal_566,AI2_Current,0.01,166224.94719276374,1.622468059641146,-165867.48404874833,43.225,0.6599215251326949,0.9999145151299609,4,normal,566,4,0.0,1,,,0.15588577727297637,43.225,0.4,True
normal_567,AI0_Vibration,1.7856818450141578,0.0629174975179076,1.7526954789057847,0.0004341976897750052,4.000000000210432e-08,0.05395182569781024,0.40390785464126067,50,normal,567,50,0.0,0,,,0.15866051488495808,4.000000000210432e-08,5.0,False
normal_567,AI1_Vibration,1.7941551055933949,0.19065017237686244,2.6726133322234857,0.0005902512187843795,4.000000000226045e-08,0.04650503457480624,0.8934097645571327,50,normal,567,50,0.0,0,,,0.15866051488495808,4.000000000226045e-08,5.0,False
normal_567,AI2_Current,0.5987387728971901,224.81798744693396,1.286233257193913,1.0437399329222785,0.6239999999999992,6.702928711548814,0.9982231699816034,50,normal,567,50,0.0,0,,,0.15866051488495808,0.6239999999999992,5.0,False
normal_568,AI0_Vibration,1.3912763375618555,0.04873798435628502,-0.3816726432777721,-0.00025694631373712577,-2.0000000000297557e-08,0.034249318725418816,0.5025049129197096,50,normal,568,50,0.0,1,,,0.06391609716323424,2.0000000000297557e-08,5.0,False
normal_568,AI1_Vibration,1.817093623862105,0.03835691473017823,1.5342979794767442,-0.0003552172850282975,0.0,0.031392281874344376,0.42951140489734985,50,normal,568,50,0.0,1,,,0.06391609716323424,0.0,5.0,False
normal_568,AI2_Current,0.600987449017111,116.71483888225171,-2.0552190403061408,0.7266622152105668,0.5739999999999997,5.699979723578906,0.9952545696511341,50,normal,568,50,0.0,1,,,0.06391609716323424,0.5739999999999997,5.0,False
normal_569,AI0_Vibration,0.1652283147781283,0.08972270865282882,0.7057193464169758,-0.0025951054458132825,0.003421613636363638,0.09254544444789663,0.35871703952339784,44,normal,569,44,0.0,0,,,0.16864846709764772,0.003421613636363638,4.4,False
normal_569,AI1_Vibration,1.7816949016829242,0.12728470714722406,1.99731015905902,-0.004240621861126295,-0.006356227272727274,0.08359966036762158,0.5351481369271816,44,normal,569,44,0.0,0,,,0.16864846709764772,0.006356227272727274,4.4,False
normal_569,AI2_Current,0.6012872724997671,175.3095159758416,-2.901265065165121,0.7692378959895692,-15.85227272727273,5.277082105585845,0.9981087284184756,44,normal,569,44,0.0,0,,,0.16864846709764772,15.85227272727273,4.4,False
normal_570,AI0_Vibration,3.6109222784954516,0.03774525676919244,-2.7211342121795203,-0.007542134400866379,-0.00744752380952381,0.043524147111518315,0.2683025498680407,42,normal,570,42,0.0,1,,,0.0733863857013651,0.00744752380952381,4.2,False
normal_570,AI1_Vibration,1.7878968135315099,0.04717162921073114,-1.933307606562849,-0.0008334579267952752,-0.002478547619047619,0.04031705741638722,0.40567372719369865,42,normal,570,42,0.0,1,,,0.0733863857013651,0.002478547619047619,4.2,False
normal_570,AI2_Current,0.6006876255344549,115.23845810433424,-0.6147693519265344,0.18732648442345123,11.042857142857143,5.516001213296646,0.9953518795217361,42,normal,570,42,0.0,1,,,0.0733863857013651,11.042857142857143,4.2,False
normal_571,AI0_Vibration,1.639442947457906,0.07330975129502086,-1.1494107290406037,0.0035711724551030707,0.004753699999999999,0.042167904530323604,0.5981332038505545,30,normal,571,30,0.0,0,,,0.1847226973899887,0.004753699999999999,3.0,False
normal_571,AI1_Vibration,1.7662057171724734,0.23167741651809287,-1.4943090684107445,0.0017611360868958759,-0.0088328,0.047902991794439145,0.922469074917407,30,normal,571,30,0.0,0,,,0.1847226973899887,0.0088328,3.0,False
normal_571,AI2_Current,0.6005377137931268,226.5135820815883,-0.5264012154438694,0.5772364948626176,23.44333333333333,6.346001418744786,0.9982645357207511,30,normal,571,30,0.0,0,,,0.1847226973899887,23.44333333333333,3.0,False
normal_572,AI0_Vibration,3.555552789423661,0.10088517435983042,0.11920883139502318,0.007159995269420168,0.0060002999999999975,0.05009862380071794,0.6671883807196288,20,normal,572,20,0.0,0,,,0.12957404396039354,0.0060002999999999975,2.0,False
normal_572,AI1_Vibration,1.7710630527996345,0.11441461060514554,-2.6373726824109305,-0.004086588864709598,-0.014789449999999999,0.05154328376025457,0.7045894721533885,20,normal,572,20,0.0,0,,,0.12957404396039354,0.014789449999999999,2.0,False
normal_572,AI2_Current,0.5971024429884156,162.53614706047662,-2.4464992256599944,-0.3866356640348414,-22.835,6.837852037572763,0.9966107921974573,20,normal,572,20,0.0,0,,,0.12957404396039354,22.835,2.0,False
normal_573,AI0_Vibration,3.6379505322072894,0.06068725457381507,3.0097273400977334,-0.0023694319977678718,-0.00468625,0.01586722858665968,0.8692233054567221,8,normal,573,8,0.0,1,,,0.07093199234213712,0.00468625,0.8,False
normal_573,AI1_Vibration,2.729134498956119,0.07344410710996649,-2.972663546098091,0.0036081094105582575,0.004350875000000001,0.02592550750412495,0.7807269951204231,8,normal,573,8,0.0,1,,,0.07093199234213712,0.004350875000000001,0.8,False
normal_573,AI2_Current,0.7327772549410799,107.03413219115944,-1.5305923949618827,6.78616226705509,11.350000000000001,3.772367930371577,0.9978245908538949,8,normal,573,8,0.0,1,,,0.07093199234213712,11.350000000000001,0.8,False
normal_574,AI0_Vibration,3.5866954719892967,0.08559035252498623,-1.8954798862281665,3.5177314788401026e-05,-4.000000000142778e-08,0.04223375105854486,0.6747617940178559,50,normal,574,50,0.0,0,,,0.13322683988363607,4.000000000142778e-08,5.0,False
normal_574,AI1_Vibration,1.793258014992263,0.14587564069550257,2.780385902968566,0.0004951949362812444,-2.000000000002e-08,0.04060603634591285,0.8655660727643986,50,normal,574,50,0.0,0,,,0.13322683988363607,2.000000000002e-08,5.0,False
normal_574,AI2_Current,0.5990385963798462,171.92554934193453,2.871248569321671,0.19259837990509965,0.06599999999999938,5.968911933756548,0.9975974147956258,50,normal,574,50,0.0,0,,,0.13322683988363607,0.06599999999999938,5.0,False
normal_575,AI0_Vibration,1.778150952055161,0.0971346578693329,2.43561430976684,0.0012325408372157107,-1.999999999946489e-08,0.06718716495672877,0.5073984738953756,50,normal,575,50,0.0,0,,,0.2003760135137936,1.999999999946489e-08,5.0,False
normal_575,AI1_Vibration,1.7905667431888668,0.2371226860261204,-3.122085926617166,0.000836845437454113,-1.9999999997244443e-08,0.05328931275938082,0.9083558741346831,50,normal,575,50,0.0,0,,,0.2003760135137936,1.9999999997244443e-08,5.0,False
normal_575,AI2_Current,0.5996382433451585,256.4026495105221,0.09476608734883288,0.9865742277954652,1.0019999999999996,4.630501141459708,0.999348529131472,50,normal,575,50,0.0,0,,,0.2003760135137936,1.0019999999999996,5.0,False
normal_576,AI0_Vibration,3.58046693547617,0.0814621794552865,-1.3092044266759908,5.519067277479084e-05,-0.0011537551020408157,0.04023491459753912,0.6721885703991357,49,normal,576,49,0.0,1,,,0.12287032486108837,0.0011537551020408157,4.9,False
normal_576,AI1_Vibration,1.794603650893961,0.12608549996359247,2.959490071202448,0.00011964796517775073,-0.002743755102040816,0.048698796549653395,0.7663453221732339,49,normal,576,49,0.0,1,,,0.12287032486108837,0.002743755102040816,4.9,False
normal_576,AI2_Current,0.5968063303888597,152.76432924389465,1.4674841528992906,0.7270966394553113,-2.673469387755101,6.589829747530056,0.9962415129967969,49,normal,576,49,0.0,1,,,0.12287032486108837,2.673469387755101,4.9,False
normal_577,AI0_Vibration,0.9328114213271249,0.05090827740918811,0.798774317342325,-0.02842785774439411,-0.024806057142857142,0.044202627671886104,0.4072200059133393,35,normal,577,35,0.0,1,,,0.08498034554413156,0.024806057142857142,3.5,False
normal_577,AI1_Vibration,1.8357267184113029,0.04712032010738313,2.2825535359304348,-0.00787347505090008,-0.0076327428571428555,0.046446374962335,0.33662247345674823,35,normal,577,35,0.0,1,,,0.08498034554413156,0.0076327428571428555,3.5,False
normal_577,AI2_Current,0.5997881550864865,116.19776433587352,2.2679040611886307,0.48376904081811034,4.191428571428571,5.3373600205013965,0.9957760279751046,35,normal,577,35,0.0,1,,,0.08498034554413156,4.191428571428571,3.5,False
normal_578,AI0_Vibration,3.5706792352412555,0.12741091601360763,2.947222707884454,0.0010352406116115355,4.954285714285832e-05,0.05144648797910584,0.7539800059127713,35,normal,578,35,0.0,0,,,0.1425692328176034,4.954285714285832e-05,3.5,False
normal_578,AI1_Vibration,1.795949286795659,0.1180347191960563,1.856486865425166,0.0009072997587556003,0.004923000000000001,0.05023521309035124,0.7355714895227315,35,normal,578,35,0.0,0,,,0.1425692328176034,0.004923000000000001,3.5,False
normal_578,AI2_Current,0.5987387728971901,150.46002366705102,-0.4290620551620268,0.7903501163240136,-1.328571428571429,5.863166969125296,0.9968600365017638,35,normal,578,35,0.0,0,,,0.1425692328176034,1.328571428571429,3.5,False
normal_579,AI0_Vibration,3.590254635711084,0.08031992144226698,-0.28739652978748254,-0.0091824959346959,-0.007458666666666668,0.025156649739696627,0.8383064326887951,24,normal,579,24,0.0,1,,,0.09426831818781076,0.007458666666666668,2.4,False
normal_579,AI1_Vibration,1.7785939457586313,0.0706655068704357,-2.1951138592343273,-0.007537314617202327,-0.011451125,0.04706223319521807,0.5372056837201843,24,normal,579,24,0.0,1,,,0.09426831818781076,0.011451125,2.4,False
normal_579,AI2_Current,0.598438949414534,131.74170308952122,1.194852949591496,1.3913704123972366,21.308333333333334,6.0320198881526155,0.9956169602107626,24,normal,579,24,0.0,1,,,0.09426831818781076,21.308333333333334,2.4,False
normal_580,AI0_Vibration,1.796846377396791,0.10736320778576897,-2.6896789943619677,0.010152608842849013,0.0019958000000000003,0.039113991206454625,0.7895295907240562,10,normal,580,10,0.0,0,,,0.20369843551166514,0.0019958000000000003,1.0,False
normal_580,AI1_Vibration,1.7400246204355259,0.2459469240668817,-1.836936466898286,0.007197431968090556,0.005173299999999997,0.02402443101927534,0.9831202963930079,10,normal,580,10,0.0,0,,,0.20369843551166514,0.005173299999999997,1.0,False
normal_580,AI2_Current,0.592216585095742,238.53742580655944,1.681396115391231,0.29570891387609777,-25.98,3.3746124997281517,0.9996403956002761,10,normal,580,10,0.0,0,,,0.20369843551166514,25.98,1.0,False
normal_581,AI0_Vibration,3.598309093429927,0.07567043707308252,-1.9832499410340658,-7.953210048872172e-08,-2.000000000071389e-08,0.027601410917780924,0.7900571936707211,50,normal,581,50,0.0,1,,,0.08477303158351718,2.000000000071389e-08,5.0,False
normal_581,AI1_Vibration,1.804471647506413,0.0582263072485084,-2.999508199115178,-5.283902612704047e-05,4.163336342344337e-19,0.04320308879128788,0.47535828471640507,50,normal,581,50,0.0,1,,,0.08477303158351718,4.163336342344337e-19,5.0,False
normal_581,AI2_Current,0.5971024429884156,130.3171879209172,0.09042620771405442,1.151582053269001,1.2420000000000015,6.431960889322314,0.9951744118190836,50,normal,581,50,0.0,1,,,0.08477303158351718,1.2420000000000015,5.0,False
normal_582,AI0_Vibration,3.576017980823936,0.08220288238480136,1.5095062071646839,6.277460858669648e-06,1.3877787807814458e-18,0.05202324793627323,0.5595259337817752,50,normal,582,50,0.0,1,,,0.09528796088111026,1.3877787807814458e-18,5.0,False
normal_582,AI1_Vibration,3.596507209849138,0.04236861801595904,0.3082746686566163,-3.9525866278797284e-05,-3.999999999990123e-08,0.04514839681084962,0.3056030719539281,50,normal,582,50,0.0,1,,,0.09528796088111026,3.999999999990123e-08,5.0,False
normal_582,AI2_Current,0.6002378903104707,115.98324510068323,-1.8911241942658719,0.6604650764618327,0.6199999999999991,5.564194415503114,0.9954190407022641,50,normal,582,50,0.0,1,,,0.09528796088111026,0.6199999999999991,5.0,False
normal_583,AI0_Vibration,1.8067143740092433,0.07501186744188842,-0.3702639124388413,0.0007096870828000104,0.003663621621621622,0.0556782590710454,0.4697657972959407,37,normal,583,37,0.0,0,,,0.20131014117619206,0.003663621621621622,3.7,False
normal_583,AI1_Vibration,1.7972949226973571,0.2538869303673265,0.94133323159348,-0.005261640554575481,0.00229708108108108,0.04889918939604213,0.9310127475708586,37,normal,583,37,0.0,0,,,0.20131014117619206,0.00229708108108108,3.7,False
normal_583,AI2_Current,0.6005377137931268,238.68695429708276,2.8017137245671444,0.809735039811244,-2.902702702702702,4.782496405368827,0.999138641547201,37,normal,583,37,0.0,0,,,0.20131014117619206,2.902702702702702,3.7,False
normal_584,AI0_Vibration,3.559111953145448,0.0982953167291291,-0.48899220650383995,-0.0062198881386488075,-0.0049270799999999995,0.031320894610302207,0.8278706036644853,25,normal,584,25,0.0,1,,,0.12067456228518089,0.0049270799999999995,2.5,False
normal_584,AI1_Vibration,1.793258014992263,0.12375362848848762,0.5421403534622066,-9.760833016667081e-06,0.00922108,0.033854409839293484,0.8690724000348831,25,normal,584,25,0.0,1,,,0.12067456228518089,0.00922108,2.5,False
normal_584,AI2_Current,0.5968063303888597,146.79377761559218,0.7150641392698395,0.6771543926845709,28.276,6.176047214521754,0.9962167749620205,25,normal,584,25,0.0,1,,,0.12067456228518089,28.276,2.5,False
normal_585,AI0_Vibration,3.601011918801111,0.09040918128595012,-1.021011851323171,0.01022593057005125,0.011069818181818182,0.03971299784768354,0.7205828681023483,11,normal,585,11,0.0,1,,,0.09256460206943434,0.011069818181818182,1.1,False
normal_585,AI1_Vibration,2.716280184788318,0.05229175077626926,-2.3451119423705964,0.014295511353334723,0.014272818181818182,0.03494364548300155,0.5299323148502736,11,normal,585,11,0.0,1,,,0.09256460206943434,0.014272818181818182,1.1,False
normal_585,AI2_Current,0.4698814361966762,165.50112310081667,0.43000791137375477,-51.14938881869682,45.309090909090905,4.795620080180309,0.9943347123820744,11,normal,585,11,0.0,1,,,0.09256460206943434,45.309090909090905,1.1,False
normal_586,AI0_Vibration,1.7999861945007531,0.08814318227867834,1.67969497344866,5.603071764614942e-07,-7.99999999995249e-08,0.04340887383147087,0.6733650278116754,50,normal,586,50,0.0,0,,,0.18891027260352994,7.99999999995249e-08,5.0,False
normal_586,AI1_Vibration,1.7874538198280394,0.24067656153083208,2.8778110520028894,0.0015103629705140106,-6.000000000061511e-08,0.032718329676258096,0.9642194365053134,50,normal,586,50,0.0,0,,,0.18891027260352994,6.000000000061511e-08,5.0,False
normal_586,AI2_Current,0.5996382433451585,256.5416344143544,-0.5338165727152993,0.5924226370909196,0.6960000000000002,3.981830761604105,0.9995184514956903,50,normal,586,50,0.0,0,,,0.18891027260352994,0.6960000000000002,5.0,False
normal_587,AI0_Vibration,3.5992100352203216,0.08798655490115428,-1.1043115051259278,-1.8737492187663463e-05,7.999999999785956e-08,0.04273732558931384,0.6793827172310045,50,normal,587,50,0.0,1,,,0.12628083857838449,7.999999999785956e-08,5.0,False
normal_587,AI1_Vibration,1.7905667431888668,0.12262335336894614,-3.0009163090978594,0.0003663489133139807,-2.0000000000575113e-08,0.0520736226888131,0.7354499774539602,50,normal,587,50,0.0,1,,,0.12628083857838449,2.0000000000575113e-08,5.0,False
normal_587,AI2_Current,0.5972504992881936,162.6039237970266,-2.641909788897306,-0.013953540702566158,0.18599999999999944,6.154956900821899,0.997154037781968,50,normal,587,50,0.0,1,,,0.12628083857838449,0.18599999999999944,5.0,False
normal_588,AI0_Vibration,3.5956062680587433,0.07490754015118123,0.12080110145503287,0.0012394453714963311,0.0008457857142857143,0.0357923890601823,0.6857532366194059,42,normal,588,42,0.0,1,,,0.07534966795563075,0.0008457857142857143,4.2,False
normal_588,AI1_Vibration,3.598309093429927,0.032659361283945684,0.6659432622924072,-0.001087995479105536,-0.0011207142857142856,0.03280297835135818,0.32700852600458186,42,normal,588,42,0.0,1,,,0.07534966795563075,0.0011207142857142856,4.2,False
normal_588,AI2_Current,0.6000879785691426,118.5945275272975,-2.8473365858438155,0.5724675502928278,-14.24761904761905,5.461273022334558,0.9956060056519417,42,normal,588,42,0.0,1,,,0.07534966795563075,14.24761904761905,4.2,False
normal_589,AI0_Vibration,1.7723920339100458,0.07176963589905187,-2.492016153347008,0.0022050231437549597,0.0011933793103448276,0.05025271029331873,0.5011980696327457,29,normal,589,29,0.0,0,,,0.2017935215218935,0.0011933793103448276,2.9,False
normal_589,AI1_Vibration,1.796846377396791,0.2581162216495181,-1.7820417533838675,-0.0008042122229122428,-0.010970689655172415,0.03356294299697199,0.9683006038368646,29,normal,589,29,0.0,0,,,0.2017935215218935,0.010970689655172415,2.9,False
normal_589,AI2_Current,0.5997881550864865,243.6703489434858,1.0726270638516393,0.37712653661566264,-1.765517241379311,4.655258320267857,0.9993322948031347,29,normal,589,29,0.0,0,,,0.2017935215218935,1.765517241379311,2.9,False
normal_590,AI0_Vibration,3.544939660920079,0.13565275790973558,-2.4933933226528846,-0.0008799466703425518,-0.006099722222222224,0.039779926325422627,0.8522250866248309,18,normal,590,18,0.0,1,,,0.1362141372896204,0.006099722222222224,1.8,False
normal_590,AI1_Vibration,1.8067143740092433,0.11742399392621479,2.583404372865653,-0.0016512480671829685,0.001178611111111111,0.03539433735443365,0.8395385946559478,18,normal,590,18,0.0,1,,,0.1362141372896204,0.001178611111111111,1.8,False
normal_590,AI2_Current,0.6021867429477354,144.55633473094412,2.687529764755283,0.314828825612004,4.438888888888886,5.791218683209404,0.9966092507723121,18,normal,590,18,0.0,1,,,0.1362141372896204,4.438888888888886,1.8,False
normal_591,AI0_Vibration,2.635600178297898,0.06568319281571523,-2.3567726628863617,0.02142283591884054,0.007366666666666667,0.02447338052272669,0.7501971355089583,6,normal,591,6,0.0,1,,,0.06136000330970222,0.007366666666666667,0.6,False
normal_591,AI1_Vibration,1.885325868994783,0.0442677931254375,-0.3384165626890212,-0.013691274661813971,-0.01631516666666667,0.011824650145733147,0.8664442809073359,6,normal,591,6,0.0,1,,,0.06136000330970222,0.01631516666666667,0.6,False
normal_591,AI2_Current,0.2294321641505448,538.8862610948885,-1.5681292639067608,420.6918630886779,-67.93333333333334,0.8140115781043327,0.9997132363670308,6,normal,591,6,0.0,1,,,0.06136000330970222,67.93333333333334,0.6,True
normal_592,AI0_Vibration,3.578687353615276,0.11641186060610448,0.7399674082606276,-0.0005586546538373233,-1.6653345369377347e-18,0.04323154730388646,0.7841538845061025,50,normal,592,50,0.0,0,,,0.13502328355576307,1.6653345369377347e-18,5.0,False
normal_592,AI1_Vibration,1.7919123790905649,0.11307001202371801,-2.2508517691525,-0.0001071166530870471,-6.000000000168956e-08,0.05610100458365138,0.6712118648772831,50,normal,592,50,0.0,0,,,0.13502328355576307,6.000000000168956e-08,5.0,False
normal_592,AI2_Current,0.5971024429884156,158.7791352052717,2.477889968776146,0.3013605709239471,-0.3040000000000026,5.487623537690199,0.9976140389617134,50,normal,592,50,0.0,0,,,0.13502328355576307,0.3040000000000026,5.0,False
normal_593,AI0_Vibration,3.6001109770107163,0.05748136348884691,1.2826474363656586,0.0024677025619480944,0.0037454130434782596,0.0627848033995771,0.29342638741708094,46,normal,593,46,0.0,1,,,0.09370169465789223,0.0037454130434782596,4.6,False
normal_593,AI1_Vibration,0.9337386826675831,0.03592160978248146,-1.7508347448995443,0.00490101122491373,0.002959217391304349,0.05021860066983574,0.20651874914894042,46,normal,593,46,0.0,1,,,0.09370169465789223,0.002959217391304349,4.6,False
normal_593,AI2_Current,0.5993384198625024,118.16023638453495,-1.021204804058574,0.7004921786145815,9.432608695652174,5.1149753063185095,0.9960627089153411,46,normal,593,46,0.0,1,,,0.09370169465789223,9.432608695652174,4.6,False
normal_594,AI0_Vibration,1.795052196194527,0.0978568689873613,-2.7240784838764207,0.00035629384523579166,-0.0023851428571428543,0.06223506874175615,0.5517499004309712,35,normal,594,35,0.0,0,,,0.21224245944727593,0.0023851428571428543,3.5,False
normal_594,AI1_Vibration,1.7919123790905649,0.25887958896886876,-1.8367321001929888,-0.003181168246475574,-0.0136228,0.04201228166653561,0.9512622375080441,35,normal,594,35,0.0,0,,,0.21224245944727593,0.0136228,3.5,False
normal_594,AI2_Current,0.6002378903104707,251.99111403919167,-2.096526661626627,0.4284021344921882,-10.60285714285714,5.203338919474343,0.9991714261084531,35,normal,594,35,0.0,0,,,0.21224245944727593,10.60285714285714,3.5,False
normal_595,AI0_Vibration,3.622634521770581,0.087183502985902,0.11789728788567178,-0.001324016541041668,-0.0009526363636363645,0.02894865541031813,0.8183005747560342,22,normal,595,22,0.0,1,,,0.11376366957225605,0.0009526363636363645,2.2,False
normal_595,AI1_Vibration,1.801780375703017,0.11254108551281256,0.7674725941653165,-0.0009946463874798625,-0.0010895454545454535,0.04387282874793414,0.7688711192559042,22,normal,595,22,0.0,1,,,0.11376366957225605,0.0010895454545454535,2.2,False
normal_595,AI2_Current,0.598438949414534,148.3512594694941,2.5816735982251284,0.5575169241877234,-6.827272727272729,4.7979787924392046,0.9976690757302209,22,normal,595,22,0.0,1,,,0.11376366957225605,6.827272727272729,2.2,False
normal_596,AI0_Vibration,3.6671211452350567,0.06531692897802514,-0.6763630298458225,0.055535303808059315,0.057186375,0.022854953547755314,0.7964478177493507,8,normal,596,8,0.0,1,,,0.08898029180596678,0.057186375,0.8,False
normal_596,AI1_Vibration,2.7903364737524483,0.053157881129732854,-0.8572912851887883,0.012843854652720983,0.007981,0.023504883455882933,0.72613564955641,8,normal,596,8,0.0,1,,,0.08898029180596678,0.007981,0.8,False
normal_596,AI2_Current,0.7284060452581904,106.33395549305015,-1.4650390960012043,9.102081344430175,16.825000000000006,2.325500216340474,0.9991502322367327,8,normal,596,8,0.0,1,,,0.08898029180596678,16.825000000000006,0.8,False
normal_597,AI0_Vibration,3.185703615243359,0.05260491165389796,-2.8241712348081713,0.00021933331136501748,-2.000000000140778e-08,0.060618933040117395,0.2730704714962764,50,normal,597,50,0.0,0,,,0.1508850735232614,2.000000000140778e-08,5.0,False
normal_597,AI1_Vibration,1.7852388513106874,0.17672551668279235,1.3961159937460614,0.0008665023542353822,1.9999999999256722e-08,0.045175846581771574,0.8847707025491781,50,normal,597,50,0.0,0,,,0.1508850735232614,1.9999999999256722e-08,5.0,False
normal_597,AI2_Current,0.6002378903104707,209.5722372039956,-0.20162153946789985,0.675491801556479,0.6440000000000006,4.499079526711166,0.9990788384052093,50,normal,597,50,0.0,0,,,0.1508850735232614,0.6440000000000006,5.0,False
normal_598,AI0_Vibration,3.61452604565703,0.06182382785945112,-0.732454606849531,-0.002887758828105609,-0.002507295454545453,0.05116250950702025,0.42047528872277584,44,normal,598,44,0.0,1,,,0.08051576210890184,0.002507295454545453,4.4,False
normal_598,AI1_Vibration,3.5352731020016126,0.030952525016049323,-0.197397793905083,-0.004228092364949396,-0.0039013636363636364,0.03824341592663457,0.24783748002039863,44,normal,598,44,0.0,1,,,0.08051576210890184,0.0039013636363636364,4.4,False
normal_598,AI2_Current,0.6005377137931268,116.43351596497816,-1.8149084232558454,0.5476238662868695,0.7318181818181816,4.869111793184956,0.9966739352519318,44,normal,598,44,0.0,1,,,0.08051576210890184,0.7318181818181816,4.4,False
outlier_0,AI0_Vibration,3.020296111462625,0.4811395058798749,-1.0676116798036435,0.7152379161091549,0.627165,6.0231203938338715e-06,0.9999999997312228,4,outlier,0,4,1.0,,확실 이상,경계,0.8630622936257523,0.627165,0.4,False
outlier_0,AI1_Vibration,1.937709237058833,0.5838696511852256,-2.204756054465598,-0.0701352613403976,-0.13137675000000001,2.4685679367350485e-06,0.9999999999694248,4,outlier,0,4,1.0,,확실 이상,경계,0.8630622936257523,0.13137675000000001,0.4,False
outlier_0,AI2_Current,4.998769970094963,19635.16400209219,3.1403086057600142,-17.137501132993656,-24.725,13.425014327682758,0.9335458793717766,4,outlier,0,4,1.0,,확실 이상,경계,0.8630622936257523,24.725,0.4,False
outlier_1,AI0_Vibration,1.1927891363218286,0.32711157811144753,-1.9913109034890712,0.014001990111084467,0.015244279999999983,0.31506081935152364,0.35057816561723365,50,outlier,1,50,1.0,,확실 이상,경계,0.4659653312353332,0.015244279999999983,5.0,False
outlier_1,AI1_Vibration,0.3650957323083878,0.16368479262766342,0.9356380394315673,0.007432307709547503,0.0034173000000000025,0.22305691143955392,0.22296186793072204,50,outlier,1,50,1.0,,확실 이상,경계,0.4659653312353332,0.0034173000000000025,5.0,False
outlier_1,AI2_Current,0.22378799568889296,72.05229175723231,2.365025747185334,40.57531158813191,43.98799999999999,73.74869274524576,0.3094204090345203,50,outlier,1,50,1.0,,확실 이상,경계,0.4659653312353332,43.98799999999999,5.0,False
outlier_2,AI0_Vibration,1.080753146766127,0.5004076737964057,1.637751647537619,0.05533760247770492,0.06324110638297872,0.36643584446241634,0.4864154866011001,47,outlier,2,47,1.0,,확실 이상,경계,0.5914235033984279,0.06324110638297872,4.7,False
outlier_2,AI1_Vibration,1.1373707366213106,0.2455747936023193,-1.2075523335418112,-0.06918632023632798,-0.07527768085106383,0.2213965732525148,0.3769234111098527,47,outlier,2,47,1.0,,확실 이상,경계,0.5914235033984279,0.07527768085106383,4.7,False
outlier_2,AI2_Current,0.23000675845853205,112.81866446555324,0.9716463847412368,-16.921892208731414,-9.265957446808509,60.91992144642709,0.6405472622539421,47,outlier,2,47,1.0,,확실 이상,경계,0.5914235033984279,9.265957446808509,4.7,False
outlier_3,AI0_Vibration,0.26384289915795145,0.017667181343507136,0.8096358013985974,0.036331962362202846,0.035757774193548385,0.025285326087789106,0.22176541193151944,31,outlier,3,31,1.0,,정상 유사,경계,0.11184685533591882,0.035757774193548385,3.1,False
outlier_3,AI1_Vibration,0.01,18.48147452262822,-1.703839302692509,18.359178314173178,-0.07924099999999999,0.04281810279202003,0.5561274435408006,31,outlier,3,31,1.0,,정상 유사,경계,0.11184685533591882,0.07924099999999999,3.1,True
outlier_3,AI2_Current,4.441242119080022,52.68059625191506,-2.2314795387895194,74.52621412068436,73.4483870967742,56.069724343334954,0.29072206429627523,31,outlier,3,31,1.0,,정상 유사,경계,0.11184685533591882,73.4483870967742,3.1,False
outlier_4,AI0_Vibration,1.0284889610833112,0.8830426994910116,1.745657856885899,-0.06558103457639808,-0.1224013333333333,0.3113623015986209,0.7954526651648769,18,outlier,4,18,1.0,,확실 이상,경계,0.760066889955959,0.1224013333333333,1.8,False
outlier_4,AI1_Vibration,1.0842525227322626,0.36576455247108197,-0.6743880311039009,-0.05697408463435197,-0.048511888888888896,0.1442551813687925,0.759176500251282,18,outlier,4,18,1.0,,확실 이상,경계,0.760066889955959,0.048511888888888896,1.8,False
outlier_4,AI2_Current,0.21910268412583464,162.76144096620288,2.919041971214646,-19.338649564565635,-120.27222222222223,70.78629590036536,0.4506784707756212,18,outlier,4,18,1.0,,확실 이상,경계,0.760066889955959,120.27222222222223,1.8,True
outlier_5,AI0_Vibration,,,,0.8401580000000001,0.8401580000000001,,,3,outlier,5,3,1.0,,확실 이상,경계,1.0248168862121763,0.8401580000000001,0.3,False
outlier_5,AI1_Vibration,,,,0.04980266666666666,0.04980266666666666,,,3,outlier,5,3,1.0,,확실 이상,경계,1.0248168862121763,0.04980266666666666,0.3,False
outlier_5,AI2_Current,,,,-141.83333333333334,-141.83333333333334,,,3,outlier,5,3,1.0,,확실 이상,경계,1.0248168862121763,141.83333333333334,0.3,False
outlier_6,AI0_Vibration,0.792194746682751,0.46627872868925074,-2.035202503433951,-0.06079555912943718,-0.05769087999999997,0.44841837946490715,0.351125093938092,50,outlier,6,50,1.0,,확실 이상,경계,0.614944222143527,0.05769087999999997,5.0,False
outlier_6,AI1_Vibration,1.6828891307953049,0.1802044848972509,1.1463770159864923,0.0393747965621222,0.0458484,0.2156295967536411,0.260055492280559,50,outlier,6,50,1.0,,확실 이상,경계,0.614944222143527,0.0458484,5.0,False
outlier_6,AI2_Current,0.18117796834694708,132.3379763698466,-0.3939101352840082,-83.59343186035221,-74.38799999999999,89.93040265289608,0.5193529636297611,50,outlier,6,50,1.0,,확실 이상,경계,0.614944222143527,74.38799999999999,5.0,False
outlier_7,AI0_Vibration,1.1513377888579217,0.260719393509602,-2.075606500068136,-0.03567521104127219,-0.044564574999999995,0.2785275138310162,0.30650041182230203,40,outlier,7,40,1.0,,확실 이상,경계,0.4084827868750768,0.044564574999999995,4.0,False
outlier_7,AI1_Vibration,0.26895086139629193,0.206628613699147,-0.851616784953144,0.04247457222417492,0.0331949,0.17577809552700155,0.4047374716377752,40,outlier,7,40,1.0,,확실 이상,경계,0.4084827868750768,0.0331949,4.0,False
outlier_7,AI2_Current,0.10629335403229528,273.68302591531005,-0.26122225599238635,-253.40612821183575,-81.42,81.74193810639176,0.6217362873698842,40,outlier,7,40,1.0,,확실 이상,경계,0.4084827868750768,81.42,4.0,True
outlier_8,AI0_Vibration,0.7849212496707934,0.27709251678770935,-0.7174896859920187,0.07234816911645928,0.07708607999999999,0.2567473487255268,0.36531186415206485,25,outlier,8,25,1.0,,확실 이상,경계,0.421368885694513,0.07708607999999999,2.5,False
outlier_8,AI1_Vibration,0.01,112.1803968645106,-1.6244436500856232,111.9528499106249,-0.08592791999999999,0.19395380399237147,0.37682427750830927,25,outlier,8,25,1.0,,확실 이상,경계,0.421368885694513,0.08592791999999999,2.5,True
outlier_8,AI2_Current,0.01,13943.562279341642,1.5814652072432338,-13903.927501763781,-26.232,72.16411365444641,0.3737051830990775,25,outlier,8,25,1.0,,확실 이상,경계,0.421368885694513,26.232,2.5,True
outlier_9,AI0_Vibration,1.2155660458550517,0.6535311218038361,-0.8216807835734464,0.08135653367025447,0.09956199999999998,0.048365550487255556,0.9888572480700327,8,outlier,9,8,1.0,,확실 이상,경계,0.6168434792462958,0.09956199999999998,0.8,False
outlier_9,AI1_Vibration,1.317752155219065,0.5577101282705224,-2.9869761207056764,-0.03197861749783407,-0.029365749999999996,0.11380174968489783,0.9189499725222511,8,outlier,9,8,1.0,,확실 이상,경계,0.6168434792462958,0.029365749999999996,0.8,False
outlier_9,AI2_Current,3.4672161626836915,59.333050727675534,0.4632583717156086,-114.08533784669275,-108.77499999999999,33.46258023470343,0.5718387056007196,8,outlier,9,8,1.0,,확실 이상,경계,0.6168434792462958,108.77499999999999,0.8,False
outlier_10,AI0_Vibration,1.4847095805982433,0.8214966306034918,-1.8933262892107523,0.027176022487444884,-0.18001975,4.08565754018142e-06,0.9999999999488968,4,outlier,10,4,1.0,,확실 이상,확실 이상,0.7520522156556831,0.18001975,0.4,False
outlier_10,AI1_Vibration,2.186493373057571,0.5200719082209753,1.9924604259149774,-0.22286171644997171,-0.2850725,7.717877923519437e-07,0.9999999999952448,4,outlier,10,4,1.0,,확실 이상,확실 이상,0.7520522156556831,0.2850725,0.4,False
outlier_10,AI2_Current,0.01,2565991.528297802,-1.5772339505057822,2565732.017425254,-184.74999999999997,7.737007773508928,0.9891644214240917,4,outlier,10,4,1.0,,확실 이상,확실 이상,0.7520522156556831,184.74999999999997,0.4,True
outlier_11,AI0_Vibration,0.6162986768168311,0.24291449353722938,1.1864296209595375,0.06539793480564775,0.07146344,0.3026998957793694,0.24714564085527602,50,outlier,11,50,1.0,,확실 이상,경계,0.4147294930878431,0.07146344,5.0,False
outlier_11,AI1_Vibration,0.14285779094195464,0.17270201435071905,1.937465860466518,-0.012790217383211233,-0.06327559999999999,0.17360709758608836,0.2681634998082886,50,outlier,11,50,1.0,,확실 이상,경계,0.4147294930878431,0.06327559999999999,5.0,False
outlier_11,AI2_Current,0.06802330180675749,226.4702747916743,0.5472060940930316,-195.52928507859826,-9.795999999999998,51.75253492243337,0.32108808577559655,50,outlier,11,50,1.0,,확실 이상,경계,0.4147294930878431,9.795999999999998,5.0,True
outlier_12,AI0_Vibration,1.2301897512795237,0.352529906842606,2.7002108925099524,-0.09636071907455242,-0.09302704761904762,0.38489096475074097,0.29038114992881126,42,outlier,12,42,1.0,,확실 이상,정상 유사,0.513278582365683,0.09302704761904762,4.2,False
outlier_12,AI1_Vibration,0.9121248278394893,0.15668878028261124,2.0814230588639115,0.0177462962449704,0.011373214285714282,0.184552846342997,0.2581197739462965,42,outlier,12,42,1.0,,확실 이상,정상 유사,0.513278582365683,0.011373214285714282,4.2,False
outlier_12,AI2_Current,0.1429293819585164,79.27101030691591,-1.2487987980861115,-20.412590125864824,1.9023809523809545,49.599616457412694,0.5348918390164418,42,outlier,12,42,1.0,,확실 이상,정상 유사,0.513278582365683,1.9023809523809545,4.2,False
outlier_13,AI0_Vibration,0.9575262156036919,1.0371065855361943,-0.4556120021632476,-0.025448105507228203,0.07802510714285714,0.4456863457447364,0.7150387938763925,28,outlier,13,28,1.0,,확실 이상,경계,0.8960628098276482,0.07802510714285714,2.8,False
outlier_13,AI1_Vibration,0.9885507872584562,0.3474511306196244,-3.0007646996548547,0.01009233749552109,-0.01107557142857142,0.20141503105689296,0.5929098336642723,28,outlier,13,28,1.0,,확실 이상,경계,0.8960628098276482,0.01107557142857142,2.8,False
outlier_13,AI2_Current,2.1300399844144517,48.8790415504919,-2.012889446308407,97.14239367224651,97.24999999999997,45.0104130120206,0.3723947615516954,28,outlier,13,28,1.0,,확실 이상,경계,0.8960628098276482,97.24999999999997,2.8,False
outlier_14,AI0_Vibration,0.01,334.2949429927071,1.5199110810338612,-334.24182980213413,-0.07801106666666667,0.18045602156872403,0.32798547512254406,15,outlier,14,15,1.0,,확실 이상,경계,0.2575514003628527,0.07801106666666667,1.5,True
outlier_14,AI1_Vibration,0.722804230988687,0.08137180779233158,2.935951408759133,-0.037078981461411,-0.036024400000000005,0.08614822027679464,0.2926082002454502,15,outlier,14,15,1.0,,확실 이상,경계,0.2575514003628527,0.036024400000000005,1.5,False
outlier_14,AI2_Current,3.0535947750164345,45.74157656869883,0.07174142018840547,44.13683325412853,47.04,37.157989463670205,0.42656487312964975,15,outlier,14,15,1.0,,확실 이상,경계,0.2575514003628527,47.04,1.5,False
outlier_15,AI0_Vibration,0.9707291358518023,0.28552165193120377,-0.753505759331692,-0.0022239812085734223,0.0062038999999999974,0.2848268573791552,0.32781738742820843,50,outlier,15,50,1.0,,확실 이상,확실 이상,0.4168682275862362,0.0062038999999999974,5.0,False
outlier_15,AI1_Vibration,1.095659926035816,0.1899910387429584,-0.07156106986157615,0.031115437399076594,0.04105945999999999,0.18267616068574116,0.35030917183631294,50,outlier,15,50,1.0,,확실 이상,확실 이상,0.4168682275862362,0.04105945999999999,5.0,False
outlier_15,AI2_Current,0.09454975503173917,195.25020300989462,-2.134422049047757,237.62797791052049,155.362,60.738027729297755,0.7657940394080966,50,outlier,15,50,1.0,,확실 이상,확실 이상,0.4168682275862362,155.362,5.0,True
outlier_16,AI0_Vibration,1.2329495865400313,0.1418595605453398,-0.9402371881825006,-0.03337104118314476,-0.03606274,0.19426189609656677,0.2105859698524517,50,outlier,16,50,1.0,,확실 이상,확실 이상,0.2949705172264619,0.03606274,5.0,False
outlier_16,AI1_Vibration,0.01,2.0688205340882857,0.6699830627612436,-1.4966797381200518,0.01521946,0.14656050525103853,0.42979684671785556,50,outlier,16,50,1.0,,확실 이상,확실 이상,0.2949705172264619,0.01521946,5.0,True
outlier_16,AI2_Current,0.01,18329.27898942837,-1.7072268630814806,18483.112340682314,231.88400000000001,82.40643825865642,0.4411777467634074,50,outlier,16,50,1.0,,확실 이상,확실 이상,0.2949705172264619,231.88400000000001,5.0,True
outlier_17,AI0_Vibration,1.147327099037401,0.33476727547383456,-0.5568105737319224,0.044598602865462245,0.03949419444444445,0.287484209541098,0.4000080637876836,36,outlier,17,36,1.0,,확실 이상,확실 이상,0.4577914826184445,0.03949419444444445,3.6,False
outlier_17,AI1_Vibration,1.1345414152337345,0.2108833460516163,-2.2336387295945657,0.030503760882034825,0.027299499999999994,0.21740639741066514,0.3201243546875788,36,outlier,17,36,1.0,,확실 이상,확실 이상,0.4577914826184445,0.027299499999999994,3.6,False
outlier_17,AI2_Current,0.19233894676868954,137.6414730696959,1.3286644824104608,287.91927638039624,272.42777777777775,54.97822470648747,0.7831000094910167,36,outlier,17,36,1.0,,확실 이상,확실 이상,0.4577914826184445,272.42777777777775,3.6,False
outlier_18,AI0_Vibration,1.3432479531487627,0.5599102003852313,2.9066495582500838,-0.011611492782238539,-0.013310000000000025,0.5431118939485006,0.33435130959292925,24,outlier,18,24,1.0,,확실 이상,확실 이상,0.6998596444350941,0.013310000000000025,2.4,False
outlier_18,AI1_Vibration,0.6143006720677304,0.18714431174787116,0.5674315568816944,0.0245073465847864,0.06329583333333333,0.16193071562935168,0.3828427922367045,24,outlier,18,24,1.0,,확실 이상,확실 이상,0.6998596444350941,0.06329583333333333,2.4,False
outlier_18,AI2_Current,0.4823313691166058,99.48397481341007,-2.441587560299001,236.82539494160386,225.54999999999998,51.20883318727123,0.6607113305322343,24,outlier,18,24,1.0,,확실 이상,확실 이상,0.6998596444350941,225.54999999999998,2.4,False
outlier_19,AI0_Vibration,0.8347309823041679,0.02843103532454799,0.710276307959377,-0.018879060422633858,-0.0184921,0.014744175156895358,0.6850501522528708,10,outlier,19,10,1.0,,정상 유사,확실 이상,0.07534495124019178,0.0184921,1.0,False
outlier_19,AI1_Vibration,0.25850915084433307,0.41706627984794686,-2.567998288949657,0.3830725135098736,0.0231047,0.021175270302324065,0.8909247304658221,10,outlier,19,10,1.0,,정상 유사,확실 이상,0.07534495124019178,0.0231047,1.0,True
outlier_19,AI2_Current,0.7256954899664952,56.56138801336333,-1.4833371725356101,188.2538995411378,198.48,43.646981649540415,0.46351200267686066,10,outlier,19,10,1.0,,정상 유사,확실 이상,0.07534495124019178,198.48,1.0,False
outlier_20,AI0_Vibration,1.9590561845648606,0.025316453063387947,0.658859535503244,-0.037670112989619746,-0.0375866,0.011449416343955559,0.7148338529726677,15,outlier,20,15,1.0,,정상 유사,확실 이상,0.0484347633080761,0.0375866,1.5,False
outlier_20,AI1_Vibration,1.845843596269991,0.023008550421563776,0.18197715693569375,0.003893605639893434,0.005570800000000001,0.013876108673544267,0.5648089603453097,15,outlier,20,15,1.0,,정상 유사,확실 이상,0.0484347633080761,0.005570800000000001,1.5,False
outlier_20,AI2_Current,3.8410075191563022,28.675855382071905,-0.4975843972147508,179.20845302600594,180.09333333333333,27.94080102853457,0.34888483000477877,15,outlier,20,15,1.0,,정상 유사,확실 이상,0.0484347633080761,180.09333333333333,1.5,False
