notebook,model,model_base,family,split,fold,win_s,tp,fp,fn,tn,n_normal,n_outlier,precision,recall,f1,fpr_segment,fn_all,recall_all,f1_all
21_model_rule_baseline_CHS,rule1_rms_ai0,rule1_rms_ai0,rule,group_kfold_seg,0,1.0,4.0,5.999999999999997,1.0,103.0,109,5.0,0.40000000000000013,0.8,0.5333333333333334,0.055045871559633,1.0,0.8,0.5333333333333334
21_model_rule_baseline_CHS,rule2_rms_state,rule2_rms_state,rule,group_kfold_seg,0,1.0,4.0,10.999999999999995,1.0,98.0,109,5.0,0.2666666666666668,0.8,0.40000000000000013,0.1009174311926605,1.0,0.8,0.40000000000000013
21_model_rule_baseline_CHS,rule3_rms_state_dir,rule3_rms_state_dir,rule,group_kfold_seg,0,1.0,4.0,7.999999999999996,1.0,101.0,109,5.0,0.3333333333333334,0.8,0.47058823529411775,0.073394495412844,1.0,0.8,0.47058823529411775
21_model_rule_baseline_CHS,rule3b_rms_state_ratio,rule3b_rms_state_ratio,rule,group_kfold_seg,0,1.0,4.0,3.999999999999998,1.0,105.0,109,5.0,0.5000000000000001,0.8,0.6153846153846154,0.036697247706422,1.0,0.8,0.6153846153846154
21_model_rule_baseline_CHS,rule3c_rms_state_dirz,rule3c_rms_state_dirz,rule,group_kfold_seg,0,1.0,4.0,3.999999999999998,1.0,105.0,109,5.0,0.5000000000000001,0.8,0.6153846153846154,0.036697247706422,1.0,0.8,0.6153846153846154
21_model_rule_baseline_CHS,rule3d_rms_state_ratioz,rule3d_rms_state_ratioz,rule,group_kfold_seg,0,1.0,4.0,1.999999999999999,1.0,107.0,109,5.0,0.6666666666666667,0.8,0.7272727272727274,0.018348623853211,1.0,0.8,0.7272727272727274
21_model_rule_baseline_CHS,rule3e_rms_state_dirz_cum,rule3e_rms_state_dirz_cum,rule,group_kfold_seg,0,1.0,4.0,4.999999999999997,1.0,104.0,109,5.0,0.44444444444444464,0.8,0.5714285714285716,0.0458715596330275,1.0,0.8,0.5714285714285716
21_model_rule_baseline_CHS,rule1_rms_ai0,rule1_rms_ai0,rule,group_kfold_seg,1,1.0,3.0,7.999999999999997,1.0,96.0,104,4.0,0.2727272727272728,0.75,0.4000000000000001,0.0769230769230769,1.0,0.75,0.4000000000000001
21_model_rule_baseline_CHS,rule2_rms_state,rule2_rms_state,rule,group_kfold_seg,1,1.0,3.0,5.99999999999999,1.0,98.00000000000001,104,4.0,0.3333333333333337,0.75,0.4615384615384619,0.0576923076923076,1.0,0.75,0.4615384615384619
21_model_rule_baseline_CHS,rule3_rms_state_dir,rule3_rms_state_dir,rule,group_kfold_seg,1,1.0,3.0,7.999999999999997,1.0,96.0,104,4.0,0.2727272727272728,0.75,0.4000000000000001,0.0769230769230769,1.0,0.75,0.4000000000000001
21_model_rule_baseline_CHS,rule3b_rms_state_ratio,rule3b_rms_state_ratio,rule,group_kfold_seg,1,1.0,3.0,4.999999999999992,1.0,99.00000000000001,104,4.0,0.3750000000000004,0.75,0.5000000000000003,0.048076923076923,1.0,0.75,0.5000000000000003
21_model_rule_baseline_CHS,rule3c_rms_state_dirz,rule3c_rms_state_dirz,rule,group_kfold_seg,1,1.0,3.0,7.999999999999997,1.0,96.0,104,4.0,0.2727272727272728,0.75,0.4000000000000001,0.0769230769230769,1.0,0.75,0.4000000000000001
21_model_rule_baseline_CHS,rule3d_rms_state_ratioz,rule3d_rms_state_ratioz,rule,group_kfold_seg,1,1.0,3.0,4.999999999999992,1.0,99.00000000000001,104,4.0,0.3750000000000004,0.75,0.5000000000000003,0.048076923076923,1.0,0.75,0.5000000000000003
21_model_rule_baseline_CHS,rule3e_rms_state_dirz_cum,rule3e_rms_state_dirz_cum,rule,group_kfold_seg,1,1.0,3.0,8.999999999999995,1.0,95.0,104,4.0,0.2500000000000001,0.75,0.3750000000000001,0.08653846153846148,1.0,0.75,0.3750000000000001
21_model_rule_baseline_CHS,rule1_rms_ai0,rule1_rms_ai0,rule,group_kfold_seg,2,1.0,2.0,0.9999999999999949,0.0,101.0,102,2.0,0.6666666666666679,1.0,0.8000000000000008,0.0098039215686274,2.0,0.5,0.5714285714285718
21_model_rule_baseline_CHS,rule2_rms_state,rule2_rms_state,rule,group_kfold_seg,2,1.0,2.0,0.9999999999999949,0.0,101.0,102,2.0,0.6666666666666679,1.0,0.8000000000000008,0.0098039215686274,2.0,0.5,0.5714285714285718
21_model_rule_baseline_CHS,rule3_rms_state_dir,rule3_rms_state_dir,rule,group_kfold_seg,2,1.0,2.0,0.0,0.0,102.0,102,2.0,1.0,1.0,1.0,0.0,2.0,0.5,0.6666666666666666
21_model_rule_baseline_CHS,rule3b_rms_state_ratio,rule3b_rms_state_ratio,rule,group_kfold_seg,2,1.0,2.0,6.999999999999994,0.0,95.0,102,2.0,0.2222222222222224,1.0,0.36363636363636387,0.0686274509803921,2.0,0.5,0.3076923076923079
21_model_rule_baseline_CHS,rule3c_rms_state_dirz,rule3c_rms_state_dirz,rule,group_kfold_seg,2,1.0,2.0,0.0,0.0,102.0,102,2.0,1.0,1.0,1.0,0.0,2.0,0.5,0.6666666666666666
21_model_rule_baseline_CHS,rule3d_rms_state_ratioz,rule3d_rms_state_ratioz,rule,group_kfold_seg,2,1.0,2.0,8.0,0.0,94.0,102,2.0,0.2,1.0,0.3333333333333333,0.0784313725490196,2.0,0.5,0.2857142857142857
21_model_rule_baseline_CHS,rule3e_rms_state_dirz_cum,rule3e_rms_state_dirz_cum,rule,group_kfold_seg,2,1.0,2.0,0.9999999999999949,0.0,101.0,102,2.0,0.6666666666666679,1.0,0.8000000000000008,0.0098039215686274,2.0,0.5,0.5714285714285718
21_model_rule_baseline_CHS,rule1_rms_ai0,rule1_rms_ai0,rule,group_kfold_seg,3,1.0,3.0,2.999999999999992,0.0,107.00000000000001,110,3.0,0.5000000000000007,1.0,0.6666666666666672,0.0272727272727272,1.0,0.75,0.6000000000000004
21_model_rule_baseline_CHS,rule2_rms_state,rule2_rms_state,rule,group_kfold_seg,3,1.0,3.0,2.999999999999992,0.0,107.00000000000001,110,3.0,0.5000000000000007,1.0,0.6666666666666672,0.0272727272727272,1.0,0.75,0.6000000000000004
21_model_rule_baseline_CHS,rule3_rms_state_dir,rule3_rms_state_dir,rule,group_kfold_seg,3,1.0,3.0,0.0,0.0,110.0,110,3.0,1.0,1.0,1.0,0.0,1.0,0.75,0.8571428571428571
21_model_rule_baseline_CHS,rule3b_rms_state_ratio,rule3b_rms_state_ratio,rule,group_kfold_seg,3,1.0,3.0,3.999999999999993,0.0,106.0,110,3.0,0.428571428571429,1.0,0.6000000000000004,0.0363636363636363,1.0,0.75,0.5454545454545459
21_model_rule_baseline_CHS,rule3c_rms_state_dirz,rule3c_rms_state_dirz,rule,group_kfold_seg,3,1.0,3.0,0.99999999999999,0.0,109.00000000000001,110,3.0,0.7500000000000019,1.0,0.8571428571428583,0.009090909090909,1.0,0.75,0.7500000000000009
21_model_rule_baseline_CHS,rule3d_rms_state_ratioz,rule3d_rms_state_ratioz,rule,group_kfold_seg,3,1.0,3.0,4.999999999999994,0.0,105.0,110,3.0,0.3750000000000003,1.0,0.5454545454545459,0.0454545454545454,1.0,0.75,0.5000000000000003
21_model_rule_baseline_CHS,rule3e_rms_state_dirz_cum,rule3e_rms_state_dirz_cum,rule,group_kfold_seg,3,1.0,3.0,0.0,0.0,110.0,110,3.0,1.0,1.0,1.0,0.0,1.0,0.75,0.8571428571428571
21_model_rule_baseline_CHS,rule1_rms_ai0,rule1_rms_ai0,rule,group_kfold_seg,4,1.0,2.0,2.9999999999999925,1.0,102.00000000000001,105,3.0,0.4000000000000006,0.6666666666666666,0.5000000000000004,0.0285714285714285,2.0,0.5,0.4444444444444448
21_model_rule_baseline_CHS,rule2_rms_state,rule2_rms_state,rule,group_kfold_seg,4,1.0,2.0,4.0,1.0,101.0,105,3.0,0.3333333333333333,0.6666666666666666,0.4444444444444444,0.0380952380952381,2.0,0.5,0.4
21_model_rule_baseline_CHS,rule3_rms_state_dir,rule3_rms_state_dir,rule,group_kfold_seg,4,1.0,2.0,2.9999999999999925,1.0,102.00000000000001,105,3.0,0.4000000000000006,0.6666666666666666,0.5000000000000004,0.0285714285714285,2.0,0.5,0.4444444444444448
21_model_rule_baseline_CHS,rule3b_rms_state_ratio,rule3b_rms_state_ratio,rule,group_kfold_seg,4,1.0,2.0,0.9999999999999976,1.0,104.0,105,3.0,0.6666666666666673,0.6666666666666666,0.666666666666667,0.0095238095238095,2.0,0.5,0.5714285714285716
21_model_rule_baseline_CHS,rule3c_rms_state_dirz,rule3c_rms_state_dirz,rule,group_kfold_seg,4,1.0,2.0,2.9999999999999925,1.0,102.00000000000001,105,3.0,0.4000000000000006,0.6666666666666666,0.5000000000000004,0.0285714285714285,2.0,0.5,0.4444444444444448
21_model_rule_baseline_CHS,rule3d_rms_state_ratioz,rule3d_rms_state_ratioz,rule,group_kfold_seg,4,1.0,2.0,1.9999999999999951,1.0,103.0,105,3.0,0.5000000000000007,0.6666666666666666,0.5714285714285718,0.019047619047619,2.0,0.5,0.5000000000000003
21_model_rule_baseline_CHS,rule3e_rms_state_dirz_cum,rule3e_rms_state_dirz_cum,rule,group_kfold_seg,4,1.0,2.0,1.9999999999999951,1.0,103.0,105,3.0,0.5000000000000007,0.6666666666666666,0.5714285714285718,0.019047619047619,2.0,0.5,0.5000000000000003
21_model_rule_baseline_CHS,rule1_rms_ai0,rule1_rms_ai0,rule,time_block,1,1.0,14.0,0.9999999999999949,3.0,101.0,102,17.0,0.9333333333333337,0.8235294117647058,0.8750000000000001,0.0098039215686274,7.0,0.6666666666666666,0.7777777777777778
21_model_rule_baseline_CHS,rule2_rms_state,rule2_rms_state,rule,time_block,1,1.0,14.0,4.0,3.0,98.0,102,17.0,0.7777777777777778,0.8235294117647058,0.8,0.0392156862745098,7.0,0.6666666666666666,0.717948717948718
21_model_rule_baseline_CHS,rule3_rms_state_dir,rule3_rms_state_dir,rule,time_block,1,1.0,14.0,0.9999999999999949,3.0,101.0,102,17.0,0.9333333333333337,0.8235294117647058,0.8750000000000001,0.0098039215686274,7.0,0.6666666666666666,0.7777777777777778
21_model_rule_baseline_CHS,rule3b_rms_state_ratio,rule3b_rms_state_ratio,rule,time_block,1,1.0,14.0,2.9999999999999947,3.0,99.0,102,17.0,0.8235294117647062,0.8235294117647058,0.8235294117647061,0.0294117647058823,7.0,0.6666666666666666,0.7368421052631581
21_model_rule_baseline_CHS,rule3c_rms_state_dirz,rule3c_rms_state_dirz,rule,time_block,1,1.0,14.0,0.0,3.0,102.0,102,17.0,1.0,0.8235294117647058,0.9032258064516129,0.0,7.0,0.6666666666666666,0.8
21_model_rule_baseline_CHS,rule3d_rms_state_ratioz,rule3d_rms_state_ratioz,rule,time_block,1,1.0,14.0,0.9999999999999949,3.0,101.0,102,17.0,0.9333333333333337,0.8235294117647058,0.8750000000000001,0.0098039215686274,7.0,0.6666666666666666,0.7777777777777778
21_model_rule_baseline_CHS,rule3e_rms_state_dirz_cum,rule3e_rms_state_dirz_cum,rule,time_block,1,1.0,14.0,0.0,3.0,102.0,102,17.0,1.0,0.8235294117647058,0.9032258064516129,0.0,7.0,0.6666666666666666,0.8
21_model_rule_baseline_CHS,rule1_rms_ai0,rule1_rms_ai0,rule,time_block,2,1.0,14.0,5.999999999999999,3.0,93.0,99,17.0,0.7,0.8235294117647058,0.7567567567567568,0.060606060606060594,7.0,0.6666666666666666,0.6829268292682927
21_model_rule_baseline_CHS,rule2_rms_state,rule2_rms_state,rule,time_block,2,1.0,14.0,4.999999999999999,3.0,94.0,99,17.0,0.7368421052631579,0.8235294117647058,0.7777777777777778,0.0505050505050505,7.0,0.6666666666666666,0.7
21_model_rule_baseline_CHS,rule3_rms_state_dir,rule3_rms_state_dir,rule,time_block,2,1.0,14.0,0.0,3.0,99.0,99,17.0,1.0,0.8235294117647058,0.9032258064516129,0.0,7.0,0.6666666666666666,0.8
21_model_rule_baseline_CHS,rule3b_rms_state_ratio,rule3b_rms_state_ratio,rule,time_block,2,1.0,14.0,2.9999999999999996,3.0,96.0,99,17.0,0.8235294117647058,0.8235294117647058,0.8235294117647058,0.030303030303030297,7.0,0.6666666666666666,0.7368421052631579
21_model_rule_baseline_CHS,rule3c_rms_state_dirz,rule3c_rms_state_dirz,rule,time_block,2,1.0,14.0,0.0,3.0,99.0,99,17.0,1.0,0.8235294117647058,0.9032258064516129,0.0,7.0,0.6666666666666666,0.8
21_model_rule_baseline_CHS,rule3d_rms_state_ratioz,rule3d_rms_state_ratioz,rule,time_block,2,1.0,14.0,2.9999999999999996,3.0,96.0,99,17.0,0.8235294117647058,0.8235294117647058,0.8235294117647058,0.030303030303030297,7.0,0.6666666666666666,0.7368421052631579
21_model_rule_baseline_CHS,rule3e_rms_state_dirz_cum,rule3e_rms_state_dirz_cum,rule,time_block,2,1.0,14.0,0.9999999999999999,3.0,98.0,99,17.0,0.9333333333333333,0.8235294117647058,0.875,0.0101010101010101,7.0,0.6666666666666666,0.7777777777777778
21_model_rule_baseline_CHS,rule1_rms_ai0,rule1_rms_ai0,rule,time_block,3,1.0,14.0,7.999999999999992,3.0,100.00000000000001,108,17.0,0.6363636363636366,0.8235294117647058,0.7179487179487181,0.074074074074074,7.0,0.6666666666666666,0.6511627906976746
21_model_rule_baseline_CHS,rule2_rms_state,rule2_rms_state,rule,time_block,3,1.0,14.0,6.999999999999998,3.0,101.0,108,17.0,0.6666666666666666,0.8235294117647058,0.7368421052631579,0.0648148148148148,7.0,0.6666666666666666,0.6666666666666666
21_model_rule_baseline_CHS,rule3_rms_state_dir,rule3_rms_state_dir,rule,time_block,3,1.0,14.0,3.999999999999996,3.0,104.0,108,17.0,0.7777777777777779,0.8235294117647058,0.8,0.037037037037037,7.0,0.6666666666666666,0.717948717948718
21_model_rule_baseline_CHS,rule3b_rms_state_ratio,rule3b_rms_state_ratio,rule,time_block,3,1.0,14.0,0.0,3.0,108.0,108,17.0,1.0,0.8235294117647058,0.9032258064516129,0.0,7.0,0.6666666666666666,0.8
21_model_rule_baseline_CHS,rule3c_rms_state_dirz,rule3c_rms_state_dirz,rule,time_block,3,1.0,14.0,3.999999999999996,3.0,104.0,108,17.0,0.7777777777777779,0.8235294117647058,0.8,0.037037037037037,7.0,0.6666666666666666,0.717948717948718
21_model_rule_baseline_CHS,rule3d_rms_state_ratioz,rule3d_rms_state_ratioz,rule,time_block,3,1.0,14.0,2.9999999999999916,3.0,105.00000000000001,108,17.0,0.8235294117647062,0.8235294117647058,0.8235294117647061,0.0277777777777777,7.0,0.6666666666666666,0.7368421052631581
21_model_rule_baseline_CHS,rule3e_rms_state_dirz_cum,rule3e_rms_state_dirz_cum,rule,time_block,3,1.0,14.0,3.999999999999996,3.0,104.0,108,17.0,0.7777777777777779,0.8235294117647058,0.8,0.037037037037037,7.0,0.6666666666666666,0.717948717948718
21_model_rule_baseline_CHS,rule1_rms_ai0,rule1_rms_ai0,rule,time_block,4,1.0,14.0,0.9999999999999936,3.0,107.0,108,17.0,0.9333333333333338,0.8235294117647058,0.8750000000000002,0.0092592592592592,7.0,0.6666666666666666,0.7777777777777779
21_model_rule_baseline_CHS,rule2_rms_state,rule2_rms_state,rule,time_block,4,1.0,14.0,2.9999999999999916,3.0,105.00000000000001,108,17.0,0.8235294117647062,0.8235294117647058,0.8235294117647061,0.0277777777777777,7.0,0.6666666666666666,0.7368421052631581
21_model_rule_baseline_CHS,rule3_rms_state_dir,rule3_rms_state_dir,rule,time_block,4,1.0,14.0,2.9999999999999916,3.0,105.00000000000001,108,17.0,0.8235294117647062,0.8235294117647058,0.8235294117647061,0.0277777777777777,7.0,0.6666666666666666,0.7368421052631581
21_model_rule_baseline_CHS,rule3b_rms_state_ratio,rule3b_rms_state_ratio,rule,time_block,4,1.0,14.0,1.999999999999998,3.0,106.0,108,17.0,0.8750000000000001,0.8235294117647058,0.8484848484848485,0.0185185185185185,7.0,0.6666666666666666,0.7567567567567568
21_model_rule_baseline_CHS,rule3c_rms_state_dirz,rule3c_rms_state_dirz,rule,time_block,4,1.0,14.0,2.9999999999999916,3.0,105.00000000000001,108,17.0,0.8235294117647062,0.8235294117647058,0.8235294117647061,0.0277777777777777,7.0,0.6666666666666666,0.7368421052631581
21_model_rule_baseline_CHS,rule3d_rms_state_ratioz,rule3d_rms_state_ratioz,rule,time_block,4,1.0,14.0,1.999999999999998,3.0,106.0,108,17.0,0.8750000000000001,0.8235294117647058,0.8484848484848485,0.0185185185185185,7.0,0.6666666666666666,0.7567567567567568
21_model_rule_baseline_CHS,rule3e_rms_state_dirz_cum,rule3e_rms_state_dirz_cum,rule,time_block,4,1.0,14.0,0.9999999999999936,3.0,107.0,108,17.0,0.9333333333333338,0.8235294117647058,0.8750000000000002,0.0092592592592592,7.0,0.6666666666666666,0.7777777777777779
21_model_rule_baseline_CHS,rule1_rms_ai0,rule1_rms_ai0,rule,group_kfold_seg,0,2.0,3.0,3.9999999999999933,0.0,83.0,87,3.0,0.428571428571429,1.0,0.6000000000000004,0.0459770114942528,2.0,0.6,0.5000000000000003
21_model_rule_baseline_CHS,rule2_rms_state,rule2_rms_state,rule,group_kfold_seg,0,2.0,3.0,7.9999999999999964,0.0,79.0,87,3.0,0.2727272727272728,1.0,0.42857142857142866,0.0919540229885057,2.0,0.6,0.3750000000000001
21_model_rule_baseline_CHS,rule3_rms_state_dir,rule3_rms_state_dir,rule,group_kfold_seg,0,2.0,3.0,4.999999999999992,0.0,82.00000000000001,87,3.0,0.3750000000000004,1.0,0.5454545454545459,0.057471264367816,2.0,0.6,0.4615384615384618
21_model_rule_baseline_CHS,rule3b_rms_state_ratio,rule3b_rms_state_ratio,rule,group_kfold_seg,0,2.0,3.0,3.9999999999999933,0.0,83.0,87,3.0,0.428571428571429,1.0,0.6000000000000004,0.0459770114942528,2.0,0.6,0.5000000000000003
21_model_rule_baseline_CHS,rule3c_rms_state_dirz,rule3c_rms_state_dirz,rule,group_kfold_seg,0,2.0,3.0,1.9999999999999967,0.0,85.0,87,3.0,0.6000000000000004,1.0,0.7500000000000003,0.0229885057471264,2.0,0.6,0.6000000000000002
21_model_rule_baseline_CHS,rule3d_rms_state_ratioz,rule3d_rms_state_ratioz,rule,group_kfold_seg,0,2.0,3.0,2.999999999999995,0.0,84.0,87,3.0,0.5000000000000004,1.0,0.6666666666666671,0.0344827586206896,2.0,0.6,0.5454545454545457
21_model_rule_baseline_CHS,rule3e_rms_state_dirz_cum,rule3e_rms_state_dirz_cum,rule,group_kfold_seg,0,2.0,3.0,2.999999999999995,0.0,84.0,87,3.0,0.5000000000000004,1.0,0.6666666666666671,0.0344827586206896,2.0,0.6,0.5454545454545457
21_model_rule_baseline_CHS,rule1_rms_ai0,rule1_rms_ai0,rule,group_kfold_seg,1,2.0,2.0,4.999999999999993,0.0,84.0,89,2.0,0.28571428571428603,1.0,0.4444444444444448,0.0561797752808988,2.0,0.5,0.36363636363636387
21_model_rule_baseline_CHS,rule2_rms_state,rule2_rms_state,rule,group_kfold_seg,1,2.0,2.0,4.0,0.0,85.0,89,2.0,0.3333333333333333,1.0,0.5,0.0449438202247191,2.0,0.5,0.4
21_model_rule_baseline_CHS,rule3_rms_state_dir,rule3_rms_state_dir,rule,group_kfold_seg,1,2.0,2.0,4.0,0.0,85.0,89,2.0,0.3333333333333333,1.0,0.5,0.0449438202247191,2.0,0.5,0.4
21_model_rule_baseline_CHS,rule3b_rms_state_ratio,rule3b_rms_state_ratio,rule,group_kfold_seg,1,2.0,2.0,0.9999999999999933,0.0,88.0,89,2.0,0.6666666666666682,1.0,0.8000000000000012,0.0112359550561797,2.0,0.5,0.5714285714285721
21_model_rule_baseline_CHS,rule3c_rms_state_dirz,rule3c_rms_state_dirz,rule,group_kfold_seg,1,2.0,2.0,4.0,0.0,85.0,89,2.0,0.3333333333333333,1.0,0.5,0.0449438202247191,2.0,0.5,0.4
21_model_rule_baseline_CHS,rule3d_rms_state_ratioz,rule3d_rms_state_ratioz,rule,group_kfold_seg,1,2.0,2.0,4.999999999999993,0.0,84.0,89,2.0,0.28571428571428603,1.0,0.4444444444444448,0.0561797752808988,2.0,0.5,0.36363636363636387
21_model_rule_baseline_CHS,rule3e_rms_state_dirz_cum,rule3e_rms_state_dirz_cum,rule,group_kfold_seg,1,2.0,2.0,5.999999999999995,0.0,83.0,89,2.0,0.25000000000000017,1.0,0.4000000000000002,0.0674157303370786,2.0,0.5,0.3333333333333335
21_model_rule_baseline_CHS,rule1_rms_ai0,rule1_rms_ai0,rule,group_kfold_seg,2,2.0,2.0,0.0,0.0,86.0,86,2.0,1.0,1.0,1.0,0.0,2.0,0.5,0.6666666666666666
21_model_rule_baseline_CHS,rule2_rms_state,rule2_rms_state,rule,group_kfold_seg,2,2.0,2.0,0.0,0.0,86.0,86,2.0,1.0,1.0,1.0,0.0,2.0,0.5,0.6666666666666666
21_model_rule_baseline_CHS,rule3_rms_state_dir,rule3_rms_state_dir,rule,group_kfold_seg,2,2.0,2.0,0.0,0.0,86.0,86,2.0,1.0,1.0,1.0,0.0,2.0,0.5,0.6666666666666666
21_model_rule_baseline_CHS,rule3b_rms_state_ratio,rule3b_rms_state_ratio,rule,group_kfold_seg,2,2.0,2.0,2.999999999999995,0.0,83.0,86,2.0,0.4000000000000004,1.0,0.5714285714285718,0.0348837209302325,2.0,0.5,0.4444444444444447
21_model_rule_baseline_CHS,rule3c_rms_state_dirz,rule3c_rms_state_dirz,rule,group_kfold_seg,2,2.0,2.0,0.0,0.0,86.0,86,2.0,1.0,1.0,1.0,0.0,2.0,0.5,0.6666666666666666
21_model_rule_baseline_CHS,rule3d_rms_state_ratioz,rule3d_rms_state_ratioz,rule,group_kfold_seg,2,2.0,2.0,1.9999999999999938,0.0,84.0,86,2.0,0.5000000000000008,1.0,0.6666666666666674,0.0232558139534883,2.0,0.5,0.5000000000000004
21_model_rule_baseline_CHS,rule3e_rms_state_dirz_cum,rule3e_rms_state_dirz_cum,rule,group_kfold_seg,2,2.0,2.0,0.9999999999999926,0.0,85.00000000000001,86,2.0,0.6666666666666683,1.0,0.8000000000000012,0.0116279069767441,2.0,0.5,0.5714285714285721
21_model_rule_baseline_CHS,rule1_rms_ai0,rule1_rms_ai0,rule,group_kfold_seg,3,2.0,3.0,1.9999999999999978,0.0,96.0,98,3.0,0.6000000000000002,1.0,0.7500000000000002,0.0204081632653061,1.0,0.75,0.6666666666666669
21_model_rule_baseline_CHS,rule2_rms_state,rule2_rms_state,rule,group_kfold_seg,3,2.0,3.0,1.9999999999999978,0.0,96.0,98,3.0,0.6000000000000002,1.0,0.7500000000000002,0.0204081632653061,1.0,0.75,0.6666666666666669
21_model_rule_baseline_CHS,rule3_rms_state_dir,rule3_rms_state_dir,rule,group_kfold_seg,3,2.0,3.0,0.0,0.0,98.0,98,3.0,1.0,1.0,1.0,0.0,1.0,0.75,0.8571428571428571
21_model_rule_baseline_CHS,rule3b_rms_state_ratio,rule3b_rms_state_ratio,rule,group_kfold_seg,3,2.0,3.0,2.9999999999999916,0.0,95.00000000000001,98,3.0,0.5000000000000008,1.0,0.6666666666666673,0.030612244897959096,1.0,0.75,0.6000000000000005
21_model_rule_baseline_CHS,rule3c_rms_state_dirz,rule3c_rms_state_dirz,rule,group_kfold_seg,3,2.0,3.0,0.999999999999994,0.0,97.0,98,3.0,0.7500000000000012,1.0,0.8571428571428579,0.010204081632653,1.0,0.75,0.7500000000000006
21_model_rule_baseline_CHS,rule3d_rms_state_ratioz,rule3d_rms_state_ratioz,rule,group_kfold_seg,3,2.0,3.0,3.9999999999999956,0.0,94.0,98,3.0,0.4285714285714288,1.0,0.6000000000000002,0.0408163265306122,1.0,0.75,0.5454545454545456
21_model_rule_baseline_CHS,rule3e_rms_state_dirz_cum,rule3e_rms_state_dirz_cum,rule,group_kfold_seg,3,2.0,3.0,0.0,0.0,98.0,98,3.0,1.0,1.0,1.0,0.0,1.0,0.75,0.8571428571428571
21_model_rule_baseline_CHS,rule1_rms_ai0,rule1_rms_ai0,rule,group_kfold_seg,4,2.0,2.0,0.0,1.0,92.0,92,3.0,1.0,0.6666666666666666,0.8,0.0,2.0,0.5,0.6666666666666666
21_model_rule_baseline_CHS,rule2_rms_state,rule2_rms_state,rule,group_kfold_seg,4,2.0,2.0,0.9999999999999997,1.0,91.0,92,3.0,0.6666666666666667,0.6666666666666666,0.6666666666666666,0.0108695652173913,2.0,0.5,0.5714285714285714
21_model_rule_baseline_CHS,rule3_rms_state_dir,rule3_rms_state_dir,rule,group_kfold_seg,4,2.0,2.0,0.9999999999999997,1.0,91.0,92,3.0,0.6666666666666667,0.6666666666666666,0.6666666666666666,0.0108695652173913,2.0,0.5,0.5714285714285714
21_model_rule_baseline_CHS,rule3b_rms_state_ratio,rule3b_rms_state_ratio,rule,group_kfold_seg,4,2.0,2.0,0.0,1.0,92.0,92,3.0,1.0,0.6666666666666666,0.8,0.0,2.0,0.5,0.6666666666666666
21_model_rule_baseline_CHS,rule3c_rms_state_dirz,rule3c_rms_state_dirz,rule,group_kfold_seg,4,2.0,2.0,3.9999999999999987,1.0,88.0,92,3.0,0.3333333333333334,0.6666666666666666,0.44444444444444453,0.0434782608695652,2.0,0.5,0.4000000000000001
21_model_rule_baseline_CHS,rule3d_rms_state_ratioz,rule3d_rms_state_ratioz,rule,group_kfold_seg,4,2.0,2.0,0.9999999999999997,1.0,91.0,92,3.0,0.6666666666666667,0.6666666666666666,0.6666666666666666,0.0108695652173913,2.0,0.5,0.5714285714285714
21_model_rule_baseline_CHS,rule3e_rms_state_dirz_cum,rule3e_rms_state_dirz_cum,rule,group_kfold_seg,4,2.0,2.0,1.9999999999999993,1.0,90.0,92,3.0,0.5000000000000001,0.6666666666666666,0.5714285714285715,0.0217391304347826,2.0,0.5,0.5000000000000001
21_model_rule_baseline_CHS,rule1_rms_ai0,rule1_rms_ai0,rule,time_block,1,2.0,12.0,0.9999999999999964,1.0,84.0,85,13.0,0.9230769230769234,0.9230769230769231,0.9230769230769232,0.0117647058823529,9.0,0.5714285714285714,0.7058823529411765
21_model_rule_baseline_CHS,rule2_rms_state,rule2_rms_state,rule,time_block,1,2.0,12.0,0.9999999999999964,1.0,84.0,85,13.0,0.9230769230769234,0.9230769230769231,0.9230769230769232,0.0117647058823529,9.0,0.5714285714285714,0.7058823529411765
21_model_rule_baseline_CHS,rule3_rms_state_dir,rule3_rms_state_dir,rule,time_block,1,2.0,12.0,0.0,1.0,85.0,85,13.0,1.0,0.9230769230769231,0.96,0.0,9.0,0.5714285714285714,0.7272727272727273
21_model_rule_baseline_CHS,rule3b_rms_state_ratio,rule3b_rms_state_ratio,rule,time_block,1,2.0,12.0,0.9999999999999964,1.0,84.0,85,13.0,0.9230769230769234,0.9230769230769231,0.9230769230769232,0.0117647058823529,9.0,0.5714285714285714,0.7058823529411765
21_model_rule_baseline_CHS,rule3c_rms_state_dirz,rule3c_rms_state_dirz,rule,time_block,1,2.0,12.0,0.0,1.0,85.0,85,13.0,1.0,0.9230769230769231,0.96,0.0,9.0,0.5714285714285714,0.7272727272727273
21_model_rule_baseline_CHS,rule3d_rms_state_ratioz,rule3d_rms_state_ratioz,rule,time_block,1,2.0,12.0,1.999999999999993,1.0,83.0,85,13.0,0.8571428571428575,0.9230769230769231,0.8888888888888892,0.0235294117647058,9.0,0.5714285714285714,0.6857142857142858
21_model_rule_baseline_CHS,rule3e_rms_state_dirz_cum,rule3e_rms_state_dirz_cum,rule,time_block,1,2.0,12.0,0.0,1.0,85.0,85,13.0,1.0,0.9230769230769231,0.96,0.0,9.0,0.5714285714285714,0.7272727272727273
21_model_rule_baseline_CHS,rule1_rms_ai0,rule1_rms_ai0,rule,time_block,2,2.0,12.0,2.999999999999995,1.0,84.0,87,13.0,0.8000000000000003,0.9230769230769231,0.8571428571428572,0.0344827586206896,9.0,0.5714285714285714,0.6666666666666666
21_model_rule_baseline_CHS,rule2_rms_state,rule2_rms_state,rule,time_block,2,2.0,12.0,2.999999999999995,1.0,84.0,87,13.0,0.8000000000000003,0.9230769230769231,0.8571428571428572,0.0344827586206896,9.0,0.5714285714285714,0.6666666666666666
21_model_rule_baseline_CHS,rule3_rms_state_dir,rule3_rms_state_dir,rule,time_block,2,2.0,12.0,0.0,1.0,87.0,87,13.0,1.0,0.9230769230769231,0.96,0.0,9.0,0.5714285714285714,0.7272727272727273
21_model_rule_baseline_CHS,rule3b_rms_state_ratio,rule3b_rms_state_ratio,rule,time_block,2,2.0,12.0,3.9999999999999933,1.0,83.0,87,13.0,0.7500000000000003,0.9230769230769231,0.8275862068965519,0.0459770114942528,9.0,0.5714285714285714,0.6486486486486488
21_model_rule_baseline_CHS,rule3c_rms_state_dirz,rule3c_rms_state_dirz,rule,time_block,2,2.0,12.0,0.0,1.0,87.0,87,13.0,1.0,0.9230769230769231,0.96,0.0,9.0,0.5714285714285714,0.7272727272727273
21_model_rule_baseline_CHS,rule3d_rms_state_ratioz,rule3d_rms_state_ratioz,rule,time_block,2,2.0,12.0,1.9999999999999967,1.0,85.0,87,13.0,0.8571428571428573,0.9230769230769231,0.888888888888889,0.0229885057471264,9.0,0.5714285714285714,0.6857142857142857
21_model_rule_baseline_CHS,rule3e_rms_state_dirz_cum,rule3e_rms_state_dirz_cum,rule,time_block,2,2.0,12.0,0.0,1.0,87.0,87,13.0,1.0,0.9230769230769231,0.96,0.0,9.0,0.5714285714285714,0.7272727272727273
21_model_rule_baseline_CHS,rule1_rms_ai0,rule1_rms_ai0,rule,time_block,3,2.0,12.0,5.9999999999999964,1.0,85.0,91,13.0,0.6666666666666669,0.9230769230769231,0.7741935483870969,0.0659340659340659,9.0,0.5714285714285714,0.6153846153846154
21_model_rule_baseline_CHS,rule2_rms_state,rule2_rms_state,rule,time_block,3,2.0,12.0,5.9999999999999964,1.0,85.0,91,13.0,0.6666666666666669,0.9230769230769231,0.7741935483870969,0.0659340659340659,9.0,0.5714285714285714,0.6153846153846154
21_model_rule_baseline_CHS,rule3_rms_state_dir,rule3_rms_state_dir,rule,time_block,3,2.0,12.0,1.999999999999993,1.0,89.0,91,13.0,0.8571428571428575,0.9230769230769231,0.8888888888888892,0.0219780219780219,9.0,0.5714285714285714,0.6857142857142858
21_model_rule_baseline_CHS,rule3b_rms_state_ratio,rule3b_rms_state_ratio,rule,time_block,3,2.0,12.0,0.0,1.0,91.0,91,13.0,1.0,0.9230769230769231,0.96,0.0,9.0,0.5714285714285714,0.7272727272727273
21_model_rule_baseline_CHS,rule3c_rms_state_dirz,rule3c_rms_state_dirz,rule,time_block,3,2.0,12.0,0.9999999999999919,1.0,90.00000000000001,91,13.0,0.9230769230769237,0.9230769230769231,0.9230769230769234,0.0109890109890109,9.0,0.5714285714285714,0.7058823529411766
21_model_rule_baseline_CHS,rule3d_rms_state_ratioz,rule3d_rms_state_ratioz,rule,time_block,3,2.0,12.0,3.9999999999999947,1.0,87.0,91,13.0,0.7500000000000002,0.9230769230769231,0.8275862068965519,0.0439560439560439,9.0,0.5714285714285714,0.6486486486486488
21_model_rule_baseline_CHS,rule3e_rms_state_dirz_cum,rule3e_rms_state_dirz_cum,rule,time_block,3,2.0,12.0,0.0,1.0,91.0,91,13.0,1.0,0.9230769230769231,0.96,0.0,9.0,0.5714285714285714,0.7272727272727273
21_model_rule_baseline_CHS,rule1_rms_ai0,rule1_rms_ai0,rule,time_block,4,2.0,12.0,0.9999999999999919,1.0,90.00000000000001,91,13.0,0.9230769230769237,0.9230769230769231,0.9230769230769234,0.0109890109890109,9.0,0.5714285714285714,0.7058823529411766
21_model_rule_baseline_CHS,rule2_rms_state,rule2_rms_state,rule,time_block,4,2.0,12.0,2.999999999999994,1.0,88.0,91,13.0,0.8000000000000004,0.9230769230769231,0.8571428571428573,0.0329670329670329,9.0,0.5714285714285714,0.6666666666666669
21_model_rule_baseline_CHS,rule3_rms_state_dir,rule3_rms_state_dir,rule,time_block,4,2.0,12.0,0.9999999999999919,1.0,90.00000000000001,91,13.0,0.9230769230769237,0.9230769230769231,0.9230769230769234,0.0109890109890109,9.0,0.5714285714285714,0.7058823529411766
21_model_rule_baseline_CHS,rule3b_rms_state_ratio,rule3b_rms_state_ratio,rule,time_block,4,2.0,12.0,0.0,1.0,91.0,91,13.0,1.0,0.9230769230769231,0.96,0.0,9.0,0.5714285714285714,0.7272727272727273
21_model_rule_baseline_CHS,rule3c_rms_state_dirz,rule3c_rms_state_dirz,rule,time_block,4,2.0,12.0,0.9999999999999919,1.0,90.00000000000001,91,13.0,0.9230769230769237,0.9230769230769231,0.9230769230769234,0.0109890109890109,9.0,0.5714285714285714,0.7058823529411766
21_model_rule_baseline_CHS,rule3d_rms_state_ratioz,rule3d_rms_state_ratioz,rule,time_block,4,2.0,12.0,0.9999999999999919,1.0,90.00000000000001,91,13.0,0.9230769230769237,0.9230769230769231,0.9230769230769234,0.0109890109890109,9.0,0.5714285714285714,0.7058823529411766
21_model_rule_baseline_CHS,rule3e_rms_state_dirz_cum,rule3e_rms_state_dirz_cum,rule,time_block,4,2.0,12.0,0.9999999999999919,1.0,90.00000000000001,91,13.0,0.9230769230769237,0.9230769230769231,0.9230769230769234,0.0109890109890109,9.0,0.5714285714285714,0.7058823529411766
21_model_rule_baseline_CHS,rule1_rms_ai0,rule1_rms_ai0,rule,group_kfold_seg,0,3.0,3.0,3.0,0.0,70.0,73,3.0,0.5,1.0,0.6666666666666666,0.0410958904109589,2.0,0.6,0.5454545454545454
21_model_rule_baseline_CHS,rule2_rms_state,rule2_rms_state,rule,group_kfold_seg,0,3.0,3.0,4.0,0.0,69.0,73,3.0,0.42857142857142855,1.0,0.6,0.0547945205479452,2.0,0.6,0.5
21_model_rule_baseline_CHS,rule3_rms_state_dir,rule3_rms_state_dir,rule,group_kfold_seg,0,3.0,3.0,3.0,0.0,70.0,73,3.0,0.5,1.0,0.6666666666666666,0.0410958904109589,2.0,0.6,0.5454545454545454
21_model_rule_baseline_CHS,rule3b_rms_state_ratio,rule3b_rms_state_ratio,rule,group_kfold_seg,0,3.0,3.0,3.0,0.0,70.0,73,3.0,0.5,1.0,0.6666666666666666,0.0410958904109589,2.0,0.6,0.5454545454545454
21_model_rule_baseline_CHS,rule3c_rms_state_dirz,rule3c_rms_state_dirz,rule,group_kfold_seg,0,3.0,3.0,1.0,0.0,72.0,73,3.0,0.75,1.0,0.8571428571428571,0.0136986301369863,2.0,0.6,0.6666666666666666
21_model_rule_baseline_CHS,rule3d_rms_state_ratioz,rule3d_rms_state_ratioz,rule,group_kfold_seg,0,3.0,3.0,3.0,0.0,70.0,73,3.0,0.5,1.0,0.6666666666666666,0.0410958904109589,2.0,0.6,0.5454545454545454
21_model_rule_baseline_CHS,rule3e_rms_state_dirz_cum,rule3e_rms_state_dirz_cum,rule,group_kfold_seg,0,3.0,3.0,1.0,0.0,72.0,73,3.0,0.75,1.0,0.8571428571428571,0.0136986301369863,2.0,0.6,0.6666666666666666
21_model_rule_baseline_CHS,rule1_rms_ai0,rule1_rms_ai0,rule,group_kfold_seg,1,3.0,2.0,2.9999999999999956,0.0,69.0,72,2.0,0.40000000000000036,1.0,0.5714285714285718,0.0416666666666666,2.0,0.5,0.44444444444444464
21_model_rule_baseline_CHS,rule2_rms_state,rule2_rms_state,rule,group_kfold_seg,1,3.0,2.0,3.9999999999999956,0.0,68.0,72,2.0,0.3333333333333336,1.0,0.5000000000000003,0.0555555555555555,2.0,0.5,0.40000000000000013
21_model_rule_baseline_CHS,rule3_rms_state_dir,rule3_rms_state_dir,rule,group_kfold_seg,1,3.0,2.0,1.9999999999999944,0.0,70.0,72,2.0,0.5000000000000007,1.0,0.6666666666666673,0.0277777777777777,2.0,0.5,0.5000000000000003
21_model_rule_baseline_CHS,rule3b_rms_state_ratio,rule3b_rms_state_ratio,rule,group_kfold_seg,1,3.0,2.0,0.9999999999999936,0.0,71.0,72,2.0,0.6666666666666681,1.0,0.800000000000001,0.0138888888888888,2.0,0.5,0.571428571428572
21_model_rule_baseline_CHS,rule3c_rms_state_dirz,rule3c_rms_state_dirz,rule,group_kfold_seg,1,3.0,2.0,3.9999999999999956,0.0,68.0,72,2.0,0.3333333333333336,1.0,0.5000000000000003,0.0555555555555555,2.0,0.5,0.40000000000000013
21_model_rule_baseline_CHS,rule3d_rms_state_ratioz,rule3d_rms_state_ratioz,rule,group_kfold_seg,1,3.0,2.0,4.999999999999997,0.0,67.0,72,2.0,0.2857142857142858,1.0,0.44444444444444464,0.0694444444444444,2.0,0.5,0.36363636363636376
21_model_rule_baseline_CHS,rule3e_rms_state_dirz_cum,rule3e_rms_state_dirz_cum,rule,group_kfold_seg,1,3.0,2.0,4.999999999999997,0.0,67.0,72,2.0,0.2857142857142858,1.0,0.44444444444444464,0.0694444444444444,2.0,0.5,0.36363636363636376
21_model_rule_baseline_CHS,rule1_rms_ai0,rule1_rms_ai0,rule,group_kfold_seg,2,3.0,1.0,0.0,0.0,68.0,68,1.0,1.0,1.0,1.0,0.0,3.0,0.25,0.4
21_model_rule_baseline_CHS,rule2_rms_state,rule2_rms_state,rule,group_kfold_seg,2,3.0,1.0,0.0,0.0,68.0,68,1.0,1.0,1.0,1.0,0.0,3.0,0.25,0.4
21_model_rule_baseline_CHS,rule3_rms_state_dir,rule3_rms_state_dir,rule,group_kfold_seg,2,3.0,1.0,0.0,0.0,68.0,68,1.0,1.0,1.0,1.0,0.0,3.0,0.25,0.4
21_model_rule_baseline_CHS,rule3b_rms_state_ratio,rule3b_rms_state_ratio,rule,group_kfold_seg,2,3.0,1.0,0.0,0.0,68.0,68,1.0,1.0,1.0,1.0,0.0,3.0,0.25,0.4
21_model_rule_baseline_CHS,rule3c_rms_state_dirz,rule3c_rms_state_dirz,rule,group_kfold_seg,2,3.0,1.0,0.0,0.0,68.0,68,1.0,1.0,1.0,1.0,0.0,3.0,0.25,0.4
21_model_rule_baseline_CHS,rule3d_rms_state_ratioz,rule3d_rms_state_ratioz,rule,group_kfold_seg,2,3.0,1.0,0.9999999999999948,0.0,67.0,68,1.0,0.5000000000000013,1.0,0.6666666666666679,0.0147058823529411,3.0,0.25,0.33333333333333365
21_model_rule_baseline_CHS,rule3e_rms_state_dirz_cum,rule3e_rms_state_dirz_cum,rule,group_kfold_seg,2,3.0,1.0,0.0,0.0,68.0,68,1.0,1.0,1.0,1.0,0.0,3.0,0.25,0.4
21_model_rule_baseline_CHS,rule1_rms_ai0,rule1_rms_ai0,rule,group_kfold_seg,3,3.0,2.0,1.0,0.0,72.0,73,2.0,0.6666666666666666,1.0,0.8,0.0136986301369863,2.0,0.5,0.5714285714285714
21_model_rule_baseline_CHS,rule2_rms_state,rule2_rms_state,rule,group_kfold_seg,3,3.0,2.0,1.0,0.0,72.0,73,2.0,0.6666666666666666,1.0,0.8,0.0136986301369863,2.0,0.5,0.5714285714285714
21_model_rule_baseline_CHS,rule3_rms_state_dir,rule3_rms_state_dir,rule,group_kfold_seg,3,3.0,2.0,0.0,0.0,73.0,73,2.0,1.0,1.0,1.0,0.0,2.0,0.5,0.6666666666666666
21_model_rule_baseline_CHS,rule3b_rms_state_ratio,rule3b_rms_state_ratio,rule,group_kfold_seg,3,3.0,2.0,3.0,0.0,70.0,73,2.0,0.4,1.0,0.5714285714285714,0.0410958904109589,2.0,0.5,0.4444444444444444
21_model_rule_baseline_CHS,rule3c_rms_state_dirz,rule3c_rms_state_dirz,rule,group_kfold_seg,3,3.0,2.0,1.0,0.0,72.0,73,2.0,0.6666666666666666,1.0,0.8,0.0136986301369863,2.0,0.5,0.5714285714285714
21_model_rule_baseline_CHS,rule3d_rms_state_ratioz,rule3d_rms_state_ratioz,rule,group_kfold_seg,3,3.0,2.0,2.0,0.0,71.0,73,2.0,0.5,1.0,0.6666666666666666,0.0273972602739726,2.0,0.5,0.5
21_model_rule_baseline_CHS,rule3e_rms_state_dirz_cum,rule3e_rms_state_dirz_cum,rule,group_kfold_seg,3,3.0,2.0,0.0,0.0,73.0,73,2.0,1.0,1.0,1.0,0.0,2.0,0.5,0.6666666666666666
21_model_rule_baseline_CHS,rule1_rms_ai0,rule1_rms_ai0,rule,group_kfold_seg,4,3.0,1.0,0.999999999999999,1.0,73.0,74,2.0,0.5000000000000002,0.5,0.5000000000000001,0.0135135135135135,3.0,0.25,0.33333333333333337
21_model_rule_baseline_CHS,rule2_rms_state,rule2_rms_state,rule,group_kfold_seg,4,3.0,1.0,0.999999999999999,1.0,73.0,74,2.0,0.5000000000000002,0.5,0.5000000000000001,0.0135135135135135,3.0,0.25,0.33333333333333337
21_model_rule_baseline_CHS,rule3_rms_state_dir,rule3_rms_state_dir,rule,group_kfold_seg,4,3.0,1.0,0.999999999999999,1.0,73.0,74,2.0,0.5000000000000002,0.5,0.5000000000000001,0.0135135135135135,3.0,0.25,0.33333333333333337
21_model_rule_baseline_CHS,rule3b_rms_state_ratio,rule3b_rms_state_ratio,rule,group_kfold_seg,4,3.0,1.0,0.0,1.0,74.0,74,2.0,1.0,0.5,0.6666666666666666,0.0,3.0,0.25,0.4
21_model_rule_baseline_CHS,rule3c_rms_state_dirz,rule3c_rms_state_dirz,rule,group_kfold_seg,4,3.0,1.0,0.999999999999999,1.0,73.0,74,2.0,0.5000000000000002,0.5,0.5000000000000001,0.0135135135135135,3.0,0.25,0.33333333333333337
21_model_rule_baseline_CHS,rule3d_rms_state_ratioz,rule3d_rms_state_ratioz,rule,group_kfold_seg,4,3.0,1.0,0.0,1.0,74.0,74,2.0,1.0,0.5,0.6666666666666666,0.0,3.0,0.25,0.4
21_model_rule_baseline_CHS,rule3e_rms_state_dirz_cum,rule3e_rms_state_dirz_cum,rule,group_kfold_seg,4,3.0,1.0,0.0,1.0,74.0,74,2.0,1.0,0.5,0.6666666666666666,0.0,3.0,0.25,0.4
21_model_rule_baseline_CHS,rule1_rms_ai0,rule1_rms_ai0,rule,time_block,1,3.0,9.0,0.9999999999999966,1.0,65.0,66,10.0,0.9000000000000004,0.9,0.9000000000000001,0.0151515151515151,12.0,0.42857142857142855,0.5806451612903226
21_model_rule_baseline_CHS,rule2_rms_state,rule2_rms_state,rule,time_block,1,3.0,9.0,0.9999999999999966,1.0,65.0,66,10.0,0.9000000000000004,0.9,0.9000000000000001,0.0151515151515151,12.0,0.42857142857142855,0.5806451612903226
21_model_rule_baseline_CHS,rule3_rms_state_dir,rule3_rms_state_dir,rule,time_block,1,3.0,9.0,0.0,1.0,66.0,66,10.0,1.0,0.9,0.9473684210526315,0.0,12.0,0.42857142857142855,0.6
21_model_rule_baseline_CHS,rule3b_rms_state_ratio,rule3b_rms_state_ratio,rule,time_block,1,3.0,9.0,0.9999999999999966,1.0,65.0,66,10.0,0.9000000000000004,0.9,0.9000000000000001,0.0151515151515151,12.0,0.42857142857142855,0.5806451612903226
21_model_rule_baseline_CHS,rule3c_rms_state_dirz,rule3c_rms_state_dirz,rule,time_block,1,3.0,9.0,0.0,1.0,66.0,66,10.0,1.0,0.9,0.9473684210526315,0.0,12.0,0.42857142857142855,0.6
21_model_rule_baseline_CHS,rule3d_rms_state_ratioz,rule3d_rms_state_ratioz,rule,time_block,1,3.0,9.0,0.9999999999999966,1.0,65.0,66,10.0,0.9000000000000004,0.9,0.9000000000000001,0.0151515151515151,12.0,0.42857142857142855,0.5806451612903226
21_model_rule_baseline_CHS,rule3e_rms_state_dirz_cum,rule3e_rms_state_dirz_cum,rule,time_block,1,3.0,9.0,0.0,1.0,66.0,66,10.0,1.0,0.9,0.9473684210526315,0.0,12.0,0.42857142857142855,0.6
21_model_rule_baseline_CHS,rule1_rms_ai0,rule1_rms_ai0,rule,time_block,2,3.0,9.0,3.999999999999997,1.0,66.0,70,10.0,0.6923076923076925,0.9,0.7826086956521741,0.0571428571428571,12.0,0.42857142857142855,0.5294117647058824
21_model_rule_baseline_CHS,rule2_rms_state,rule2_rms_state,rule,time_block,2,3.0,9.0,4.999999999999998,1.0,65.0,70,10.0,0.6428571428571429,0.9,0.75,0.0714285714285714,12.0,0.42857142857142855,0.5142857142857142
21_model_rule_baseline_CHS,rule3_rms_state_dir,rule3_rms_state_dir,rule,time_block,2,3.0,9.0,0.0,1.0,70.0,70,10.0,1.0,0.9,0.9473684210526315,0.0,12.0,0.42857142857142855,0.6
21_model_rule_baseline_CHS,rule3b_rms_state_ratio,rule3b_rms_state_ratio,rule,time_block,2,3.0,9.0,3.999999999999997,1.0,66.0,70,10.0,0.6923076923076925,0.9,0.7826086956521741,0.0571428571428571,12.0,0.42857142857142855,0.5294117647058824
21_model_rule_baseline_CHS,rule3c_rms_state_dirz,rule3c_rms_state_dirz,rule,time_block,2,3.0,9.0,0.0,1.0,70.0,70,10.0,1.0,0.9,0.9473684210526315,0.0,12.0,0.42857142857142855,0.6
21_model_rule_baseline_CHS,rule3d_rms_state_ratioz,rule3d_rms_state_ratioz,rule,time_block,2,3.0,9.0,0.0,1.0,70.0,70,10.0,1.0,0.9,0.9473684210526315,0.0,12.0,0.42857142857142855,0.6
21_model_rule_baseline_CHS,rule3e_rms_state_dirz_cum,rule3e_rms_state_dirz_cum,rule,time_block,2,3.0,9.0,0.0,1.0,70.0,70,10.0,1.0,0.9,0.9473684210526315,0.0,12.0,0.42857142857142855,0.6
21_model_rule_baseline_CHS,rule1_rms_ai0,rule1_rms_ai0,rule,time_block,3,3.0,9.0,5.999999999999999,1.0,64.0,70,10.0,0.6,0.9,0.72,0.0857142857142857,12.0,0.42857142857142855,0.5
21_model_rule_baseline_CHS,rule2_rms_state,rule2_rms_state,rule,time_block,3,3.0,9.0,4.999999999999998,1.0,65.0,70,10.0,0.6428571428571429,0.9,0.75,0.0714285714285714,12.0,0.42857142857142855,0.5142857142857142
21_model_rule_baseline_CHS,rule3_rms_state_dir,rule3_rms_state_dir,rule,time_block,3,3.0,9.0,0.999999999999994,1.0,69.0,70,10.0,0.9000000000000005,0.9,0.9000000000000004,0.0142857142857142,12.0,0.42857142857142855,0.5806451612903227
21_model_rule_baseline_CHS,rule3b_rms_state_ratio,rule3b_rms_state_ratio,rule,time_block,3,3.0,9.0,0.0,1.0,70.0,70,10.0,1.0,0.9,0.9473684210526315,0.0,12.0,0.42857142857142855,0.6
21_model_rule_baseline_CHS,rule3c_rms_state_dirz,rule3c_rms_state_dirz,rule,time_block,3,3.0,9.0,0.0,1.0,70.0,70,10.0,1.0,0.9,0.9473684210526315,0.0,12.0,0.42857142857142855,0.6
21_model_rule_baseline_CHS,rule3d_rms_state_ratioz,rule3d_rms_state_ratioz,rule,time_block,3,3.0,9.0,4.999999999999998,1.0,65.0,70,10.0,0.6428571428571429,0.9,0.75,0.0714285714285714,12.0,0.42857142857142855,0.5142857142857142
21_model_rule_baseline_CHS,rule3e_rms_state_dirz_cum,rule3e_rms_state_dirz_cum,rule,time_block,3,3.0,9.0,0.0,1.0,70.0,70,10.0,1.0,0.9,0.9473684210526315,0.0,12.0,0.42857142857142855,0.6
21_model_rule_baseline_CHS,rule1_rms_ai0,rule1_rms_ai0,rule,time_block,4,3.0,9.0,0.999999999999999,1.0,73.0,74,10.0,0.9000000000000001,0.9,0.9,0.0135135135135135,12.0,0.42857142857142855,0.5806451612903226
21_model_rule_baseline_CHS,rule2_rms_state,rule2_rms_state,rule,time_block,4,3.0,9.0,2.999999999999997,1.0,71.0,74,10.0,0.7500000000000002,0.9,0.8181818181818183,0.0405405405405405,12.0,0.42857142857142855,0.5454545454545454
21_model_rule_baseline_CHS,rule3_rms_state_dir,rule3_rms_state_dir,rule,time_block,4,3.0,9.0,0.999999999999999,1.0,73.0,74,10.0,0.9000000000000001,0.9,0.9,0.0135135135135135,12.0,0.42857142857142855,0.5806451612903226
21_model_rule_baseline_CHS,rule3b_rms_state_ratio,rule3b_rms_state_ratio,rule,time_block,4,3.0,9.0,0.0,1.0,74.0,74,10.0,1.0,0.9,0.9473684210526315,0.0,12.0,0.42857142857142855,0.6
21_model_rule_baseline_CHS,rule3c_rms_state_dirz,rule3c_rms_state_dirz,rule,time_block,4,3.0,9.0,0.999999999999999,1.0,73.0,74,10.0,0.9000000000000001,0.9,0.9,0.0135135135135135,12.0,0.42857142857142855,0.5806451612903226
21_model_rule_baseline_CHS,rule3d_rms_state_ratioz,rule3d_rms_state_ratioz,rule,time_block,4,3.0,9.0,0.999999999999999,1.0,73.0,74,10.0,0.9000000000000001,0.9,0.9,0.0135135135135135,12.0,0.42857142857142855,0.5806451612903226
21_model_rule_baseline_CHS,rule3e_rms_state_dirz_cum,rule3e_rms_state_dirz_cum,rule,time_block,4,3.0,9.0,0.999999999999999,1.0,73.0,74,10.0,0.9000000000000001,0.9,0.9,0.0135135135135135,12.0,0.42857142857142855,0.5806451612903226
24_model_forecasting_JIW,cnn_deepant_w1s,cnn_deepant,forecasting,group_kfold_seg,0,1.0,5.0,7.333333333333333,0.0,101.66666666666667,109,5.0,0.40540540540540543,1.0,0.576923076923077,0.0672782874617737,0.0,1.0,0.576923076923077
24_model_forecasting_JIW,lstm_ad_w1s,lstm_ad,forecasting,group_kfold_seg,0,1.0,5.0,7.666666666666659,0.0,101.33333333333334,109,5.0,0.3947368421052634,1.0,0.5660377358490569,0.0703363914373088,0.0,1.0,0.5660377358490569
24_model_forecasting_JIW,cnn_deepant_w1s,cnn_deepant,forecasting,group_kfold_seg,1,1.0,4.0,3.333333333333328,0.0,100.66666666666667,104,4.0,0.5454545454545459,1.0,0.7058823529411767,0.032051282051282,0.0,1.0,0.7058823529411767
24_model_forecasting_JIW,lstm_ad_w1s,lstm_ad,forecasting,group_kfold_seg,1,1.0,4.0,5.333333333333324,0.0,98.66666666666667,104,4.0,0.42857142857142894,1.0,0.6000000000000004,0.0512820512820512,0.0,1.0,0.6000000000000004
24_model_forecasting_JIW,cnn_deepant_w1s,cnn_deepant,forecasting,group_kfold_seg,2,1.0,2.0,0.3333333333333282,0.0,101.66666666666667,102,2.0,0.8571428571428591,1.0,0.9230769230769241,0.0032679738562091,2.0,0.5,0.6315789473684216
24_model_forecasting_JIW,lstm_ad_w1s,lstm_ad,forecasting,group_kfold_seg,2,1.0,2.0,0.6666666666666666,0.0,101.33333333333333,102,2.0,0.75,1.0,0.8571428571428571,0.0065359477124183,2.0,0.5,0.6
24_model_forecasting_JIW,cnn_deepant_w1s,cnn_deepant,forecasting,group_kfold_seg,3,1.0,3.0,3.333333333333333,0.0,106.66666666666667,110,3.0,0.4736842105263158,1.0,0.6428571428571429,0.0303030303030303,1.0,0.75,0.5806451612903226
24_model_forecasting_JIW,lstm_ad_w1s,lstm_ad,forecasting,group_kfold_seg,3,1.0,3.0,2.666666666666662,0.0,107.33333333333334,110,3.0,0.5294117647058827,1.0,0.6923076923076926,0.0242424242424242,1.0,0.75,0.620689655172414
24_model_forecasting_JIW,cnn_deepant_w1s,cnn_deepant,forecasting,group_kfold_seg,4,1.0,3.0,2.666666666666667,0.0,102.33333333333333,105,3.0,0.5294117647058824,1.0,0.6923076923076922,0.0253968253968254,1.0,0.75,0.6206896551724137
24_model_forecasting_JIW,lstm_ad_w1s,lstm_ad,forecasting,group_kfold_seg,4,1.0,3.0,2.333333333333331,0.0,102.66666666666667,105,3.0,0.5625000000000003,1.0,0.7200000000000003,0.0222222222222222,1.0,0.75,0.642857142857143
24_model_forecasting_JIW,cnn_deepant_w1s,cnn_deepant,forecasting,time_block,1,1.0,17.0,7.333333333333333,0.0,94.66666666666667,102,17.0,0.6986301369863014,1.0,0.8225806451612903,0.0718954248366013,4.0,0.8095238095238095,0.75
24_model_forecasting_JIW,lstm_ad_w1s,lstm_ad,forecasting,time_block,1,1.0,17.0,1.6666666666666614,0.0,100.33333333333334,102,17.0,0.910714285714286,1.0,0.9532710280373833,0.0163398692810457,4.0,0.8095238095238095,0.8571428571428572
24_model_forecasting_JIW,cnn_deepant_w1s,cnn_deepant,forecasting,time_block,2,1.0,17.0,2.9999999999999996,0.0,96.0,99,17.0,0.85,1.0,0.918918918918919,0.030303030303030297,4.0,0.8095238095238095,0.8292682926829268
24_model_forecasting_JIW,lstm_ad_w1s,lstm_ad,forecasting,time_block,2,1.0,17.0,4.333333333333326,0.0,94.66666666666667,99,17.0,0.7968750000000003,1.0,0.8869565217391305,0.0437710437710437,4.0,0.8095238095238095,0.8031496062992127
24_model_forecasting_JIW,cnn_deepant_w1s,cnn_deepant,forecasting,time_block,3,1.0,17.0,4.666666666666658,0.0,103.33333333333334,108,17.0,0.7846153846153849,1.0,0.8793103448275864,0.0432098765432098,4.0,0.8095238095238095,0.7968750000000002
24_model_forecasting_JIW,lstm_ad_w1s,lstm_ad,forecasting,time_block,3,1.0,17.0,6.999999999999998,0.0,101.0,108,17.0,0.7083333333333334,1.0,0.8292682926829268,0.0648148148148148,4.0,0.8095238095238095,0.7555555555555555
24_model_forecasting_JIW,cnn_deepant_w1s,cnn_deepant,forecasting,time_block,4,1.0,17.0,0.9999999999999936,0.0,107.0,108,17.0,0.9444444444444449,1.0,0.9714285714285716,0.0092592592592592,4.0,0.8095238095238095,0.8717948717948719
24_model_forecasting_JIW,lstm_ad_w1s,lstm_ad,forecasting,time_block,4,1.0,17.0,0.9999999999999936,0.0,107.0,108,17.0,0.9444444444444449,1.0,0.9714285714285716,0.0092592592592592,4.0,0.8095238095238095,0.8717948717948719
24_model_forecasting_JIW,cnn_deepant_w2s,cnn_deepant,forecasting,group_kfold_seg,0,2.0,3.0,6.999999999999997,0.0,80.0,87,3.0,0.3000000000000001,1.0,0.4615384615384617,0.0804597701149425,2.0,0.6,0.4000000000000001
24_model_forecasting_JIW,lstm_ad_w2s,lstm_ad,forecasting,group_kfold_seg,0,2.0,3.0,6.666666666666662,0.0,80.33333333333334,87,3.0,0.3103448275862071,1.0,0.473684210526316,0.0766283524904214,2.0,0.6,0.4090909090909093
24_model_forecasting_JIW,cnn_deepant_w2s,cnn_deepant,forecasting,group_kfold_seg,1,2.0,2.0,3.3333333333333286,0.0,85.66666666666667,89,2.0,0.37500000000000033,1.0,0.5454545454545459,0.0374531835205992,2.0,0.5,0.42857142857142877
24_model_forecasting_JIW,lstm_ad_w2s,lstm_ad,forecasting,group_kfold_seg,1,2.0,2.0,2.9999999999999973,0.0,86.0,89,2.0,0.4000000000000002,1.0,0.5714285714285716,0.0337078651685393,2.0,0.5,0.44444444444444464
24_model_forecasting_JIW,cnn_deepant_w2s,cnn_deepant,forecasting,group_kfold_seg,2,2.0,2.0,0.333333333333328,0.0,85.66666666666667,86,2.0,0.8571428571428591,1.0,0.9230769230769242,0.003875968992248,2.0,0.5,0.6315789473684216
24_model_forecasting_JIW,lstm_ad_w2s,lstm_ad,forecasting,group_kfold_seg,2,2.0,2.0,0.0,0.0,86.0,86,2.0,1.0,1.0,1.0,0.0,2.0,0.5,0.6666666666666666
24_model_forecasting_JIW,cnn_deepant_w2s,cnn_deepant,forecasting,group_kfold_seg,3,2.0,3.0,1.666666666666663,0.0,96.33333333333334,98,3.0,0.6428571428571435,1.0,0.7826086956521744,0.0170068027210884,1.0,0.75,0.6923076923076926
24_model_forecasting_JIW,lstm_ad_w2s,lstm_ad,forecasting,group_kfold_seg,3,2.0,3.0,1.3333333333333286,0.0,96.66666666666667,98,3.0,0.6923076923076931,1.0,0.8181818181818187,0.0136054421768707,1.0,0.75,0.7200000000000004
24_model_forecasting_JIW,cnn_deepant_w2s,cnn_deepant,forecasting,group_kfold_seg,4,2.0,3.0,0.3333333333333332,0.0,91.66666666666667,92,3.0,0.9000000000000001,1.0,0.9473684210526316,0.0036231884057971,1.0,0.75,0.8181818181818182
24_model_forecasting_JIW,lstm_ad_w2s,lstm_ad,forecasting,group_kfold_seg,4,2.0,3.0,0.3333333333333332,0.0,91.66666666666667,92,3.0,0.9000000000000001,1.0,0.9473684210526316,0.0036231884057971,1.0,0.75,0.8181818181818182
24_model_forecasting_JIW,cnn_deepant_w2s,cnn_deepant,forecasting,time_block,1,2.0,13.0,1.6666666666666667,0.0,83.33333333333333,85,13.0,0.8863636363636364,1.0,0.9397590361445782,0.0196078431372549,8.0,0.6190476190476191,0.7289719626168223
24_model_forecasting_JIW,lstm_ad_w2s,lstm_ad,forecasting,time_block,1,2.0,13.0,0.9999999999999964,0.0,84.0,85,13.0,0.9285714285714288,1.0,0.9629629629629631,0.0117647058823529,8.0,0.6190476190476191,0.7428571428571429
24_model_forecasting_JIW,cnn_deepant_w2s,cnn_deepant,forecasting,time_block,2,2.0,13.0,1.3333333333333255,0.0,85.66666666666667,87,13.0,0.906976744186047,1.0,0.9512195121951222,0.0153256704980842,8.0,0.6190476190476191,0.7358490566037736
24_model_forecasting_JIW,lstm_ad_w2s,lstm_ad,forecasting,time_block,2,2.0,13.0,0.33333333333332704,0.0,86.66666666666667,87,13.0,0.9750000000000004,1.0,0.9873417721518989,0.0038314176245210006,8.0,0.6190476190476191,0.7572815533980584
24_model_forecasting_JIW,cnn_deepant_w2s,cnn_deepant,forecasting,time_block,3,2.0,13.0,2.3333333333333295,0.0,88.66666666666667,91,13.0,0.847826086956522,1.0,0.9176470588235296,0.0256410256410256,8.0,0.6190476190476191,0.7155963302752294
24_model_forecasting_JIW,lstm_ad_w2s,lstm_ad,forecasting,time_block,3,2.0,13.0,3.666666666666658,0.0,87.33333333333334,91,13.0,0.7800000000000005,1.0,0.8764044943820227,0.0402930402930402,8.0,0.6190476190476191,0.6902654867256639
24_model_forecasting_JIW,cnn_deepant_w2s,cnn_deepant,forecasting,time_block,4,2.0,13.0,0.9999999999999919,0.0,90.00000000000001,91,13.0,0.9285714285714292,1.0,0.9629629629629632,0.0109890109890109,8.0,0.6190476190476191,0.742857142857143
24_model_forecasting_JIW,lstm_ad_w2s,lstm_ad,forecasting,time_block,4,2.0,13.0,0.9999999999999919,0.0,90.00000000000001,91,13.0,0.9285714285714292,1.0,0.9629629629629632,0.0109890109890109,8.0,0.6190476190476191,0.742857142857143
25_model_graph_JIW,mtad_gat_w1s,mtad_gat,graph,group_kfold_seg,0,1.0,5.0,7.333333333333333,0.0,101.66666666666667,109,5.0,0.40540540540540543,1.0,0.576923076923077,0.0672782874617737,0.0,1.0,0.576923076923077
25_model_graph_JIW,gdn_w1s,gdn,graph,group_kfold_seg,0,1.0,5.0,8.999999999999996,0.0,100.0,109,5.0,0.3571428571428572,1.0,0.5263157894736843,0.0825688073394495,0.0,1.0,0.5263157894736843
25_model_graph_JIW,mtad_gat_w1s,mtad_gat,graph,group_kfold_seg,1,1.0,4.0,5.333333333333324,0.0,98.66666666666667,104,4.0,0.42857142857142894,1.0,0.6000000000000004,0.0512820512820512,0.0,1.0,0.6000000000000004
25_model_graph_JIW,gdn_w1s,gdn,graph,group_kfold_seg,1,1.0,4.0,7.999999999999997,0.0,96.0,104,4.0,0.3333333333333334,1.0,0.5000000000000001,0.0769230769230769,0.0,1.0,0.5000000000000001
25_model_graph_JIW,mtad_gat_w1s,mtad_gat,graph,group_kfold_seg,2,1.0,2.0,0.0,0.0,102.0,102,2.0,1.0,1.0,1.0,0.0,2.0,0.5,0.6666666666666666
25_model_graph_JIW,gdn_w1s,gdn,graph,group_kfold_seg,2,1.0,2.0,0.9999999999999949,0.0,101.0,102,2.0,0.6666666666666679,1.0,0.8000000000000008,0.0098039215686274,2.0,0.5,0.5714285714285718
25_model_graph_JIW,mtad_gat_w1s,mtad_gat,graph,group_kfold_seg,3,1.0,3.0,1.9999999999999911,0.0,108.00000000000001,110,3.0,0.6000000000000011,1.0,0.7500000000000009,0.0181818181818181,1.0,0.75,0.6666666666666673
25_model_graph_JIW,gdn_w1s,gdn,graph,group_kfold_seg,3,1.0,3.0,1.666666666666661,0.0,108.33333333333334,110,3.0,0.6428571428571437,1.0,0.7826086956521745,0.0151515151515151,1.0,0.75,0.6923076923076927
25_model_graph_JIW,mtad_gat_w1s,mtad_gat,graph,group_kfold_seg,4,1.0,3.0,0.6666666666666615,0.0,104.33333333333334,105,3.0,0.8181818181818193,1.0,0.9000000000000007,0.006349206349206301,1.0,0.75,0.7826086956521744
25_model_graph_JIW,gdn_w1s,gdn,graph,group_kfold_seg,4,1.0,3.0,2.9999999999999925,0.0,102.00000000000001,105,3.0,0.5000000000000006,1.0,0.6666666666666672,0.0285714285714285,1.0,0.75,0.6000000000000004
25_model_graph_JIW,mtad_gat_w1s,mtad_gat,graph,time_block,1,1.0,17.0,4.0,0.0,98.0,102,17.0,0.8095238095238095,1.0,0.8947368421052632,0.0392156862745098,4.0,0.8095238095238095,0.8095238095238095
25_model_graph_JIW,gdn_w1s,gdn,graph,time_block,1,1.0,16.0,6.333333333333328,1.0,95.66666666666667,102,17.0,0.7164179104477614,0.9411764705882353,0.8135593220338984,0.0620915032679738,5.0,0.7619047619047619,0.7384615384615385
25_model_graph_JIW,mtad_gat_w1s,mtad_gat,graph,time_block,2,1.0,17.0,4.999999999999999,0.0,94.0,99,17.0,0.7727272727272727,1.0,0.8717948717948718,0.0505050505050505,4.0,0.8095238095238095,0.7906976744186046
25_model_graph_JIW,gdn_w1s,gdn,graph,time_block,2,1.0,17.0,4.333333333333326,0.0,94.66666666666667,99,17.0,0.7968750000000003,1.0,0.8869565217391305,0.0437710437710437,4.0,0.8095238095238095,0.8031496062992127
25_model_graph_JIW,mtad_gat_w1s,mtad_gat,graph,time_block,3,1.0,17.0,6.333333333333325,0.0,101.66666666666667,108,17.0,0.7285714285714289,1.0,0.8429752066115703,0.058641975308641896,4.0,0.8095238095238095,0.7669172932330828
25_model_graph_JIW,gdn_w1s,gdn,graph,time_block,3,1.0,17.0,5.999999999999994,0.0,102.0,108,17.0,0.7391304347826089,1.0,0.8500000000000002,0.0555555555555555,4.0,0.8095238095238095,0.7727272727272728
25_model_graph_JIW,mtad_gat_w1s,mtad_gat,graph,time_block,4,1.0,17.0,0.9999999999999936,0.0,107.0,108,17.0,0.9444444444444449,1.0,0.9714285714285716,0.0092592592592592,4.0,0.8095238095238095,0.8717948717948719
25_model_graph_JIW,gdn_w1s,gdn,graph,time_block,4,1.0,17.0,2.333333333333329,0.0,105.66666666666667,108,17.0,0.8793103448275864,1.0,0.9357798165137616,0.0216049382716049,4.0,0.8095238095238095,0.8429752066115703
25_model_graph_JIW,mtad_gat_w2s,mtad_gat,graph,group_kfold_seg,0,2.0,3.0,5.000000000000001,0.0,82.0,87,3.0,0.375,1.0,0.5454545454545454,0.057471264367816105,2.0,0.6,0.46153846153846156
25_model_graph_JIW,gdn_w2s,gdn,graph,group_kfold_seg,0,2.0,3.0,6.999999999999997,0.0,80.0,87,3.0,0.3000000000000001,1.0,0.4615384615384617,0.0804597701149425,2.0,0.6,0.4000000000000001
25_model_graph_JIW,mtad_gat_w2s,mtad_gat,graph,group_kfold_seg,1,2.0,2.0,3.3333333333333286,0.0,85.66666666666667,89,2.0,0.37500000000000033,1.0,0.5454545454545459,0.0374531835205992,2.0,0.5,0.42857142857142877
25_model_graph_JIW,gdn_w2s,gdn,graph,group_kfold_seg,1,2.0,2.0,5.333333333333333,0.0,83.66666666666667,89,2.0,0.27272727272727276,1.0,0.4285714285714286,0.059925093632958795,2.0,0.5,0.35294117647058826
25_model_graph_JIW,mtad_gat_w2s,mtad_gat,graph,group_kfold_seg,2,2.0,2.0,0.0,0.0,86.0,86,2.0,1.0,1.0,1.0,0.0,2.0,0.5,0.6666666666666666
25_model_graph_JIW,gdn_w2s,gdn,graph,group_kfold_seg,2,2.0,2.0,0.333333333333328,0.0,85.66666666666667,86,2.0,0.8571428571428591,1.0,0.9230769230769242,0.003875968992248,2.0,0.5,0.6315789473684216
25_model_graph_JIW,mtad_gat_w2s,mtad_gat,graph,group_kfold_seg,3,2.0,3.0,1.666666666666663,0.0,96.33333333333334,98,3.0,0.6428571428571435,1.0,0.7826086956521744,0.0170068027210884,1.0,0.75,0.6923076923076926
25_model_graph_JIW,gdn_w2s,gdn,graph,group_kfold_seg,3,2.0,3.0,0.6666666666666594,0.0,97.33333333333334,98,3.0,0.8181818181818198,1.0,0.900000000000001,0.0068027210884353,1.0,0.75,0.7826086956521747
25_model_graph_JIW,mtad_gat_w2s,mtad_gat,graph,group_kfold_seg,4,2.0,3.0,0.0,0.0,92.0,92,3.0,1.0,1.0,1.0,0.0,1.0,0.75,0.8571428571428571
25_model_graph_JIW,gdn_w2s,gdn,graph,group_kfold_seg,4,2.0,3.0,0.6666666666666664,0.0,91.33333333333333,92,3.0,0.8181818181818182,1.0,0.9000000000000001,0.0072463768115942,1.0,0.75,0.782608695652174
25_model_graph_JIW,mtad_gat_w2s,mtad_gat,graph,time_block,1,2.0,13.0,1.3333333333333315,0.0,83.66666666666667,85,13.0,0.9069767441860466,1.0,0.951219512195122,0.0156862745098039,8.0,0.6190476190476191,0.7358490566037736
25_model_graph_JIW,gdn_w2s,gdn,graph,time_block,1,2.0,13.0,2.666666666666663,0.0,82.33333333333334,85,13.0,0.8297872340425534,1.0,0.9069767441860466,0.0313725490196078,8.0,0.6190476190476191,0.7090909090909091
25_model_graph_JIW,mtad_gat_w2s,mtad_gat,graph,time_block,2,2.0,13.0,2.6666666666666594,0.0,84.33333333333334,87,13.0,0.8297872340425536,1.0,0.9069767441860467,0.030651340996168498,8.0,0.6190476190476191,0.7090909090909093
25_model_graph_JIW,gdn_w2s,gdn,graph,time_block,2,2.0,13.0,5.000000000000001,0.0,82.0,87,13.0,0.7222222222222222,1.0,0.8387096774193549,0.057471264367816105,8.0,0.6190476190476191,0.6666666666666666
25_model_graph_JIW,mtad_gat_w2s,mtad_gat,graph,time_block,3,2.0,13.0,3.9999999999999947,0.0,87.0,91,13.0,0.7647058823529415,1.0,0.8666666666666669,0.0439560439560439,8.0,0.6190476190476191,0.6842105263157896
25_model_graph_JIW,gdn_w2s,gdn,graph,time_block,3,2.0,13.0,5.666666666666661,0.0,85.33333333333334,91,13.0,0.6964285714285716,1.0,0.8210526315789475,0.06227106227106221,8.0,0.6190476190476191,0.6554621848739497
25_model_graph_JIW,mtad_gat_w2s,mtad_gat,graph,time_block,4,2.0,13.0,0.9999999999999919,0.0,90.00000000000001,91,13.0,0.9285714285714292,1.0,0.9629629629629632,0.0109890109890109,8.0,0.6190476190476191,0.742857142857143
25_model_graph_JIW,gdn_w2s,gdn,graph,time_block,4,2.0,13.0,0.9999999999999919,0.0,90.00000000000001,91,13.0,0.9285714285714292,1.0,0.9629629629629632,0.0109890109890109,8.0,0.6190476190476191,0.742857142857143
26_model_distribution_JIW,mcd_amp_w1s,mcd_amp,distribution,group_kfold_seg,0,1.0,5.0,6.999999999999996,0.0,102.0,109,5.0,0.4166666666666668,1.0,0.5882352941176472,0.0642201834862385,0.0,1.0,0.5882352941176472
26_model_distribution_JIW,mcd_amp_sine_w1s,mcd_amp_sine,distribution,group_kfold_seg,0,1.0,5.0,7.999999999999996,0.0,101.0,109,5.0,0.38461538461538475,1.0,0.5555555555555557,0.073394495412844,0.0,1.0,0.5555555555555557
26_model_distribution_JIW,mcd_amp_shape_w1s,mcd_amp_shape,distribution,group_kfold_seg,0,1.0,5.0,4.999999999999997,0.0,104.0,109,5.0,0.5000000000000002,1.0,0.6666666666666669,0.0458715596330275,0.0,1.0,0.6666666666666669
26_model_distribution_JIW,mcd_amp_rel_w1s,mcd_amp_rel,distribution,group_kfold_seg,0,1.0,5.0,9.999999999999995,0.0,99.0,109,5.0,0.3333333333333334,1.0,0.5000000000000002,0.091743119266055,0.0,1.0,0.5000000000000002
26_model_distribution_JIW,ocsvm_amp_w1s,ocsvm_amp,distribution,group_kfold_seg,0,1.0,5.0,11.999999999999995,0.0,97.0,109,5.0,0.29411764705882365,1.0,0.4545454545454547,0.110091743119266,0.0,1.0,0.4545454545454547
26_model_distribution_JIW,ocsvm_amp_sine_w1s,ocsvm_amp_sine,distribution,group_kfold_seg,0,1.0,5.0,10.999999999999995,0.0,98.0,109,5.0,0.3125000000000001,1.0,0.47619047619047633,0.1009174311926605,0.0,1.0,0.47619047619047633
26_model_distribution_JIW,ocsvm_amp_shape_w1s,ocsvm_amp_shape,distribution,group_kfold_seg,0,1.0,5.0,11.999999999999995,0.0,97.0,109,5.0,0.29411764705882365,1.0,0.4545454545454547,0.110091743119266,0.0,1.0,0.4545454545454547
26_model_distribution_JIW,ocsvm_amp_rel_w1s,ocsvm_amp_rel,distribution,group_kfold_seg,0,1.0,5.0,15.999999999999991,0.0,93.00000000000001,109,5.0,0.23809523809523817,1.0,0.38461538461538475,0.146788990825688,0.0,1.0,0.38461538461538475
26_model_distribution_JIW,hbos_amp_w1s,hbos_amp,distribution,group_kfold_seg,0,1.0,4.0,11.999999999999995,1.0,97.0,109,5.0,0.2500000000000001,0.8,0.3809523809523811,0.110091743119266,1.0,0.8,0.3809523809523811
26_model_distribution_JIW,hbos_amp_sine_w1s,hbos_amp_sine,distribution,group_kfold_seg,0,1.0,5.0,8.999999999999996,0.0,100.0,109,5.0,0.3571428571428572,1.0,0.5263157894736843,0.0825688073394495,0.0,1.0,0.5263157894736843
26_model_distribution_JIW,hbos_amp_shape_w1s,hbos_amp_shape,distribution,group_kfold_seg,0,1.0,4.0,5.999999999999997,1.0,103.0,109,5.0,0.40000000000000013,0.8,0.5333333333333334,0.055045871559633,1.0,0.8,0.5333333333333334
26_model_distribution_JIW,hbos_amp_rel_w1s,hbos_amp_rel,distribution,group_kfold_seg,0,1.0,5.0,6.999999999999996,0.0,102.0,109,5.0,0.4166666666666668,1.0,0.5882352941176472,0.0642201834862385,0.0,1.0,0.5882352941176472
26_model_distribution_JIW,copod_amp_w1s,copod_amp,distribution,group_kfold_seg,0,1.0,4.0,3.999999999999998,1.0,105.0,109,5.0,0.5000000000000001,0.8,0.6153846153846154,0.036697247706422,1.0,0.8,0.6153846153846154
26_model_distribution_JIW,copod_amp_sine_w1s,copod_amp_sine,distribution,group_kfold_seg,0,1.0,5.0,2.9999999999999987,0.0,106.0,109,5.0,0.6250000000000001,1.0,0.7692307692307694,0.0275229357798165,0.0,1.0,0.7692307692307694
26_model_distribution_JIW,copod_amp_shape_w1s,copod_amp_shape,distribution,group_kfold_seg,0,1.0,4.0,1.999999999999999,1.0,107.0,109,5.0,0.6666666666666667,0.8,0.7272727272727274,0.018348623853211,1.0,0.8,0.7272727272727274
26_model_distribution_JIW,copod_amp_rel_w1s,copod_amp_rel,distribution,group_kfold_seg,0,1.0,4.0,3.999999999999998,1.0,105.0,109,5.0,0.5000000000000001,0.8,0.6153846153846154,0.036697247706422,1.0,0.8,0.6153846153846154
26_model_distribution_JIW,deep_svdd_w1s,deep_svdd,distribution,group_kfold_seg,0,1.0,4.333333333333333,7.666666666666659,0.666666666666667,101.33333333333334,109,5.0,0.3611111111111113,0.8666666666666666,0.5098039215686276,0.0703363914373088,0.666666666666667,0.8666666666666666,0.5098039215686276
26_model_distribution_JIW,mcd_amp_w1s,mcd_amp,distribution,group_kfold_seg,1,1.0,4.0,5.99999999999999,0.0,98.00000000000001,104,4.0,0.4000000000000004,1.0,0.5714285714285718,0.0576923076923076,0.0,1.0,0.5714285714285718
26_model_distribution_JIW,mcd_amp_sine_w1s,mcd_amp_sine,distribution,group_kfold_seg,1,1.0,4.0,5.99999999999999,0.0,98.00000000000001,104,4.0,0.4000000000000004,1.0,0.5714285714285718,0.0576923076923076,0.0,1.0,0.5714285714285718
26_model_distribution_JIW,mcd_amp_shape_w1s,mcd_amp_shape,distribution,group_kfold_seg,1,1.0,4.0,7.999999999999997,0.0,96.0,104,4.0,0.3333333333333334,1.0,0.5000000000000001,0.0769230769230769,0.0,1.0,0.5000000000000001
26_model_distribution_JIW,mcd_amp_rel_w1s,mcd_amp_rel,distribution,group_kfold_seg,1,1.0,4.0,2.999999999999995,0.0,101.0,104,4.0,0.5714285714285718,1.0,0.7272727272727276,0.0288461538461538,0.0,1.0,0.7272727272727276
26_model_distribution_JIW,ocsvm_amp_w1s,ocsvm_amp,distribution,group_kfold_seg,1,1.0,4.0,1.999999999999997,0.0,102.0,104,4.0,0.6666666666666671,1.0,0.8000000000000003,0.0192307692307692,0.0,1.0,0.8000000000000003
26_model_distribution_JIW,ocsvm_amp_sine_w1s,ocsvm_amp_sine,distribution,group_kfold_seg,1,1.0,4.0,4.999999999999992,0.0,99.00000000000001,104,4.0,0.4444444444444448,1.0,0.6153846153846158,0.048076923076923,0.0,1.0,0.6153846153846158
26_model_distribution_JIW,ocsvm_amp_shape_w1s,ocsvm_amp_shape,distribution,group_kfold_seg,1,1.0,4.0,2.999999999999995,0.0,101.0,104,4.0,0.5714285714285718,1.0,0.7272727272727276,0.0288461538461538,0.0,1.0,0.7272727272727276
26_model_distribution_JIW,ocsvm_amp_rel_w1s,ocsvm_amp_rel,distribution,group_kfold_seg,1,1.0,4.0,2.999999999999995,0.0,101.0,104,4.0,0.5714285714285718,1.0,0.7272727272727276,0.0288461538461538,0.0,1.0,0.7272727272727276
26_model_distribution_JIW,hbos_amp_w1s,hbos_amp,distribution,group_kfold_seg,1,1.0,4.0,7.999999999999997,0.0,96.0,104,4.0,0.3333333333333334,1.0,0.5000000000000001,0.0769230769230769,0.0,1.0,0.5000000000000001
26_model_distribution_JIW,hbos_amp_sine_w1s,hbos_amp_sine,distribution,group_kfold_seg,1,1.0,4.0,8.999999999999995,0.0,95.0,104,4.0,0.3076923076923078,1.0,0.47058823529411786,0.08653846153846148,0.0,1.0,0.47058823529411786
26_model_distribution_JIW,hbos_amp_shape_w1s,hbos_amp_shape,distribution,group_kfold_seg,1,1.0,4.0,7.999999999999997,0.0,96.0,104,4.0,0.3333333333333334,1.0,0.5000000000000001,0.0769230769230769,0.0,1.0,0.5000000000000001
26_model_distribution_JIW,hbos_amp_rel_w1s,hbos_amp_rel,distribution,group_kfold_seg,1,1.0,4.0,8.999999999999995,0.0,95.0,104,4.0,0.3076923076923078,1.0,0.47058823529411786,0.08653846153846148,0.0,1.0,0.47058823529411786
26_model_distribution_JIW,copod_amp_w1s,copod_amp,distribution,group_kfold_seg,1,1.0,4.0,7.0,0.0,97.0,104,4.0,0.36363636363636365,1.0,0.5333333333333333,0.0673076923076923,0.0,1.0,0.5333333333333333
26_model_distribution_JIW,copod_amp_sine_w1s,copod_amp_sine,distribution,group_kfold_seg,1,1.0,4.0,5.99999999999999,0.0,98.00000000000001,104,4.0,0.4000000000000004,1.0,0.5714285714285718,0.0576923076923076,0.0,1.0,0.5714285714285718
26_model_distribution_JIW,copod_amp_shape_w1s,copod_amp_shape,distribution,group_kfold_seg,1,1.0,4.0,4.999999999999992,0.0,99.00000000000001,104,4.0,0.4444444444444448,1.0,0.6153846153846158,0.048076923076923,0.0,1.0,0.6153846153846158
26_model_distribution_JIW,copod_amp_rel_w1s,copod_amp_rel,distribution,group_kfold_seg,1,1.0,4.0,8.999999999999995,0.0,95.0,104,4.0,0.3076923076923078,1.0,0.47058823529411786,0.08653846153846148,0.0,1.0,0.47058823529411786
26_model_distribution_JIW,deep_svdd_w1s,deep_svdd,distribution,group_kfold_seg,1,1.0,4.0,15.999999999999995,0.0,88.0,104,4.0,0.20000000000000007,1.0,0.3333333333333334,0.1538461538461538,0.0,1.0,0.3333333333333334
26_model_distribution_JIW,mcd_amp_w1s,mcd_amp,distribution,group_kfold_seg,2,1.0,2.0,2.9999999999999947,0.0,99.0,102,2.0,0.4000000000000004,1.0,0.5714285714285718,0.0294117647058823,2.0,0.5,0.4444444444444447
26_model_distribution_JIW,mcd_amp_sine_w1s,mcd_amp_sine,distribution,group_kfold_seg,2,1.0,2.0,4.0,0.0,98.0,102,2.0,0.3333333333333333,1.0,0.5,0.0392156862745098,2.0,0.5,0.4
26_model_distribution_JIW,mcd_amp_shape_w1s,mcd_amp_shape,distribution,group_kfold_seg,2,1.0,2.0,4.0,0.0,98.0,102,2.0,0.3333333333333333,1.0,0.5,0.0392156862745098,2.0,0.5,0.4
26_model_distribution_JIW,mcd_amp_rel_w1s,mcd_amp_rel,distribution,group_kfold_seg,2,1.0,2.0,4.999999999999995,0.0,97.0,102,2.0,0.2857142857142859,1.0,0.4444444444444447,0.049019607843137206,2.0,0.5,0.3636363636363638
26_model_distribution_JIW,ocsvm_amp_w1s,ocsvm_amp,distribution,group_kfold_seg,2,1.0,2.0,4.999999999999995,0.0,97.0,102,2.0,0.2857142857142859,1.0,0.4444444444444447,0.049019607843137206,2.0,0.5,0.3636363636363638
26_model_distribution_JIW,ocsvm_amp_sine_w1s,ocsvm_amp_sine,distribution,group_kfold_seg,2,1.0,2.0,5.999999999999999,0.0,96.0,102,2.0,0.25000000000000006,1.0,0.4,0.0588235294117647,2.0,0.5,0.3333333333333333
26_model_distribution_JIW,ocsvm_amp_shape_w1s,ocsvm_amp_shape,distribution,group_kfold_seg,2,1.0,2.0,8.0,0.0,94.0,102,2.0,0.2,1.0,0.3333333333333333,0.0784313725490196,2.0,0.5,0.2857142857142857
26_model_distribution_JIW,ocsvm_amp_rel_w1s,ocsvm_amp_rel,distribution,group_kfold_seg,2,1.0,2.0,11.999999999999998,0.0,90.0,102,2.0,0.14285714285714288,1.0,0.25000000000000006,0.1176470588235294,2.0,0.5,0.2222222222222222
26_model_distribution_JIW,hbos_amp_w1s,hbos_amp,distribution,group_kfold_seg,2,1.0,2.0,2.0,0.0,100.0,102,2.0,0.5,1.0,0.6666666666666666,0.0196078431372549,2.0,0.5,0.5
26_model_distribution_JIW,hbos_amp_sine_w1s,hbos_amp_sine,distribution,group_kfold_seg,2,1.0,2.0,4.0,0.0,98.0,102,2.0,0.3333333333333333,1.0,0.5,0.0392156862745098,2.0,0.5,0.4
26_model_distribution_JIW,hbos_amp_shape_w1s,hbos_amp_shape,distribution,group_kfold_seg,2,1.0,2.0,2.9999999999999947,0.0,99.0,102,2.0,0.4000000000000004,1.0,0.5714285714285718,0.0294117647058823,2.0,0.5,0.4444444444444447
26_model_distribution_JIW,hbos_amp_rel_w1s,hbos_amp_rel,distribution,group_kfold_seg,2,1.0,2.0,2.0,0.0,100.0,102,2.0,0.5,1.0,0.6666666666666666,0.0196078431372549,2.0,0.5,0.5
26_model_distribution_JIW,copod_amp_w1s,copod_amp,distribution,group_kfold_seg,2,1.0,2.0,2.0,0.0,100.0,102,2.0,0.5,1.0,0.6666666666666666,0.0196078431372549,2.0,0.5,0.5
26_model_distribution_JIW,copod_amp_sine_w1s,copod_amp_sine,distribution,group_kfold_seg,2,1.0,2.0,0.9999999999999949,0.0,101.0,102,2.0,0.6666666666666679,1.0,0.8000000000000008,0.0098039215686274,2.0,0.5,0.5714285714285718
26_model_distribution_JIW,copod_amp_shape_w1s,copod_amp_shape,distribution,group_kfold_seg,2,1.0,2.0,2.0,0.0,100.0,102,2.0,0.5,1.0,0.6666666666666666,0.0196078431372549,2.0,0.5,0.5
26_model_distribution_JIW,copod_amp_rel_w1s,copod_amp_rel,distribution,group_kfold_seg,2,1.0,2.0,2.0,0.0,100.0,102,2.0,0.5,1.0,0.6666666666666666,0.0196078431372549,2.0,0.5,0.5
26_model_distribution_JIW,deep_svdd_w1s,deep_svdd,distribution,group_kfold_seg,2,1.0,2.0,5.999999999999999,0.0,96.0,102,2.0,0.25000000000000006,1.0,0.4,0.0588235294117647,2.0,0.5,0.3333333333333333
26_model_distribution_JIW,mcd_amp_w1s,mcd_amp,distribution,group_kfold_seg,3,1.0,3.0,4.999999999999994,0.0,105.0,110,3.0,0.3750000000000003,1.0,0.5454545454545459,0.0454545454545454,1.0,0.75,0.5000000000000003
26_model_distribution_JIW,mcd_amp_sine_w1s,mcd_amp_sine,distribution,group_kfold_seg,3,1.0,3.0,4.999999999999994,0.0,105.0,110,3.0,0.3750000000000003,1.0,0.5454545454545459,0.0454545454545454,1.0,0.75,0.5000000000000003
26_model_distribution_JIW,mcd_amp_shape_w1s,mcd_amp_shape,distribution,group_kfold_seg,3,1.0,3.0,6.9999999999999964,0.0,103.0,110,3.0,0.3000000000000001,1.0,0.4615384615384617,0.0636363636363636,1.0,0.75,0.42857142857142866
26_model_distribution_JIW,mcd_amp_rel_w1s,mcd_amp_rel,distribution,group_kfold_seg,3,1.0,3.0,4.999999999999994,0.0,105.0,110,3.0,0.3750000000000003,1.0,0.5454545454545459,0.0454545454545454,1.0,0.75,0.5000000000000003
26_model_distribution_JIW,ocsvm_amp_w1s,ocsvm_amp,distribution,group_kfold_seg,3,1.0,3.0,13.999999999999993,0.0,96.0,110,3.0,0.17647058823529418,1.0,0.3000000000000001,0.1272727272727272,1.0,0.75,0.2857142857142858
26_model_distribution_JIW,ocsvm_amp_sine_w1s,ocsvm_amp_sine,distribution,group_kfold_seg,3,1.0,3.0,16.999999999999996,0.0,93.0,110,3.0,0.15000000000000002,1.0,0.26086956521739135,0.1545454545454545,1.0,0.75,0.25000000000000006
26_model_distribution_JIW,ocsvm_amp_shape_w1s,ocsvm_amp_shape,distribution,group_kfold_seg,3,1.0,3.0,14.999999999999993,0.0,95.0,110,3.0,0.16666666666666674,1.0,0.2857142857142858,0.1363636363636363,1.0,0.75,0.2727272727272728
26_model_distribution_JIW,ocsvm_amp_rel_w1s,ocsvm_amp_rel,distribution,group_kfold_seg,3,1.0,3.0,15.999999999999993,0.0,94.0,110,3.0,0.1578947368421053,1.0,0.2727272727272728,0.1454545454545454,1.0,0.75,0.2608695652173914
26_model_distribution_JIW,hbos_amp_w1s,hbos_amp,distribution,group_kfold_seg,3,1.0,3.0,0.0,0.0,110.0,110,3.0,1.0,1.0,1.0,0.0,1.0,0.75,0.8571428571428571
26_model_distribution_JIW,hbos_amp_sine_w1s,hbos_amp_sine,distribution,group_kfold_seg,3,1.0,3.0,2.999999999999992,0.0,107.00000000000001,110,3.0,0.5000000000000007,1.0,0.6666666666666672,0.0272727272727272,1.0,0.75,0.6000000000000004
26_model_distribution_JIW,hbos_amp_shape_w1s,hbos_amp_shape,distribution,group_kfold_seg,3,1.0,3.0,7.9999999999999964,0.0,102.0,110,3.0,0.2727272727272728,1.0,0.42857142857142866,0.0727272727272727,1.0,0.75,0.4000000000000001
26_model_distribution_JIW,hbos_amp_rel_w1s,hbos_amp_rel,distribution,group_kfold_seg,3,1.0,3.0,0.0,0.0,110.0,110,3.0,1.0,1.0,1.0,0.0,1.0,0.75,0.8571428571428571
26_model_distribution_JIW,copod_amp_w1s,copod_amp,distribution,group_kfold_seg,3,1.0,3.0,5.999999999999996,0.0,104.0,110,3.0,0.3333333333333335,1.0,0.5000000000000001,0.05454545454545451,1.0,0.75,0.4615384615384617
26_model_distribution_JIW,copod_amp_sine_w1s,copod_amp_sine,distribution,group_kfold_seg,3,1.0,3.0,2.999999999999992,0.0,107.00000000000001,110,3.0,0.5000000000000007,1.0,0.6666666666666672,0.0272727272727272,1.0,0.75,0.6000000000000004
26_model_distribution_JIW,copod_amp_shape_w1s,copod_amp_shape,distribution,group_kfold_seg,3,1.0,3.0,7.9999999999999964,0.0,102.0,110,3.0,0.2727272727272728,1.0,0.42857142857142866,0.0727272727272727,1.0,0.75,0.4000000000000001
26_model_distribution_JIW,copod_amp_rel_w1s,copod_amp_rel,distribution,group_kfold_seg,3,1.0,3.0,4.999999999999994,0.0,105.0,110,3.0,0.3750000000000003,1.0,0.5454545454545459,0.0454545454545454,1.0,0.75,0.5000000000000003
26_model_distribution_JIW,deep_svdd_w1s,deep_svdd,distribution,group_kfold_seg,3,1.0,3.0,8.999999999999998,0.0,101.0,110,3.0,0.25000000000000006,1.0,0.4,0.0818181818181818,1.0,0.75,0.37500000000000006
26_model_distribution_JIW,mcd_amp_w1s,mcd_amp,distribution,group_kfold_seg,4,1.0,3.0,2.9999999999999925,0.0,102.00000000000001,105,3.0,0.5000000000000006,1.0,0.6666666666666672,0.0285714285714285,1.0,0.75,0.6000000000000004
26_model_distribution_JIW,mcd_amp_sine_w1s,mcd_amp_sine,distribution,group_kfold_seg,4,1.0,3.0,5.999999999999996,0.0,99.0,105,3.0,0.3333333333333335,1.0,0.5000000000000001,0.0571428571428571,1.0,0.75,0.4615384615384617
26_model_distribution_JIW,mcd_amp_shape_w1s,mcd_amp_shape,distribution,group_kfold_seg,4,1.0,3.0,1.9999999999999951,0.0,103.0,105,3.0,0.6000000000000006,1.0,0.7500000000000006,0.019047619047619,1.0,0.75,0.6666666666666671
26_model_distribution_JIW,mcd_amp_rel_w1s,mcd_amp_rel,distribution,group_kfold_seg,4,1.0,3.0,4.0,0.0,101.0,105,3.0,0.42857142857142855,1.0,0.6,0.0380952380952381,1.0,0.75,0.5454545454545454
26_model_distribution_JIW,ocsvm_amp_w1s,ocsvm_amp,distribution,group_kfold_seg,4,1.0,3.0,5.999999999999996,0.0,99.0,105,3.0,0.3333333333333335,1.0,0.5000000000000001,0.0571428571428571,1.0,0.75,0.4615384615384617
26_model_distribution_JIW,ocsvm_amp_sine_w1s,ocsvm_amp_sine,distribution,group_kfold_seg,4,1.0,3.0,8.999999999999998,0.0,96.0,105,3.0,0.25000000000000006,1.0,0.4,0.0857142857142857,1.0,0.75,0.37500000000000006
26_model_distribution_JIW,ocsvm_amp_shape_w1s,ocsvm_amp_shape,distribution,group_kfold_seg,4,1.0,3.0,8.0,0.0,97.0,105,3.0,0.2727272727272727,1.0,0.42857142857142855,0.0761904761904762,1.0,0.75,0.4
26_model_distribution_JIW,ocsvm_amp_rel_w1s,ocsvm_amp_rel,distribution,group_kfold_seg,4,1.0,3.0,11.999999999999991,0.0,93.00000000000001,105,3.0,0.20000000000000012,1.0,0.3333333333333335,0.1142857142857142,1.0,0.75,0.3157894736842106
26_model_distribution_JIW,hbos_amp_w1s,hbos_amp,distribution,group_kfold_seg,4,1.0,3.0,6.999999999999993,0.0,98.0,105,3.0,0.3000000000000002,1.0,0.4615384615384618,0.0666666666666666,1.0,0.75,0.42857142857142877
26_model_distribution_JIW,hbos_amp_sine_w1s,hbos_amp_sine,distribution,group_kfold_seg,4,1.0,3.0,4.999999999999998,0.0,100.0,105,3.0,0.3750000000000001,1.0,0.5454545454545455,0.0476190476190476,1.0,0.75,0.5000000000000001
26_model_distribution_JIW,hbos_amp_shape_w1s,hbos_amp_shape,distribution,group_kfold_seg,4,1.0,3.0,9.999999999999996,0.0,95.0,105,3.0,0.23076923076923084,1.0,0.3750000000000001,0.0952380952380952,1.0,0.75,0.3529411764705883
26_model_distribution_JIW,hbos_amp_rel_w1s,hbos_amp_rel,distribution,group_kfold_seg,4,1.0,3.0,8.999999999999998,0.0,96.0,105,3.0,0.25000000000000006,1.0,0.4,0.0857142857142857,1.0,0.75,0.37500000000000006
26_model_distribution_JIW,copod_amp_w1s,copod_amp,distribution,group_kfold_seg,4,1.0,3.0,1.9999999999999951,0.0,103.0,105,3.0,0.6000000000000006,1.0,0.7500000000000006,0.019047619047619,1.0,0.75,0.6666666666666671
26_model_distribution_JIW,copod_amp_sine_w1s,copod_amp_sine,distribution,group_kfold_seg,4,1.0,3.0,0.9999999999999976,0.0,104.0,105,3.0,0.7500000000000006,1.0,0.8571428571428574,0.0095238095238095,1.0,0.75,0.7500000000000002
26_model_distribution_JIW,copod_amp_shape_w1s,copod_amp_shape,distribution,group_kfold_seg,4,1.0,3.0,1.9999999999999951,0.0,103.0,105,3.0,0.6000000000000006,1.0,0.7500000000000006,0.019047619047619,1.0,0.75,0.6666666666666671
26_model_distribution_JIW,copod_amp_rel_w1s,copod_amp_rel,distribution,group_kfold_seg,4,1.0,3.0,1.9999999999999951,0.0,103.0,105,3.0,0.6000000000000006,1.0,0.7500000000000006,0.019047619047619,1.0,0.75,0.6666666666666671
26_model_distribution_JIW,deep_svdd_w1s,deep_svdd,distribution,group_kfold_seg,4,1.0,3.0,9.66666666666666,0.0,95.33333333333334,105,3.0,0.236842105263158,1.0,0.3829787234042555,0.09206349206349201,1.0,0.75,0.36000000000000015
26_model_distribution_JIW,mcd_amp_w1s,mcd_amp,distribution,time_block,1,1.0,17.0,2.9999999999999947,0.0,99.0,102,17.0,0.8500000000000003,1.0,0.9189189189189191,0.0294117647058823,4.0,0.8095238095238095,0.829268292682927
26_model_distribution_JIW,mcd_amp_sine_w1s,mcd_amp_sine,distribution,time_block,1,1.0,17.0,4.999999999999995,0.0,97.0,102,17.0,0.7727272727272729,1.0,0.8717948717948719,0.049019607843137206,4.0,0.8095238095238095,0.7906976744186048
26_model_distribution_JIW,mcd_amp_shape_w1s,mcd_amp_shape,distribution,time_block,1,1.0,17.0,2.9999999999999947,0.0,99.0,102,17.0,0.8500000000000003,1.0,0.9189189189189191,0.0294117647058823,4.0,0.8095238095238095,0.829268292682927
26_model_distribution_JIW,mcd_amp_rel_w1s,mcd_amp_rel,distribution,time_block,1,1.0,17.0,2.0,0.0,100.0,102,17.0,0.8947368421052632,1.0,0.9444444444444444,0.0196078431372549,4.0,0.8095238095238095,0.85
26_model_distribution_JIW,ocsvm_amp_w1s,ocsvm_amp,distribution,time_block,1,1.0,17.0,29.999999999999996,0.0,72.0,102,17.0,0.3617021276595745,1.0,0.53125,0.2941176470588235,4.0,0.8095238095238095,0.5
26_model_distribution_JIW,ocsvm_amp_sine_w1s,ocsvm_amp_sine,distribution,time_block,1,1.0,17.0,22.999999999999993,0.0,79.0,102,17.0,0.4250000000000001,1.0,0.5964912280701755,0.2254901960784313,4.0,0.8095238095238095,0.5573770491803279
26_model_distribution_JIW,ocsvm_amp_shape_w1s,ocsvm_amp_shape,distribution,time_block,1,1.0,17.0,33.0,0.0,69.0,102,17.0,0.34,1.0,0.5074626865671642,0.3235294117647059,4.0,0.8095238095238095,0.4788732394366197
26_model_distribution_JIW,ocsvm_amp_rel_w1s,ocsvm_amp_rel,distribution,time_block,1,1.0,17.0,42.0,0.0,60.0,102,17.0,0.288135593220339,1.0,0.4473684210526316,0.4117647058823529,4.0,0.8095238095238095,0.425
26_model_distribution_JIW,hbos_amp_w1s,hbos_amp,distribution,time_block,1,1.0,17.0,8.999999999999993,0.0,93.0,102,17.0,0.6538461538461541,1.0,0.7906976744186048,0.088235294117647,4.0,0.8095238095238095,0.7234042553191491
26_model_distribution_JIW,hbos_amp_sine_w1s,hbos_amp_sine,distribution,time_block,1,1.0,17.0,11.999999999999998,0.0,90.0,102,17.0,0.5862068965517241,1.0,0.7391304347826086,0.1176470588235294,4.0,0.8095238095238095,0.68
26_model_distribution_JIW,hbos_amp_shape_w1s,hbos_amp_shape,distribution,time_block,1,1.0,16.0,12.999999999999993,1.0,89.0,102,17.0,0.5517241379310346,0.9411764705882353,0.6956521739130436,0.1274509803921568,5.0,0.7619047619047619,0.6400000000000001
26_model_distribution_JIW,hbos_amp_rel_w1s,hbos_amp_rel,distribution,time_block,1,1.0,17.0,11.999999999999998,0.0,90.0,102,17.0,0.5862068965517241,1.0,0.7391304347826086,0.1176470588235294,4.0,0.8095238095238095,0.68
26_model_distribution_JIW,copod_amp_w1s,copod_amp,distribution,time_block,1,1.0,15.0,0.0,2.0,102.0,102,17.0,1.0,0.8823529411764706,0.9375,0.0,6.0,0.7142857142857143,0.8333333333333334
26_model_distribution_JIW,copod_amp_sine_w1s,copod_amp_sine,distribution,time_block,1,1.0,16.0,0.0,1.0,102.0,102,17.0,1.0,0.9411764705882353,0.9696969696969697,0.0,5.0,0.7619047619047619,0.8648648648648649
26_model_distribution_JIW,copod_amp_shape_w1s,copod_amp_shape,distribution,time_block,1,1.0,15.0,2.0,2.0,100.0,102,17.0,0.8823529411764706,0.8823529411764706,0.8823529411764706,0.0196078431372549,6.0,0.7142857142857143,0.7894736842105263
26_model_distribution_JIW,copod_amp_rel_w1s,copod_amp_rel,distribution,time_block,1,1.0,16.0,0.0,1.0,102.0,102,17.0,1.0,0.9411764705882353,0.9696969696969697,0.0,5.0,0.7619047619047619,0.8648648648648649
26_model_distribution_JIW,deep_svdd_w1s,deep_svdd,distribution,time_block,1,1.0,17.0,15.333333333333332,0.0,86.66666666666667,102,17.0,0.5257731958762888,1.0,0.6891891891891893,0.1503267973856209,4.0,0.8095238095238095,0.6375000000000001
26_model_distribution_JIW,mcd_amp_w1s,mcd_amp,distribution,time_block,2,1.0,17.0,3.9999999999999996,0.0,95.0,99,17.0,0.8095238095238095,1.0,0.8947368421052632,0.0404040404040404,4.0,0.8095238095238095,0.8095238095238095
26_model_distribution_JIW,mcd_amp_sine_w1s,mcd_amp_sine,distribution,time_block,2,1.0,17.0,1.9999999999999998,0.0,97.0,99,17.0,0.8947368421052632,1.0,0.9444444444444444,0.0202020202020202,4.0,0.8095238095238095,0.85
26_model_distribution_JIW,mcd_amp_shape_w1s,mcd_amp_shape,distribution,time_block,2,1.0,17.0,2.9999999999999996,0.0,96.0,99,17.0,0.85,1.0,0.918918918918919,0.030303030303030297,4.0,0.8095238095238095,0.8292682926829268
26_model_distribution_JIW,mcd_amp_rel_w1s,mcd_amp_rel,distribution,time_block,2,1.0,17.0,1.9999999999999998,0.0,97.0,99,17.0,0.8947368421052632,1.0,0.9444444444444444,0.0202020202020202,4.0,0.8095238095238095,0.85
26_model_distribution_JIW,ocsvm_amp_w1s,ocsvm_amp,distribution,time_block,2,1.0,17.0,14.999999999999998,0.0,84.0,99,17.0,0.53125,1.0,0.6938775510204082,0.1515151515151515,4.0,0.8095238095238095,0.6415094339622641
26_model_distribution_JIW,ocsvm_amp_sine_w1s,ocsvm_amp_sine,distribution,time_block,2,1.0,17.0,9.999999999999998,0.0,89.0,99,17.0,0.6296296296296297,1.0,0.7727272727272727,0.101010101010101,4.0,0.8095238095238095,0.7083333333333334
26_model_distribution_JIW,ocsvm_amp_shape_w1s,ocsvm_amp_shape,distribution,time_block,2,1.0,17.0,19.0,0.0,80.0,99,17.0,0.4722222222222222,1.0,0.6415094339622641,0.1919191919191919,4.0,0.8095238095238095,0.5964912280701754
26_model_distribution_JIW,ocsvm_amp_rel_w1s,ocsvm_amp_rel,distribution,time_block,2,1.0,17.0,15.999999999999998,0.0,83.0,99,17.0,0.5151515151515151,1.0,0.68,0.1616161616161616,4.0,0.8095238095238095,0.6296296296296297
26_model_distribution_JIW,hbos_amp_w1s,hbos_amp,distribution,time_block,2,1.0,16.0,8.999999999999998,1.0,90.0,99,17.0,0.64,0.9411764705882353,0.7619047619047619,0.0909090909090909,5.0,0.7619047619047619,0.6956521739130435
26_model_distribution_JIW,hbos_amp_sine_w1s,hbos_amp_sine,distribution,time_block,2,1.0,17.0,9.999999999999998,0.0,89.0,99,17.0,0.6296296296296297,1.0,0.7727272727272727,0.101010101010101,4.0,0.8095238095238095,0.7083333333333334
26_model_distribution_JIW,hbos_amp_shape_w1s,hbos_amp_shape,distribution,time_block,2,1.0,16.0,12.999999999999998,1.0,86.0,99,17.0,0.5517241379310345,0.9411764705882353,0.6956521739130435,0.1313131313131313,5.0,0.7619047619047619,0.64
26_model_distribution_JIW,hbos_amp_rel_w1s,hbos_amp_rel,distribution,time_block,2,1.0,17.0,5.999999999999999,0.0,93.0,99,17.0,0.7391304347826086,1.0,0.85,0.060606060606060594,4.0,0.8095238095238095,0.7727272727272727
26_model_distribution_JIW,copod_amp_w1s,copod_amp,distribution,time_block,2,1.0,16.0,5.999999999999999,1.0,93.0,99,17.0,0.7272727272727273,0.9411764705882353,0.8205128205128205,0.060606060606060594,5.0,0.7619047619047619,0.7441860465116279
26_model_distribution_JIW,copod_amp_sine_w1s,copod_amp_sine,distribution,time_block,2,1.0,16.0,7.0,1.0,92.0,99,17.0,0.6956521739130435,0.9411764705882353,0.8,0.0707070707070707,5.0,0.7619047619047619,0.7272727272727273
26_model_distribution_JIW,copod_amp_shape_w1s,copod_amp_shape,distribution,time_block,2,1.0,15.0,3.9999999999999996,2.0,95.0,99,17.0,0.7894736842105263,0.8823529411764706,0.8333333333333334,0.0404040404040404,6.0,0.7142857142857143,0.75
26_model_distribution_JIW,copod_amp_rel_w1s,copod_amp_rel,distribution,time_block,2,1.0,16.0,5.999999999999999,1.0,93.0,99,17.0,0.7272727272727273,0.9411764705882353,0.8205128205128205,0.060606060606060594,5.0,0.7619047619047619,0.7441860465116279
26_model_distribution_JIW,deep_svdd_w1s,deep_svdd,distribution,time_block,2,1.0,16.666666666666668,8.999999999999998,0.33333333333333215,90.0,99,17.0,0.6493506493506495,0.9803921568627452,0.78125,0.0909090909090909,4.333333333333332,0.7936507936507937,0.7142857142857143
26_model_distribution_JIW,mcd_amp_w1s,mcd_amp,distribution,time_block,3,1.0,17.0,6.999999999999998,0.0,101.0,108,17.0,0.7083333333333334,1.0,0.8292682926829268,0.0648148148148148,4.0,0.8095238095238095,0.7555555555555555
26_model_distribution_JIW,mcd_amp_sine_w1s,mcd_amp_sine,distribution,time_block,3,1.0,17.0,12.0,0.0,96.0,108,17.0,0.5862068965517241,1.0,0.7391304347826086,0.1111111111111111,4.0,0.8095238095238095,0.68
26_model_distribution_JIW,mcd_amp_shape_w1s,mcd_amp_shape,distribution,time_block,3,1.0,17.0,5.999999999999994,0.0,102.0,108,17.0,0.7391304347826089,1.0,0.8500000000000002,0.0555555555555555,4.0,0.8095238095238095,0.7727272727272728
26_model_distribution_JIW,mcd_amp_rel_w1s,mcd_amp_rel,distribution,time_block,3,1.0,17.0,0.9999999999999936,0.0,107.0,108,17.0,0.9444444444444449,1.0,0.9714285714285716,0.0092592592592592,4.0,0.8095238095238095,0.8717948717948719
26_model_distribution_JIW,ocsvm_amp_w1s,ocsvm_amp,distribution,time_block,3,1.0,17.0,8.999999999999996,0.0,99.0,108,17.0,0.653846153846154,1.0,0.7906976744186046,0.0833333333333333,4.0,0.8095238095238095,0.723404255319149
26_model_distribution_JIW,ocsvm_amp_sine_w1s,ocsvm_amp_sine,distribution,time_block,3,1.0,17.0,17.0,0.0,91.0,108,17.0,0.5,1.0,0.6666666666666666,0.1574074074074074,4.0,0.8095238095238095,0.6181818181818182
26_model_distribution_JIW,ocsvm_amp_shape_w1s,ocsvm_amp_shape,distribution,time_block,3,1.0,17.0,10.999999999999995,0.0,97.0,108,17.0,0.6071428571428573,1.0,0.7555555555555556,0.1018518518518518,4.0,0.8095238095238095,0.6938775510204083
26_model_distribution_JIW,ocsvm_amp_rel_w1s,ocsvm_amp_rel,distribution,time_block,3,1.0,17.0,13.999999999999996,0.0,94.0,108,17.0,0.5483870967741936,1.0,0.7083333333333334,0.1296296296296296,4.0,0.8095238095238095,0.6538461538461539
26_model_distribution_JIW,hbos_amp_w1s,hbos_amp,distribution,time_block,3,1.0,17.0,7.999999999999992,0.0,100.00000000000001,108,17.0,0.6800000000000002,1.0,0.8095238095238096,0.074074074074074,4.0,0.8095238095238095,0.7391304347826088
26_model_distribution_JIW,hbos_amp_sine_w1s,hbos_amp_sine,distribution,time_block,3,1.0,17.0,10.999999999999995,0.0,97.0,108,17.0,0.6071428571428573,1.0,0.7555555555555556,0.1018518518518518,4.0,0.8095238095238095,0.6938775510204083
26_model_distribution_JIW,hbos_amp_shape_w1s,hbos_amp_shape,distribution,time_block,3,1.0,16.0,8.999999999999996,1.0,99.0,108,17.0,0.6400000000000001,0.9411764705882353,0.7619047619047619,0.0833333333333333,5.0,0.7619047619047619,0.6956521739130435
26_model_distribution_JIW,hbos_amp_rel_w1s,hbos_amp_rel,distribution,time_block,3,1.0,17.0,9.999999999999991,0.0,98.00000000000001,108,17.0,0.6296296296296298,1.0,0.7727272727272728,0.0925925925925925,4.0,0.8095238095238095,0.7083333333333335
26_model_distribution_JIW,copod_amp_w1s,copod_amp,distribution,time_block,3,1.0,16.0,0.9999999999999936,1.0,107.0,108,17.0,0.9411764705882357,0.9411764705882353,0.9411764705882355,0.0092592592592592,5.0,0.7619047619047619,0.8421052631578949
26_model_distribution_JIW,copod_amp_sine_w1s,copod_amp_sine,distribution,time_block,3,1.0,16.0,0.9999999999999936,1.0,107.0,108,17.0,0.9411764705882357,0.9411764705882353,0.9411764705882355,0.0092592592592592,5.0,0.7619047619047619,0.8421052631578949
26_model_distribution_JIW,copod_amp_shape_w1s,copod_amp_shape,distribution,time_block,3,1.0,16.0,4.999999999999989,1.0,103.00000000000001,108,17.0,0.7619047619047623,0.9411764705882353,0.842105263157895,0.0462962962962962,5.0,0.7619047619047619,0.7619047619047622
26_model_distribution_JIW,copod_amp_rel_w1s,copod_amp_rel,distribution,time_block,3,1.0,16.0,1.999999999999998,1.0,106.0,108,17.0,0.8888888888888891,0.9411764705882353,0.9142857142857143,0.0185185185185185,5.0,0.7619047619047619,0.8205128205128205
26_model_distribution_JIW,deep_svdd_w1s,deep_svdd,distribution,time_block,3,1.0,16.666666666666668,7.66666666666666,0.33333333333333215,100.33333333333334,108,17.0,0.6849315068493153,0.9803921568627452,0.806451612903226,0.0709876543209876,4.333333333333332,0.7936507936507937,0.735294117647059
26_model_distribution_JIW,mcd_amp_w1s,mcd_amp,distribution,time_block,4,1.0,17.0,6.999999999999998,0.0,101.0,108,17.0,0.7083333333333334,1.0,0.8292682926829268,0.0648148148148148,4.0,0.8095238095238095,0.7555555555555555
26_model_distribution_JIW,mcd_amp_sine_w1s,mcd_amp_sine,distribution,time_block,4,1.0,17.0,9.999999999999991,0.0,98.00000000000001,108,17.0,0.6296296296296298,1.0,0.7727272727272728,0.0925925925925925,4.0,0.8095238095238095,0.7083333333333335
26_model_distribution_JIW,mcd_amp_shape_w1s,mcd_amp_shape,distribution,time_block,4,1.0,17.0,5.999999999999994,0.0,102.0,108,17.0,0.7391304347826089,1.0,0.8500000000000002,0.0555555555555555,4.0,0.8095238095238095,0.7727272727272728
26_model_distribution_JIW,mcd_amp_rel_w1s,mcd_amp_rel,distribution,time_block,4,1.0,17.0,8.999999999999996,0.0,99.0,108,17.0,0.653846153846154,1.0,0.7906976744186046,0.0833333333333333,4.0,0.8095238095238095,0.723404255319149
26_model_distribution_JIW,ocsvm_amp_w1s,ocsvm_amp,distribution,time_block,4,1.0,17.0,10.999999999999995,0.0,97.0,108,17.0,0.6071428571428573,1.0,0.7555555555555556,0.1018518518518518,4.0,0.8095238095238095,0.6938775510204083
26_model_distribution_JIW,ocsvm_amp_sine_w1s,ocsvm_amp_sine,distribution,time_block,4,1.0,17.0,15.0,0.0,93.0,108,17.0,0.53125,1.0,0.6938775510204082,0.1388888888888889,4.0,0.8095238095238095,0.6415094339622641
26_model_distribution_JIW,ocsvm_amp_shape_w1s,ocsvm_amp_shape,distribution,time_block,4,1.0,17.0,17.999999999999993,0.0,90.0,108,17.0,0.4857142857142858,1.0,0.653846153846154,0.1666666666666666,4.0,0.8095238095238095,0.6071428571428572
26_model_distribution_JIW,ocsvm_amp_rel_w1s,ocsvm_amp_rel,distribution,time_block,4,1.0,17.0,28.999999999999996,0.0,79.0,108,17.0,0.3695652173913043,1.0,0.5396825396825397,0.2685185185185185,4.0,0.8095238095238095,0.5074626865671642
26_model_distribution_JIW,hbos_amp_w1s,hbos_amp,distribution,time_block,4,1.0,16.0,12.0,1.0,96.0,108,17.0,0.5714285714285714,0.9411764705882353,0.7111111111111111,0.1111111111111111,5.0,0.7619047619047619,0.6530612244897959
26_model_distribution_JIW,hbos_amp_sine_w1s,hbos_amp_sine,distribution,time_block,4,1.0,17.0,12.999999999999991,0.0,95.00000000000001,108,17.0,0.5666666666666668,1.0,0.7234042553191491,0.1203703703703703,4.0,0.8095238095238095,0.6666666666666667
26_model_distribution_JIW,hbos_amp_shape_w1s,hbos_amp_shape,distribution,time_block,4,1.0,16.0,12.999999999999991,1.0,95.00000000000001,108,17.0,0.5517241379310346,0.9411764705882353,0.6956521739130436,0.1203703703703703,5.0,0.7619047619047619,0.6400000000000001
26_model_distribution_JIW,hbos_amp_rel_w1s,hbos_amp_rel,distribution,time_block,4,1.0,17.0,22.999999999999993,0.0,85.0,108,17.0,0.4250000000000001,1.0,0.5964912280701755,0.2129629629629629,4.0,0.8095238095238095,0.5573770491803279
26_model_distribution_JIW,copod_amp_w1s,copod_amp,distribution,time_block,4,1.0,16.0,0.0,1.0,108.0,108,17.0,1.0,0.9411764705882353,0.9696969696969697,0.0,5.0,0.7619047619047619,0.8648648648648649
26_model_distribution_JIW,copod_amp_sine_w1s,copod_amp_sine,distribution,time_block,4,1.0,16.0,0.0,1.0,108.0,108,17.0,1.0,0.9411764705882353,0.9696969696969697,0.0,5.0,0.7619047619047619,0.8648648648648649
26_model_distribution_JIW,copod_amp_shape_w1s,copod_amp_shape,distribution,time_block,4,1.0,16.0,1.999999999999998,1.0,106.0,108,17.0,0.8888888888888891,0.9411764705882353,0.9142857142857143,0.0185185185185185,5.0,0.7619047619047619,0.8205128205128205
26_model_distribution_JIW,copod_amp_rel_w1s,copod_amp_rel,distribution,time_block,4,1.0,16.0,0.0,1.0,108.0,108,17.0,1.0,0.9411764705882353,0.9696969696969697,0.0,5.0,0.7619047619047619,0.8648648648648649
26_model_distribution_JIW,deep_svdd_w1s,deep_svdd,distribution,time_block,4,1.0,16.333333333333332,12.33333333333333,0.6666666666666679,95.66666666666667,108,17.0,0.5697674418604651,0.9607843137254901,0.7153284671532848,0.1141975308641975,4.666666666666668,0.7777777777777777,0.6577181208053692
26_model_distribution_JIW,mcd_amp_w2s,mcd_amp,distribution,group_kfold_seg,0,2.0,3.0,1.9999999999999967,0.0,85.0,87,3.0,0.6000000000000004,1.0,0.7500000000000003,0.0229885057471264,2.0,0.6,0.6000000000000002
26_model_distribution_JIW,mcd_amp_sine_w2s,mcd_amp_sine,distribution,group_kfold_seg,0,2.0,3.0,0.9999999999999983,0.0,86.0,87,3.0,0.7500000000000003,1.0,0.8571428571428573,0.0114942528735632,2.0,0.6,0.6666666666666669
26_model_distribution_JIW,mcd_amp_shape_w2s,mcd_amp_shape,distribution,group_kfold_seg,0,2.0,3.0,4.999999999999992,0.0,82.00000000000001,87,3.0,0.3750000000000004,1.0,0.5454545454545459,0.057471264367816,2.0,0.6,0.4615384615384618
26_model_distribution_JIW,mcd_amp_rel_w2s,mcd_amp_rel,distribution,group_kfold_seg,0,2.0,3.0,1.9999999999999967,0.0,85.0,87,3.0,0.6000000000000004,1.0,0.7500000000000003,0.0229885057471264,2.0,0.6,0.6000000000000002
26_model_distribution_JIW,ocsvm_amp_w2s,ocsvm_amp,distribution,group_kfold_seg,0,2.0,3.0,8.999999999999995,0.0,78.0,87,3.0,0.2500000000000001,1.0,0.40000000000000013,0.10344827586206891,2.0,0.6,0.35294117647058837
26_model_distribution_JIW,ocsvm_amp_sine_w2s,ocsvm_amp_sine,distribution,group_kfold_seg,0,2.0,3.0,8.999999999999995,0.0,78.0,87,3.0,0.2500000000000001,1.0,0.40000000000000013,0.10344827586206891,2.0,0.6,0.35294117647058837
26_model_distribution_JIW,ocsvm_amp_shape_w2s,ocsvm_amp_shape,distribution,group_kfold_seg,0,2.0,3.0,9.999999999999993,0.0,77.0,87,3.0,0.2307692307692309,1.0,0.37500000000000017,0.1149425287356321,2.0,0.6,0.3333333333333335
26_model_distribution_JIW,ocsvm_amp_rel_w2s,ocsvm_amp_rel,distribution,group_kfold_seg,0,2.0,3.0,12.999999999999996,0.0,74.0,87,3.0,0.18750000000000006,1.0,0.31578947368421056,0.1494252873563218,2.0,0.6,0.28571428571428575
26_model_distribution_JIW,hbos_amp_w2s,hbos_amp,distribution,group_kfold_seg,0,2.0,3.0,3.9999999999999933,0.0,83.0,87,3.0,0.428571428571429,1.0,0.6000000000000004,0.0459770114942528,2.0,0.6,0.5000000000000003
26_model_distribution_JIW,hbos_amp_sine_w2s,hbos_amp_sine,distribution,group_kfold_seg,0,2.0,3.0,3.9999999999999933,0.0,83.0,87,3.0,0.428571428571429,1.0,0.6000000000000004,0.0459770114942528,2.0,0.6,0.5000000000000003
26_model_distribution_JIW,hbos_amp_shape_w2s,hbos_amp_shape,distribution,group_kfold_seg,0,2.0,3.0,4.999999999999992,0.0,82.00000000000001,87,3.0,0.3750000000000004,1.0,0.5454545454545459,0.057471264367816,2.0,0.6,0.4615384615384618
26_model_distribution_JIW,hbos_amp_rel_w2s,hbos_amp_rel,distribution,group_kfold_seg,0,2.0,3.0,3.9999999999999933,0.0,83.0,87,3.0,0.428571428571429,1.0,0.6000000000000004,0.0459770114942528,2.0,0.6,0.5000000000000003
26_model_distribution_JIW,copod_amp_w2s,copod_amp,distribution,group_kfold_seg,0,2.0,3.0,1.9999999999999967,0.0,85.0,87,3.0,0.6000000000000004,1.0,0.7500000000000003,0.0229885057471264,2.0,0.6,0.6000000000000002
26_model_distribution_JIW,copod_amp_sine_w2s,copod_amp_sine,distribution,group_kfold_seg,0,2.0,3.0,0.9999999999999983,0.0,86.0,87,3.0,0.7500000000000003,1.0,0.8571428571428573,0.0114942528735632,2.0,0.6,0.6666666666666669
26_model_distribution_JIW,copod_amp_shape_w2s,copod_amp_shape,distribution,group_kfold_seg,0,2.0,3.0,3.9999999999999933,0.0,83.0,87,3.0,0.428571428571429,1.0,0.6000000000000004,0.0459770114942528,2.0,0.6,0.5000000000000003
26_model_distribution_JIW,copod_amp_rel_w2s,copod_amp_rel,distribution,group_kfold_seg,0,2.0,3.0,2.999999999999995,0.0,84.0,87,3.0,0.5000000000000004,1.0,0.6666666666666671,0.0344827586206896,2.0,0.6,0.5454545454545457
26_model_distribution_JIW,deep_svdd_w2s,deep_svdd,distribution,group_kfold_seg,0,2.0,3.0,6.333333333333327,0.0,80.66666666666667,87,3.0,0.3214285714285717,1.0,0.48648648648648674,0.0727969348659003,2.0,0.6,0.4186046511627909
26_model_distribution_JIW,mcd_amp_w2s,mcd_amp,distribution,group_kfold_seg,1,2.0,2.0,4.0,0.0,85.0,89,2.0,0.3333333333333333,1.0,0.5,0.0449438202247191,2.0,0.5,0.4
26_model_distribution_JIW,mcd_amp_sine_w2s,mcd_amp_sine,distribution,group_kfold_seg,1,2.0,2.0,1.9999999999999956,0.0,87.0,89,2.0,0.5000000000000006,1.0,0.6666666666666672,0.0224719101123595,2.0,0.5,0.5000000000000003
26_model_distribution_JIW,mcd_amp_shape_w2s,mcd_amp_shape,distribution,group_kfold_seg,1,2.0,2.0,2.9999999999999973,0.0,86.0,89,2.0,0.4000000000000002,1.0,0.5714285714285716,0.0337078651685393,2.0,0.5,0.44444444444444464
26_model_distribution_JIW,mcd_amp_rel_w2s,mcd_amp_rel,distribution,group_kfold_seg,1,2.0,2.0,4.0,0.0,85.0,89,2.0,0.3333333333333333,1.0,0.5,0.0449438202247191,2.0,0.5,0.4
26_model_distribution_JIW,ocsvm_amp_w2s,ocsvm_amp,distribution,group_kfold_seg,1,2.0,2.0,5.999999999999995,0.0,83.0,89,2.0,0.25000000000000017,1.0,0.4000000000000002,0.0674157303370786,2.0,0.5,0.3333333333333335
26_model_distribution_JIW,ocsvm_amp_sine_w2s,ocsvm_amp_sine,distribution,group_kfold_seg,1,2.0,2.0,4.999999999999993,0.0,84.0,89,2.0,0.28571428571428603,1.0,0.4444444444444448,0.0561797752808988,2.0,0.5,0.36363636363636387
26_model_distribution_JIW,ocsvm_amp_shape_w2s,ocsvm_amp_shape,distribution,group_kfold_seg,1,2.0,2.0,5.999999999999995,0.0,83.0,89,2.0,0.25000000000000017,1.0,0.4000000000000002,0.0674157303370786,2.0,0.5,0.3333333333333335
26_model_distribution_JIW,ocsvm_amp_rel_w2s,ocsvm_amp_rel,distribution,group_kfold_seg,1,2.0,2.0,4.999999999999993,0.0,84.0,89,2.0,0.28571428571428603,1.0,0.4444444444444448,0.0561797752808988,2.0,0.5,0.36363636363636387
26_model_distribution_JIW,hbos_amp_w2s,hbos_amp,distribution,group_kfold_seg,1,2.0,2.0,5.999999999999995,0.0,83.0,89,2.0,0.25000000000000017,1.0,0.4000000000000002,0.0674157303370786,2.0,0.5,0.3333333333333335
26_model_distribution_JIW,hbos_amp_sine_w2s,hbos_amp_sine,distribution,group_kfold_seg,1,2.0,2.0,5.999999999999995,0.0,83.0,89,2.0,0.25000000000000017,1.0,0.4000000000000002,0.0674157303370786,2.0,0.5,0.3333333333333335
26_model_distribution_JIW,hbos_amp_shape_w2s,hbos_amp_shape,distribution,group_kfold_seg,1,2.0,2.0,4.999999999999993,0.0,84.0,89,2.0,0.28571428571428603,1.0,0.4444444444444448,0.0561797752808988,2.0,0.5,0.36363636363636387
26_model_distribution_JIW,hbos_amp_rel_w2s,hbos_amp_rel,distribution,group_kfold_seg,1,2.0,2.0,5.999999999999995,0.0,83.0,89,2.0,0.25000000000000017,1.0,0.4000000000000002,0.0674157303370786,2.0,0.5,0.3333333333333335
26_model_distribution_JIW,copod_amp_w2s,copod_amp,distribution,group_kfold_seg,1,2.0,2.0,2.9999999999999973,0.0,86.0,89,2.0,0.4000000000000002,1.0,0.5714285714285716,0.0337078651685393,2.0,0.5,0.44444444444444464
26_model_distribution_JIW,copod_amp_sine_w2s,copod_amp_sine,distribution,group_kfold_seg,1,2.0,2.0,1.9999999999999956,0.0,87.0,89,2.0,0.5000000000000006,1.0,0.6666666666666672,0.0224719101123595,2.0,0.5,0.5000000000000003
26_model_distribution_JIW,copod_amp_shape_w2s,copod_amp_shape,distribution,group_kfold_seg,1,2.0,2.0,1.9999999999999956,0.0,87.0,89,2.0,0.5000000000000006,1.0,0.6666666666666672,0.0224719101123595,2.0,0.5,0.5000000000000003
26_model_distribution_JIW,copod_amp_rel_w2s,copod_amp_rel,distribution,group_kfold_seg,1,2.0,2.0,1.9999999999999956,0.0,87.0,89,2.0,0.5000000000000006,1.0,0.6666666666666672,0.0224719101123595,2.0,0.5,0.5000000000000003
26_model_distribution_JIW,deep_svdd_w2s,deep_svdd,distribution,group_kfold_seg,1,2.0,2.0,9.999999999999995,0.0,79.0,89,2.0,0.16666666666666674,1.0,0.2857142857142858,0.1123595505617977,2.0,0.5,0.2500000000000001
26_model_distribution_JIW,mcd_amp_w2s,mcd_amp,distribution,group_kfold_seg,2,2.0,2.0,3.9999999999999964,0.0,82.0,86,2.0,0.33333333333333354,1.0,0.5000000000000002,0.0465116279069767,2.0,0.5,0.40000000000000013
26_model_distribution_JIW,mcd_amp_sine_w2s,mcd_amp_sine,distribution,group_kfold_seg,2,2.0,2.0,2.999999999999995,0.0,83.0,86,2.0,0.4000000000000004,1.0,0.5714285714285718,0.0348837209302325,2.0,0.5,0.4444444444444447
26_model_distribution_JIW,mcd_amp_shape_w2s,mcd_amp_shape,distribution,group_kfold_seg,2,2.0,2.0,0.9999999999999926,0.0,85.00000000000001,86,2.0,0.6666666666666683,1.0,0.8000000000000012,0.0116279069767441,2.0,0.5,0.5714285714285721
26_model_distribution_JIW,mcd_amp_rel_w2s,mcd_amp_rel,distribution,group_kfold_seg,2,2.0,2.0,2.999999999999995,0.0,83.0,86,2.0,0.4000000000000004,1.0,0.5714285714285718,0.0348837209302325,2.0,0.5,0.4444444444444447
26_model_distribution_JIW,ocsvm_amp_w2s,ocsvm_amp,distribution,group_kfold_seg,2,2.0,2.0,1.9999999999999938,0.0,84.0,86,2.0,0.5000000000000008,1.0,0.6666666666666674,0.0232558139534883,2.0,0.5,0.5000000000000004
26_model_distribution_JIW,ocsvm_amp_sine_w2s,ocsvm_amp_sine,distribution,group_kfold_seg,2,2.0,2.0,4.999999999999997,0.0,81.0,86,2.0,0.2857142857142858,1.0,0.44444444444444464,0.0581395348837209,2.0,0.5,0.36363636363636376
26_model_distribution_JIW,ocsvm_amp_shape_w2s,ocsvm_amp_shape,distribution,group_kfold_seg,2,2.0,2.0,2.999999999999995,0.0,83.0,86,2.0,0.4000000000000004,1.0,0.5714285714285718,0.0348837209302325,2.0,0.5,0.4444444444444447
26_model_distribution_JIW,ocsvm_amp_rel_w2s,ocsvm_amp_rel,distribution,group_kfold_seg,2,2.0,2.0,4.999999999999997,0.0,81.0,86,2.0,0.2857142857142858,1.0,0.44444444444444464,0.0581395348837209,2.0,0.5,0.36363636363636376
26_model_distribution_JIW,hbos_amp_w2s,hbos_amp,distribution,group_kfold_seg,2,2.0,2.0,1.9999999999999938,0.0,84.0,86,2.0,0.5000000000000008,1.0,0.6666666666666674,0.0232558139534883,2.0,0.5,0.5000000000000004
26_model_distribution_JIW,hbos_amp_sine_w2s,hbos_amp_sine,distribution,group_kfold_seg,2,2.0,2.0,1.9999999999999938,0.0,84.0,86,2.0,0.5000000000000008,1.0,0.6666666666666674,0.0232558139534883,2.0,0.5,0.5000000000000004
26_model_distribution_JIW,hbos_amp_shape_w2s,hbos_amp_shape,distribution,group_kfold_seg,2,2.0,2.0,1.9999999999999938,0.0,84.0,86,2.0,0.5000000000000008,1.0,0.6666666666666674,0.0232558139534883,2.0,0.5,0.5000000000000004
26_model_distribution_JIW,hbos_amp_rel_w2s,hbos_amp_rel,distribution,group_kfold_seg,2,2.0,2.0,3.9999999999999964,0.0,82.0,86,2.0,0.33333333333333354,1.0,0.5000000000000002,0.0465116279069767,2.0,0.5,0.40000000000000013
26_model_distribution_JIW,copod_amp_w2s,copod_amp,distribution,group_kfold_seg,2,2.0,2.0,0.9999999999999926,0.0,85.00000000000001,86,2.0,0.6666666666666683,1.0,0.8000000000000012,0.0116279069767441,2.0,0.5,0.5714285714285721
26_model_distribution_JIW,copod_amp_sine_w2s,copod_amp_sine,distribution,group_kfold_seg,2,2.0,2.0,0.9999999999999926,0.0,85.00000000000001,86,2.0,0.6666666666666683,1.0,0.8000000000000012,0.0116279069767441,2.0,0.5,0.5714285714285721
26_model_distribution_JIW,copod_amp_shape_w2s,copod_amp_shape,distribution,group_kfold_seg,2,2.0,2.0,2.999999999999995,0.0,83.0,86,2.0,0.4000000000000004,1.0,0.5714285714285718,0.0348837209302325,2.0,0.5,0.4444444444444447
26_model_distribution_JIW,copod_amp_rel_w2s,copod_amp_rel,distribution,group_kfold_seg,2,2.0,2.0,1.9999999999999938,0.0,84.0,86,2.0,0.5000000000000008,1.0,0.6666666666666674,0.0232558139534883,2.0,0.5,0.5000000000000004
26_model_distribution_JIW,deep_svdd_w2s,deep_svdd,distribution,group_kfold_seg,2,2.0,2.0,10.333333333333332,0.0,75.66666666666667,86,2.0,0.16216216216216217,1.0,0.27906976744186046,0.12015503875968991,2.0,0.5,0.2448979591836735
26_model_distribution_JIW,mcd_amp_w2s,mcd_amp,distribution,group_kfold_seg,3,2.0,3.0,1.9999999999999978,0.0,96.0,98,3.0,0.6000000000000002,1.0,0.7500000000000002,0.0204081632653061,1.0,0.75,0.6666666666666669
26_model_distribution_JIW,mcd_amp_sine_w2s,mcd_amp_sine,distribution,group_kfold_seg,3,2.0,3.0,3.9999999999999956,0.0,94.0,98,3.0,0.4285714285714288,1.0,0.6000000000000002,0.0408163265306122,1.0,0.75,0.5454545454545456
26_model_distribution_JIW,mcd_amp_shape_w2s,mcd_amp_shape,distribution,group_kfold_seg,3,2.0,3.0,2.9999999999999916,0.0,95.00000000000001,98,3.0,0.5000000000000008,1.0,0.6666666666666673,0.030612244897959096,1.0,0.75,0.6000000000000005
26_model_distribution_JIW,mcd_amp_rel_w2s,mcd_amp_rel,distribution,group_kfold_seg,3,2.0,3.0,3.9999999999999956,0.0,94.0,98,3.0,0.4285714285714288,1.0,0.6000000000000002,0.0408163265306122,1.0,0.75,0.5454545454545456
26_model_distribution_JIW,ocsvm_amp_w2s,ocsvm_amp,distribution,group_kfold_seg,3,2.0,3.0,13.999999999999993,0.0,84.0,98,3.0,0.17647058823529418,1.0,0.3000000000000001,0.1428571428571428,1.0,0.75,0.2857142857142858
26_model_distribution_JIW,ocsvm_amp_sine_w2s,ocsvm_amp_sine,distribution,group_kfold_seg,3,2.0,3.0,15.999999999999993,0.0,82.0,98,3.0,0.1578947368421053,1.0,0.2727272727272728,0.1632653061224489,1.0,0.75,0.2608695652173914
26_model_distribution_JIW,ocsvm_amp_shape_w2s,ocsvm_amp_shape,distribution,group_kfold_seg,3,2.0,3.0,14.999999999999998,0.0,83.0,98,3.0,0.16666666666666666,1.0,0.2857142857142857,0.1530612244897959,1.0,0.75,0.2727272727272727
26_model_distribution_JIW,ocsvm_amp_rel_w2s,ocsvm_amp_rel,distribution,group_kfold_seg,3,2.0,3.0,10.999999999999993,0.0,87.0,98,3.0,0.21428571428571438,1.0,0.35294117647058837,0.1122448979591836,1.0,0.75,0.3333333333333335
26_model_distribution_JIW,hbos_amp_w2s,hbos_amp,distribution,group_kfold_seg,3,2.0,3.0,3.9999999999999956,0.0,94.0,98,3.0,0.4285714285714288,1.0,0.6000000000000002,0.0408163265306122,1.0,0.75,0.5454545454545456
26_model_distribution_JIW,hbos_amp_sine_w2s,hbos_amp_sine,distribution,group_kfold_seg,3,2.0,3.0,2.9999999999999916,0.0,95.00000000000001,98,3.0,0.5000000000000008,1.0,0.6666666666666673,0.030612244897959096,1.0,0.75,0.6000000000000005
26_model_distribution_JIW,hbos_amp_shape_w2s,hbos_amp_shape,distribution,group_kfold_seg,3,2.0,3.0,5.999999999999993,0.0,92.0,98,3.0,0.3333333333333336,1.0,0.5000000000000003,0.0612244897959183,1.0,0.75,0.4615384615384618
26_model_distribution_JIW,hbos_amp_rel_w2s,hbos_amp_rel,distribution,group_kfold_seg,3,2.0,3.0,1.9999999999999978,0.0,96.0,98,3.0,0.6000000000000002,1.0,0.7500000000000002,0.0204081632653061,1.0,0.75,0.6666666666666669
26_model_distribution_JIW,copod_amp_w2s,copod_amp,distribution,group_kfold_seg,3,2.0,3.0,1.9999999999999978,0.0,96.0,98,3.0,0.6000000000000002,1.0,0.7500000000000002,0.0204081632653061,1.0,0.75,0.6666666666666669
26_model_distribution_JIW,copod_amp_sine_w2s,copod_amp_sine,distribution,group_kfold_seg,3,2.0,3.0,1.9999999999999978,0.0,96.0,98,3.0,0.6000000000000002,1.0,0.7500000000000002,0.0204081632653061,1.0,0.75,0.6666666666666669
26_model_distribution_JIW,copod_amp_shape_w2s,copod_amp_shape,distribution,group_kfold_seg,3,2.0,3.0,1.9999999999999978,0.0,96.0,98,3.0,0.6000000000000002,1.0,0.7500000000000002,0.0204081632653061,1.0,0.75,0.6666666666666669
26_model_distribution_JIW,copod_amp_rel_w2s,copod_amp_rel,distribution,group_kfold_seg,3,2.0,3.0,1.9999999999999978,0.0,96.0,98,3.0,0.6000000000000002,1.0,0.7500000000000002,0.0204081632653061,1.0,0.75,0.6666666666666669
26_model_distribution_JIW,deep_svdd_w2s,deep_svdd,distribution,group_kfold_seg,3,2.0,3.0,11.999999999999996,0.0,86.0,98,3.0,0.20000000000000004,1.0,0.3333333333333334,0.1224489795918367,1.0,0.75,0.31578947368421056
26_model_distribution_JIW,mcd_amp_w2s,mcd_amp,distribution,group_kfold_seg,4,2.0,3.0,4.999999999999998,0.0,87.0,92,3.0,0.3750000000000001,1.0,0.5454545454545455,0.0543478260869565,1.0,0.75,0.5000000000000001
26_model_distribution_JIW,mcd_amp_sine_w2s,mcd_amp_sine,distribution,group_kfold_seg,4,2.0,3.0,3.9999999999999987,0.0,88.0,92,3.0,0.42857142857142866,1.0,0.6000000000000001,0.0434782608695652,1.0,0.75,0.5454545454545455
26_model_distribution_JIW,mcd_amp_shape_w2s,mcd_amp_shape,distribution,group_kfold_seg,4,2.0,3.0,4.999999999999998,0.0,87.0,92,3.0,0.3750000000000001,1.0,0.5454545454545455,0.0543478260869565,1.0,0.75,0.5000000000000001
26_model_distribution_JIW,mcd_amp_rel_w2s,mcd_amp_rel,distribution,group_kfold_seg,4,2.0,3.0,2.9999999999999987,0.0,89.0,92,3.0,0.5000000000000001,1.0,0.6666666666666669,0.0326086956521739,1.0,0.75,0.6000000000000001
26_model_distribution_JIW,ocsvm_amp_w2s,ocsvm_amp,distribution,group_kfold_seg,4,2.0,3.0,3.9999999999999987,0.0,88.0,92,3.0,0.42857142857142866,1.0,0.6000000000000001,0.0434782608695652,1.0,0.75,0.5454545454545455
26_model_distribution_JIW,ocsvm_amp_sine_w2s,ocsvm_amp_sine,distribution,group_kfold_seg,4,2.0,3.0,2.9999999999999987,0.0,89.0,92,3.0,0.5000000000000001,1.0,0.6666666666666669,0.0326086956521739,1.0,0.75,0.6000000000000001
26_model_distribution_JIW,ocsvm_amp_shape_w2s,ocsvm_amp_shape,distribution,group_kfold_seg,4,2.0,3.0,3.9999999999999987,0.0,88.0,92,3.0,0.42857142857142866,1.0,0.6000000000000001,0.0434782608695652,1.0,0.75,0.5454545454545455
26_model_distribution_JIW,ocsvm_amp_rel_w2s,ocsvm_amp_rel,distribution,group_kfold_seg,4,2.0,3.0,4.999999999999998,0.0,87.0,92,3.0,0.3750000000000001,1.0,0.5454545454545455,0.0543478260869565,1.0,0.75,0.5000000000000001
26_model_distribution_JIW,hbos_amp_w2s,hbos_amp,distribution,group_kfold_seg,4,2.0,3.0,3.9999999999999987,0.0,88.0,92,3.0,0.42857142857142866,1.0,0.6000000000000001,0.0434782608695652,1.0,0.75,0.5454545454545455
26_model_distribution_JIW,hbos_amp_sine_w2s,hbos_amp_sine,distribution,group_kfold_seg,4,2.0,3.0,5.999999999999997,0.0,86.0,92,3.0,0.3333333333333335,1.0,0.5000000000000001,0.0652173913043478,1.0,0.75,0.4615384615384617
26_model_distribution_JIW,hbos_amp_shape_w2s,hbos_amp_shape,distribution,group_kfold_seg,4,2.0,3.0,1.9999999999999993,0.0,90.0,92,3.0,0.6000000000000001,1.0,0.7500000000000001,0.0217391304347826,1.0,0.75,0.6666666666666666
26_model_distribution_JIW,hbos_amp_rel_w2s,hbos_amp_rel,distribution,group_kfold_seg,4,2.0,3.0,3.9999999999999987,0.0,88.0,92,3.0,0.42857142857142866,1.0,0.6000000000000001,0.0434782608695652,1.0,0.75,0.5454545454545455
26_model_distribution_JIW,copod_amp_w2s,copod_amp,distribution,group_kfold_seg,4,2.0,3.0,0.9999999999999997,0.0,91.0,92,3.0,0.7500000000000001,1.0,0.8571428571428571,0.0108695652173913,1.0,0.75,0.75
26_model_distribution_JIW,copod_amp_sine_w2s,copod_amp_sine,distribution,group_kfold_seg,4,2.0,3.0,0.9999999999999997,0.0,91.0,92,3.0,0.7500000000000001,1.0,0.8571428571428571,0.0108695652173913,1.0,0.75,0.75
26_model_distribution_JIW,copod_amp_shape_w2s,copod_amp_shape,distribution,group_kfold_seg,4,2.0,3.0,0.9999999999999997,0.0,91.0,92,3.0,0.7500000000000001,1.0,0.8571428571428571,0.0108695652173913,1.0,0.75,0.75
26_model_distribution_JIW,copod_amp_rel_w2s,copod_amp_rel,distribution,group_kfold_seg,4,2.0,3.0,0.9999999999999997,0.0,91.0,92,3.0,0.7500000000000001,1.0,0.8571428571428571,0.0108695652173913,1.0,0.75,0.75
26_model_distribution_JIW,deep_svdd_w2s,deep_svdd,distribution,group_kfold_seg,4,2.0,3.0,6.666666666666664,0.0,85.33333333333334,92,3.0,0.31034482758620696,1.0,0.4736842105263159,0.072463768115942,1.0,0.75,0.4390243902439025
26_model_distribution_JIW,mcd_amp_w2s,mcd_amp,distribution,time_block,1,2.0,13.0,0.9999999999999964,0.0,84.0,85,13.0,0.9285714285714288,1.0,0.9629629629629631,0.0117647058823529,8.0,0.6190476190476191,0.7428571428571429
26_model_distribution_JIW,mcd_amp_sine_w2s,mcd_amp_sine,distribution,time_block,1,2.0,13.0,0.9999999999999964,0.0,84.0,85,13.0,0.9285714285714288,1.0,0.9629629629629631,0.0117647058823529,8.0,0.6190476190476191,0.7428571428571429
26_model_distribution_JIW,mcd_amp_shape_w2s,mcd_amp_shape,distribution,time_block,1,2.0,13.0,3.9999999999999947,0.0,81.0,85,13.0,0.7647058823529415,1.0,0.8666666666666669,0.0470588235294117,8.0,0.6190476190476191,0.6842105263157896
26_model_distribution_JIW,mcd_amp_rel_w2s,mcd_amp_rel,distribution,time_block,1,2.0,13.0,0.0,0.0,85.0,85,13.0,1.0,1.0,1.0,0.0,8.0,0.6190476190476191,0.7647058823529411
26_model_distribution_JIW,ocsvm_amp_w2s,ocsvm_amp,distribution,time_block,1,2.0,13.0,13.999999999999993,0.0,71.0,85,13.0,0.4814814814814816,1.0,0.6500000000000001,0.1647058823529411,8.0,0.6190476190476191,0.5416666666666667
26_model_distribution_JIW,ocsvm_amp_sine_w2s,ocsvm_amp_sine,distribution,time_block,1,2.0,13.0,13.999999999999993,0.0,71.0,85,13.0,0.4814814814814816,1.0,0.6500000000000001,0.1647058823529411,8.0,0.6190476190476191,0.5416666666666667
26_model_distribution_JIW,ocsvm_amp_shape_w2s,ocsvm_amp_shape,distribution,time_block,1,2.0,13.0,17.0,0.0,68.0,85,13.0,0.43333333333333335,1.0,0.6046511627906976,0.2,8.0,0.6190476190476191,0.5098039215686274
26_model_distribution_JIW,ocsvm_amp_rel_w2s,ocsvm_amp_rel,distribution,time_block,1,2.0,13.0,19.999999999999996,0.0,65.0,85,13.0,0.3939393939393939,1.0,0.5652173913043478,0.2352941176470588,8.0,0.6190476190476191,0.48148148148148145
26_model_distribution_JIW,hbos_amp_w2s,hbos_amp,distribution,time_block,1,2.0,13.0,4.999999999999999,0.0,80.0,85,13.0,0.7222222222222222,1.0,0.8387096774193549,0.0588235294117647,8.0,0.6190476190476191,0.6666666666666666
26_model_distribution_JIW,hbos_amp_sine_w2s,hbos_amp_sine,distribution,time_block,1,2.0,13.0,8.999999999999995,0.0,76.0,85,13.0,0.590909090909091,1.0,0.742857142857143,0.10588235294117641,8.0,0.6190476190476191,0.6046511627906977
26_model_distribution_JIW,hbos_amp_shape_w2s,hbos_amp_shape,distribution,time_block,1,2.0,13.0,12.999999999999996,0.0,72.0,85,13.0,0.5000000000000001,1.0,0.6666666666666666,0.1529411764705882,8.0,0.6190476190476191,0.5531914893617021
26_model_distribution_JIW,hbos_amp_rel_w2s,hbos_amp_rel,distribution,time_block,1,2.0,13.0,4.999999999999999,0.0,80.0,85,13.0,0.7222222222222222,1.0,0.8387096774193549,0.0588235294117647,8.0,0.6190476190476191,0.6666666666666666
26_model_distribution_JIW,copod_amp_w2s,copod_amp,distribution,time_block,1,2.0,13.0,0.0,0.0,85.0,85,13.0,1.0,1.0,1.0,0.0,8.0,0.6190476190476191,0.7647058823529411
26_model_distribution_JIW,copod_amp_sine_w2s,copod_amp_sine,distribution,time_block,1,2.0,13.0,0.0,0.0,85.0,85,13.0,1.0,1.0,1.0,0.0,8.0,0.6190476190476191,0.7647058823529411
26_model_distribution_JIW,copod_amp_shape_w2s,copod_amp_shape,distribution,time_block,1,2.0,13.0,0.9999999999999964,0.0,84.0,85,13.0,0.9285714285714288,1.0,0.9629629629629631,0.0117647058823529,8.0,0.6190476190476191,0.7428571428571429
26_model_distribution_JIW,copod_amp_rel_w2s,copod_amp_rel,distribution,time_block,1,2.0,13.0,0.0,0.0,85.0,85,13.0,1.0,1.0,1.0,0.0,8.0,0.6190476190476191,0.7647058823529411
26_model_distribution_JIW,deep_svdd_w2s,deep_svdd,distribution,time_block,1,2.0,13.0,16.33333333333333,0.0,68.66666666666667,85,13.0,0.44318181818181823,1.0,0.6141732283464567,0.192156862745098,8.0,0.6190476190476191,0.5165562913907286
26_model_distribution_JIW,mcd_amp_w2s,mcd_amp,distribution,time_block,2,2.0,13.0,0.9999999999999983,0.0,86.0,87,13.0,0.9285714285714287,1.0,0.9629629629629629,0.0114942528735632,8.0,0.6190476190476191,0.7428571428571429
26_model_distribution_JIW,mcd_amp_sine_w2s,mcd_amp_sine,distribution,time_block,2,2.0,13.0,2.999999999999995,0.0,84.0,87,13.0,0.8125000000000002,1.0,0.8965517241379312,0.0344827586206896,8.0,0.6190476190476191,0.7027027027027027
26_model_distribution_JIW,mcd_amp_shape_w2s,mcd_amp_shape,distribution,time_block,2,2.0,13.0,1.9999999999999967,0.0,85.0,87,13.0,0.8666666666666669,1.0,0.9285714285714287,0.0229885057471264,8.0,0.6190476190476191,0.7222222222222222
26_model_distribution_JIW,mcd_amp_rel_w2s,mcd_amp_rel,distribution,time_block,2,2.0,13.0,0.9999999999999983,0.0,86.0,87,13.0,0.9285714285714287,1.0,0.9629629629629629,0.0114942528735632,8.0,0.6190476190476191,0.7428571428571429
26_model_distribution_JIW,ocsvm_amp_w2s,ocsvm_amp,distribution,time_block,2,2.0,13.0,9.999999999999993,0.0,77.0,87,13.0,0.565217391304348,1.0,0.7222222222222223,0.1149425287356321,8.0,0.6190476190476191,0.590909090909091
26_model_distribution_JIW,ocsvm_amp_sine_w2s,ocsvm_amp_sine,distribution,time_block,2,2.0,13.0,9.999999999999993,0.0,77.0,87,13.0,0.565217391304348,1.0,0.7222222222222223,0.1149425287356321,8.0,0.6190476190476191,0.590909090909091
26_model_distribution_JIW,ocsvm_amp_shape_w2s,ocsvm_amp_shape,distribution,time_block,2,2.0,13.0,10.999999999999998,0.0,76.0,87,13.0,0.5416666666666666,1.0,0.7027027027027027,0.1264367816091954,8.0,0.6190476190476191,0.5777777777777777
26_model_distribution_JIW,ocsvm_amp_rel_w2s,ocsvm_amp_rel,distribution,time_block,2,2.0,13.0,12.999999999999996,0.0,74.0,87,13.0,0.5000000000000001,1.0,0.6666666666666666,0.1494252873563218,8.0,0.6190476190476191,0.5531914893617021
26_model_distribution_JIW,hbos_amp_w2s,hbos_amp,distribution,time_block,2,2.0,13.0,3.9999999999999933,0.0,83.0,87,13.0,0.7647058823529415,1.0,0.8666666666666669,0.0459770114942528,8.0,0.6190476190476191,0.6842105263157896
26_model_distribution_JIW,hbos_amp_sine_w2s,hbos_amp_sine,distribution,time_block,2,2.0,13.0,2.999999999999995,0.0,84.0,87,13.0,0.8125000000000002,1.0,0.8965517241379312,0.0344827586206896,8.0,0.6190476190476191,0.7027027027027027
26_model_distribution_JIW,hbos_amp_shape_w2s,hbos_amp_shape,distribution,time_block,2,2.0,13.0,4.999999999999992,0.0,82.00000000000001,87,13.0,0.7222222222222225,1.0,0.838709677419355,0.057471264367816,8.0,0.6190476190476191,0.6666666666666667
26_model_distribution_JIW,hbos_amp_rel_w2s,hbos_amp_rel,distribution,time_block,2,2.0,13.0,3.9999999999999933,0.0,83.0,87,13.0,0.7647058823529415,1.0,0.8666666666666669,0.0459770114942528,8.0,0.6190476190476191,0.6842105263157896
26_model_distribution_JIW,copod_amp_w2s,copod_amp,distribution,time_block,2,2.0,13.0,2.999999999999995,0.0,84.0,87,13.0,0.8125000000000002,1.0,0.8965517241379312,0.0344827586206896,8.0,0.6190476190476191,0.7027027027027027
26_model_distribution_JIW,copod_amp_sine_w2s,copod_amp_sine,distribution,time_block,2,2.0,13.0,3.9999999999999933,0.0,83.0,87,13.0,0.7647058823529415,1.0,0.8666666666666669,0.0459770114942528,8.0,0.6190476190476191,0.6842105263157896
26_model_distribution_JIW,copod_amp_shape_w2s,copod_amp_shape,distribution,time_block,2,2.0,13.0,1.9999999999999967,0.0,85.0,87,13.0,0.8666666666666669,1.0,0.9285714285714287,0.0229885057471264,8.0,0.6190476190476191,0.7222222222222222
26_model_distribution_JIW,copod_amp_rel_w2s,copod_amp_rel,distribution,time_block,2,2.0,13.0,1.9999999999999967,0.0,85.0,87,13.0,0.8666666666666669,1.0,0.9285714285714287,0.0229885057471264,8.0,0.6190476190476191,0.7222222222222222
26_model_distribution_JIW,deep_svdd_w2s,deep_svdd,distribution,time_block,2,2.0,13.0,8.666666666666659,0.0,78.33333333333334,87,13.0,0.6000000000000003,1.0,0.7500000000000002,0.0996168582375478,8.0,0.6190476190476191,0.6093750000000001
26_model_distribution_JIW,mcd_amp_w2s,mcd_amp,distribution,time_block,3,2.0,13.0,2.999999999999994,0.0,88.0,91,13.0,0.8125000000000003,1.0,0.8965517241379313,0.0329670329670329,8.0,0.6190476190476191,0.7027027027027029
26_model_distribution_JIW,mcd_amp_sine_w2s,mcd_amp_sine,distribution,time_block,3,2.0,13.0,2.999999999999994,0.0,88.0,91,13.0,0.8125000000000003,1.0,0.8965517241379313,0.0329670329670329,8.0,0.6190476190476191,0.7027027027027029
26_model_distribution_JIW,mcd_amp_shape_w2s,mcd_amp_shape,distribution,time_block,3,2.0,13.0,2.999999999999994,0.0,88.0,91,13.0,0.8125000000000003,1.0,0.8965517241379313,0.0329670329670329,8.0,0.6190476190476191,0.7027027027027029
26_model_distribution_JIW,mcd_amp_rel_w2s,mcd_amp_rel,distribution,time_block,3,2.0,13.0,0.0,0.0,91.0,91,13.0,1.0,1.0,1.0,0.0,8.0,0.6190476190476191,0.7647058823529411
26_model_distribution_JIW,ocsvm_amp_w2s,ocsvm_amp,distribution,time_block,3,2.0,13.0,5.9999999999999964,0.0,85.0,91,13.0,0.6842105263157896,1.0,0.8125000000000001,0.0659340659340659,8.0,0.6190476190476191,0.65
26_model_distribution_JIW,ocsvm_amp_sine_w2s,ocsvm_amp_sine,distribution,time_block,3,2.0,13.0,10.999999999999993,0.0,80.0,91,13.0,0.5416666666666669,1.0,0.7027027027027029,0.1208791208791208,8.0,0.6190476190476191,0.5777777777777778
26_model_distribution_JIW,ocsvm_amp_shape_w2s,ocsvm_amp_shape,distribution,time_block,3,2.0,13.0,9.999999999999993,0.0,81.0,91,13.0,0.565217391304348,1.0,0.7222222222222223,0.10989010989010982,8.0,0.6190476190476191,0.590909090909091
26_model_distribution_JIW,ocsvm_amp_rel_w2s,ocsvm_amp_rel,distribution,time_block,3,2.0,13.0,7.999999999999999,0.0,83.0,91,13.0,0.6190476190476191,1.0,0.7647058823529411,0.0879120879120879,8.0,0.6190476190476191,0.6190476190476191
26_model_distribution_JIW,hbos_amp_w2s,hbos_amp,distribution,time_block,3,2.0,13.0,1.999999999999993,0.0,89.0,91,13.0,0.866666666666667,1.0,0.9285714285714288,0.0219780219780219,8.0,0.6190476190476191,0.7222222222222223
26_model_distribution_JIW,hbos_amp_sine_w2s,hbos_amp_sine,distribution,time_block,3,2.0,13.0,3.9999999999999947,0.0,87.0,91,13.0,0.7647058823529415,1.0,0.8666666666666669,0.0439560439560439,8.0,0.6190476190476191,0.6842105263157896
26_model_distribution_JIW,hbos_amp_shape_w2s,hbos_amp_shape,distribution,time_block,3,2.0,13.0,2.999999999999994,0.0,88.0,91,13.0,0.8125000000000003,1.0,0.8965517241379313,0.0329670329670329,8.0,0.6190476190476191,0.7027027027027029
26_model_distribution_JIW,hbos_amp_rel_w2s,hbos_amp_rel,distribution,time_block,3,2.0,13.0,0.9999999999999919,0.0,90.00000000000001,91,13.0,0.9285714285714292,1.0,0.9629629629629632,0.0109890109890109,8.0,0.6190476190476191,0.742857142857143
26_model_distribution_JIW,copod_amp_w2s,copod_amp,distribution,time_block,3,2.0,13.0,0.0,0.0,91.0,91,13.0,1.0,1.0,1.0,0.0,8.0,0.6190476190476191,0.7647058823529411
26_model_distribution_JIW,copod_amp_sine_w2s,copod_amp_sine,distribution,time_block,3,2.0,13.0,0.0,0.0,91.0,91,13.0,1.0,1.0,1.0,0.0,8.0,0.6190476190476191,0.7647058823529411
26_model_distribution_JIW,copod_amp_shape_w2s,copod_amp_shape,distribution,time_block,3,2.0,13.0,0.9999999999999919,0.0,90.00000000000001,91,13.0,0.9285714285714292,1.0,0.9629629629629632,0.0109890109890109,8.0,0.6190476190476191,0.742857142857143
26_model_distribution_JIW,copod_amp_rel_w2s,copod_amp_rel,distribution,time_block,3,2.0,13.0,0.0,0.0,91.0,91,13.0,1.0,1.0,1.0,0.0,8.0,0.6190476190476191,0.7647058823529411
26_model_distribution_JIW,deep_svdd_w2s,deep_svdd,distribution,time_block,3,2.0,13.0,13.333333333333332,0.0,77.66666666666667,91,13.0,0.4936708860759494,1.0,0.6610169491525425,0.1465201465201465,8.0,0.6190476190476191,0.5492957746478874
26_model_distribution_JIW,mcd_amp_w2s,mcd_amp,distribution,time_block,4,2.0,13.0,5.9999999999999964,0.0,85.0,91,13.0,0.6842105263157896,1.0,0.8125000000000001,0.0659340659340659,8.0,0.6190476190476191,0.65
26_model_distribution_JIW,mcd_amp_sine_w2s,mcd_amp_sine,distribution,time_block,4,2.0,13.0,7.999999999999999,0.0,83.0,91,13.0,0.6190476190476191,1.0,0.7647058823529411,0.0879120879120879,8.0,0.6190476190476191,0.6190476190476191
26_model_distribution_JIW,mcd_amp_shape_w2s,mcd_amp_shape,distribution,time_block,4,2.0,13.0,4.9999999999999964,0.0,86.0,91,13.0,0.7222222222222223,1.0,0.838709677419355,0.05494505494505491,8.0,0.6190476190476191,0.6666666666666666
26_model_distribution_JIW,mcd_amp_rel_w2s,mcd_amp_rel,distribution,time_block,4,2.0,13.0,6.999999999999998,0.0,84.0,91,13.0,0.65,1.0,0.7878787878787878,0.0769230769230769,8.0,0.6190476190476191,0.6341463414634146
26_model_distribution_JIW,ocsvm_amp_w2s,ocsvm_amp,distribution,time_block,4,2.0,13.0,5.9999999999999964,0.0,85.0,91,13.0,0.6842105263157896,1.0,0.8125000000000001,0.0659340659340659,8.0,0.6190476190476191,0.65
26_model_distribution_JIW,ocsvm_amp_sine_w2s,ocsvm_amp_sine,distribution,time_block,4,2.0,13.0,9.0,0.0,82.0,91,13.0,0.5909090909090909,1.0,0.7428571428571429,0.0989010989010989,8.0,0.6190476190476191,0.6046511627906976
26_model_distribution_JIW,ocsvm_amp_shape_w2s,ocsvm_amp_shape,distribution,time_block,4,2.0,13.0,6.999999999999998,0.0,84.0,91,13.0,0.65,1.0,0.7878787878787878,0.0769230769230769,8.0,0.6190476190476191,0.6341463414634146
26_model_distribution_JIW,ocsvm_amp_rel_w2s,ocsvm_amp_rel,distribution,time_block,4,2.0,13.0,27.0,0.0,64.0,91,13.0,0.325,1.0,0.49056603773584906,0.2967032967032967,8.0,0.6190476190476191,0.4262295081967213
26_model_distribution_JIW,hbos_amp_w2s,hbos_amp,distribution,time_block,4,2.0,13.0,2.999999999999994,0.0,88.0,91,13.0,0.8125000000000003,1.0,0.8965517241379313,0.0329670329670329,8.0,0.6190476190476191,0.7027027027027029
26_model_distribution_JIW,hbos_amp_sine_w2s,hbos_amp_sine,distribution,time_block,4,2.0,13.0,3.9999999999999947,0.0,87.0,91,13.0,0.7647058823529415,1.0,0.8666666666666669,0.0439560439560439,8.0,0.6190476190476191,0.6842105263157896
26_model_distribution_JIW,hbos_amp_shape_w2s,hbos_amp_shape,distribution,time_block,4,2.0,13.0,9.0,0.0,82.0,91,13.0,0.5909090909090909,1.0,0.7428571428571429,0.0989010989010989,8.0,0.6190476190476191,0.6046511627906976
26_model_distribution_JIW,hbos_amp_rel_w2s,hbos_amp_rel,distribution,time_block,4,2.0,13.0,6.999999999999998,0.0,84.0,91,13.0,0.65,1.0,0.7878787878787878,0.0769230769230769,8.0,0.6190476190476191,0.6341463414634146
26_model_distribution_JIW,copod_amp_w2s,copod_amp,distribution,time_block,4,2.0,13.0,0.0,0.0,91.0,91,13.0,1.0,1.0,1.0,0.0,8.0,0.6190476190476191,0.7647058823529411
26_model_distribution_JIW,copod_amp_sine_w2s,copod_amp_sine,distribution,time_block,4,2.0,13.0,0.0,0.0,91.0,91,13.0,1.0,1.0,1.0,0.0,8.0,0.6190476190476191,0.7647058823529411
26_model_distribution_JIW,copod_amp_shape_w2s,copod_amp_shape,distribution,time_block,4,2.0,13.0,0.9999999999999919,0.0,90.00000000000001,91,13.0,0.9285714285714292,1.0,0.9629629629629632,0.0109890109890109,8.0,0.6190476190476191,0.742857142857143
26_model_distribution_JIW,copod_amp_rel_w2s,copod_amp_rel,distribution,time_block,4,2.0,13.0,0.0,0.0,91.0,91,13.0,1.0,1.0,1.0,0.0,8.0,0.6190476190476191,0.7647058823529411
26_model_distribution_JIW,deep_svdd_w2s,deep_svdd,distribution,time_block,4,2.0,12.666666666666666,24.999999999999996,0.3333333333333339,66.0,91,13.0,0.336283185840708,0.9743589743589743,0.5,0.2747252747252747,8.333333333333334,0.6031746031746031,0.4318181818181818
27_model_cnn_lstm_ae_CHS,cnn_lstm_ae_all3_w1s,cnn_lstm_ae_all3,cnn,group_kfold_seg,0,1.0,4.666666666666667,14.666666666666666,0.33333333333333304,94.33333333333333,109,5.0,0.24137931034482762,0.9333333333333333,0.3835616438356165,0.1345565749235474,0.33333333333333304,0.9333333333333333,0.3835616438356165
27_model_cnn_lstm_ae_CHS,cnn_lstm_ae_all3_w1s,cnn_lstm_ae_all3,cnn,group_kfold_seg,1,1.0,3.0,11.333333333333327,1.0,92.66666666666667,104,4.0,0.20930232558139544,0.75,0.3272727272727274,0.1089743589743589,1.0,0.75,0.3272727272727274
27_model_cnn_lstm_ae_CHS,cnn_lstm_ae_all3_w1s,cnn_lstm_ae_all3,cnn,group_kfold_seg,2,1.0,2.0,3.6666666666666616,0.0,98.33333333333334,102,2.0,0.35294117647058854,1.0,0.5217391304347829,0.0359477124183006,2.0,0.5,0.41379310344827613
27_model_cnn_lstm_ae_CHS,cnn_lstm_ae_all3_w1s,cnn_lstm_ae_all3,cnn,group_kfold_seg,3,1.0,3.0,3.666666666666663,0.0,106.33333333333334,110,3.0,0.4500000000000003,1.0,0.620689655172414,0.0333333333333333,1.0,0.75,0.5625000000000002
27_model_cnn_lstm_ae_CHS,cnn_lstm_ae_all3_w1s,cnn_lstm_ae_all3,cnn,group_kfold_seg,4,1.0,3.0,7.3333333333333295,0.0,97.66666666666667,105,3.0,0.2903225806451614,1.0,0.4500000000000002,0.0698412698412698,1.0,0.75,0.41860465116279083
27_model_cnn_lstm_ae_CHS,cnn_lstm_ae_all3_w1s,cnn_lstm_ae_all3,cnn,time_block,1,1.0,15.0,15.333333333333332,2.0,86.66666666666667,102,17.0,0.4945054945054945,0.8823529411764706,0.6338028169014085,0.1503267973856209,6.0,0.7142857142857143,0.5844155844155845
27_model_cnn_lstm_ae_CHS,cnn_lstm_ae_all3_w1s,cnn_lstm_ae_all3,cnn,time_block,2,1.0,14.666666666666666,9.666666666666663,2.333333333333334,89.33333333333334,99,17.0,0.6027397260273973,0.8627450980392156,0.7096774193548387,0.0976430976430976,6.333333333333334,0.6984126984126984,0.6470588235294118
27_model_cnn_lstm_ae_CHS,cnn_lstm_ae_all3_w1s,cnn_lstm_ae_all3,cnn,time_block,3,1.0,16.0,10.666666666666663,1.0,97.33333333333334,108,17.0,0.6000000000000001,0.9411764705882353,0.732824427480916,0.0987654320987654,5.0,0.7619047619047619,0.6713286713286714
27_model_cnn_lstm_ae_CHS,cnn_lstm_ae_all3_w1s,cnn_lstm_ae_all3,cnn,time_block,4,1.0,15.333333333333334,3.333333333333323,1.666666666666666,104.66666666666667,108,17.0,0.8214285714285718,0.9019607843137255,0.8598130841121497,0.0308641975308641,5.666666666666666,0.7301587301587302,0.7731092436974792
27_model_cnn_lstm_ae_CHS,cnn_lstm_ae_all3_w2s,cnn_lstm_ae_all3,cnn,group_kfold_seg,0,2.0,3.0,10.333333333333329,0.0,76.66666666666667,87,3.0,0.2250000000000001,1.0,0.36734693877551033,0.1187739463601532,2.0,0.6,0.3272727272727274
27_model_cnn_lstm_ae_CHS,cnn_lstm_ae_all3_w2s,cnn_lstm_ae_all3,cnn,group_kfold_seg,1,2.0,2.0,7.66666666666666,0.0,81.33333333333334,89,2.0,0.20689655172413807,1.0,0.342857142857143,0.0861423220973782,2.0,0.5,0.29268292682926844
27_model_cnn_lstm_ae_CHS,cnn_lstm_ae_all3_w2s,cnn_lstm_ae_all3,cnn,group_kfold_seg,2,2.0,2.0,0.6666666666666645,0.0,85.33333333333333,86,2.0,0.7500000000000007,1.0,0.8571428571428575,0.007751937984496099,2.0,0.5,0.6000000000000002
27_model_cnn_lstm_ae_CHS,cnn_lstm_ae_all3_w2s,cnn_lstm_ae_all3,cnn,group_kfold_seg,3,2.0,3.0,3.9999999999999956,0.0,94.0,98,3.0,0.4285714285714288,1.0,0.6000000000000002,0.0408163265306122,1.0,0.75,0.5454545454545456
27_model_cnn_lstm_ae_CHS,cnn_lstm_ae_all3_w2s,cnn_lstm_ae_all3,cnn,group_kfold_seg,4,2.0,3.0,5.999999999999997,0.0,86.0,92,3.0,0.3333333333333335,1.0,0.5000000000000001,0.0652173913043478,1.0,0.75,0.4615384615384617
27_model_cnn_lstm_ae_CHS,cnn_lstm_ae_all3_w2s,cnn_lstm_ae_all3,cnn,time_block,1,2.0,12.666666666666666,12.333333333333334,0.3333333333333339,72.66666666666667,85,13.0,0.5066666666666666,0.9743589743589743,0.6666666666666666,0.1450980392156863,8.333333333333334,0.6031746031746031,0.5507246376811594
27_model_cnn_lstm_ae_CHS,cnn_lstm_ae_all3_w2s,cnn_lstm_ae_all3,cnn,time_block,2,2.0,12.666666666666666,10.666666666666664,0.3333333333333339,76.33333333333334,87,13.0,0.5428571428571429,0.9743589743589743,0.6972477064220183,0.1226053639846743,8.333333333333334,0.6031746031746031,0.5714285714285714
27_model_cnn_lstm_ae_CHS,cnn_lstm_ae_all3_w2s,cnn_lstm_ae_all3,cnn,time_block,3,2.0,12.666666666666666,7.6666666666666625,0.3333333333333339,83.33333333333334,91,13.0,0.6229508196721313,0.9743589743589743,0.7600000000000001,0.0842490842490842,8.333333333333334,0.6031746031746031,0.6129032258064516
27_model_cnn_lstm_ae_CHS,cnn_lstm_ae_all3_w2s,cnn_lstm_ae_all3,cnn,time_block,4,2.0,13.0,1.6666666666666652,0.0,89.33333333333333,91,13.0,0.8863636363636365,1.0,0.9397590361445783,0.0183150183150183,8.0,0.6190476190476191,0.7289719626168225
27_model_cnn_lstm_ae_CHS,pca_raw_ae_all3_w1s,pca_raw_ae_all3,cnn,group_kfold_seg,0,1.0,5.0,4.999999999999997,0.0,104.0,109,5.0,0.5000000000000002,1.0,0.6666666666666669,0.0458715596330275,0.0,1.0,0.6666666666666669
27_model_cnn_lstm_ae_CHS,pca_raw_ae_all3_w1s,pca_raw_ae_all3,cnn,group_kfold_seg,1,1.0,4.0,5.99999999999999,0.0,98.00000000000001,104,4.0,0.4000000000000004,1.0,0.5714285714285718,0.0576923076923076,0.0,1.0,0.5714285714285718
27_model_cnn_lstm_ae_CHS,pca_raw_ae_all3_w1s,pca_raw_ae_all3,cnn,group_kfold_seg,2,1.0,2.0,2.0,0.0,100.0,102,2.0,0.5,1.0,0.6666666666666666,0.0196078431372549,2.0,0.5,0.5
27_model_cnn_lstm_ae_CHS,pca_raw_ae_all3_w1s,pca_raw_ae_all3,cnn,group_kfold_seg,3,1.0,3.0,4.999999999999994,0.0,105.0,110,3.0,0.3750000000000003,1.0,0.5454545454545459,0.0454545454545454,1.0,0.75,0.5000000000000003
27_model_cnn_lstm_ae_CHS,pca_raw_ae_all3_w1s,pca_raw_ae_all3,cnn,group_kfold_seg,4,1.0,3.0,4.0,0.0,101.0,105,3.0,0.42857142857142855,1.0,0.6,0.0380952380952381,1.0,0.75,0.5454545454545454
27_model_cnn_lstm_ae_CHS,pca_raw_ae_all3_w1s,pca_raw_ae_all3,cnn,time_block,1,1.0,17.0,2.9999999999999947,0.0,99.0,102,17.0,0.8500000000000003,1.0,0.9189189189189191,0.0294117647058823,4.0,0.8095238095238095,0.829268292682927
27_model_cnn_lstm_ae_CHS,pca_raw_ae_all3_w1s,pca_raw_ae_all3,cnn,time_block,2,1.0,17.0,2.9999999999999996,0.0,96.0,99,17.0,0.85,1.0,0.918918918918919,0.030303030303030297,4.0,0.8095238095238095,0.8292682926829268
27_model_cnn_lstm_ae_CHS,pca_raw_ae_all3_w1s,pca_raw_ae_all3,cnn,time_block,3,1.0,17.0,5.999999999999994,0.0,102.0,108,17.0,0.7391304347826089,1.0,0.8500000000000002,0.0555555555555555,4.0,0.8095238095238095,0.7727272727272728
27_model_cnn_lstm_ae_CHS,pca_raw_ae_all3_w1s,pca_raw_ae_all3,cnn,time_block,4,1.0,17.0,3.999999999999996,0.0,104.0,108,17.0,0.8095238095238096,1.0,0.8947368421052633,0.037037037037037,4.0,0.8095238095238095,0.8095238095238096
27_model_cnn_lstm_ae_CHS,pca_raw_ae_all3_w2s,pca_raw_ae_all3,cnn,group_kfold_seg,0,2.0,3.0,1.9999999999999967,0.0,85.0,87,3.0,0.6000000000000004,1.0,0.7500000000000003,0.0229885057471264,2.0,0.6,0.6000000000000002
27_model_cnn_lstm_ae_CHS,pca_raw_ae_all3_w2s,pca_raw_ae_all3,cnn,group_kfold_seg,1,2.0,2.0,4.999999999999993,0.0,84.0,89,2.0,0.28571428571428603,1.0,0.4444444444444448,0.0561797752808988,2.0,0.5,0.36363636363636387
27_model_cnn_lstm_ae_CHS,pca_raw_ae_all3_w2s,pca_raw_ae_all3,cnn,group_kfold_seg,2,2.0,2.0,1.9999999999999938,0.0,84.0,86,2.0,0.5000000000000008,1.0,0.6666666666666674,0.0232558139534883,2.0,0.5,0.5000000000000004
27_model_cnn_lstm_ae_CHS,pca_raw_ae_all3_w2s,pca_raw_ae_all3,cnn,group_kfold_seg,3,2.0,3.0,3.9999999999999956,0.0,94.0,98,3.0,0.4285714285714288,1.0,0.6000000000000002,0.0408163265306122,1.0,0.75,0.5454545454545456
27_model_cnn_lstm_ae_CHS,pca_raw_ae_all3_w2s,pca_raw_ae_all3,cnn,group_kfold_seg,4,2.0,3.0,4.999999999999998,0.0,87.0,92,3.0,0.3750000000000001,1.0,0.5454545454545455,0.0543478260869565,1.0,0.75,0.5000000000000001
27_model_cnn_lstm_ae_CHS,pca_raw_ae_all3_w2s,pca_raw_ae_all3,cnn,time_block,1,2.0,13.0,6.999999999999993,0.0,78.0,85,13.0,0.6500000000000002,1.0,0.7878787878787881,0.0823529411764705,8.0,0.6190476190476191,0.6341463414634148
27_model_cnn_lstm_ae_CHS,pca_raw_ae_all3_w2s,pca_raw_ae_all3,cnn,time_block,2,2.0,13.0,5.000000000000001,0.0,82.0,87,13.0,0.7222222222222222,1.0,0.8387096774193549,0.057471264367816105,8.0,0.6190476190476191,0.6666666666666666
27_model_cnn_lstm_ae_CHS,pca_raw_ae_all3_w2s,pca_raw_ae_all3,cnn,time_block,3,2.0,13.0,2.999999999999994,0.0,88.0,91,13.0,0.8125000000000003,1.0,0.8965517241379313,0.0329670329670329,8.0,0.6190476190476191,0.7027027027027029
27_model_cnn_lstm_ae_CHS,pca_raw_ae_all3_w2s,pca_raw_ae_all3,cnn,time_block,4,2.0,13.0,0.9999999999999919,0.0,90.00000000000001,91,13.0,0.9285714285714292,1.0,0.9629629629629632,0.0109890109890109,8.0,0.6190476190476191,0.742857142857143
27_model_cnn_lstm_ae_CHS,cnn_lstm_ae_vib2_w1s,cnn_lstm_ae_vib2,cnn,group_kfold_seg,0,1.0,4.0,8.999999999999996,1.0,100.0,109,5.0,0.30769230769230776,0.8,0.44444444444444453,0.0825688073394495,1.0,0.8,0.44444444444444453
27_model_cnn_lstm_ae_CHS,cnn_lstm_ae_vib2_w1s,cnn_lstm_ae_vib2,cnn,group_kfold_seg,1,1.0,3.0,11.999999999999991,1.0,92.00000000000001,104,4.0,0.20000000000000012,0.75,0.3157894736842106,0.1153846153846153,1.0,0.75,0.3157894736842106
27_model_cnn_lstm_ae_CHS,cnn_lstm_ae_vib2_w1s,cnn_lstm_ae_vib2,cnn,group_kfold_seg,2,1.0,2.0,0.9999999999999949,0.0,101.0,102,2.0,0.6666666666666679,1.0,0.8000000000000008,0.0098039215686274,2.0,0.5,0.5714285714285718
27_model_cnn_lstm_ae_CHS,cnn_lstm_ae_vib2_w1s,cnn_lstm_ae_vib2,cnn,group_kfold_seg,3,1.0,3.0,9.999999999999998,0.0,100.0,110,3.0,0.2307692307692308,1.0,0.37500000000000006,0.0909090909090909,1.0,0.75,0.35294117647058826
27_model_cnn_lstm_ae_CHS,cnn_lstm_ae_vib2_w1s,cnn_lstm_ae_vib2,cnn,group_kfold_seg,4,1.0,2.0,8.0,1.0,97.0,105,3.0,0.2,0.6666666666666666,0.3076923076923077,0.0761904761904762,2.0,0.5,0.2857142857142857
27_model_cnn_lstm_ae_CHS,cnn_lstm_ae_vib2_w1s,cnn_lstm_ae_vib2,cnn,time_block,1,1.0,14.0,14.999999999999993,3.0,87.0,102,17.0,0.4827586206896553,0.8235294117647058,0.6086956521739131,0.1470588235294117,7.0,0.6666666666666666,0.56
27_model_cnn_lstm_ae_CHS,cnn_lstm_ae_vib2_w1s,cnn_lstm_ae_vib2,cnn,time_block,2,1.0,14.0,7.999999999999999,3.0,91.0,99,17.0,0.6363636363636364,0.8235294117647058,0.717948717948718,0.0808080808080808,7.0,0.6666666666666666,0.6511627906976745
27_model_cnn_lstm_ae_CHS,cnn_lstm_ae_vib2_w1s,cnn_lstm_ae_vib2,cnn,time_block,3,1.0,14.0,9.999999999999991,3.0,98.00000000000001,108,17.0,0.5833333333333335,0.8235294117647058,0.6829268292682928,0.0925925925925925,7.0,0.6666666666666666,0.6222222222222223
27_model_cnn_lstm_ae_CHS,cnn_lstm_ae_vib2_w1s,cnn_lstm_ae_vib2,cnn,time_block,4,1.0,15.0,13.999999999999996,2.0,94.0,108,17.0,0.5172413793103449,0.8823529411764706,0.6521739130434783,0.1296296296296296,6.0,0.7142857142857143,0.6
27_model_cnn_lstm_ae_CHS,cnn_lstm_ae_cur1_w1s,cnn_lstm_ae_cur1,cnn,group_kfold_seg,0,1.0,5.0,2.9999999999999987,0.0,106.0,109,5.0,0.6250000000000001,1.0,0.7692307692307694,0.0275229357798165,0.0,1.0,0.7692307692307694
27_model_cnn_lstm_ae_CHS,cnn_lstm_ae_cur1_w1s,cnn_lstm_ae_cur1,cnn,group_kfold_seg,1,1.0,4.0,4.999999999999992,0.0,99.00000000000001,104,4.0,0.4444444444444448,1.0,0.6153846153846158,0.048076923076923,0.0,1.0,0.6153846153846158
27_model_cnn_lstm_ae_CHS,cnn_lstm_ae_cur1_w1s,cnn_lstm_ae_cur1,cnn,group_kfold_seg,2,1.0,2.0,11.999999999999998,0.0,90.0,102,2.0,0.14285714285714288,1.0,0.25000000000000006,0.1176470588235294,2.0,0.5,0.2222222222222222
27_model_cnn_lstm_ae_CHS,cnn_lstm_ae_cur1_w1s,cnn_lstm_ae_cur1,cnn,group_kfold_seg,3,1.0,3.0,6.9999999999999964,0.0,103.0,110,3.0,0.3000000000000001,1.0,0.4615384615384617,0.0636363636363636,1.0,0.75,0.42857142857142866
27_model_cnn_lstm_ae_CHS,cnn_lstm_ae_cur1_w1s,cnn_lstm_ae_cur1,cnn,group_kfold_seg,4,1.0,3.0,8.0,0.0,97.0,105,3.0,0.2727272727272727,1.0,0.42857142857142855,0.0761904761904762,1.0,0.75,0.4
27_model_cnn_lstm_ae_CHS,cnn_lstm_ae_cur1_w1s,cnn_lstm_ae_cur1,cnn,time_block,1,1.0,17.0,13.999999999999998,0.0,88.0,102,17.0,0.5483870967741935,1.0,0.7083333333333334,0.1372549019607843,4.0,0.8095238095238095,0.6538461538461539
27_model_cnn_lstm_ae_CHS,cnn_lstm_ae_cur1_w1s,cnn_lstm_ae_cur1,cnn,time_block,2,1.0,17.0,7.999999999999999,0.0,91.0,99,17.0,0.68,1.0,0.8095238095238095,0.0808080808080808,4.0,0.8095238095238095,0.7391304347826086
27_model_cnn_lstm_ae_CHS,cnn_lstm_ae_cur1_w1s,cnn_lstm_ae_cur1,cnn,time_block,3,1.0,17.0,15.0,0.0,93.0,108,17.0,0.53125,1.0,0.6938775510204082,0.1388888888888889,4.0,0.8095238095238095,0.6415094339622641
27_model_cnn_lstm_ae_CHS,cnn_lstm_ae_cur1_w1s,cnn_lstm_ae_cur1,cnn,time_block,4,1.0,17.0,5.999999999999994,0.0,102.0,108,17.0,0.7391304347826089,1.0,0.8500000000000002,0.0555555555555555,4.0,0.8095238095238095,0.7727272727272728
27_model_cnn_lstm_ae_CHS,cnn_lstm_ae_all3_res_w1s,cnn_lstm_ae_all3_res,cnn,group_kfold_seg,0,1.0,5.0,11.999999999999995,0.0,97.0,109,5.0,0.29411764705882365,1.0,0.4545454545454547,0.110091743119266,0.0,1.0,0.4545454545454547
27_model_cnn_lstm_ae_CHS,cnn_lstm_ae_all3_res_w1s,cnn_lstm_ae_all3_res,cnn,group_kfold_seg,1,1.0,4.0,11.999999999999991,0.0,92.00000000000001,104,4.0,0.25000000000000017,1.0,0.40000000000000013,0.1153846153846153,0.0,1.0,0.40000000000000013
27_model_cnn_lstm_ae_CHS,cnn_lstm_ae_all3_res_w1s,cnn_lstm_ae_all3_res,cnn,group_kfold_seg,2,1.0,2.0,2.9999999999999947,0.0,99.0,102,2.0,0.4000000000000004,1.0,0.5714285714285718,0.0294117647058823,2.0,0.5,0.4444444444444447
27_model_cnn_lstm_ae_CHS,cnn_lstm_ae_all3_res_w1s,cnn_lstm_ae_all3_res,cnn,group_kfold_seg,3,1.0,3.0,7.9999999999999964,0.0,102.0,110,3.0,0.2727272727272728,1.0,0.42857142857142866,0.0727272727272727,1.0,0.75,0.4000000000000001
27_model_cnn_lstm_ae_CHS,cnn_lstm_ae_all3_res_w1s,cnn_lstm_ae_all3_res,cnn,group_kfold_seg,4,1.0,3.0,17.0,0.0,88.0,105,3.0,0.15,1.0,0.2608695652173913,0.1619047619047619,1.0,0.75,0.25
27_model_cnn_lstm_ae_CHS,cnn_lstm_ae_all3_res_w1s,cnn_lstm_ae_all3_res,cnn,time_block,1,1.0,17.0,18.999999999999993,0.0,83.0,102,17.0,0.4722222222222223,1.0,0.6415094339622642,0.1862745098039215,4.0,0.8095238095238095,0.5964912280701755
27_model_cnn_lstm_ae_CHS,cnn_lstm_ae_all3_res_w1s,cnn_lstm_ae_all3_res,cnn,time_block,2,1.0,17.0,15.999999999999998,0.0,83.0,99,17.0,0.5151515151515151,1.0,0.68,0.1616161616161616,4.0,0.8095238095238095,0.6296296296296297
27_model_cnn_lstm_ae_CHS,cnn_lstm_ae_all3_res_w1s,cnn_lstm_ae_all3_res,cnn,time_block,3,1.0,17.0,15.0,0.0,93.0,108,17.0,0.53125,1.0,0.6938775510204082,0.1388888888888889,4.0,0.8095238095238095,0.6415094339622641
27_model_cnn_lstm_ae_CHS,cnn_lstm_ae_all3_res_w1s,cnn_lstm_ae_all3_res,cnn,time_block,4,1.0,17.0,1.999999999999998,0.0,106.0,108,17.0,0.8947368421052633,1.0,0.9444444444444444,0.0185185185185185,4.0,0.8095238095238095,0.85
27_model_cnn_lstm_ae_CHS,cnn_lstm_ae_all3_zwin_w1s,cnn_lstm_ae_all3_zwin,cnn,group_kfold_seg,0,1.0,5.0,9.999999999999995,0.0,99.0,109,5.0,0.3333333333333334,1.0,0.5000000000000002,0.091743119266055,0.0,1.0,0.5000000000000002
27_model_cnn_lstm_ae_CHS,cnn_lstm_ae_all3_zwin_w1s,cnn_lstm_ae_all3_zwin,cnn,group_kfold_seg,1,1.0,4.0,11.999999999999991,0.0,92.00000000000001,104,4.0,0.25000000000000017,1.0,0.40000000000000013,0.1153846153846153,0.0,1.0,0.40000000000000013
27_model_cnn_lstm_ae_CHS,cnn_lstm_ae_all3_zwin_w1s,cnn_lstm_ae_all3_zwin,cnn,group_kfold_seg,2,1.0,2.0,22.999999999999993,0.0,79.0,102,2.0,0.08000000000000003,1.0,0.1481481481481482,0.2254901960784313,2.0,0.5,0.13793103448275865
27_model_cnn_lstm_ae_CHS,cnn_lstm_ae_all3_zwin_w1s,cnn_lstm_ae_all3_zwin,cnn,group_kfold_seg,3,1.0,3.0,13.999999999999993,0.0,96.0,110,3.0,0.17647058823529418,1.0,0.3000000000000001,0.1272727272727272,1.0,0.75,0.2857142857142858
27_model_cnn_lstm_ae_CHS,cnn_lstm_ae_all3_zwin_w1s,cnn_lstm_ae_all3_zwin,cnn,group_kfold_seg,4,1.0,3.0,18.999999999999993,0.0,86.0,105,3.0,0.1363636363636364,1.0,0.24000000000000007,0.1809523809523809,1.0,0.75,0.23076923076923084
27_model_cnn_lstm_ae_CHS,cnn_lstm_ae_all3_zwin_w1s,cnn_lstm_ae_all3_zwin,cnn,time_block,1,1.0,17.0,26.0,0.0,76.0,102,17.0,0.3953488372093023,1.0,0.5666666666666667,0.2549019607843137,4.0,0.8095238095238095,0.53125
27_model_cnn_lstm_ae_CHS,cnn_lstm_ae_all3_zwin_w1s,cnn_lstm_ae_all3_zwin,cnn,time_block,2,1.0,17.0,22.0,0.0,77.0,99,17.0,0.4358974358974359,1.0,0.6071428571428571,0.2222222222222222,4.0,0.8095238095238095,0.5666666666666667
27_model_cnn_lstm_ae_CHS,cnn_lstm_ae_all3_zwin_w1s,cnn_lstm_ae_all3_zwin,cnn,time_block,3,1.0,17.0,12.999999999999991,0.0,95.00000000000001,108,17.0,0.5666666666666668,1.0,0.7234042553191491,0.1203703703703703,4.0,0.8095238095238095,0.6666666666666667
27_model_cnn_lstm_ae_CHS,cnn_lstm_ae_all3_zwin_w1s,cnn_lstm_ae_all3_zwin,cnn,time_block,4,1.0,17.0,27.0,0.0,81.0,108,17.0,0.38636363636363635,1.0,0.5573770491803278,0.25,4.0,0.8095238095238095,0.5230769230769231
28_model_ensemble_JIW,cnn,cnn,ensemble,group_kfold_seg,0,2.0,3.0,6.999999999999997,0.0,80.0,87,3.0,0.3000000000000001,1.0,0.4615384615384617,0.0804597701149425,2.0,0.6,0.4000000000000001
28_model_ensemble_JIW,cnn,cnn,ensemble,group_kfold_seg,1,2.0,2.0,3.3333333333333286,0.0,85.66666666666667,89,2.0,0.37500000000000033,1.0,0.5454545454545459,0.0374531835205992,2.0,0.5,0.42857142857142877
28_model_ensemble_JIW,cnn,cnn,ensemble,group_kfold_seg,2,2.0,2.0,0.333333333333328,0.0,85.66666666666667,86,2.0,0.8571428571428591,1.0,0.9230769230769242,0.003875968992248,2.0,0.5,0.6315789473684216
28_model_ensemble_JIW,cnn,cnn,ensemble,group_kfold_seg,3,2.0,3.0,1.666666666666663,0.0,96.33333333333334,98,3.0,0.6428571428571435,1.0,0.7826086956521744,0.0170068027210884,1.0,0.75,0.6923076923076926
28_model_ensemble_JIW,cnn,cnn,ensemble,group_kfold_seg,4,2.0,3.0,0.3333333333333332,0.0,91.66666666666667,92,3.0,0.9000000000000001,1.0,0.9473684210526316,0.0036231884057971,1.0,0.75,0.8181818181818182
28_model_ensemble_JIW,cnn,cnn,ensemble,time_block,1,2.0,13.0,1.6666666666666667,0.0,83.33333333333333,85,13.0,0.8863636363636364,1.0,0.9397590361445782,0.0196078431372549,8.0,0.6190476190476191,0.7289719626168223
28_model_ensemble_JIW,cnn,cnn,ensemble,time_block,2,2.0,13.0,1.3333333333333255,0.0,85.66666666666667,87,13.0,0.906976744186047,1.0,0.9512195121951222,0.0153256704980842,8.0,0.6190476190476191,0.7358490566037736
28_model_ensemble_JIW,cnn,cnn,ensemble,time_block,3,2.0,13.0,2.3333333333333295,0.0,88.66666666666667,91,13.0,0.847826086956522,1.0,0.9176470588235296,0.0256410256410256,8.0,0.6190476190476191,0.7155963302752294
28_model_ensemble_JIW,cnn,cnn,ensemble,time_block,4,2.0,13.0,0.9999999999999919,0.0,90.00000000000001,91,13.0,0.9285714285714292,1.0,0.9629629629629632,0.0109890109890109,8.0,0.6190476190476191,0.742857142857143
28_model_ensemble_JIW,lstm,lstm,ensemble,group_kfold_seg,0,2.0,3.0,6.666666666666662,0.0,80.33333333333334,87,3.0,0.3103448275862071,1.0,0.473684210526316,0.0766283524904214,2.0,0.6,0.4090909090909093
28_model_ensemble_JIW,lstm,lstm,ensemble,group_kfold_seg,1,2.0,2.0,2.9999999999999973,0.0,86.0,89,2.0,0.4000000000000002,1.0,0.5714285714285716,0.0337078651685393,2.0,0.5,0.44444444444444464
28_model_ensemble_JIW,lstm,lstm,ensemble,group_kfold_seg,2,2.0,2.0,0.0,0.0,86.0,86,2.0,1.0,1.0,1.0,0.0,2.0,0.5,0.6666666666666666
28_model_ensemble_JIW,lstm,lstm,ensemble,group_kfold_seg,3,2.0,3.0,1.3333333333333286,0.0,96.66666666666667,98,3.0,0.6923076923076931,1.0,0.8181818181818187,0.0136054421768707,1.0,0.75,0.7200000000000004
28_model_ensemble_JIW,lstm,lstm,ensemble,group_kfold_seg,4,2.0,3.0,0.3333333333333332,0.0,91.66666666666667,92,3.0,0.9000000000000001,1.0,0.9473684210526316,0.0036231884057971,1.0,0.75,0.8181818181818182
28_model_ensemble_JIW,lstm,lstm,ensemble,time_block,1,2.0,13.0,0.9999999999999964,0.0,84.0,85,13.0,0.9285714285714288,1.0,0.9629629629629631,0.0117647058823529,8.0,0.6190476190476191,0.7428571428571429
28_model_ensemble_JIW,lstm,lstm,ensemble,time_block,2,2.0,13.0,0.33333333333332704,0.0,86.66666666666667,87,13.0,0.9750000000000004,1.0,0.9873417721518989,0.0038314176245210006,8.0,0.6190476190476191,0.7572815533980584
28_model_ensemble_JIW,lstm,lstm,ensemble,time_block,3,2.0,13.0,3.666666666666658,0.0,87.33333333333334,91,13.0,0.7800000000000005,1.0,0.8764044943820227,0.0402930402930402,8.0,0.6190476190476191,0.6902654867256639
28_model_ensemble_JIW,lstm,lstm,ensemble,time_block,4,2.0,13.0,0.9999999999999919,0.0,90.00000000000001,91,13.0,0.9285714285714292,1.0,0.9629629629629632,0.0109890109890109,8.0,0.6190476190476191,0.742857142857143
28_model_ensemble_JIW,gat,gat,ensemble,group_kfold_seg,0,2.0,3.0,5.000000000000001,0.0,82.0,87,3.0,0.375,1.0,0.5454545454545454,0.057471264367816105,2.0,0.6,0.46153846153846156
28_model_ensemble_JIW,gat,gat,ensemble,group_kfold_seg,1,2.0,2.0,3.3333333333333286,0.0,85.66666666666667,89,2.0,0.37500000000000033,1.0,0.5454545454545459,0.0374531835205992,2.0,0.5,0.42857142857142877
28_model_ensemble_JIW,gat,gat,ensemble,group_kfold_seg,2,2.0,2.0,0.0,0.0,86.0,86,2.0,1.0,1.0,1.0,0.0,2.0,0.5,0.6666666666666666
28_model_ensemble_JIW,gat,gat,ensemble,group_kfold_seg,3,2.0,3.0,1.666666666666663,0.0,96.33333333333334,98,3.0,0.6428571428571435,1.0,0.7826086956521744,0.0170068027210884,1.0,0.75,0.6923076923076926
28_model_ensemble_JIW,gat,gat,ensemble,group_kfold_seg,4,2.0,3.0,0.0,0.0,92.0,92,3.0,1.0,1.0,1.0,0.0,1.0,0.75,0.8571428571428571
28_model_ensemble_JIW,gat,gat,ensemble,time_block,1,2.0,13.0,1.3333333333333315,0.0,83.66666666666667,85,13.0,0.9069767441860466,1.0,0.951219512195122,0.0156862745098039,8.0,0.6190476190476191,0.7358490566037736
28_model_ensemble_JIW,gat,gat,ensemble,time_block,2,2.0,13.0,2.6666666666666594,0.0,84.33333333333334,87,13.0,0.8297872340425536,1.0,0.9069767441860467,0.030651340996168498,8.0,0.6190476190476191,0.7090909090909093
28_model_ensemble_JIW,gat,gat,ensemble,time_block,3,2.0,13.0,3.9999999999999947,0.0,87.0,91,13.0,0.7647058823529415,1.0,0.8666666666666669,0.0439560439560439,8.0,0.6190476190476191,0.6842105263157896
28_model_ensemble_JIW,gat,gat,ensemble,time_block,4,2.0,13.0,0.9999999999999919,0.0,90.00000000000001,91,13.0,0.9285714285714292,1.0,0.9629629629629632,0.0109890109890109,8.0,0.6190476190476191,0.742857142857143
28_model_ensemble_JIW,mcd,mcd,ensemble,group_kfold_seg,0,2.0,3.0,1.9999999999999967,0.0,85.0,87,3.0,0.6000000000000004,1.0,0.7500000000000003,0.0229885057471264,2.0,0.6,0.6000000000000002
28_model_ensemble_JIW,mcd,mcd,ensemble,group_kfold_seg,1,2.0,2.0,4.0,0.0,85.0,89,2.0,0.3333333333333333,1.0,0.5,0.0449438202247191,2.0,0.5,0.4
28_model_ensemble_JIW,mcd,mcd,ensemble,group_kfold_seg,2,2.0,2.0,3.9999999999999964,0.0,82.0,86,2.0,0.33333333333333354,1.0,0.5000000000000002,0.0465116279069767,2.0,0.5,0.40000000000000013
28_model_ensemble_JIW,mcd,mcd,ensemble,group_kfold_seg,3,2.0,3.0,1.9999999999999978,0.0,96.0,98,3.0,0.6000000000000002,1.0,0.7500000000000002,0.0204081632653061,1.0,0.75,0.6666666666666669
28_model_ensemble_JIW,mcd,mcd,ensemble,group_kfold_seg,4,2.0,3.0,4.999999999999998,0.0,87.0,92,3.0,0.3750000000000001,1.0,0.5454545454545455,0.0543478260869565,1.0,0.75,0.5000000000000001
28_model_ensemble_JIW,mcd,mcd,ensemble,time_block,1,2.0,13.0,0.9999999999999964,0.0,84.0,85,13.0,0.9285714285714288,1.0,0.9629629629629631,0.0117647058823529,8.0,0.6190476190476191,0.7428571428571429
28_model_ensemble_JIW,mcd,mcd,ensemble,time_block,2,2.0,13.0,0.9999999999999983,0.0,86.0,87,13.0,0.9285714285714287,1.0,0.9629629629629629,0.0114942528735632,8.0,0.6190476190476191,0.7428571428571429
28_model_ensemble_JIW,mcd,mcd,ensemble,time_block,3,2.0,13.0,2.999999999999994,0.0,88.0,91,13.0,0.8125000000000003,1.0,0.8965517241379313,0.0329670329670329,8.0,0.6190476190476191,0.7027027027027029
28_model_ensemble_JIW,mcd,mcd,ensemble,time_block,4,2.0,13.0,5.9999999999999964,0.0,85.0,91,13.0,0.6842105263157896,1.0,0.8125000000000001,0.0659340659340659,8.0,0.6190476190476191,0.65
28_model_ensemble_JIW,cnn&mcd,cnn&mcd,ensemble,group_kfold_seg,0,2.0,3.0,0.0,0.0,87.0,87,3.0,1.0,1.0,1.0,0.0,2.0,0.6,0.75
28_model_ensemble_JIW,cnn&mcd,cnn&mcd,ensemble,group_kfold_seg,1,2.0,2.0,0.3333333333333311,0.0,88.66666666666667,89,2.0,0.8571428571428579,1.0,0.9230769230769236,0.0037453183520599,2.0,0.5,0.6315789473684212
28_model_ensemble_JIW,cnn&mcd,cnn&mcd,ensemble,group_kfold_seg,2,2.0,2.0,0.333333333333328,0.0,85.66666666666667,86,2.0,0.8571428571428591,1.0,0.9230769230769242,0.003875968992248,2.0,0.5,0.6315789473684216
28_model_ensemble_JIW,cnn&mcd,cnn&mcd,ensemble,group_kfold_seg,3,2.0,3.0,0.0,0.0,98.0,98,3.0,1.0,1.0,1.0,0.0,1.0,0.75,0.8571428571428571
28_model_ensemble_JIW,cnn&mcd,cnn&mcd,ensemble,group_kfold_seg,4,2.0,3.0,0.3333333333333332,0.0,91.66666666666667,92,3.0,0.9000000000000001,1.0,0.9473684210526316,0.0036231884057971,1.0,0.75,0.8181818181818182
28_model_ensemble_JIW,cnn&mcd,cnn&mcd,ensemble,time_block,1,2.0,13.0,0.0,0.0,85.0,85,13.0,1.0,1.0,1.0,0.0,8.0,0.6190476190476191,0.7647058823529411
28_model_ensemble_JIW,cnn&mcd,cnn&mcd,ensemble,time_block,2,2.0,13.0,0.0,0.0,87.0,87,13.0,1.0,1.0,1.0,0.0,8.0,0.6190476190476191,0.7647058823529411
28_model_ensemble_JIW,cnn&mcd,cnn&mcd,ensemble,time_block,3,2.0,13.0,0.3333333333333276,0.0,90.66666666666667,91,13.0,0.9750000000000004,1.0,0.9873417721518989,0.0036630036630036,8.0,0.6190476190476191,0.7572815533980584
28_model_ensemble_JIW,cnn&mcd,cnn&mcd,ensemble,time_block,4,2.0,13.0,0.0,0.0,91.0,91,13.0,1.0,1.0,1.0,0.0,8.0,0.6190476190476191,0.7647058823529411
28_model_ensemble_JIW,lstm&mcd,lstm&mcd,ensemble,group_kfold_seg,0,2.0,3.0,0.0,0.0,87.0,87,3.0,1.0,1.0,1.0,0.0,2.0,0.6,0.75
28_model_ensemble_JIW,lstm&mcd,lstm&mcd,ensemble,group_kfold_seg,1,2.0,2.0,0.0,0.0,89.0,89,2.0,1.0,1.0,1.0,0.0,2.0,0.5,0.6666666666666666
28_model_ensemble_JIW,lstm&mcd,lstm&mcd,ensemble,group_kfold_seg,2,2.0,2.0,0.0,0.0,86.0,86,2.0,1.0,1.0,1.0,0.0,2.0,0.5,0.6666666666666666
28_model_ensemble_JIW,lstm&mcd,lstm&mcd,ensemble,group_kfold_seg,3,2.0,3.0,0.0,0.0,98.0,98,3.0,1.0,1.0,1.0,0.0,1.0,0.75,0.8571428571428571
28_model_ensemble_JIW,lstm&mcd,lstm&mcd,ensemble,group_kfold_seg,4,2.0,3.0,0.3333333333333332,0.0,91.66666666666667,92,3.0,0.9000000000000001,1.0,0.9473684210526316,0.0036231884057971,1.0,0.75,0.8181818181818182
28_model_ensemble_JIW,lstm&mcd,lstm&mcd,ensemble,time_block,1,2.0,13.0,0.0,0.0,85.0,85,13.0,1.0,1.0,1.0,0.0,8.0,0.6190476190476191,0.7647058823529411
28_model_ensemble_JIW,lstm&mcd,lstm&mcd,ensemble,time_block,2,2.0,13.0,0.0,0.0,87.0,87,13.0,1.0,1.0,1.0,0.0,8.0,0.6190476190476191,0.7647058823529411
28_model_ensemble_JIW,lstm&mcd,lstm&mcd,ensemble,time_block,3,2.0,13.0,0.0,0.0,91.0,91,13.0,1.0,1.0,1.0,0.0,8.0,0.6190476190476191,0.7647058823529411
28_model_ensemble_JIW,lstm&mcd,lstm&mcd,ensemble,time_block,4,2.0,13.0,0.0,0.0,91.0,91,13.0,1.0,1.0,1.0,0.0,8.0,0.6190476190476191,0.7647058823529411
28_model_ensemble_JIW,gat&mcd,gat&mcd,ensemble,group_kfold_seg,0,2.0,3.0,0.0,0.0,87.0,87,3.0,1.0,1.0,1.0,0.0,2.0,0.6,0.75
28_model_ensemble_JIW,gat&mcd,gat&mcd,ensemble,group_kfold_seg,1,2.0,2.0,0.0,0.0,89.0,89,2.0,1.0,1.0,1.0,0.0,2.0,0.5,0.6666666666666666
28_model_ensemble_JIW,gat&mcd,gat&mcd,ensemble,group_kfold_seg,2,2.0,2.0,0.0,0.0,86.0,86,2.0,1.0,1.0,1.0,0.0,2.0,0.5,0.6666666666666666
28_model_ensemble_JIW,gat&mcd,gat&mcd,ensemble,group_kfold_seg,3,2.0,3.0,0.0,0.0,98.0,98,3.0,1.0,1.0,1.0,0.0,1.0,0.75,0.8571428571428571
28_model_ensemble_JIW,gat&mcd,gat&mcd,ensemble,group_kfold_seg,4,2.0,3.0,0.0,0.0,92.0,92,3.0,1.0,1.0,1.0,0.0,1.0,0.75,0.8571428571428571
28_model_ensemble_JIW,gat&mcd,gat&mcd,ensemble,time_block,1,2.0,13.0,0.0,0.0,85.0,85,13.0,1.0,1.0,1.0,0.0,8.0,0.6190476190476191,0.7647058823529411
28_model_ensemble_JIW,gat&mcd,gat&mcd,ensemble,time_block,2,2.0,13.0,0.0,0.0,87.0,87,13.0,1.0,1.0,1.0,0.0,8.0,0.6190476190476191,0.7647058823529411
28_model_ensemble_JIW,gat&mcd,gat&mcd,ensemble,time_block,3,2.0,13.0,0.0,0.0,91.0,91,13.0,1.0,1.0,1.0,0.0,8.0,0.6190476190476191,0.7647058823529411
28_model_ensemble_JIW,gat&mcd,gat&mcd,ensemble,time_block,4,2.0,13.0,0.0,0.0,91.0,91,13.0,1.0,1.0,1.0,0.0,8.0,0.6190476190476191,0.7647058823529411
28_model_ensemble_JIW,cnn&lstm,cnn&lstm,ensemble,group_kfold_seg,0,2.0,3.0,5.999999999999999,0.0,81.0,87,3.0,0.3333333333333333,1.0,0.5,0.0689655172413793,2.0,0.6,0.42857142857142855
28_model_ensemble_JIW,cnn&lstm,cnn&lstm,ensemble,group_kfold_seg,1,2.0,2.0,1.9999999999999956,0.0,87.0,89,2.0,0.5000000000000006,1.0,0.6666666666666672,0.0224719101123595,2.0,0.5,0.5000000000000003
28_model_ensemble_JIW,cnn&lstm,cnn&lstm,ensemble,group_kfold_seg,2,2.0,2.0,0.0,0.0,86.0,86,2.0,1.0,1.0,1.0,0.0,2.0,0.5,0.6666666666666666
28_model_ensemble_JIW,cnn&lstm,cnn&lstm,ensemble,group_kfold_seg,3,2.0,3.0,0.999999999999994,0.0,97.0,98,3.0,0.7500000000000012,1.0,0.8571428571428579,0.010204081632653,1.0,0.75,0.7500000000000006
28_model_ensemble_JIW,cnn&lstm,cnn&lstm,ensemble,group_kfold_seg,4,2.0,3.0,0.3333333333333332,0.0,91.66666666666667,92,3.0,0.9000000000000001,1.0,0.9473684210526316,0.0036231884057971,1.0,0.75,0.8181818181818182
28_model_ensemble_JIW,cnn&lstm,cnn&lstm,ensemble,time_block,1,2.0,13.0,0.9999999999999964,0.0,84.0,85,13.0,0.9285714285714288,1.0,0.9629629629629631,0.0117647058823529,8.0,0.6190476190476191,0.7428571428571429
28_model_ensemble_JIW,cnn&lstm,cnn&lstm,ensemble,time_block,2,2.0,13.0,0.0,0.0,87.0,87,13.0,1.0,1.0,1.0,0.0,8.0,0.6190476190476191,0.7647058823529411
28_model_ensemble_JIW,cnn&lstm,cnn&lstm,ensemble,time_block,3,2.0,13.0,1.999999999999993,0.0,89.0,91,13.0,0.866666666666667,1.0,0.9285714285714288,0.0219780219780219,8.0,0.6190476190476191,0.7222222222222223
28_model_ensemble_JIW,cnn&lstm,cnn&lstm,ensemble,time_block,4,2.0,13.0,0.9999999999999919,0.0,90.00000000000001,91,13.0,0.9285714285714292,1.0,0.9629629629629632,0.0109890109890109,8.0,0.6190476190476191,0.742857142857143
28_model_ensemble_JIW,cnn|mcd,cnn|mcd,ensemble,group_kfold_seg,0,2.0,3.0,8.999999999999995,0.0,78.0,87,3.0,0.2500000000000001,1.0,0.40000000000000013,0.10344827586206891,2.0,0.6,0.35294117647058837
28_model_ensemble_JIW,cnn|mcd,cnn|mcd,ensemble,group_kfold_seg,1,2.0,2.0,6.999999999999997,0.0,82.0,89,2.0,0.22222222222222232,1.0,0.36363636363636376,0.0786516853932584,2.0,0.5,0.30769230769230776
28_model_ensemble_JIW,cnn|mcd,cnn|mcd,ensemble,group_kfold_seg,2,2.0,2.0,3.9999999999999964,0.0,82.0,86,2.0,0.33333333333333354,1.0,0.5000000000000002,0.0465116279069767,2.0,0.5,0.40000000000000013
28_model_ensemble_JIW,cnn|mcd,cnn|mcd,ensemble,group_kfold_seg,3,2.0,3.0,3.666666666666661,0.0,94.33333333333334,98,3.0,0.4500000000000004,1.0,0.6206896551724141,0.0374149659863945,1.0,0.75,0.5625000000000003
28_model_ensemble_JIW,cnn|mcd,cnn|mcd,ensemble,group_kfold_seg,4,2.0,3.0,4.999999999999998,0.0,87.0,92,3.0,0.3750000000000001,1.0,0.5454545454545455,0.0543478260869565,1.0,0.75,0.5000000000000001
28_model_ensemble_JIW,cnn|mcd,cnn|mcd,ensemble,time_block,1,2.0,13.0,2.666666666666663,0.0,82.33333333333334,85,13.0,0.8297872340425534,1.0,0.9069767441860466,0.0313725490196078,8.0,0.6190476190476191,0.7090909090909091
28_model_ensemble_JIW,cnn|mcd,cnn|mcd,ensemble,time_block,2,2.0,13.0,2.3333333333333326,0.0,84.66666666666667,87,13.0,0.8478260869565218,1.0,0.9176470588235295,0.0268199233716475,8.0,0.6190476190476191,0.7155963302752294
28_model_ensemble_JIW,cnn|mcd,cnn|mcd,ensemble,time_block,3,2.0,13.0,4.9999999999999964,0.0,86.0,91,13.0,0.7222222222222223,1.0,0.838709677419355,0.05494505494505491,8.0,0.6190476190476191,0.6666666666666666
28_model_ensemble_JIW,cnn|mcd,cnn|mcd,ensemble,time_block,4,2.0,13.0,6.999999999999998,0.0,84.0,91,13.0,0.65,1.0,0.7878787878787878,0.0769230769230769,8.0,0.6190476190476191,0.6341463414634146
28_model_ensemble_JIW,lstm|mcd,lstm|mcd,ensemble,group_kfold_seg,0,2.0,3.0,8.666666666666659,0.0,78.33333333333334,87,3.0,0.25714285714285734,1.0,0.4090909090909093,0.0996168582375478,2.0,0.6,0.3600000000000002
28_model_ensemble_JIW,lstm|mcd,lstm|mcd,ensemble,group_kfold_seg,1,2.0,2.0,6.999999999999997,0.0,82.0,89,2.0,0.22222222222222232,1.0,0.36363636363636376,0.0786516853932584,2.0,0.5,0.30769230769230776
28_model_ensemble_JIW,lstm|mcd,lstm|mcd,ensemble,group_kfold_seg,2,2.0,2.0,3.9999999999999964,0.0,82.0,86,2.0,0.33333333333333354,1.0,0.5000000000000002,0.0465116279069767,2.0,0.5,0.40000000000000013
28_model_ensemble_JIW,lstm|mcd,lstm|mcd,ensemble,group_kfold_seg,3,2.0,3.0,3.333333333333326,0.0,94.66666666666667,98,3.0,0.4736842105263163,1.0,0.6428571428571435,0.0340136054421768,1.0,0.75,0.5806451612903231
28_model_ensemble_JIW,lstm|mcd,lstm|mcd,ensemble,group_kfold_seg,4,2.0,3.0,4.999999999999998,0.0,87.0,92,3.0,0.3750000000000001,1.0,0.5454545454545455,0.0543478260869565,1.0,0.75,0.5000000000000001
28_model_ensemble_JIW,lstm|mcd,lstm|mcd,ensemble,time_block,1,2.0,13.0,1.999999999999993,0.0,83.0,85,13.0,0.866666666666667,1.0,0.9285714285714288,0.0235294117647058,8.0,0.6190476190476191,0.7222222222222223
28_model_ensemble_JIW,lstm|mcd,lstm|mcd,ensemble,time_block,2,2.0,13.0,1.3333333333333255,0.0,85.66666666666667,87,13.0,0.906976744186047,1.0,0.9512195121951222,0.0153256704980842,8.0,0.6190476190476191,0.7358490566037736
28_model_ensemble_JIW,lstm|mcd,lstm|mcd,ensemble,time_block,3,2.0,13.0,6.666666666666661,0.0,84.33333333333334,91,13.0,0.6610169491525426,1.0,0.795918367346939,0.0732600732600732,8.0,0.6190476190476191,0.6393442622950821
28_model_ensemble_JIW,lstm|mcd,lstm|mcd,ensemble,time_block,4,2.0,13.0,6.999999999999998,0.0,84.0,91,13.0,0.65,1.0,0.7878787878787878,0.0769230769230769,8.0,0.6190476190476191,0.6341463414634146
28_model_ensemble_JIW,gat|mcd,gat|mcd,ensemble,group_kfold_seg,0,2.0,3.0,6.999999999999997,0.0,80.0,87,3.0,0.3000000000000001,1.0,0.4615384615384617,0.0804597701149425,2.0,0.6,0.4000000000000001
28_model_ensemble_JIW,gat|mcd,gat|mcd,ensemble,group_kfold_seg,1,2.0,2.0,7.333333333333329,0.0,81.66666666666667,89,2.0,0.21428571428571438,1.0,0.35294117647058837,0.0823970037453183,2.0,0.5,0.3000000000000001
28_model_ensemble_JIW,gat|mcd,gat|mcd,ensemble,group_kfold_seg,2,2.0,2.0,3.9999999999999964,0.0,82.0,86,2.0,0.33333333333333354,1.0,0.5000000000000002,0.0465116279069767,2.0,0.5,0.40000000000000013
28_model_ensemble_JIW,gat|mcd,gat|mcd,ensemble,group_kfold_seg,3,2.0,3.0,3.666666666666661,0.0,94.33333333333334,98,3.0,0.4500000000000004,1.0,0.6206896551724141,0.0374149659863945,1.0,0.75,0.5625000000000003
28_model_ensemble_JIW,gat|mcd,gat|mcd,ensemble,group_kfold_seg,4,2.0,3.0,4.999999999999998,0.0,87.0,92,3.0,0.3750000000000001,1.0,0.5454545454545455,0.0543478260869565,1.0,0.75,0.5000000000000001
28_model_ensemble_JIW,gat|mcd,gat|mcd,ensemble,time_block,1,2.0,13.0,2.333333333333328,0.0,82.66666666666667,85,13.0,0.847826086956522,1.0,0.9176470588235296,0.027450980392156803,8.0,0.6190476190476191,0.7155963302752294
28_model_ensemble_JIW,gat|mcd,gat|mcd,ensemble,time_block,2,2.0,13.0,3.666666666666667,0.0,83.33333333333333,87,13.0,0.7799999999999999,1.0,0.8764044943820224,0.0421455938697318,8.0,0.6190476190476191,0.6902654867256637
28_model_ensemble_JIW,gat|mcd,gat|mcd,ensemble,time_block,3,2.0,13.0,6.999999999999998,0.0,84.0,91,13.0,0.65,1.0,0.7878787878787878,0.0769230769230769,8.0,0.6190476190476191,0.6341463414634146
28_model_ensemble_JIW,gat|mcd,gat|mcd,ensemble,time_block,4,2.0,13.0,6.999999999999998,0.0,84.0,91,13.0,0.65,1.0,0.7878787878787878,0.0769230769230769,8.0,0.6190476190476191,0.6341463414634146
28_model_ensemble_JIW,cnn [상태별],cnn [상태별],ensemble,group_kfold_seg,0,2.0,3.0,6.333333333333327,0.0,80.66666666666667,87,3.0,0.3214285714285717,1.0,0.48648648648648674,0.0727969348659003,2.0,0.6,0.4186046511627909
28_model_ensemble_JIW,cnn [상태별],cnn [상태별],ensemble,group_kfold_seg,1,2.0,2.0,3.3333333333333286,0.0,85.66666666666667,89,2.0,0.37500000000000033,1.0,0.5454545454545459,0.0374531835205992,2.0,0.5,0.42857142857142877
28_model_ensemble_JIW,cnn [상태별],cnn [상태별],ensemble,group_kfold_seg,2,2.0,2.0,0.0,0.0,86.0,86,2.0,1.0,1.0,1.0,0.0,2.0,0.5,0.6666666666666666
28_model_ensemble_JIW,cnn [상태별],cnn [상태별],ensemble,group_kfold_seg,3,2.0,3.0,0.6666666666666594,0.0,97.33333333333334,98,3.0,0.8181818181818198,1.0,0.900000000000001,0.0068027210884353,1.0,0.75,0.7826086956521747
28_model_ensemble_JIW,cnn [상태별],cnn [상태별],ensemble,group_kfold_seg,4,2.0,3.0,0.9999999999999997,0.0,91.0,92,3.0,0.7500000000000001,1.0,0.8571428571428571,0.0108695652173913,1.0,0.75,0.75
28_model_ensemble_JIW,cnn [상태별],cnn [상태별],ensemble,time_block,1,2.0,13.0,3.6666666666666594,0.0,81.33333333333334,85,13.0,0.7800000000000002,1.0,0.8764044943820226,0.0431372549019607,8.0,0.6190476190476191,0.6902654867256639
28_model_ensemble_JIW,cnn [상태별],cnn [상태별],ensemble,time_block,2,2.0,13.0,2.3333333333333326,0.0,84.66666666666667,87,13.0,0.8478260869565218,1.0,0.9176470588235295,0.0268199233716475,8.0,0.6190476190476191,0.7155963302752294
28_model_ensemble_JIW,cnn [상태별],cnn [상태별],ensemble,time_block,3,2.0,13.0,2.3333333333333295,0.0,88.66666666666667,91,13.0,0.847826086956522,1.0,0.9176470588235296,0.0256410256410256,8.0,0.6190476190476191,0.7155963302752294
28_model_ensemble_JIW,cnn [상태별],cnn [상태별],ensemble,time_block,4,2.0,13.0,0.9999999999999919,0.0,90.00000000000001,91,13.0,0.9285714285714292,1.0,0.9629629629629632,0.0109890109890109,8.0,0.6190476190476191,0.742857142857143
28_model_ensemble_JIW,mcd [상태별],mcd [상태별],ensemble,group_kfold_seg,0,2.0,3.0,0.9999999999999983,0.0,86.0,87,3.0,0.7500000000000003,1.0,0.8571428571428573,0.0114942528735632,2.0,0.6,0.6666666666666669
28_model_ensemble_JIW,mcd [상태별],mcd [상태별],ensemble,group_kfold_seg,1,2.0,2.0,8.0,0.0,81.0,89,2.0,0.2,1.0,0.3333333333333333,0.0898876404494382,2.0,0.5,0.2857142857142857
28_model_ensemble_JIW,mcd [상태별],mcd [상태별],ensemble,group_kfold_seg,2,2.0,2.0,1.9999999999999938,0.0,84.0,86,2.0,0.5000000000000008,1.0,0.6666666666666674,0.0232558139534883,2.0,0.5,0.5000000000000004
28_model_ensemble_JIW,mcd [상태별],mcd [상태별],ensemble,group_kfold_seg,3,2.0,3.0,3.9999999999999956,0.0,94.0,98,3.0,0.4285714285714288,1.0,0.6000000000000002,0.0408163265306122,1.0,0.75,0.5454545454545456
28_model_ensemble_JIW,mcd [상태별],mcd [상태별],ensemble,group_kfold_seg,4,2.0,3.0,2.9999999999999987,0.0,89.0,92,3.0,0.5000000000000001,1.0,0.6666666666666669,0.0326086956521739,1.0,0.75,0.6000000000000001
28_model_ensemble_JIW,mcd [상태별],mcd [상태별],ensemble,time_block,1,2.0,13.0,6.999999999999993,0.0,78.0,85,13.0,0.6500000000000002,1.0,0.7878787878787881,0.0823529411764705,8.0,0.6190476190476191,0.6341463414634148
28_model_ensemble_JIW,mcd [상태별],mcd [상태별],ensemble,time_block,2,2.0,13.0,2.999999999999995,0.0,84.0,87,13.0,0.8125000000000002,1.0,0.8965517241379312,0.0344827586206896,8.0,0.6190476190476191,0.7027027027027027
28_model_ensemble_JIW,mcd [상태별],mcd [상태별],ensemble,time_block,3,2.0,13.0,1.999999999999993,0.0,89.0,91,13.0,0.866666666666667,1.0,0.9285714285714288,0.0219780219780219,8.0,0.6190476190476191,0.7222222222222223
28_model_ensemble_JIW,mcd [상태별],mcd [상태별],ensemble,time_block,4,2.0,13.0,4.9999999999999964,0.0,86.0,91,13.0,0.7222222222222223,1.0,0.838709677419355,0.05494505494505491,8.0,0.6190476190476191,0.6666666666666666
28_model_ensemble_JIW,cnn&mcd [상태별],cnn&mcd [상태별],ensemble,group_kfold_seg,0,2.0,3.0,0.9999999999999983,0.0,86.0,87,3.0,0.7500000000000003,1.0,0.8571428571428573,0.0114942528735632,2.0,0.6,0.6666666666666669
28_model_ensemble_JIW,cnn&mcd [상태별],cnn&mcd [상태별],ensemble,group_kfold_seg,1,2.0,2.0,2.333333333333327,0.0,86.66666666666667,89,2.0,0.46153846153846223,1.0,0.6315789473684217,0.0262172284644194,2.0,0.5,0.48000000000000037
28_model_ensemble_JIW,cnn&mcd [상태별],cnn&mcd [상태별],ensemble,group_kfold_seg,2,2.0,2.0,0.0,0.0,86.0,86,2.0,1.0,1.0,1.0,0.0,2.0,0.5,0.6666666666666666
28_model_ensemble_JIW,cnn&mcd [상태별],cnn&mcd [상태별],ensemble,group_kfold_seg,3,2.0,3.0,0.0,0.0,98.0,98,3.0,1.0,1.0,1.0,0.0,1.0,0.75,0.8571428571428571
28_model_ensemble_JIW,cnn&mcd [상태별],cnn&mcd [상태별],ensemble,group_kfold_seg,4,2.0,3.0,0.0,0.0,92.0,92,3.0,1.0,1.0,1.0,0.0,1.0,0.75,0.8571428571428571
28_model_ensemble_JIW,cnn&mcd [상태별],cnn&mcd [상태별],ensemble,time_block,1,2.0,13.0,0.9999999999999964,0.0,84.0,85,13.0,0.9285714285714288,1.0,0.9629629629629631,0.0117647058823529,8.0,0.6190476190476191,0.7428571428571429
28_model_ensemble_JIW,cnn&mcd [상태별],cnn&mcd [상태별],ensemble,time_block,2,2.0,13.0,0.33333333333332704,0.0,86.66666666666667,87,13.0,0.9750000000000004,1.0,0.9873417721518989,0.0038314176245210006,8.0,0.6190476190476191,0.7572815533980584
28_model_ensemble_JIW,cnn&mcd [상태별],cnn&mcd [상태별],ensemble,time_block,3,2.0,13.0,0.3333333333333276,0.0,90.66666666666667,91,13.0,0.9750000000000004,1.0,0.9873417721518989,0.0036630036630036,8.0,0.6190476190476191,0.7572815533980584
28_model_ensemble_JIW,cnn&mcd [상태별],cnn&mcd [상태별],ensemble,time_block,4,2.0,13.0,0.0,0.0,91.0,91,13.0,1.0,1.0,1.0,0.0,8.0,0.6190476190476191,0.7647058823529411
28_model_ensemble_JIW,cnn|mcd [상태별],cnn|mcd [상태별],ensemble,group_kfold_seg,0,2.0,3.0,6.333333333333327,0.0,80.66666666666667,87,3.0,0.3214285714285717,1.0,0.48648648648648674,0.0727969348659003,2.0,0.6,0.4186046511627909
28_model_ensemble_JIW,cnn|mcd [상태별],cnn|mcd [상태별],ensemble,group_kfold_seg,1,2.0,2.0,8.999999999999993,0.0,80.0,89,2.0,0.18181818181818193,1.0,0.3076923076923079,0.10112359550561789,2.0,0.5,0.2666666666666668
28_model_ensemble_JIW,cnn|mcd [상태별],cnn|mcd [상태별],ensemble,group_kfold_seg,2,2.0,2.0,1.9999999999999938,0.0,84.0,86,2.0,0.5000000000000008,1.0,0.6666666666666674,0.0232558139534883,2.0,0.5,0.5000000000000004
28_model_ensemble_JIW,cnn|mcd [상태별],cnn|mcd [상태별],ensemble,group_kfold_seg,3,2.0,3.0,4.666666666666665,0.0,93.33333333333333,98,3.0,0.39130434782608703,1.0,0.5625000000000001,0.0476190476190476,1.0,0.75,0.5142857142857143
28_model_ensemble_JIW,cnn|mcd [상태별],cnn|mcd [상태별],ensemble,group_kfold_seg,4,2.0,3.0,3.9999999999999987,0.0,88.0,92,3.0,0.42857142857142866,1.0,0.6000000000000001,0.0434782608695652,1.0,0.75,0.5454545454545455
28_model_ensemble_JIW,cnn|mcd [상태별],cnn|mcd [상태별],ensemble,time_block,1,2.0,13.0,9.666666666666664,0.0,75.33333333333334,85,13.0,0.573529411764706,1.0,0.7289719626168225,0.1137254901960784,8.0,0.6190476190476191,0.5954198473282443
28_model_ensemble_JIW,cnn|mcd [상태별],cnn|mcd [상태별],ensemble,time_block,2,2.0,13.0,5.000000000000001,0.0,82.0,87,13.0,0.7222222222222222,1.0,0.8387096774193549,0.057471264367816105,8.0,0.6190476190476191,0.6666666666666666
28_model_ensemble_JIW,cnn|mcd [상태별],cnn|mcd [상태별],ensemble,time_block,3,2.0,13.0,3.9999999999999947,0.0,87.0,91,13.0,0.7647058823529415,1.0,0.8666666666666669,0.0439560439560439,8.0,0.6190476190476191,0.6842105263157896
28_model_ensemble_JIW,cnn|mcd [상태별],cnn|mcd [상태별],ensemble,time_block,4,2.0,13.0,5.9999999999999964,0.0,85.0,91,13.0,0.6842105263157896,1.0,0.8125000000000001,0.0659340659340659,8.0,0.6190476190476191,0.65
28_model_ensemble_JIW,cnn|mcd [2/3],cnn|mcd [2/3],ensemble,group_kfold_seg,0,2.0,3.0,5.000000000000001,0.0,82.0,87,3.0,0.375,1.0,0.5454545454545454,0.057471264367816105,2.0,0.6,0.46153846153846156
28_model_ensemble_JIW,cnn|mcd [2/3],cnn|mcd [2/3],ensemble,group_kfold_seg,1,2.0,2.0,4.0,0.0,85.0,89,2.0,0.3333333333333333,1.0,0.5,0.0449438202247191,2.0,0.5,0.4
28_model_ensemble_JIW,cnn|mcd [2/3],cnn|mcd [2/3],ensemble,group_kfold_seg,2,2.0,2.0,0.0,0.0,86.0,86,2.0,1.0,1.0,1.0,0.0,2.0,0.5,0.6666666666666666
28_model_ensemble_JIW,cnn|mcd [2/3],cnn|mcd [2/3],ensemble,group_kfold_seg,3,2.0,3.0,2.3333333333333326,0.0,95.66666666666667,98,3.0,0.5625000000000001,1.0,0.7200000000000001,0.0238095238095238,1.0,0.75,0.6428571428571429
28_model_ensemble_JIW,cnn|mcd [2/3],cnn|mcd [2/3],ensemble,group_kfold_seg,4,2.0,2.0,0.9999999999999997,1.0,91.0,92,3.0,0.6666666666666667,0.6666666666666666,0.6666666666666666,0.0108695652173913,2.0,0.5,0.5714285714285714
28_model_ensemble_JIW,cnn|mcd [2/3],cnn|mcd [2/3],ensemble,time_block,1,2.0,12.0,0.9999999999999964,1.0,84.0,85,13.0,0.9230769230769234,0.9230769230769231,0.9230769230769232,0.0117647058823529,9.0,0.5714285714285714,0.7058823529411765
28_model_ensemble_JIW,cnn|mcd [2/3],cnn|mcd [2/3],ensemble,time_block,2,2.0,12.0,1.3333333333333255,1.0,85.66666666666667,87,13.0,0.9000000000000006,0.9230769230769231,0.9113924050632914,0.0153256704980842,9.0,0.5714285714285714,0.6990291262135924
28_model_ensemble_JIW,cnn|mcd [2/3],cnn|mcd [2/3],ensemble,time_block,3,2.0,12.0,1.999999999999993,1.0,89.0,91,13.0,0.8571428571428575,0.9230769230769231,0.8888888888888892,0.0219780219780219,9.0,0.5714285714285714,0.6857142857142858
28_model_ensemble_JIW,cnn|mcd [2/3],cnn|mcd [2/3],ensemble,time_block,4,2.0,12.0,2.999999999999994,1.0,88.0,91,13.0,0.8000000000000004,0.9230769230769231,0.8571428571428573,0.0329670329670329,9.0,0.5714285714285714,0.6666666666666669
28_model_ensemble_JIW,cnn|mcd [3/5],cnn|mcd [3/5],ensemble,group_kfold_seg,0,2.0,3.0,3.333333333333331,0.0,83.66666666666667,87,3.0,0.473684210526316,1.0,0.642857142857143,0.0383141762452107,2.0,0.6,0.5294117647058825
28_model_ensemble_JIW,cnn|mcd [3/5],cnn|mcd [3/5],ensemble,group_kfold_seg,1,2.0,2.0,2.9999999999999973,0.0,86.0,89,2.0,0.4000000000000002,1.0,0.5714285714285716,0.0337078651685393,2.0,0.5,0.44444444444444464
28_model_ensemble_JIW,cnn|mcd [3/5],cnn|mcd [3/5],ensemble,group_kfold_seg,2,2.0,1.0,0.0,1.0,86.0,86,2.0,1.0,0.5,0.6666666666666666,0.0,3.0,0.25,0.4
28_model_ensemble_JIW,cnn|mcd [3/5],cnn|mcd [3/5],ensemble,group_kfold_seg,3,2.0,2.0,0.6666666666666594,1.0,97.33333333333334,98,3.0,0.750000000000002,0.6666666666666666,0.7058823529411774,0.0068027210884353,2.0,0.5,0.6000000000000006
28_model_ensemble_JIW,cnn|mcd [3/5],cnn|mcd [3/5],ensemble,group_kfold_seg,4,2.0,2.0,0.9999999999999997,1.0,91.0,92,3.0,0.6666666666666667,0.6666666666666666,0.6666666666666666,0.0108695652173913,2.0,0.5,0.5714285714285714
28_model_ensemble_JIW,cnn|mcd [3/5],cnn|mcd [3/5],ensemble,time_block,1,2.0,10.0,0.9999999999999964,3.0,84.0,85,13.0,0.9090909090909094,0.7692307692307693,0.8333333333333335,0.0117647058823529,11.0,0.47619047619047616,0.6250000000000001
28_model_ensemble_JIW,cnn|mcd [3/5],cnn|mcd [3/5],ensemble,time_block,2,2.0,10.0,0.9999999999999983,3.0,86.0,87,13.0,0.9090909090909093,0.7692307692307693,0.8333333333333334,0.0114942528735632,11.0,0.47619047619047616,0.625
28_model_ensemble_JIW,cnn|mcd [3/5],cnn|mcd [3/5],ensemble,time_block,3,2.0,10.0,0.3333333333333276,3.0,90.66666666666667,91,13.0,0.9677419354838716,0.7692307692307693,0.8571428571428573,0.0036630036630036,11.0,0.47619047619047616,0.6382978723404257
28_model_ensemble_JIW,cnn|mcd [3/5],cnn|mcd [3/5],ensemble,time_block,4,2.0,10.0,1.3333333333333286,3.0,89.66666666666667,91,13.0,0.882352941176471,0.7692307692307693,0.8219178082191783,0.0146520146520146,11.0,0.47619047619047616,0.618556701030928
28_model_ensemble_JIW,cnn&mcd [2/3],cnn&mcd [2/3],ensemble,group_kfold_seg,0,2.0,3.0,0.0,0.0,87.0,87,3.0,1.0,1.0,1.0,0.0,2.0,0.6,0.75
28_model_ensemble_JIW,cnn&mcd [2/3],cnn&mcd [2/3],ensemble,group_kfold_seg,1,2.0,2.0,0.0,0.0,89.0,89,2.0,1.0,1.0,1.0,0.0,2.0,0.5,0.6666666666666666
28_model_ensemble_JIW,cnn&mcd [2/3],cnn&mcd [2/3],ensemble,group_kfold_seg,2,2.0,2.0,0.0,0.0,86.0,86,2.0,1.0,1.0,1.0,0.0,2.0,0.5,0.6666666666666666
28_model_ensemble_JIW,cnn&mcd [2/3],cnn&mcd [2/3],ensemble,group_kfold_seg,3,2.0,3.0,0.0,0.0,98.0,98,3.0,1.0,1.0,1.0,0.0,1.0,0.75,0.8571428571428571
28_model_ensemble_JIW,cnn&mcd [2/3],cnn&mcd [2/3],ensemble,group_kfold_seg,4,2.0,2.0,0.0,1.0,92.0,92,3.0,1.0,0.6666666666666666,0.8,0.0,2.0,0.5,0.6666666666666666
28_model_ensemble_JIW,cnn&mcd [2/3],cnn&mcd [2/3],ensemble,time_block,1,2.0,12.0,0.0,1.0,85.0,85,13.0,1.0,0.9230769230769231,0.96,0.0,9.0,0.5714285714285714,0.7272727272727273
28_model_ensemble_JIW,cnn&mcd [2/3],cnn&mcd [2/3],ensemble,time_block,2,2.0,12.0,0.0,1.0,87.0,87,13.0,1.0,0.9230769230769231,0.96,0.0,9.0,0.5714285714285714,0.7272727272727273
28_model_ensemble_JIW,cnn&mcd [2/3],cnn&mcd [2/3],ensemble,time_block,3,2.0,12.0,0.0,1.0,91.0,91,13.0,1.0,0.9230769230769231,0.96,0.0,9.0,0.5714285714285714,0.7272727272727273
28_model_ensemble_JIW,cnn&mcd [2/3],cnn&mcd [2/3],ensemble,time_block,4,2.0,12.0,0.0,1.0,91.0,91,13.0,1.0,0.9230769230769231,0.96,0.0,9.0,0.5714285714285714,0.7272727272727273
28_model_ensemble_JIW,cnn&mcd [3/5],cnn&mcd [3/5],ensemble,group_kfold_seg,0,2.0,3.0,0.0,0.0,87.0,87,3.0,1.0,1.0,1.0,0.0,2.0,0.6,0.75
28_model_ensemble_JIW,cnn&mcd [3/5],cnn&mcd [3/5],ensemble,group_kfold_seg,1,2.0,2.0,0.0,0.0,89.0,89,2.0,1.0,1.0,1.0,0.0,2.0,0.5,0.6666666666666666
28_model_ensemble_JIW,cnn&mcd [3/5],cnn&mcd [3/5],ensemble,group_kfold_seg,2,2.0,1.0,0.0,1.0,86.0,86,2.0,1.0,0.5,0.6666666666666666,0.0,3.0,0.25,0.4
28_model_ensemble_JIW,cnn&mcd [3/5],cnn&mcd [3/5],ensemble,group_kfold_seg,3,2.0,2.0,0.0,1.0,98.0,98,3.0,1.0,0.6666666666666666,0.8,0.0,2.0,0.5,0.6666666666666666
28_model_ensemble_JIW,cnn&mcd [3/5],cnn&mcd [3/5],ensemble,group_kfold_seg,4,2.0,2.0,0.0,1.0,92.0,92,3.0,1.0,0.6666666666666666,0.8,0.0,2.0,0.5,0.6666666666666666
28_model_ensemble_JIW,cnn&mcd [3/5],cnn&mcd [3/5],ensemble,time_block,1,2.0,10.0,0.0,3.0,85.0,85,13.0,1.0,0.7692307692307693,0.8695652173913043,0.0,11.0,0.47619047619047616,0.6451612903225806
28_model_ensemble_JIW,cnn&mcd [3/5],cnn&mcd [3/5],ensemble,time_block,2,2.0,10.0,0.0,3.0,87.0,87,13.0,1.0,0.7692307692307693,0.8695652173913043,0.0,11.0,0.47619047619047616,0.6451612903225806
28_model_ensemble_JIW,cnn&mcd [3/5],cnn&mcd [3/5],ensemble,time_block,3,2.0,10.0,0.0,3.0,91.0,91,13.0,1.0,0.7692307692307693,0.8695652173913043,0.0,11.0,0.47619047619047616,0.6451612903225806
28_model_ensemble_JIW,cnn&mcd [3/5],cnn&mcd [3/5],ensemble,time_block,4,2.0,10.0,0.0,3.0,91.0,91,13.0,1.0,0.7692307692307693,0.8695652173913043,0.0,11.0,0.47619047619047616,0.6451612903225806
