split,fold,seed,auc,fpr_sample,fpr_segment,fpr_high_load,fpr_low_load,delay_median_s,n_out_seg,n_detected,recall_window,inj_mean,inj_amplitude,inj_antiphase,inj_current,inj_spike,inj_sev0.25,inj_sev0.5,inj_sev1,inj_sev2,inj_sev4,inj_sev8,model,rule,mode,k,n,win_s
group_kfold_seg,0,0,1.0,0.04185022026431718,0.08045977011494253,0.0861244019138756,0.004081632653061225,1.9,3,3,1.0,0.5587371512481645,0.5036710719530103,0.4765051395007342,0.6376651982378855,0.6171071953010279,0.045704845814977975,0.08094713656387666,0.42400881057268724,0.8370044052863436,0.9807268722466961,0.9840308370044053,cnn,cnn,global,1,1,2.0
group_kfold_seg,0,1,1.0,0.039647577092511016,0.08045977011494253,0.08133971291866028,0.004081632653061225,1.9,3,3,1.0,0.5444199706314243,0.4842143906020558,0.46512481644640236,0.6196769456681351,0.6086637298091042,0.04460352422907489,0.07158590308370044,0.3898678414096916,0.7973568281938326,0.9790748898678414,0.9840308370044053,cnn,cnn,global,1,1,2.0
group_kfold_seg,0,2,1.0,0.039647577092511016,0.08045977011494253,0.08133971291866028,0.004081632653061225,1.9,3,3,1.0,0.5465308370044053,0.4974302496328928,0.45961820851688695,0.618575624082232,0.6104992657856094,0.04405286343612335,0.07268722466960352,0.3909691629955947,0.8061674008810573,0.9812775330396476,0.9840308370044053,cnn,cnn,global,1,1,2.0
group_kfold_seg,1,0,1.0,0.02207505518763797,0.033707865168539325,0.047619047619047616,0.0,1.9,2,2,1.0,0.5408388520971302,0.47645327446651947,0.45327446651949965,0.6298749080206034,0.6037527593818984,0.025386313465783666,0.0706401766004415,0.4105960264900662,0.7792494481236203,0.9784768211920529,0.9806843267108167,cnn,cnn,global,1,1,2.0
group_kfold_seg,1,1,1.0,0.024282560706401765,0.033707865168539325,0.05238095238095238,0.0,1.9,2,2,1.0,0.5436902133922001,0.48749080206033846,0.459896983075791,0.6239882266372333,0.6033848417954378,0.03090507726269316,0.0706401766004415,0.41004415011037526,0.7958057395143487,0.9740618101545254,0.9806843267108167,cnn,cnn,global,1,1,2.0
group_kfold_seg,1,2,1.0,0.024282560706401765,0.0449438202247191,0.05238095238095238,0.0,1.9,2,2,1.0,0.5470014716703459,0.488962472406181,0.45805739514348787,0.6280353200883002,0.6129506990434143,0.029801324503311258,0.0728476821192053,0.42218543046357615,0.7996688741721855,0.9768211920529801,0.9806843267108167,cnn,cnn,global,1,1,2.0
group_kfold_seg,2,0,1.0,0.0023584905660377358,0.011627906976744186,0.007042253521126761,0.0,1.9,2,2,1.0,0.49783805031446543,0.42177672955974843,0.4080188679245283,0.585691823899371,0.5758647798742138,0.001768867924528302,0.020047169811320754,0.2971698113207547,0.7205188679245284,0.9663915094339622,0.9811320754716981,cnn,cnn,global,1,1,2.0
group_kfold_seg,2,1,1.0,0.0,0.0,0.0,0.0,1.9,2,2,1.0,0.48457154088050314,0.4119496855345912,0.3915094339622642,0.5727201257861635,0.5621069182389937,0.0,0.015919811320754717,0.2623820754716981,0.6922169811320755,0.9563679245283019,0.9805424528301887,cnn,cnn,global,1,1,2.0
group_kfold_seg,2,2,1.0,0.0,0.0,0.0,0.0,1.9,2,2,1.0,0.4829009433962264,0.4158805031446541,0.39190251572327045,0.5573899371069182,0.5664308176100629,0.0,0.015330188679245283,0.24587264150943397,0.6939858490566038,0.9622641509433962,0.9799528301886793,cnn,cnn,global,1,1,2.0
group_kfold_seg,3,0,1.0,0.00631578947368421,0.01020408163265306,0.015228426395939087,0.0,1.9,3,3,1.0,0.49473684210526314,0.4298245614035088,0.4066666666666667,0.5849122807017544,0.5575438596491228,0.01263157894736842,0.03684210526315789,0.28526315789473683,0.6952631578947368,0.9605263157894737,0.9778947368421053,cnn,cnn,global,1,1,2.0
group_kfold_seg,3,1,1.0,0.004210526315789474,0.01020408163265306,0.01015228426395939,0.0,1.9,3,3,1.0,0.48798245614035085,0.42350877192982456,0.4024561403508772,0.5771929824561404,0.5487719298245614,0.007894736842105263,0.026842105263157896,0.27,0.69,0.9552631578947368,0.9778947368421053,cnn,cnn,global,1,1,2.0
group_kfold_seg,3,2,1.0,0.014736842105263158,0.030612244897959183,0.03553299492385787,0.0,1.9,3,3,1.0,0.520438596491228,0.4782456140350877,0.42947368421052634,0.6017543859649123,0.572280701754386,0.017368421052631578,0.04842105263157895,0.33157894736842103,0.7805263157894737,0.966842105263158,0.9778947368421053,cnn,cnn,global,1,1,2.0
group_kfold_seg,4,0,1.0,0.0,0.0,0.0,0.0,1.9,3,3,1.0,0.4894903273809524,0.42038690476190477,0.4025297619047619,0.5837053571428571,0.5513392857142857,0.0,0.020089285714285716,0.2963169642857143,0.6891741071428571,0.9575892857142857,0.9737723214285714,cnn,cnn,global,1,1,2.0
group_kfold_seg,4,1,1.0,0.002232142857142857,0.010869565217391304,0.004366812227074236,0.0,1.9,3,3,1.0,0.5017671130952381,0.44047619047619047,0.4088541666666667,0.5963541666666666,0.5613839285714286,0.005580357142857143,0.03125,0.32310267857142855,0.71875,0.9581473214285714,0.9737723214285714,cnn,cnn,global,1,1,2.0
group_kfold_seg,4,2,1.0,0.0,0.0,0.0,0.0,1.9,3,3,1.0,0.4818638392857143,0.4103422619047619,0.3950892857142857,0.5710565476190477,0.5509672619047619,0.002232142857142857,0.017857142857142856,0.27511160714285715,0.6640625,0.9581473214285714,0.9737723214285714,cnn,cnn,global,1,1,2.0
time_block,1,0,1.0,0.007263922518159807,0.011764705882352941,0.014492753623188406,0.0,1.9,13,13,1.0,0.5048426150121066,0.4576271186440678,0.43341404358353514,0.5641646489104116,0.5641646489104116,0.010290556900726392,0.02784503631961259,0.2838983050847458,0.7572639225181598,0.9721549636803875,0.9776029055690073,cnn,cnn,global,1,1,2.0
time_block,1,1,1.0,0.009685230024213076,0.023529411764705882,0.01932367149758454,0.0,1.9,13,13,1.0,0.4957627118644068,0.43987086359967714,0.41928974979822436,0.5682001614205004,0.5556900726392252,0.009685230024213076,0.024213075060532687,0.26937046004842613,0.7263922518159807,0.9667070217917676,0.9782082324455206,cnn,cnn,global,1,1,2.0
time_block,1,2,1.0,0.009685230024213076,0.023529411764705882,0.01932367149758454,0.0,1.9,13,13,1.0,0.5049435028248588,0.4572235673930589,0.4188861985472155,0.5718321226795803,0.5718321226795803,0.01513317191283293,0.03268765133171913,0.2960048426150121,0.738498789346247,0.9697336561743342,0.9776029055690073,cnn,cnn,global,1,1,2.0
time_block,2,0,1.0,0.011737089201877934,0.022988505747126436,0.024271844660194174,0.0,1.9,13,13,1.0,0.5162363067292645,0.45305164319248825,0.42996870109546165,0.5899843505477308,0.5919405320813772,0.015258215962441314,0.0534037558685446,0.3215962441314554,0.7482394366197183,0.977112676056338,0.9818075117370892,cnn,cnn,global,1,1,2.0
time_block,2,1,1.0,0.007042253521126761,0.011494252873563218,0.014563106796116505,0.0,1.9,13,13,1.0,0.5161384976525821,0.4628325508607199,0.43309859154929575,0.5911580594679187,0.5774647887323944,0.009389671361502348,0.03814553990610329,0.31572769953051644,0.7740610328638498,0.9776995305164319,0.9818075117370892,cnn,cnn,global,1,1,2.0
time_block,2,2,1.0,0.007042253521126761,0.011494252873563218,0.014563106796116505,0.0,1.9,13,13,1.0,0.5156494522691706,0.4643974960876369,0.41901408450704225,0.5942879499217527,0.5848982785602503,0.008802816901408451,0.04460093896713615,0.32335680751173707,0.7570422535211268,0.9782863849765259,0.9818075117370892,cnn,cnn,global,1,1,2.0
time_block,3,0,1.0,0.01152073732718894,0.02197802197802198,0.021929824561403508,0.0,1.9,13,13,1.0,0.5271697388632872,0.4662058371735791,0.4431643625192012,0.609062980030722,0.5902457757296466,0.023617511520737326,0.06278801843317973,0.36002304147465436,0.7661290322580645,0.9735023041474654,0.9769585253456221,cnn,cnn,global,1,1,2.0
time_block,3,1,1.0,0.009216589861751152,0.02197802197802198,0.017543859649122806,0.0,1.9,13,13,1.0,0.5074884792626728,0.434331797235023,0.43202764976958524,0.5883256528417818,0.5752688172043011,0.012672811059907835,0.04550691244239631,0.31336405529953915,0.7263824884792627,0.9700460829493087,0.9769585253456221,cnn,cnn,global,1,1,2.0
time_block,3,2,1.0,0.01152073732718894,0.03296703296703297,0.021929824561403508,0.0,1.9,13,13,1.0,0.5162250384024577,0.46159754224270355,0.43010752688172044,0.5952380952380952,0.5779569892473119,0.016129032258064516,0.04838709677419355,0.3283410138248848,0.7557603686635944,0.9717741935483871,0.9769585253456221,cnn,cnn,global,1,1,2.0
time_block,4,0,1.0,0.00437636761487965,0.01098901098901099,0.0273972602739726,0.0,1.9,13,13,1.0,0.48741794310722103,0.39460247994164843,0.37563822027717,0.6090444930707513,0.5703865791393143,0.006564551422319475,0.023522975929978117,0.3276805251641138,0.6208971553610503,0.9644420131291028,0.9814004376367614,cnn,cnn,global,1,1,2.0
time_block,4,1,1.0,0.00437636761487965,0.01098901098901099,0.0273972602739726,0.0,1.9,13,13,1.0,0.48085339168490154,0.3770970094821298,0.36797957695113054,0.6159737417943107,0.562363238512035,0.007111597374179431,0.021334792122538294,0.3293216630196937,0.5951859956236324,0.9513129102844639,0.9808533916849015,cnn,cnn,global,1,1,2.0
time_block,4,2,1.0,0.006564551422319475,0.01098901098901099,0.0410958904109589,0.0,1.9,13,13,1.0,0.4820386579139314,0.38657913931436905,0.3676148796498906,0.600291757840992,0.5736688548504741,0.007111597374179431,0.022975929978118162,0.3172866520787746,0.6039387308533917,0.9606126914660832,0.9803063457330415,cnn,cnn,global,1,1,2.0
group_kfold_seg,0,0,1.0,0.05066079295154185,0.08045977011494253,0.11004784688995216,0.0,1.9,3,3,1.0,0.5718612334801763,0.5715859030837004,0.4831130690161527,0.6534508076358296,0.579295154185022,0.05892070484581498,0.08535242290748898,0.4669603524229075,0.8623348017621145,0.9757709251101322,0.9818281938325991,lstm,lstm,global,1,1,2.0
group_kfold_seg,0,1,1.0,0.04185022026431718,0.06896551724137931,0.09090909090909091,0.0,1.9,3,3,1.0,0.5297356828193832,0.5499265785609398,0.4592511013215859,0.5543318649045521,0.5554331864904553,0.048458149779735685,0.06222466960352423,0.29129955947136565,0.822136563876652,0.9730176211453745,0.9812775330396476,lstm,lstm,global,1,1,2.0
group_kfold_seg,0,2,1.0,0.048458149779735685,0.08045977011494253,0.10526315789473684,0.0,1.9,3,3,1.0,0.5337738619676946,0.5704845814977973,0.4812775330396476,0.5697503671071953,0.5135829662261381,0.054515418502202644,0.07048458149779736,0.2802863436123348,0.8452643171806168,0.9719162995594713,0.9801762114537445,lstm,lstm,global,1,1,2.0
group_kfold_seg,1,0,1.0,0.011037527593818985,0.02247191011235955,0.023809523809523808,0.0,1.9,2,2,1.0,0.5312729948491538,0.5264900662251656,0.44996320824135394,0.6111111111111112,0.5375275938189845,0.02262693156732892,0.05353200883002208,0.3741721854304636,0.7991169977924945,0.9630242825607064,0.9751655629139073,lstm,lstm,global,1,1,2.0
group_kfold_seg,1,1,1.0,0.017660044150110375,0.0449438202247191,0.0380952380952381,0.0,1.9,2,2,1.0,0.5174760853568801,0.5242825607064018,0.4407652685798381,0.5570272259013981,0.5478292862398823,0.02704194260485651,0.05573951434878587,0.30022075055187636,0.7775938189845475,0.967439293598234,0.9768211920529801,lstm,lstm,global,1,1,2.0
group_kfold_seg,1,2,1.0,0.02207505518763797,0.033707865168539325,0.047619047619047616,0.0,1.9,2,2,1.0,0.4958609271523179,0.5187637969094923,0.43193524650478293,0.5485651214128036,0.4841795437821928,0.02924944812362031,0.048013245033112585,0.22185430463576158,0.7494481236203091,0.9514348785871964,0.9751655629139073,lstm,lstm,global,1,1,2.0
group_kfold_seg,2,0,1.0,0.0,0.0,0.0,0.0,1.9,2,2,1.0,0.4814268867924528,0.45990566037735847,0.38443396226415094,0.5794025157232704,0.5019654088050315,0.0,0.006485849056603774,0.2535377358490566,0.7134433962264151,0.9398584905660378,0.9752358490566038,lstm,lstm,global,1,1,2.0
group_kfold_seg,2,1,1.0,0.0,0.0,0.0,0.0,1.9,2,2,1.0,0.47464622641509435,0.46422955974842767,0.3848270440251572,0.5286949685534591,0.5208333333333334,0.0,0.00589622641509434,0.20224056603773585,0.7169811320754716,0.9457547169811321,0.9770047169811321,lstm,lstm,global,1,1,2.0
group_kfold_seg,2,2,1.0,0.0,0.0,0.0,0.0,1.9,2,2,1.0,0.44722877358490565,0.45754716981132076,0.3789308176100629,0.5255503144654088,0.4268867924528302,0.0,0.001768867924528302,0.10259433962264151,0.6650943396226415,0.9392688679245284,0.9746462264150944,lstm,lstm,global,1,1,2.0
group_kfold_seg,3,0,1.0,0.014736842105263158,0.02040816326530612,0.03553299492385787,0.0,1.9,3,3,1.0,0.5147368421052632,0.5143859649122807,0.42947368421052634,0.6021052631578947,0.5129824561403509,0.017894736842105262,0.034210526315789476,0.3405263157894737,0.7757894736842105,0.9473684210526315,0.9726315789473684,lstm,lstm,global,1,1,2.0
group_kfold_seg,3,1,1.0,0.004210526315789474,0.01020408163265306,0.01015228426395939,0.0,1.9,3,3,1.0,0.4934210526315789,0.503859649122807,0.4182456140350877,0.5371929824561403,0.5143859649122807,0.009473684210526316,0.024736842105263158,0.24210526315789474,0.761578947368421,0.9494736842105264,0.9731578947368421,lstm,lstm,global,1,1,2.0
group_kfold_seg,3,2,1.0,0.00631578947368421,0.01020408163265306,0.015228426395939087,0.0,1.9,3,3,1.0,0.45526315789473687,0.4705263157894737,0.39017543859649123,0.5501754385964912,0.41017543859649125,0.007368421052631579,0.016842105263157894,0.13842105263157894,0.6663157894736842,0.9326315789473684,0.97,lstm,lstm,global,1,1,2.0
group_kfold_seg,4,0,1.0,0.0,0.0,0.0,0.0,1.9,3,3,1.0,0.48195684523809523,0.4720982142857143,0.3865327380952381,0.5758928571428571,0.49330357142857145,0.0005580357142857143,0.006696428571428571,0.26841517857142855,0.7276785714285714,0.9196428571428571,0.96875,lstm,lstm,global,1,1,2.0
group_kfold_seg,4,1,1.0,0.002232142857142857,0.010869565217391304,0.004366812227074236,0.0,1.9,3,3,1.0,0.49069940476190477,0.5037202380952381,0.40513392857142855,0.5405505952380952,0.5133928571428571,0.002232142857142857,0.012276785714285714,0.2544642857142857,0.7561383928571429,0.9475446428571429,0.9715401785714286,lstm,lstm,global,1,1,2.0
group_kfold_seg,4,2,1.0,0.0,0.0,0.0,0.0,1.9,3,3,1.0,0.45219494047619047,0.46688988095238093,0.37276785714285715,0.5174851190476191,0.45163690476190477,0.0,0.002232142857142857,0.140625,0.6891741071428571,0.9140625,0.9670758928571429,lstm,lstm,global,1,1,2.0
time_block,1,0,1.0,0.007263922518159807,0.011764705882352941,0.014492753623188406,0.0,1.9,13,13,1.0,0.43452380952380953,0.49556093623890235,0.37207425343018563,0.510088781275222,0.36037126715092815,0.007263922518159807,0.010895883777239709,0.10048426150121065,0.5847457627118644,0.9388619854721549,0.9648910411622276,lstm,lstm,global,1,1,2.0
time_block,1,1,1.0,0.007263922518159807,0.011764705882352941,0.014492753623188406,0.0,1.9,13,13,1.0,0.4225181598062954,0.4705407586763519,0.35149313962873285,0.5088781275221953,0.3591606133979015,0.007263922518159807,0.007869249394673124,0.08535108958837773,0.5357142857142857,0.9322033898305084,0.9667070217917676,lstm,lstm,global,1,1,2.0
time_block,1,2,1.0,0.007263922518159807,0.011764705882352941,0.014492753623188406,0.0,1.9,13,13,1.0,0.4268563357546408,0.4721549636803874,0.35996771589991927,0.5246166263115416,0.3506860371267151,0.006658595641646489,0.00847457627118644,0.10956416464891042,0.5326876513317191,0.937046004842615,0.9667070217917676,lstm,lstm,global,1,1,2.0
time_block,2,0,1.0,0.0,0.0,0.0,0.0,1.9,13,13,1.0,0.4441510172143975,0.49178403755868544,0.38184663536776214,0.505868544600939,0.39710485133020346,0.002347417840375587,0.011150234741784037,0.09330985915492958,0.6296948356807511,0.9536384976525821,0.9747652582159625,lstm,lstm,global,1,1,2.0
time_block,2,1,1.0,0.002347417840375587,0.011494252873563218,0.0048543689320388345,0.0,1.9,13,13,1.0,0.4666471048513302,0.5305164319248826,0.39906103286384975,0.508998435054773,0.42801251956181535,0.007042253521126761,0.01584507042253521,0.12910798122065728,0.7007042253521126,0.9671361502347418,0.9800469483568075,lstm,lstm,global,1,1,2.0
time_block,2,2,1.0,0.0,0.0,0.0,0.0,1.9,13,13,1.0,0.43984741784037557,0.4816118935837246,0.36502347417840375,0.5336463223787168,0.37910798122065725,0.0005868544600938967,0.009976525821596244,0.12147887323943662,0.57981220657277,0.9512910798122066,0.9759389671361502,lstm,lstm,global,1,1,2.0
time_block,3,0,1.0,0.02534562211981567,0.04395604395604396,0.04824561403508772,0.0,1.9,13,13,1.0,0.5317780337941628,0.5556835637480799,0.45122887864823347,0.5902457757296466,0.5299539170506913,0.03456221198156682,0.06221198156682028,0.3467741935483871,0.815668202764977,0.9608294930875576,0.9706221198156681,lstm,lstm,global,1,1,2.0
time_block,3,1,1.0,0.02304147465437788,0.04395604395604396,0.043859649122807015,0.0,1.9,13,13,1.0,0.5145929339477726,0.5614439324116743,0.43663594470046085,0.533026113671275,0.5272657450076805,0.03168202764976959,0.0576036866359447,0.2701612903225806,0.7972350230414746,0.9608294930875576,0.9700460829493087,lstm,lstm,global,1,1,2.0
time_block,3,2,1.0,0.018433179723502304,0.03296703296703297,0.03508771929824561,0.0,1.9,13,13,1.0,0.507584485407066,0.5552995391705069,0.4362519201228879,0.5925499231950845,0.44623655913978494,0.02880184331797235,0.04723502304147465,0.2707373271889401,0.7678571428571429,0.961405529953917,0.9694700460829493,lstm,lstm,global,1,1,2.0
time_block,4,0,1.0,0.00437636761487965,0.01098901098901099,0.0273972602739726,0.0,1.9,13,13,1.0,0.4659008023340627,0.3924142961342086,0.34463894967177244,0.613420860685631,0.513129102844639,0.005470459518599562,0.010940919037199124,0.29431072210065645,0.5826039387308534,0.9261487964989059,0.975929978118162,lstm,lstm,global,1,1,2.0
time_block,4,1,1.0,0.006564551422319475,0.01098901098901099,0.0410958904109589,0.0,1.9,13,13,1.0,0.4758388037928519,0.4102844638949672,0.3690736688548505,0.5904449307075128,0.5335521517140773,0.008205689277899343,0.018599562363238512,0.2828227571115974,0.6159737417943107,0.949671772428884,0.9797592997811816,lstm,lstm,global,1,1,2.0
time_block,4,2,1.0,0.010940919037199124,0.01098901098901099,0.0684931506849315,0.0,1.9,13,13,1.0,0.4538657913931437,0.4033552151714077,0.3636032093362509,0.5973741794310722,0.4511305616338439,0.010940919037199124,0.01312910284463895,0.21334792122538293,0.5661925601750547,0.9409190371991247,0.9786652078774617,lstm,lstm,global,1,1,2.0
group_kfold_seg,0,0,1.0,0.037444933920704845,0.05747126436781609,0.08133971291866028,0.0,1.9,3,3,1.0,0.5439610866372981,0.5627753303964758,0.45374449339207046,0.6082966226138032,0.5510279001468429,0.0473568281938326,0.06938325991189427,0.3727973568281938,0.8116740088105727,0.9779735682819384,0.9845814977973568,gat,gat,global,1,1,2.0
group_kfold_seg,0,1,1.0,0.037444933920704845,0.05747126436781609,0.08133971291866028,0.0,1.9,3,3,1.0,0.5477239353891337,0.5741556534508077,0.459985315712188,0.6057268722466961,0.5510279001468429,0.04680616740088106,0.07874449339207049,0.3711453744493392,0.8265418502202643,0.9785242290748899,0.9845814977973568,gat,gat,global,1,1,2.0
group_kfold_seg,0,2,1.0,0.03524229074889868,0.05747126436781609,0.07655502392344497,0.0,1.9,3,3,1.0,0.5330396475770925,0.5587371512481645,0.44493392070484583,0.5825991189427313,0.5458883994126285,0.04515418502202643,0.06773127753303965,0.32158590308370044,0.802863436123348,0.9763215859030837,0.9845814977973568,gat,gat,global,1,1,2.0
group_kfold_seg,1,0,1.0,0.017660044150110375,0.0449438202247191,0.0380952380952381,0.0,1.9,2,2,1.0,0.5148086828550404,0.5246504782928624,0.43303899926416484,0.5717439293598234,0.5298013245033113,0.03200883002207505,0.05408388520971302,0.2858719646799117,0.7676600441501104,0.9685430463576159,0.9806843267108167,gat,gat,global,1,1,2.0
group_kfold_seg,1,1,1.0,0.019867549668874173,0.033707865168539325,0.04285714285714286,0.0,1.9,2,2,1.0,0.5173841059602649,0.5327446651949963,0.42531272994849156,0.5860927152317881,0.5253863134657837,0.03145695364238411,0.054635761589403975,0.3079470198675497,0.7593818984547461,0.9701986754966887,0.9806843267108167,gat,gat,global,1,1,2.0
group_kfold_seg,1,2,1.0,0.02207505518763797,0.033707865168539325,0.047619047619047616,0.0,1.9,2,2,1.0,0.5175680647534953,0.5272259013980868,0.43524650478292864,0.5776306107431936,0.5301692420897719,0.033112582781456956,0.05739514348785872,0.2980132450331126,0.7682119205298014,0.9679911699779249,0.9806843267108167,gat,gat,global,1,1,2.0
group_kfold_seg,2,0,1.0,0.0,0.0,0.0,0.0,1.9,2,2,1.0,0.4803459119496855,0.4630503144654088,0.37657232704402516,0.5707547169811321,0.5110062893081762,0.0,0.00294811320754717,0.2417452830188679,0.7069575471698113,0.9481132075471698,0.9823113207547169,gat,gat,global,1,1,2.0
group_kfold_seg,2,1,1.0,0.0,0.0,0.0,0.0,1.9,2,2,1.0,0.4762185534591195,0.4658018867924528,0.362814465408805,0.5687893081761006,0.5074685534591195,0.0,0.0047169811320754715,0.23879716981132076,0.6898584905660378,0.941627358490566,0.9823113207547169,gat,gat,global,1,1,2.0
group_kfold_seg,2,2,1.0,0.0,0.0,0.0,0.0,1.9,2,2,1.0,0.4699292452830189,0.46226415094339623,0.362814465408805,0.5511006289308176,0.5035377358490566,0.0,0.001768867924528302,0.20695754716981132,0.6869103773584906,0.941627358490566,0.9823113207547169,gat,gat,global,1,1,2.0
group_kfold_seg,3,0,1.0,0.00631578947368421,0.02040816326530612,0.015228426395939087,0.0,1.9,3,3,1.0,0.486140350877193,0.49298245614035086,0.3856140350877193,0.5589473684210526,0.5070175438596491,0.01263157894736842,0.02526315789473684,0.24105263157894738,0.7163157894736842,0.9436842105263158,0.9778947368421053,gat,gat,global,1,1,2.0
group_kfold_seg,3,1,1.0,0.004210526315789474,0.02040816326530612,0.01015228426395939,0.0,1.9,3,3,1.0,0.4876315789473684,0.5052631578947369,0.38035087719298244,0.5571929824561404,0.507719298245614,0.01,0.02894736842105263,0.25157894736842107,0.7126315789473684,0.9447368421052632,0.9778947368421053,gat,gat,global,1,1,2.0
group_kfold_seg,3,2,1.0,0.002105263157894737,0.01020408163265306,0.005076142131979695,0.0,1.9,3,3,1.0,0.48403508771929826,0.5028070175438597,0.3814035087719298,0.5470175438596491,0.5049122807017544,0.008421052631578947,0.027894736842105264,0.23105263157894737,0.7152631578947368,0.9436842105263158,0.9778947368421053,gat,gat,global,1,1,2.0
group_kfold_seg,4,0,1.0,0.0,0.0,0.0,0.0,1.9,3,3,1.0,0.4857700892857143,0.49404761904761907,0.3869047619047619,0.5662202380952381,0.4959077380952381,0.0011160714285714285,0.010602678571428572,0.25669642857142855,0.7287946428571429,0.9436383928571429,0.9737723214285714,gat,gat,global,1,1,2.0
group_kfold_seg,4,1,1.0,0.0,0.0,0.0,0.0,1.9,3,3,1.0,0.48232886904761907,0.5011160714285714,0.3794642857142857,0.5531994047619048,0.4955357142857143,0.0011160714285714285,0.016183035714285716,0.23660714285714285,0.7215401785714286,0.9441964285714286,0.9743303571428571,gat,gat,global,1,1,2.0
group_kfold_seg,4,2,1.0,0.0,0.0,0.0,0.0,1.9,3,3,1.0,0.47553943452380953,0.4799107142857143,0.3835565476190476,0.5502232142857143,0.4884672619047619,0.0005580357142857143,0.008928571428571428,0.21372767857142858,0.7176339285714286,0.9386160714285714,0.9737723214285714,gat,gat,global,1,1,2.0
time_block,1,0,0.9997693992851379,0.009685230024213076,0.023529411764705882,0.01932367149758454,0.0,1.9,13,13,1.0,0.514729620661824,0.5891848264729621,0.4358353510895884,0.5129136400322841,0.5209846650524617,0.01694915254237288,0.06900726392251816,0.2330508474576271,0.8184019370460048,0.9691283292978208,0.9818401937046005,gat,gat,global,1,1,2.0
time_block,1,1,0.9998462661900918,0.007263922518159807,0.011764705882352941,0.014492753623188406,0.0,1.9,13,13,1.0,0.5214891041162227,0.5936238902340597,0.44753833736884585,0.5221953188054883,0.5225988700564972,0.01513317191283293,0.06598062953995157,0.2542372881355932,0.839588377723971,0.9721549636803875,0.9818401937046005,gat,gat,global,1,1,2.0
time_block,1,2,0.9996925323801837,0.007263922518159807,0.011764705882352941,0.014492753623188406,0.0,1.9,13,13,1.0,0.4993946731234867,0.5613397901533494,0.4261501210653753,0.5020177562550444,0.5080710250201775,0.011501210653753027,0.053268765133171914,0.1906779661016949,0.7905569007263923,0.9679176755447942,0.9824455205811138,gat,gat,global,1,1,2.0
time_block,2,0,1.0,0.02112676056338028,0.034482758620689655,0.043689320388349516,0.0,1.9,13,13,1.0,0.543035993740219,0.5880281690140845,0.4448356807511737,0.5805946791862285,0.5586854460093896,0.028755868544600938,0.07629107981220658,0.352112676056338,0.840962441314554,0.9759389671361502,0.9841549295774648,gat,gat,global,1,1,2.0
time_block,2,1,1.0,0.01643192488262911,0.022988505747126436,0.03398058252427184,0.0,1.9,13,13,1.0,0.5471439749608764,0.5841158059467919,0.4534428794992175,0.5907668231611893,0.5602503912363067,0.028169014084507043,0.0710093896713615,0.36502347417840375,0.8562206572769953,0.9776995305164319,0.9847417840375586,gat,gat,global,1,1,2.0
time_block,2,2,1.0,0.02112676056338028,0.034482758620689655,0.043689320388349516,0.0,1.9,13,13,1.0,0.5450899843505478,0.5845070422535211,0.4534428794992175,0.5790297339593115,0.5633802816901409,0.03403755868544601,0.07394366197183098,0.3474178403755869,0.8532863849765259,0.9765258215962441,0.9853286384976526,gat,gat,global,1,1,2.0
time_block,3,0,1.0,0.02304147465437788,0.04395604395604396,0.043859649122807015,0.0,1.9,13,13,1.0,0.5313940092165899,0.5618279569892473,0.4358678955453149,0.5844854070660522,0.543394777265745,0.036290322580645164,0.07546082949308756,0.33986175115207373,0.7891705069124424,0.9700460829493087,0.9775345622119815,gat,gat,global,1,1,2.0
time_block,3,1,1.0,0.018433179723502304,0.04395604395604396,0.03508771929824561,0.0,1.9,13,13,1.0,0.5206413210445469,0.5522273425499232,0.42434715821812596,0.5737327188940092,0.532258064516129,0.03225806451612903,0.06566820276497695,0.31682027649769584,0.7701612903225806,0.9619815668202765,0.9769585253456221,gat,gat,global,1,1,2.0
time_block,3,2,1.0,0.02304147465437788,0.04395604395604396,0.043859649122807015,0.0,1.9,13,13,1.0,0.5349462365591398,0.5672043010752689,0.4431643625192012,0.5875576036866359,0.5418586789554531,0.032834101382488476,0.07373271889400922,0.34619815668202764,0.8070276497695853,0.9717741935483871,0.978110599078341,gat,gat,global,1,1,2.0
time_block,4,0,1.0,0.006564551422319475,0.01098901098901099,0.0410958904109589,0.0,1.9,13,13,1.0,0.4559628008752735,0.3836615609044493,0.3347921225382932,0.6017505470459519,0.5036469730123997,0.007111597374179431,0.0087527352297593,0.2439824945295405,0.5716630196936543,0.9212253829321663,0.9830415754923414,gat,gat,global,1,1,2.0
time_block,4,1,1.0,0.006564551422319475,0.01098901098901099,0.0410958904109589,0.0,1.9,13,13,1.0,0.4575127644055434,0.3924142961342086,0.3347921225382932,0.5940919037199125,0.5087527352297593,0.007111597374179431,0.010940919037199124,0.23960612691466082,0.5804157549234136,0.9239606126914661,0.9830415754923414,gat,gat,global,1,1,2.0
time_block,4,2,1.0,0.006564551422319475,0.01098901098901099,0.0410958904109589,0.0,1.9,13,13,1.0,0.4512217359591539,0.38657913931436905,0.3398978847556528,0.5791393143690736,0.49927060539752005,0.0087527352297593,0.009846827133479213,0.20185995623632386,0.5754923413566739,0.9283369803063457,0.9830415754923414,gat,gat,global,1,1,2.0
group_kfold_seg,0,0,1.0,0.004405286343612335,0.022988505747126436,0.009569377990430622,0.0,1.9,3,3,1.0,0.266428046989721,0.22980910425844348,0.14023494860499267,0.36527165932452277,0.3303964757709251,0.003854625550660793,0.005506607929515419,0.02973568281938326,0.17951541850220265,0.5401982378854625,0.8397577092511013,mcd,mcd,global,1,1,2.0
group_kfold_seg,0,1,1.0,0.004405286343612335,0.022988505747126436,0.009569377990430622,0.0,1.9,3,3,1.0,0.266428046989721,0.22980910425844348,0.14023494860499267,0.36527165932452277,0.3303964757709251,0.003854625550660793,0.005506607929515419,0.02973568281938326,0.17951541850220265,0.5401982378854625,0.8397577092511013,mcd,mcd,global,1,1,2.0
group_kfold_seg,0,2,1.0,0.004405286343612335,0.022988505747126436,0.009569377990430622,0.0,1.9,3,3,1.0,0.266428046989721,0.22980910425844348,0.14023494860499267,0.36527165932452277,0.3303964757709251,0.003854625550660793,0.005506607929515419,0.02973568281938326,0.17951541850220265,0.5401982378854625,0.8397577092511013,mcd,mcd,global,1,1,2.0
group_kfold_seg,1,0,0.9995986353602248,0.011037527593818985,0.0449438202247191,0.023809523809523808,0.0,1.9,2,2,1.0,0.31263796909492275,0.27630610743193523,0.18027961736571008,0.4091243561442237,0.38484179543782193,0.012693156732891833,0.01434878587196468,0.057947019867549666,0.3007726269315673,0.6114790286975718,0.8785871964679912,mcd,mcd,global,1,1,2.0
group_kfold_seg,1,1,0.9995986353602248,0.011037527593818985,0.0449438202247191,0.023809523809523808,0.0,1.9,2,2,1.0,0.31263796909492275,0.27630610743193523,0.18027961736571008,0.4091243561442237,0.38484179543782193,0.012693156732891833,0.01434878587196468,0.057947019867549666,0.3007726269315673,0.6114790286975718,0.8785871964679912,mcd,mcd,global,1,1,2.0
group_kfold_seg,1,2,0.9995986353602248,0.011037527593818985,0.0449438202247191,0.023809523809523808,0.0,1.9,2,2,1.0,0.31263796909492275,0.27630610743193523,0.18027961736571008,0.4091243561442237,0.38484179543782193,0.012693156732891833,0.01434878587196468,0.057947019867549666,0.3007726269315673,0.6114790286975718,0.8785871964679912,mcd,mcd,global,1,1,2.0
group_kfold_seg,2,0,1.0,0.01179245283018868,0.046511627906976744,0.035211267605633804,0.0,1.9,2,2,1.0,0.3164308176100629,0.2763364779874214,0.18199685534591195,0.3860062893081761,0.42138364779874216,0.01179245283018868,0.015330188679245283,0.06485849056603774,0.30778301886792453,0.5831367924528302,0.9156839622641509,mcd,mcd,global,1,1,2.0
group_kfold_seg,2,1,1.0,0.01179245283018868,0.046511627906976744,0.035211267605633804,0.0,1.9,2,2,1.0,0.3164308176100629,0.2763364779874214,0.18199685534591195,0.3860062893081761,0.42138364779874216,0.01179245283018868,0.015330188679245283,0.06485849056603774,0.30778301886792453,0.5831367924528302,0.9156839622641509,mcd,mcd,global,1,1,2.0
group_kfold_seg,2,2,1.0,0.01179245283018868,0.046511627906976744,0.035211267605633804,0.0,1.9,2,2,1.0,0.3164308176100629,0.2763364779874214,0.18199685534591195,0.3860062893081761,0.42138364779874216,0.01179245283018868,0.015330188679245283,0.06485849056603774,0.30778301886792453,0.5831367924528302,0.9156839622641509,mcd,mcd,global,1,1,2.0
group_kfold_seg,3,0,0.9992105263157895,0.00631578947368421,0.02040816326530612,0.015228426395939087,0.0,1.9,3,3,1.0,0.2615789473684211,0.20771929824561403,0.12456140350877193,0.3831578947368421,0.33087719298245616,0.00631578947368421,0.009473684210526316,0.034210526315789476,0.1994736842105263,0.5252631578947369,0.7947368421052632,mcd,mcd,global,1,1,2.0
group_kfold_seg,3,1,0.9992105263157895,0.00631578947368421,0.02040816326530612,0.015228426395939087,0.0,1.9,3,3,1.0,0.2615789473684211,0.20771929824561403,0.12456140350877193,0.3831578947368421,0.33087719298245616,0.00631578947368421,0.009473684210526316,0.034210526315789476,0.1994736842105263,0.5252631578947369,0.7947368421052632,mcd,mcd,global,1,1,2.0
group_kfold_seg,3,2,0.9992105263157895,0.00631578947368421,0.02040816326530612,0.015228426395939087,0.0,1.9,3,3,1.0,0.2615789473684211,0.20771929824561403,0.12456140350877193,0.3831578947368421,0.33087719298245616,0.00631578947368421,0.009473684210526316,0.034210526315789476,0.1994736842105263,0.5252631578947369,0.7947368421052632,mcd,mcd,global,1,1,2.0
group_kfold_seg,4,0,1.0,0.015625,0.05434782608695652,0.03056768558951965,0.0,1.9,3,3,1.0,0.2995721726190476,0.24553571428571427,0.16034226190476192,0.42745535714285715,0.36495535714285715,0.017857142857142856,0.023995535714285716,0.05859375,0.2689732142857143,0.5915178571428571,0.8364955357142857,mcd,mcd,global,1,1,2.0
group_kfold_seg,4,1,1.0,0.015625,0.05434782608695652,0.03056768558951965,0.0,1.9,3,3,1.0,0.2995721726190476,0.24553571428571427,0.16034226190476192,0.42745535714285715,0.36495535714285715,0.017857142857142856,0.023995535714285716,0.05859375,0.2689732142857143,0.5915178571428571,0.8364955357142857,mcd,mcd,global,1,1,2.0
group_kfold_seg,4,2,1.0,0.015625,0.05434782608695652,0.03056768558951965,0.0,1.9,3,3,1.0,0.2995721726190476,0.24553571428571427,0.16034226190476192,0.42745535714285715,0.36495535714285715,0.017857142857142856,0.023995535714285716,0.05859375,0.2689732142857143,0.5915178571428571,0.8364955357142857,mcd,mcd,global,1,1,2.0
time_block,1,0,1.0,0.002421307506053269,0.011764705882352941,0.0,0.0048543689320388345,1.9,13,13,1.0,0.3216303470540759,0.2861178369652946,0.21711057304277642,0.3587570621468927,0.4245359160613398,0.0018159806295399517,0.004842615012106538,0.038135593220338986,0.3032687651331719,0.6361985472154964,0.9455205811138014,mcd,mcd,global,1,1,2.0
time_block,1,1,1.0,0.002421307506053269,0.011764705882352941,0.0,0.0048543689320388345,1.9,13,13,1.0,0.3216303470540759,0.2861178369652946,0.21711057304277642,0.3587570621468927,0.4245359160613398,0.0018159806295399517,0.004842615012106538,0.038135593220338986,0.3032687651331719,0.6361985472154964,0.9455205811138014,mcd,mcd,global,1,1,2.0
time_block,1,2,1.0,0.002421307506053269,0.011764705882352941,0.0,0.0048543689320388345,1.9,13,13,1.0,0.3216303470540759,0.2861178369652946,0.21711057304277642,0.3587570621468927,0.4245359160613398,0.0018159806295399517,0.004842615012106538,0.038135593220338986,0.3032687651331719,0.6361985472154964,0.9455205811138014,mcd,mcd,global,1,1,2.0
time_block,2,0,1.0,0.002347417840375587,0.011494252873563218,0.0048543689320388345,0.0,1.9,13,13,1.0,0.3216940532081377,0.3051643192488263,0.18974960876369326,0.34624413145539906,0.44561815336463223,0.0029342723004694834,0.004107981220657277,0.041666666666666664,0.323943661971831,0.6068075117370892,0.9507042253521126,mcd,mcd,global,1,1,2.0
time_block,2,1,1.0,0.002347417840375587,0.011494252873563218,0.0048543689320388345,0.0,1.9,13,13,1.0,0.3216940532081377,0.3051643192488263,0.18974960876369326,0.34624413145539906,0.44561815336463223,0.0029342723004694834,0.004107981220657277,0.041666666666666664,0.323943661971831,0.6068075117370892,0.9507042253521126,mcd,mcd,global,1,1,2.0
time_block,2,2,1.0,0.002347417840375587,0.011494252873563218,0.0048543689320388345,0.0,1.9,13,13,1.0,0.3216940532081377,0.3051643192488263,0.18974960876369326,0.34624413145539906,0.44561815336463223,0.0029342723004694834,0.004107981220657277,0.041666666666666664,0.323943661971831,0.6068075117370892,0.9507042253521126,mcd,mcd,global,1,1,2.0
time_block,3,0,1.0,0.0069124423963133645,0.03296703296703297,0.008771929824561403,0.0048543689320388345,1.9,13,13,1.0,0.3247887864823349,0.3049155145929339,0.20161290322580644,0.34408602150537637,0.4485407066052227,0.007488479262672811,0.013824884792626729,0.05357142857142857,0.3317972350230415,0.6042626728110599,0.9377880184331797,mcd,mcd,global,1,1,2.0
time_block,3,1,1.0,0.0069124423963133645,0.03296703296703297,0.008771929824561403,0.0048543689320388345,1.9,13,13,1.0,0.3247887864823349,0.3049155145929339,0.20161290322580644,0.34408602150537637,0.4485407066052227,0.007488479262672811,0.013824884792626729,0.05357142857142857,0.3317972350230415,0.6042626728110599,0.9377880184331797,mcd,mcd,global,1,1,2.0
time_block,3,2,1.0,0.0069124423963133645,0.03296703296703297,0.008771929824561403,0.0048543689320388345,1.9,13,13,1.0,0.3247887864823349,0.3049155145929339,0.20161290322580644,0.34408602150537637,0.4485407066052227,0.007488479262672811,0.013824884792626729,0.05357142857142857,0.3317972350230415,0.6042626728110599,0.9377880184331797,mcd,mcd,global,1,1,2.0
time_block,4,0,0.9999305338473828,0.02188183807439825,0.06593406593406594,0.0,0.026041666666666668,1.9,13,13,1.0,0.3050692924872356,0.17833698030634573,0.14770240700218817,0.40955506929248725,0.48468271334792123,0.02024070021881838,0.026805251641137857,0.08424507658643327,0.3424507658643326,0.513129102844639,0.8435448577680525,mcd,mcd,global,1,1,2.0
time_block,4,1,0.9999305338473828,0.02188183807439825,0.06593406593406594,0.0,0.026041666666666668,1.9,13,13,1.0,0.3050692924872356,0.17833698030634573,0.14770240700218817,0.40955506929248725,0.48468271334792123,0.02024070021881838,0.026805251641137857,0.08424507658643327,0.3424507658643326,0.513129102844639,0.8435448577680525,mcd,mcd,global,1,1,2.0
time_block,4,2,0.9999305338473828,0.02188183807439825,0.06593406593406594,0.0,0.026041666666666668,1.9,13,13,1.0,0.3050692924872356,0.17833698030634573,0.14770240700218817,0.40955506929248725,0.48468271334792123,0.02024070021881838,0.026805251641137857,0.08424507658643327,0.3424507658643326,0.513129102844639,0.8435448577680525,mcd,mcd,global,1,1,2.0
group_kfold_seg,0,0,1.0,0.0,0.0,0.0,0.0,1.9,3,3,1.0,0.2611049926578561,0.21696035242290748,0.13803230543318648,0.3619676945668135,0.3274596182085169,0.0,0.0005506607929515419,0.01762114537444934,0.16905286343612336,0.539647577092511,0.8397577092511013,cnn&mcd,cnn&mcd,global,1,1,2.0
group_kfold_seg,0,1,1.0,0.0,0.0,0.0,0.0,1.9,3,3,1.0,0.26064610866372984,0.21402349486049926,0.1383994126284875,0.3623348017621145,0.3278267254038179,0.0,0.0011013215859030838,0.01817180616740088,0.16519823788546256,0.539647577092511,0.8397577092511013,cnn&mcd,cnn&mcd,global,1,1,2.0
group_kfold_seg,0,2,1.0,0.0,0.0,0.0,0.0,1.9,3,3,1.0,0.2604625550660793,0.2154919236417034,0.13803230543318648,0.3604992657856094,0.3278267254038179,0.0,0.0005506607929515419,0.015969162995594713,0.16629955947136563,0.5401982378854625,0.8397577092511013,cnn&mcd,cnn&mcd,global,1,1,2.0
group_kfold_seg,1,0,1.0,0.0,0.0,0.0,0.0,1.9,2,2,1.0,0.3001287711552612,0.24540103016924208,0.17402501839587933,0.40176600441501104,0.3793230316409124,0.0,0.002207505518763797,0.02262693156732892,0.2858719646799117,0.6114790286975718,0.8785871964679912,cnn&mcd,cnn&mcd,global,1,1,2.0
group_kfold_seg,1,1,1.0,0.0,0.0,0.0,0.0,1.9,2,2,1.0,0.30288815305371597,0.25386313465783666,0.17476085356880058,0.40286975717439294,0.3800588668138337,0.0033112582781456954,0.003863134657836645,0.026490066225165563,0.293598233995585,0.6114790286975718,0.8785871964679912,cnn&mcd,cnn&mcd,global,1,1,2.0
group_kfold_seg,1,2,1.0,0.002207505518763797,0.011235955056179775,0.004761904761904762,0.0,1.9,2,2,1.0,0.30334805003679177,0.2523914643119941,0.1762325239146431,0.40397350993377484,0.38079470198675497,0.0033112582781456954,0.004415011037527594,0.030353200883002206,0.29194260485651213,0.6114790286975718,0.8785871964679912,cnn&mcd,cnn&mcd,global,1,1,2.0
group_kfold_seg,2,0,1.0,0.0023584905660377358,0.011627906976744186,0.007042253521126761,0.0,1.9,2,2,1.0,0.30395047169811323,0.24882075471698112,0.17570754716981132,0.3793238993710692,0.4119496855345912,0.001768867924528302,0.00294811320754717,0.030660377358490566,0.29068396226415094,0.5831367924528302,0.9145047169811321,cnn&mcd,cnn&mcd,global,1,1,2.0
group_kfold_seg,2,1,1.0,0.0,0.0,0.0,0.0,1.9,2,2,1.0,0.3021816037735849,0.2460691823899371,0.17531446540880502,0.37696540880503143,0.41037735849056606,0.0,0.001768867924528302,0.02653301886792453,0.28773584905660377,0.5831367924528302,0.9139150943396226,cnn&mcd,cnn&mcd,global,1,1,2.0
group_kfold_seg,2,2,1.0,0.0,0.0,0.0,0.0,1.9,2,2,1.0,0.30139544025157233,0.24488993710691823,0.17452830188679244,0.3761792452830189,0.4099842767295597,0.0,0.0011792452830188679,0.02358490566037736,0.28714622641509435,0.5831367924528302,0.9133254716981132,cnn&mcd,cnn&mcd,global,1,1,2.0
group_kfold_seg,3,0,1.0,0.0,0.0,0.0,0.0,1.9,3,3,1.0,0.2525438596491228,0.18666666666666668,0.12140350877192982,0.37543859649122807,0.32666666666666666,0.0,0.0,0.017368421052631578,0.17789473684210527,0.5252631578947369,0.7947368421052632,cnn&mcd,cnn&mcd,global,1,1,2.0
group_kfold_seg,3,1,1.0,0.0,0.0,0.0,0.0,1.9,3,3,1.0,0.25280701754385965,0.18736842105263157,0.12140350877192982,0.37543859649122807,0.3270175438596491,0.0,0.0,0.016842105263157894,0.18,0.5252631578947369,0.7947368421052632,cnn&mcd,cnn&mcd,global,1,1,2.0
group_kfold_seg,3,2,1.0,0.0,0.0,0.0,0.0,1.9,3,3,1.0,0.255,0.19473684210526315,0.12140350877192982,0.37684210526315787,0.3270175438596491,0.0,0.0,0.019473684210526317,0.19052631578947368,0.5252631578947369,0.7947368421052632,cnn&mcd,cnn&mcd,global,1,1,2.0
group_kfold_seg,4,0,1.0,0.0,0.0,0.0,0.0,1.9,3,3,1.0,0.28478422619047616,0.22209821428571427,0.15178571428571427,0.40736607142857145,0.35788690476190477,0.0,0.0016741071428571428,0.029017857142857144,0.25,0.5915178571428571,0.8364955357142857,cnn&mcd,cnn&mcd,global,1,1,2.0
group_kfold_seg,4,1,1.0,0.002232142857142857,0.010869565217391304,0.004366812227074236,0.0,1.9,3,3,1.0,0.28617931547619047,0.22433035714285715,0.15215773809523808,0.40922619047619047,0.35900297619047616,0.002232142857142857,0.0033482142857142855,0.03125,0.25223214285714285,0.5915178571428571,0.8364955357142857,cnn&mcd,cnn&mcd,global,1,1,2.0
group_kfold_seg,4,2,1.0,0.0,0.0,0.0,0.0,1.9,3,3,1.0,0.28311011904761907,0.21651785714285715,0.15141369047619047,0.40662202380952384,0.35788690476190477,0.0016741071428571428,0.0016741071428571428,0.025669642857142856,0.24162946428571427,0.5915178571428571,0.8364955357142857,cnn&mcd,cnn&mcd,global,1,1,2.0
time_block,1,0,1.0,0.0,0.0,0.0,0.0,1.9,13,13,1.0,0.3166868442292171,0.2828894269572236,0.21267150928167877,0.3523002421307506,0.4188861985472155,0.0006053268765133172,0.0012106537530266344,0.023002421307506054,0.2947941888619855,0.6349878934624698,0.9455205811138014,cnn&mcd,cnn&mcd,global,1,1,2.0
time_block,1,1,1.0,0.0,0.0,0.0,0.0,1.9,13,13,1.0,0.31648506860371267,0.28087167070217917,0.211864406779661,0.354317998385795,0.4188861985472155,0.0006053268765133172,0.0012106537530266344,0.02602905569007264,0.2917675544794189,0.6337772397094431,0.9455205811138014,cnn&mcd,cnn&mcd,global,1,1,2.0
time_block,1,2,1.0,0.0,0.0,0.0,0.0,1.9,13,13,1.0,0.31789749798224376,0.2853107344632768,0.211864406779661,0.35351089588377727,0.4209039548022599,0.0006053268765133172,0.0012106537530266344,0.026634382566585957,0.2990314769975787,0.6343825665859564,0.9455205811138014,cnn&mcd,cnn&mcd,global,1,1,2.0
time_block,2,0,1.0,0.0,0.0,0.0,0.0,1.9,13,13,1.0,0.31396713615023475,0.2930359937402191,0.18661971830985916,0.3415492957746479,0.43466353677621283,0.0,0.0,0.01995305164319249,0.306924882629108,0.6068075117370892,0.9501173708920188,cnn&mcd,cnn&mcd,global,1,1,2.0
time_block,2,1,1.0,0.0,0.0,0.0,0.0,1.9,13,13,1.0,0.3149452269170579,0.2965571205007825,0.18661971830985916,0.3427230046948357,0.4338810641627543,0.0,0.0,0.018779342723004695,0.31396713615023475,0.6068075117370892,0.9501173708920188,cnn&mcd,cnn&mcd,global,1,1,2.0
time_block,2,2,1.0,0.0,0.0,0.0,0.0,1.9,13,13,1.0,0.3154342723004695,0.2981220657276995,0.18661971830985916,0.34194053208137715,0.4350547730829421,0.0,0.0,0.020539906103286387,0.31514084507042256,0.6068075117370892,0.9501173708920188,cnn&mcd,cnn&mcd,global,1,1,2.0
time_block,3,0,1.0,0.0,0.0,0.0,0.0,1.9,13,13,1.0,0.31634024577572967,0.29685099846390167,0.19623655913978494,0.3383256528417819,0.4339477726574501,0.000576036866359447,0.002880184331797235,0.03052995391705069,0.3220046082949309,0.6042626728110599,0.9377880184331797,cnn&mcd,cnn&mcd,global,1,1,2.0
time_block,3,1,1.0,0.0,0.0,0.0,0.0,1.9,13,13,1.0,0.31355606758832566,0.28763440860215056,0.19623655913978494,0.33640552995391704,0.4339477726574501,0.000576036866359447,0.0034562211981566822,0.027649769585253458,0.3076036866359447,0.6042626728110599,0.9377880184331797,cnn&mcd,cnn&mcd,global,1,1,2.0
time_block,3,2,1.0,0.002304147465437788,0.01098901098901099,0.0043859649122807015,0.0,1.9,13,13,1.0,0.3157642089093702,0.2945468509984639,0.1977726574500768,0.337173579109063,0.43356374807987713,0.0017281105990783411,0.004032258064516129,0.029953917050691243,0.31682027649769584,0.6042626728110599,0.9377880184331797,cnn&mcd,cnn&mcd,global,1,1,2.0
time_block,4,0,1.0,0.0,0.0,0.0,0.0,1.9,13,13,1.0,0.28947848285922684,0.16703136396790663,0.1436907366885485,0.3964259664478483,0.45076586433260396,0.0,0.0010940919037199124,0.04814004376367615,0.3364332603938731,0.5114879649890591,0.8397155361050328,cnn&mcd,cnn&mcd,global,1,1,2.0
time_block,4,1,1.0,0.0,0.0,0.0,0.0,1.9,13,13,1.0,0.2887490882567469,0.16630196936542668,0.14259664478482859,0.39606126914660833,0.450036469730124,0.0,0.0016411378555798686,0.047045951859956234,0.3347921225382932,0.5098468271334792,0.8391684901531729,cnn&mcd,cnn&mcd,global,1,1,2.0
time_block,4,2,1.0,0.0,0.0,0.0,0.0,1.9,13,13,1.0,0.28902261123267686,0.1673960612691466,0.14332603938730853,0.3942377826404085,0.4511305616338439,0.0,0.0010940919037199124,0.04649890590809628,0.3364332603938731,0.5114879649890591,0.8386214442013129,cnn&mcd,cnn&mcd,global,1,1,2.0
group_kfold_seg,0,0,1.0,0.0,0.0,0.0,0.0,1.9,3,3,1.0,0.26339941262848754,0.22723935389133626,0.13803230543318648,0.3641703377386197,0.32415565345080766,0.0,0.0005506607929515419,0.02643171806167401,0.177863436123348,0.5374449339207048,0.8381057268722467,lstm&mcd,lstm&mcd,global,1,1,2.0
group_kfold_seg,0,1,1.0,0.0,0.0,0.0,0.0,1.9,3,3,1.0,0.2621145374449339,0.2276064610866373,0.13803230543318648,0.35829662261380324,0.3245227606461087,0.0,0.0011013215859030838,0.01817180616740088,0.177863436123348,0.5374449339207048,0.8381057268722467,lstm&mcd,lstm&mcd,global,1,1,2.0
group_kfold_seg,0,2,1.0,0.0,0.0,0.0,0.0,1.9,3,3,1.0,0.26119676945668135,0.2276064610866373,0.1383994126284875,0.3579295154185022,0.3208516886930984,0.0,0.0005506607929515419,0.01817180616740088,0.1751101321585903,0.5357929515418502,0.8375550660792952,lstm&mcd,lstm&mcd,global,1,1,2.0
group_kfold_seg,1,0,1.0,0.0,0.0,0.0,0.0,1.9,2,2,1.0,0.3036239882266372,0.26857983811626196,0.17402501839587933,0.40029433406916853,0.37159676232523914,0.0,0.0011037527593818985,0.04194260485651214,0.293598233995585,0.6087196467991169,0.8763796909492274,lstm&mcd,lstm&mcd,global,1,1,2.0
group_kfold_seg,1,1,1.0,0.0,0.0,0.0,0.0,1.9,2,2,1.0,0.3031640912435614,0.2704194260485651,0.17402501839587933,0.3973509933774834,0.3708609271523179,0.0,0.0016556291390728477,0.039183222958057394,0.2913907284768212,0.6098233995584988,0.8769315673289183,lstm&mcd,lstm&mcd,global,1,1,2.0
group_kfold_seg,1,2,1.0,0.0,0.0,0.0,0.0,1.9,2,2,1.0,0.2986571008094187,0.2682119205298013,0.17365710080941868,0.39551140544518026,0.35724797645327444,0.0,0.0011037527593818985,0.032560706401766004,0.2742825607064018,0.608167770419426,0.8758278145695364,lstm&mcd,lstm&mcd,global,1,1,2.0
group_kfold_seg,2,0,1.0,0.0,0.0,0.0,0.0,1.9,2,2,1.0,0.3053262578616352,0.2684748427672956,0.17492138364779874,0.37775157232704404,0.4001572327044025,0.0,0.001768867924528302,0.04009433962264151,0.29422169811320753,0.5819575471698113,0.9139150943396226,lstm&mcd,lstm&mcd,global,1,1,2.0
group_kfold_seg,2,1,1.0,0.0,0.0,0.0,0.0,1.9,2,2,1.0,0.30542452830188677,0.26808176100628933,0.17452830188679244,0.3742138364779874,0.404874213836478,0.0,0.0011792452830188679,0.0347877358490566,0.3001179245283019,0.5825471698113207,0.9139150943396226,lstm&mcd,lstm&mcd,global,1,1,2.0
group_kfold_seg,2,2,1.0,0.0,0.0,0.0,0.0,1.9,2,2,1.0,0.2964819182389937,0.2653301886792453,0.17452830188679244,0.3718553459119497,0.3742138364779874,0.0,0.0005896226415094339,0.02122641509433962,0.26120283018867924,0.5807783018867925,0.9150943396226415,lstm&mcd,lstm&mcd,global,1,1,2.0
group_kfold_seg,3,0,1.0,0.0,0.0,0.0,0.0,1.9,3,3,1.0,0.25666666666666665,0.20456140350877192,0.12140350877192982,0.37684210526315787,0.323859649122807,0.0,0.0005263157894736842,0.024736842105263158,0.1968421052631579,0.5236842105263158,0.7942105263157895,lstm&mcd,lstm&mcd,global,1,1,2.0
group_kfold_seg,3,1,1.0,0.0,0.0,0.0,0.0,1.9,3,3,1.0,0.2540350877192982,0.20385964912280702,0.12105263157894737,0.3684210526315789,0.32280701754385965,0.0,0.0005263157894736842,0.011052631578947368,0.19421052631578947,0.5242105263157895,0.7942105263157895,lstm&mcd,lstm&mcd,global,1,1,2.0
group_kfold_seg,3,2,1.0,0.0,0.0,0.0,0.0,1.9,3,3,1.0,0.2493859649122807,0.20280701754385966,0.12070175438596491,0.36947368421052634,0.3045614035087719,0.0,0.0005263157894736842,0.010526315789473684,0.16842105263157894,0.5231578947368422,0.7936842105263158,lstm&mcd,lstm&mcd,global,1,1,2.0
group_kfold_seg,4,0,1.0,0.0,0.0,0.0,0.0,1.9,3,3,1.0,0.28738839285714285,0.23958333333333334,0.15141369047619047,0.40811011904761907,0.35044642857142855,0.0005580357142857143,0.0016741071428571428,0.03571428571428571,0.2622767857142857,0.5892857142857143,0.8348214285714286,lstm&mcd,lstm&mcd,global,1,1,2.0
group_kfold_seg,4,1,1.0,0.002232142857142857,0.010869565217391304,0.004366812227074236,0.0,1.9,3,3,1.0,0.2864583333333333,0.23995535714285715,0.15215773809523808,0.40141369047619047,0.3523065476190476,0.002232142857142857,0.0027901785714285715,0.02734375,0.26171875,0.5892857142857143,0.8353794642857143,lstm&mcd,lstm&mcd,global,1,1,2.0
group_kfold_seg,4,2,1.0,0.0,0.0,0.0,0.0,1.9,3,3,1.0,0.28162202380952384,0.23921130952380953,0.15066964285714285,0.3976934523809524,0.33891369047619047,0.0,0.0011160714285714285,0.020089285714285716,0.24609375,0.5881696428571429,0.8342633928571429,lstm&mcd,lstm&mcd,global,1,1,2.0
time_block,1,0,1.0,0.0,0.0,0.0,0.0,1.9,13,13,1.0,0.29620661824051653,0.28490718321226793,0.20984665052461662,0.34624697336561744,0.34382566585956414,0.0,0.0006053268765133172,0.006053268765133172,0.20399515738498789,0.62590799031477,0.940677966101695,lstm&mcd,lstm&mcd,global,1,1,2.0
time_block,1,1,1.0,0.0,0.0,0.0,0.0,1.9,13,13,1.0,0.29539951573849876,0.2845036319612591,0.20944309927360774,0.3474576271186441,0.34019370460048426,0.0,0.0,0.006053268765133172,0.19975786924939468,0.6253026634382567,0.9412832929782082,lstm&mcd,lstm&mcd,global,1,1,2.0
time_block,1,2,1.0,0.0,0.0,0.0,0.0,1.9,13,13,1.0,0.29398708635996773,0.2845036319612591,0.2102502017756255,0.3486682808716707,0.33252623083131555,0.0,0.0,0.007263922518159807,0.1900726392251816,0.62590799031477,0.940677966101695,lstm&mcd,lstm&mcd,global,1,1,2.0
time_block,2,0,1.0,0.0,0.0,0.0,0.0,1.9,13,13,1.0,0.29939358372456965,0.3028169014084507,0.1850547730829421,0.3364632237871675,0.3732394366197183,0.0,0.0,0.004107981220657277,0.24354460093896713,0.6015258215962441,0.9471830985915493,lstm&mcd,lstm&mcd,global,1,1,2.0
time_block,2,1,1.0,0.0,0.0,0.0,0.0,1.9,13,13,1.0,0.3045774647887324,0.30438184663536777,0.18622848200312989,0.3360719874804382,0.39162754303599373,0.0,0.0005868544600938967,0.005868544600938967,0.2681924882629108,0.6038732394366197,0.948943661971831,lstm&mcd,lstm&mcd,global,1,1,2.0
time_block,2,2,1.0,0.0,0.0,0.0,0.0,1.9,13,13,1.0,0.2972417840375587,0.30359937402190923,0.18544600938967137,0.3392018779342723,0.36071987480438183,0.0,0.0005868544600938967,0.008215962441314555,0.22417840375586853,0.6015258215962441,0.948943661971831,lstm&mcd,lstm&mcd,global,1,1,2.0
time_block,3,0,1.0,0.0,0.0,0.0,0.0,1.9,13,13,1.0,0.315284178187404,0.30376344086021506,0.195852534562212,0.33602150537634407,0.4254992319508449,0.0,0.002880184331797235,0.024193548387096774,0.3248847926267281,0.6025345622119815,0.9372119815668203,lstm&mcd,lstm&mcd,global,1,1,2.0
time_block,3,1,1.0,0.0,0.0,0.0,0.0,1.9,13,13,1.0,0.3141321044546851,0.3033794162826421,0.19546850998463902,0.33294930875576034,0.42473118279569894,0.0,0.0017281105990783411,0.019585253456221197,0.32373271889400923,0.603110599078341,0.9366359447004609,lstm&mcd,lstm&mcd,global,1,1,2.0
time_block,3,2,1.0,0.0,0.0,0.0,0.0,1.9,13,13,1.0,0.30856374807987713,0.3033794162826421,0.19623655913978494,0.33602150537634407,0.3986175115207373,0.0,0.002304147465437788,0.019009216589861752,0.29089861751152074,0.6025345622119815,0.9366359447004609,lstm&mcd,lstm&mcd,global,1,1,2.0
time_block,4,0,1.0,0.0,0.0,0.0,0.0,1.9,13,13,1.0,0.28583150984682715,0.16703136396790663,0.14259664478482859,0.3964259664478483,0.43727206418672504,0.0,0.0010940919037199124,0.036105032822757115,0.3309628008752735,0.5076586433260394,0.8391684901531729,lstm&mcd,lstm&mcd,global,1,1,2.0
time_block,4,1,1.0,0.0,0.0,0.0,0.0,1.9,13,13,1.0,0.2861962071480671,0.1673960612691466,0.14259664478482859,0.3927789934354486,0.4420131291028446,0.0,0.0010940919037199124,0.0350109409190372,0.33315098468271337,0.5087527352297593,0.8391684901531729,lstm&mcd,lstm&mcd,global,1,1,2.0
time_block,4,2,1.0,0.0,0.0,0.0,0.0,1.9,13,13,1.0,0.27844638949671774,0.16776075857038658,0.14259664478482859,0.3938730853391685,0.40955506929248725,0.0,0.0010940919037199124,0.02461706783369803,0.2959518599562363,0.5082056892778993,0.8408096280087527,lstm&mcd,lstm&mcd,global,1,1,2.0
group_kfold_seg,0,0,1.0,0.0,0.0,0.0,0.0,1.9,3,3,1.0,0.26404185022026433,0.22797356828193832,0.13803230543318648,0.3623348017621145,0.3278267254038179,0.0,0.0016519823788546256,0.02477973568281938,0.177863436123348,0.5401982378854625,0.8397577092511013,gat&mcd,gat&mcd,global,1,1,2.0
group_kfold_seg,0,1,1.0,0.0,0.0,0.0,0.0,1.9,3,3,1.0,0.2642254038179148,0.22870778267254038,0.13803230543318648,0.36270190895741555,0.3274596182085169,0.0,0.0022026431718061676,0.025330396475770924,0.177863436123348,0.5401982378854625,0.8397577092511013,gat&mcd,gat&mcd,global,1,1,2.0
group_kfold_seg,0,2,1.0,0.0,0.0,0.0,0.0,1.9,3,3,1.0,0.2638582966226138,0.22797356828193832,0.13803230543318648,0.36160058737151246,0.3278267254038179,0.0,0.0016519823788546256,0.0236784140969163,0.177863436123348,0.5401982378854625,0.8397577092511013,gat&mcd,gat&mcd,global,1,1,2.0
group_kfold_seg,1,0,1.0,0.0,0.0,0.0,0.0,1.9,2,2,1.0,0.3048197203826343,0.271523178807947,0.17402501839587933,0.39919058130978663,0.3745401030169242,0.0,0.0016556291390728477,0.04304635761589404,0.29415011037527594,0.6114790286975718,0.8785871964679912,gat&mcd,gat&mcd,global,1,1,2.0
group_kfold_seg,1,1,1.0,0.0,0.0,0.0,0.0,1.9,2,2,1.0,0.3051876379690949,0.271523178807947,0.17402501839587933,0.4010301692420898,0.3741721854304636,0.0,0.0016556291390728477,0.045805739514348784,0.293598233995585,0.6114790286975718,0.8785871964679912,gat&mcd,gat&mcd,global,1,1,2.0
group_kfold_seg,1,2,1.0,0.0,0.0,0.0,0.0,1.9,2,2,1.0,0.3048197203826343,0.271523178807947,0.17402501839587933,0.3995584988962472,0.3741721854304636,0.0,0.0016556291390728477,0.04359823399558499,0.293598233995585,0.6114790286975718,0.8785871964679912,gat&mcd,gat&mcd,global,1,1,2.0
group_kfold_seg,2,0,1.0,0.0,0.0,0.0,0.0,1.9,2,2,1.0,0.30689858490566035,0.267688679245283,0.17452830188679244,0.3785377358490566,0.4068396226415094,0.0,0.0011792452830188679,0.04363207547169811,0.2983490566037736,0.5831367924528302,0.9150943396226415,gat&mcd,gat&mcd,global,1,1,2.0
group_kfold_seg,2,1,1.0,0.0,0.0,0.0,0.0,1.9,2,2,1.0,0.3067020440251572,0.26926100628930816,0.17452830188679244,0.37775157232704404,0.40526729559748426,0.0,0.0011792452830188679,0.04186320754716981,0.298938679245283,0.5831367924528302,0.9150943396226415,gat&mcd,gat&mcd,global,1,1,2.0
group_kfold_seg,2,2,1.0,0.0,0.0,0.0,0.0,1.9,2,2,1.0,0.3058176100628931,0.2696540880503145,0.17452830188679244,0.3738207547169811,0.40526729559748426,0.0,0.0005896226415094339,0.03773584905660377,0.2983490566037736,0.5831367924528302,0.9150943396226415,gat&mcd,gat&mcd,global,1,1,2.0
group_kfold_seg,3,0,1.0,0.0,0.0,0.0,0.0,1.9,3,3,1.0,0.25570175438596493,0.20421052631578948,0.12035087719298246,0.3736842105263158,0.32456140350877194,0.0,0.0010526315789473684,0.018947368421052633,0.19421052631578947,0.5252631578947369,0.7947368421052632,gat&mcd,gat&mcd,global,1,1,2.0
group_kfold_seg,3,1,1.0,0.0,0.0,0.0,0.0,1.9,3,3,1.0,0.25587719298245615,0.20526315789473684,0.12035087719298246,0.37298245614035086,0.3249122807017544,0.0,0.0010526315789473684,0.019473684210526317,0.19473684210526315,0.5252631578947369,0.7947368421052632,gat&mcd,gat&mcd,global,1,1,2.0
group_kfold_seg,3,2,1.0,0.0,0.0,0.0,0.0,1.9,3,3,1.0,0.25526315789473686,0.20491228070175438,0.12070175438596491,0.37087719298245614,0.32456140350877194,0.0,0.0010526315789473684,0.015789473684210527,0.19473684210526315,0.5252631578947369,0.7947368421052632,gat&mcd,gat&mcd,global,1,1,2.0
group_kfold_seg,4,0,1.0,0.0,0.0,0.0,0.0,1.9,3,3,1.0,0.28896949404761907,0.24032738095238096,0.15141369047619047,0.4088541666666667,0.3552827380952381,0.0011160714285714285,0.002232142857142857,0.03850446428571429,0.26395089285714285,0.5915178571428571,0.8364955357142857,gat&mcd,gat&mcd,global,1,1,2.0
group_kfold_seg,4,1,1.0,0.0,0.0,0.0,0.0,1.9,3,3,1.0,0.28822544642857145,0.24107142857142858,0.15104166666666666,0.4069940476190476,0.35379464285714285,0.0011160714285714285,0.0027901785714285715,0.03515625,0.2622767857142857,0.5915178571428571,0.8364955357142857,gat&mcd,gat&mcd,global,1,1,2.0
group_kfold_seg,4,2,1.0,0.0,0.0,0.0,0.0,1.9,3,3,1.0,0.28813244047619047,0.24032738095238096,0.15141369047619047,0.4069940476190476,0.35379464285714285,0.0005580357142857143,0.002232142857142857,0.03571428571428571,0.2622767857142857,0.5915178571428571,0.8364955357142857,gat&mcd,gat&mcd,global,1,1,2.0
time_block,1,0,1.0,0.0,0.0,0.0,0.0,1.9,13,13,1.0,0.3145682001614205,0.2861178369652946,0.211864406779661,0.34624697336561744,0.41404358353510895,0.0006053268765133172,0.0012106537530266344,0.013317191283292978,0.2917675544794189,0.6349878934624698,0.9455205811138014,gat&mcd,gat&mcd,global,1,1,2.0
time_block,1,1,1.0,0.0,0.0,0.0,0.0,1.9,13,13,1.0,0.31487086359967714,0.2861178369652946,0.2122679580306699,0.34624697336561744,0.4148506860371267,0.0006053268765133172,0.0006053268765133172,0.013922518159806295,0.2929782082324455,0.635593220338983,0.9455205811138014,gat&mcd,gat&mcd,global,1,1,2.0
time_block,1,2,1.0,0.0,0.0,0.0,0.0,1.9,13,13,1.0,0.3141646489104116,0.2861178369652946,0.21105730427764327,0.34584342211460856,0.41364003228410007,0.0006053268765133172,0.0006053268765133172,0.012711864406779662,0.2917675544794189,0.6337772397094431,0.9455205811138014,gat&mcd,gat&mcd,global,1,1,2.0
time_block,2,0,1.0,0.0,0.0,0.0,0.0,1.9,13,13,1.0,0.316510172143975,0.30477308294209704,0.18622848200312989,0.3411580594679186,0.4338810641627543,0.0,0.0011737089201877935,0.022887323943661973,0.318075117370892,0.6068075117370892,0.9501173708920188,gat&mcd,gat&mcd,global,1,1,2.0
time_block,2,1,1.0,0.0,0.0,0.0,0.0,1.9,13,13,1.0,0.316510172143975,0.30477308294209704,0.18622848200312989,0.3411580594679186,0.4338810641627543,0.0,0.0011737089201877935,0.022300469483568074,0.31866197183098594,0.6068075117370892,0.9501173708920188,gat&mcd,gat&mcd,global,1,1,2.0
time_block,2,2,1.0,0.0,0.0,0.0,0.0,1.9,13,13,1.0,0.31660798122065725,0.30477308294209704,0.18583724569640062,0.3411580594679186,0.43466353677621283,0.0,0.0011737089201877935,0.023474178403755867,0.31866197183098594,0.6062206572769953,0.9501173708920188,gat&mcd,gat&mcd,global,1,1,2.0
time_block,3,0,1.0,0.0,0.0,0.0,0.0,1.9,13,13,1.0,0.3155721966205837,0.30414746543778803,0.195852534562212,0.33563748079877115,0.42665130568356374,0.000576036866359447,0.002304147465437788,0.022465437788018433,0.326036866359447,0.6042626728110599,0.9377880184331797,gat&mcd,gat&mcd,global,1,1,2.0
time_block,3,1,1.0,0.0,0.0,0.0,0.0,1.9,13,13,1.0,0.31490015360983103,0.30376344086021506,0.19546850998463902,0.33563748079877115,0.42473118279569894,0.0,0.002304147465437788,0.022465437788018433,0.32315668202764974,0.6036866359447005,0.9377880184331797,gat&mcd,gat&mcd,global,1,1,2.0
time_block,3,2,1.0,0.0,0.0,0.0,0.0,1.9,13,13,1.0,0.315284178187404,0.3033794162826421,0.195852534562212,0.33563748079877115,0.42626728110599077,0.0,0.0017281105990783411,0.023617511520737326,0.32430875576036866,0.6042626728110599,0.9377880184331797,gat&mcd,gat&mcd,global,1,1,2.0
time_block,4,0,1.0,0.0,0.0,0.0,0.0,1.9,13,13,1.0,0.28546681254558715,0.1673960612691466,0.14259664478482859,0.39460247994164843,0.43727206418672504,0.0,0.0010940919037199124,0.03172866520787746,0.3293216630196937,0.5098468271334792,0.8408096280087527,gat&mcd,gat&mcd,global,1,1,2.0
time_block,4,1,1.0,0.0,0.0,0.0,0.0,1.9,13,13,1.0,0.28564916119620715,0.1673960612691466,0.14259664478482859,0.3942377826404085,0.43836615609044494,0.0,0.0010940919037199124,0.03172866520787746,0.3304157549234136,0.5098468271334792,0.8408096280087527,gat&mcd,gat&mcd,global,1,1,2.0
time_block,4,2,1.0,0.0,0.0,0.0,0.0,1.9,13,13,1.0,0.2846462436177972,0.16703136396790663,0.14259664478482859,0.3916849015317287,0.43727206418672504,0.0,0.0010940919037199124,0.026805251641137857,0.3293216630196937,0.5098468271334792,0.8408096280087527,gat&mcd,gat&mcd,global,1,1,2.0
group_kfold_seg,0,0,1.0,0.037444933920704845,0.06896551724137931,0.08133971291866028,0.0,1.9,3,3,1.0,0.5418502202643172,0.4977973568281938,0.4684287812041116,0.6295888399412628,0.5715859030837004,0.04129955947136564,0.06332599118942732,0.375,0.816079295154185,0.974669603524229,0.9807268722466961,cnn&lstm,cnn&lstm,global,1,1,2.0
group_kfold_seg,0,1,1.0,0.037444933920704845,0.06896551724137931,0.08133971291866028,0.0,1.9,3,3,1.0,0.5070668135095447,0.4746696035242291,0.45154185022026433,0.5513950073421439,0.5506607929515418,0.040748898678414094,0.049008810572687224,0.23403083700440527,0.7665198237885462,0.9719162995594713,0.9801762114537445,cnn&lstm,cnn&lstm,global,1,1,2.0
group_kfold_seg,0,2,1.0,0.037444933920704845,0.06896551724137931,0.08133971291866028,0.0,1.9,3,3,1.0,0.5055066079295154,0.49302496328928047,0.4555800293685756,0.565712187958884,0.5077092511013216,0.040198237885462555,0.05506607929515418,0.2131057268722467,0.7747797356828194,0.9708149779735683,0.9790748898678414,cnn&lstm,cnn&lstm,global,1,1,2.0
group_kfold_seg,1,0,1.0,0.011037527593818985,0.02247191011235955,0.023809523809523808,0.0,1.9,2,2,1.0,0.5102097130242825,0.4610007358351729,0.4407652685798381,0.6037527593818984,0.5353200883002207,0.01545253863134658,0.0369757174392936,0.32339955849889623,0.7472406181015453,0.9630242825607064,0.9751655629139073,cnn&lstm,cnn&lstm,global,1,1,2.0
group_kfold_seg,1,1,1.0,0.013245033112582781,0.02247191011235955,0.02857142857142857,0.0,1.9,2,2,1.0,0.5001839587932303,0.46799116997792495,0.434878587196468,0.5544518027961737,0.5434142752023546,0.018763796909492272,0.04083885209713024,0.25551876379690946,0.7455849889624724,0.9635761589403974,0.9768211920529801,cnn&lstm,cnn&lstm,global,1,1,2.0
group_kfold_seg,1,2,1.0,0.013245033112582781,0.02247191011235955,0.02857142857142857,0.0,1.9,2,2,1.0,0.4791206769683591,0.46431199411331864,0.4260485651214128,0.5445180279617365,0.48160412067696834,0.018763796909492272,0.03200883002207505,0.18322295805739514,0.7157836644591612,0.9514348785871964,0.9735099337748344,cnn&lstm,cnn&lstm,global,1,1,2.0
group_kfold_seg,2,0,1.0,0.0,0.0,0.0,0.0,1.9,2,2,1.0,0.4634433962264151,0.4080188679245283,0.38011006289308175,0.5648584905660378,0.5007861635220126,0.0,0.0047169811320754715,0.19752358490566038,0.6674528301886793,0.9375,0.9734669811320755,cnn&lstm,cnn&lstm,global,1,1,2.0
group_kfold_seg,2,1,1.0,0.0,0.0,0.0,0.0,1.9,2,2,1.0,0.4562696540880503,0.4009433962264151,0.37657232704402516,0.5279088050314465,0.5196540880503144,0.0,0.00589622641509434,0.15860849056603774,0.6533018867924528,0.9433962264150944,0.9764150943396226,cnn&lstm,cnn&lstm,global,1,1,2.0
group_kfold_seg,2,2,1.0,0.0,0.0,0.0,0.0,1.9,2,2,1.0,0.4322916666666667,0.4068396226415094,0.3738207547169811,0.5235849056603774,0.42492138364779874,0.0,0.0005896226415094339,0.06662735849056604,0.6161556603773585,0.9386792452830188,0.9716981132075472,cnn&lstm,cnn&lstm,global,1,1,2.0
group_kfold_seg,3,0,1.0,0.00631578947368421,0.01020408163265306,0.015228426395939087,0.0,1.9,3,3,1.0,0.47719298245614034,0.42280701754385963,0.3992982456140351,0.576140350877193,0.5105263157894737,0.011578947368421053,0.023157894736842106,0.24105263157894738,0.6705263157894736,0.9447368421052632,0.9721052631578947,cnn&lstm,cnn&lstm,global,1,1,2.0
group_kfold_seg,3,1,1.0,0.004210526315789474,0.01020408163265306,0.01015228426395939,0.0,1.9,3,3,1.0,0.46350877192982454,0.4150877192982456,0.39438596491228073,0.5347368421052632,0.5098245614035087,0.006842105263157895,0.01631578947368421,0.18157894736842106,0.6589473684210526,0.9442105263157895,0.9731578947368421,cnn&lstm,cnn&lstm,global,1,1,2.0
group_kfold_seg,3,2,1.0,0.00631578947368421,0.01020408163265306,0.015228426395939087,0.0,1.9,3,3,1.0,0.44535087719298244,0.4378947368421053,0.38596491228070173,0.547719298245614,0.40982456140350876,0.00631578947368421,0.011578947368421053,0.1163157894736842,0.6357894736842106,0.9326315789473684,0.9694736842105263,cnn&lstm,cnn&lstm,global,1,1,2.0
group_kfold_seg,4,0,1.0,0.0,0.0,0.0,0.0,1.9,3,3,1.0,0.46047247023809523,0.40662202380952384,0.37611607142857145,0.5665922619047619,0.49255952380952384,0.0,0.004464285714285714,0.21595982142857142,0.6551339285714286,0.9185267857142857,0.96875,cnn&lstm,cnn&lstm,global,1,1,2.0
group_kfold_seg,4,1,1.0,0.002232142857142857,0.010869565217391304,0.004366812227074236,0.0,1.9,3,3,1.0,0.4689360119047619,0.4322916666666667,0.39248511904761907,0.5390625,0.5119047619047619,0.002232142857142857,0.007254464285714286,0.20033482142857142,0.6891741071428571,0.9430803571428571,0.9715401785714286,cnn&lstm,cnn&lstm,global,1,1,2.0
group_kfold_seg,4,2,1.0,0.0,0.0,0.0,0.0,1.9,3,3,1.0,0.4314546130952381,0.39285714285714285,0.36532738095238093,0.5167410714285714,0.45089285714285715,0.0,0.0011160714285714285,0.10770089285714286,0.6010044642857143,0.9129464285714286,0.9659598214285714,cnn&lstm,cnn&lstm,global,1,1,2.0
time_block,1,0,1.0,0.007263922518159807,0.011764705882352941,0.014492753623188406,0.0,1.9,13,13,1.0,0.4177764326069411,0.4301856335754641,0.3704600484261501,0.510088781275222,0.36037126715092815,0.007263922518159807,0.009685230024213076,0.04539951573849879,0.5411622276029056,0.9382566585956417,0.9648910411622276,cnn&lstm,cnn&lstm,global,1,1,2.0
time_block,1,1,1.0,0.007263922518159807,0.011764705882352941,0.014492753623188406,0.0,1.9,13,13,1.0,0.4074858757062147,0.41041162227602906,0.35149313962873285,0.5088781275221953,0.3591606133979015,0.007263922518159807,0.007263922518159807,0.03268765133171913,0.4993946731234867,0.9315980629539952,0.9667070217917676,cnn&lstm,cnn&lstm,global,1,1,2.0
time_block,1,2,1.0,0.007263922518159807,0.011764705882352941,0.014492753623188406,0.0,1.9,13,13,1.0,0.413135593220339,0.4180790960451977,0.3595641646489104,0.5242130750605327,0.3506860371267151,0.006658595641646489,0.007263922518159807,0.05508474576271186,0.5066585956416465,0.9364406779661016,0.9667070217917676,cnn&lstm,cnn&lstm,global,1,1,2.0
time_block,2,0,1.0,0.0,0.0,0.0,0.0,1.9,13,13,1.0,0.42615414710485133,0.4217527386541471,0.3798904538341158,0.505868544600939,0.39710485133020346,0.0017605633802816902,0.007042253521126761,0.0534037558685446,0.5674882629107981,0.9524647887323944,0.9747652582159625,cnn&lstm,cnn&lstm,global,1,1,2.0
time_block,2,1,1.0,0.0,0.0,0.0,0.0,1.9,13,13,1.0,0.4446400625978091,0.44835680751173707,0.3963223787167449,0.5078247261345853,0.426056338028169,0.0017605633802816902,0.008215962441314555,0.07276995305164319,0.6402582159624414,0.9665492957746479,0.9782863849765259,cnn&lstm,cnn&lstm,global,1,1,2.0
time_block,2,2,1.0,0.0,0.0,0.0,0.0,1.9,13,13,1.0,0.4259585289514867,0.42801251956181535,0.36306729264475746,0.5336463223787168,0.37910798122065725,0.0005868544600938967,0.004107981220657277,0.07629107981220658,0.5475352112676056,0.9512910798122066,0.9759389671361502,cnn&lstm,cnn&lstm,global,1,1,2.0
time_block,3,0,1.0,0.01152073732718894,0.02197802197802198,0.021929824561403508,0.0,1.9,13,13,1.0,0.49942396313364057,0.45506912442396313,0.4339477726574501,0.5814132104454686,0.5272657450076805,0.02131336405529954,0.041474654377880185,0.26900921658986177,0.7332949308755761,0.9608294930875576,0.9706221198156681,cnn&lstm,cnn&lstm,global,1,1,2.0
time_block,3,1,1.0,0.009216589861751152,0.02197802197802198,0.017543859649122806,0.0,1.9,13,13,1.0,0.4740783410138249,0.4308755760368664,0.41897081413210446,0.5249615975422427,0.521505376344086,0.012096774193548387,0.0293778801843318,0.1889400921658986,0.6849078341013825,0.9602534562211982,0.9688940092165899,cnn&lstm,cnn&lstm,global,1,1,2.0
time_block,3,2,1.0,0.009216589861751152,0.02197802197802198,0.017543859649122806,0.0,1.9,13,13,1.0,0.4719662058371736,0.4539170506912442,0.4166666666666667,0.5748847926267281,0.4423963133640553,0.012672811059907835,0.022465437788018433,0.18029953917050692,0.6860599078341014,0.9608294930875576,0.9694700460829493,cnn&lstm,cnn&lstm,global,1,1,2.0
time_block,4,0,1.0,0.00437636761487965,0.01098901098901099,0.0273972602739726,0.0,1.9,13,13,1.0,0.4564186725018235,0.3701677607585704,0.3424507658643326,0.6010211524434719,0.5120350109409191,0.005470459518599562,0.009846827133479213,0.2636761487964989,0.5607221006564551,0.9245076586433261,0.9742888402625821,cnn&lstm,cnn&lstm,global,1,1,2.0
time_block,4,1,1.0,0.00437636761487965,0.01098901098901099,0.0273972602739726,0.0,1.9,13,13,1.0,0.46198030634573306,0.36980306345733044,0.35776805251641136,0.5882567469000729,0.5320933625091174,0.007111597374179431,0.01477024070021882,0.2587527352297593,0.5722100656455142,0.9403719912472648,0.9786652078774617,cnn&lstm,cnn&lstm,global,1,1,2.0
time_block,4,2,1.0,0.006564551422319475,0.01098901098901099,0.0410958904109589,0.0,1.9,13,13,1.0,0.44055433989788473,0.37235594456601023,0.35521517140773157,0.586797957695113,0.44784828592268416,0.007111597374179431,0.009846827133479213,0.1799781181619256,0.5333698030634574,0.937089715536105,0.975929978118162,cnn&lstm,cnn&lstm,global,1,1,2.0
group_kfold_seg,0,0,1.0,0.046255506607929514,0.10344827586206896,0.09569377990430622,0.004081632653061225,1.9,3,3,1.0,0.5640602055800293,0.5165198237885462,0.4787077826725404,0.6409691629955947,0.6200440528634361,0.04955947136563876,0.08590308370044053,0.43612334801762115,0.8474669603524229,0.9812775330396476,0.9840308370044053,cnn|mcd,cnn|mcd,global,1,1,2.0
group_kfold_seg,0,1,1.0,0.04405286343612335,0.10344827586206896,0.09090909090909091,0.004081632653061225,1.9,3,3,1.0,0.5502019089574156,0.5,0.4669603524229075,0.6226138032305433,0.6112334801762115,0.048458149779735685,0.07599118942731277,0.401431718061674,0.8116740088105727,0.9796255506607929,0.9840308370044053,cnn|mcd,cnn|mcd,global,1,1,2.0
group_kfold_seg,0,2,1.0,0.04405286343612335,0.10344827586206896,0.09090909090909091,0.004081632653061225,1.9,3,3,1.0,0.552496328928047,0.5117474302496329,0.4618208516886931,0.6233480176211453,0.6130690161527166,0.04790748898678414,0.07764317180616741,0.40473568281938327,0.8193832599118943,0.9812775330396476,0.9840308370044053,cnn|mcd,cnn|mcd,global,1,1,2.0
group_kfold_seg,1,0,1.0,0.033112582781456956,0.07865168539325842,0.07142857142857142,0.0,1.9,2,2,1.0,0.5533480500367918,0.5073583517292126,0.45952906548933037,0.637233259749816,0.609271523178808,0.0380794701986755,0.08278145695364239,0.445916114790287,0.7941501103752759,0.9784768211920529,0.9806843267108167,cnn|mcd,cnn|mcd,global,1,1,2.0
group_kfold_seg,1,1,1.0,0.03532008830022075,0.07865168539325842,0.0761904761904762,0.0,1.9,2,2,1.0,0.5534400294334069,0.5099337748344371,0.46541574687270054,0.630242825607064,0.608167770419426,0.04028697571743929,0.08112582781456953,0.44150110375275936,0.8029801324503312,0.9740618101545254,0.9806843267108167,cnn|mcd,cnn|mcd,global,1,1,2.0
group_kfold_seg,1,2,1.0,0.033112582781456956,0.07865168539325842,0.07142857142857142,0.0,1.9,2,2,1.0,0.5562913907284768,0.5128771155261221,0.46210448859455483,0.6331861662987491,0.6169977924944813,0.039183222958057394,0.08278145695364239,0.44977924944812364,0.8084988962472406,0.9768211920529801,0.9806843267108167,cnn|mcd,cnn|mcd,global,1,1,2.0
group_kfold_seg,2,0,1.0,0.01179245283018868,0.046511627906976744,0.035211267605633804,0.0,1.9,2,2,1.0,0.5103183962264151,0.4492924528301887,0.4143081761006289,0.592374213836478,0.5852987421383647,0.01179245283018868,0.03242924528301887,0.3313679245283019,0.7376179245283019,0.9663915094339622,0.9823113207547169,cnn|mcd,cnn|mcd,global,1,1,2.0
group_kfold_seg,2,1,1.0,0.01179245283018868,0.046511627906976744,0.035211267605633804,0.0,1.9,2,2,1.0,0.4988207547169811,0.44221698113207547,0.3981918238993711,0.5817610062893082,0.5731132075471698,0.01179245283018868,0.0294811320754717,0.3007075471698113,0.7122641509433962,0.9563679245283019,0.9823113207547169,cnn|mcd,cnn|mcd,global,1,1,2.0
group_kfold_seg,2,2,1.0,0.01179245283018868,0.046511627906976744,0.035211267605633804,0.0,1.9,2,2,1.0,0.497936320754717,0.4473270440251572,0.39937106918238996,0.5672169811320755,0.5778301886792453,0.01179245283018868,0.0294811320754717,0.28714622641509435,0.714622641509434,0.9622641509433962,0.9823113207547169,cnn|mcd,cnn|mcd,global,1,1,2.0
group_kfold_seg,3,0,1.0,0.01263157894736842,0.030612244897959183,0.030456852791878174,0.0,1.9,3,3,1.0,0.5037719298245614,0.45087719298245615,0.40982456140350876,0.5926315789473684,0.5617543859649122,0.018947368421052633,0.04631578947368421,0.3021052631578947,0.716842105263158,0.9605263157894737,0.9778947368421053,cnn|mcd,cnn|mcd,global,1,1,2.0
group_kfold_seg,3,1,1.0,0.010526315789473684,0.030612244897959183,0.025380710659898477,0.0,1.9,3,3,1.0,0.4967543859649123,0.443859649122807,0.4056140350877193,0.5849122807017544,0.5526315789473685,0.014210526315789474,0.03631578947368421,0.2873684210526316,0.7094736842105264,0.9552631578947368,0.9778947368421053,cnn|mcd,cnn|mcd,global,1,1,2.0
group_kfold_seg,3,2,1.0,0.021052631578947368,0.05102040816326531,0.050761421319796954,0.0,1.9,3,3,1.0,0.5270175438596492,0.49122807017543857,0.4326315789473684,0.6080701754385965,0.576140350877193,0.02368421052631579,0.05789473684210526,0.3463157894736842,0.7894736842105263,0.966842105263158,0.9778947368421053,cnn|mcd,cnn|mcd,global,1,1,2.0
group_kfold_seg,4,0,1.0,0.015625,0.05434782608695652,0.03056768558951965,0.0,1.9,3,3,1.0,0.5042782738095238,0.44382440476190477,0.41108630952380953,0.6037946428571429,0.5584077380952381,0.017857142857142856,0.04241071428571429,0.32589285714285715,0.7081473214285714,0.9575892857142857,0.9737723214285714,cnn|mcd,cnn|mcd,global,1,1,2.0
group_kfold_seg,4,1,1.0,0.015625,0.05434782608695652,0.03056768558951965,0.0,1.9,3,3,1.0,0.5151599702380952,0.4616815476190476,0.41703869047619047,0.6145833333333334,0.5673363095238095,0.021205357142857144,0.05189732142857143,0.35044642857142855,0.7354910714285714,0.9581473214285714,0.9737723214285714,cnn|mcd,cnn|mcd,global,1,1,2.0
group_kfold_seg,4,2,1.0,0.015625,0.05434782608695652,0.03056768558951965,0.0,1.9,3,3,1.0,0.49832589285714285,0.43936011904761907,0.40401785714285715,0.5918898809523809,0.5580357142857143,0.018415178571428572,0.04017857142857143,0.3080357142857143,0.69140625,0.9581473214285714,0.9737723214285714,cnn|mcd,cnn|mcd,global,1,1,2.0
time_block,1,0,1.0,0.009685230024213076,0.023529411764705882,0.014492753623188406,0.0048543689320388345,1.9,13,13,1.0,0.5097861178369653,0.4608555286521388,0.4378531073446328,0.5706214689265536,0.5698143664245359,0.011501210653753027,0.031476997578692496,0.2990314769975787,0.7657384987893463,0.9733656174334141,0.9776029055690073,cnn|mcd,cnn|mcd,global,1,1,2.0
time_block,1,1,1.0,0.012106537530266344,0.03529411764705882,0.01932367149758454,0.0048543689320388345,1.9,13,13,1.0,0.50090799031477,0.44511702986279256,0.4245359160613398,0.572639225181598,0.5613397901533494,0.010895883777239709,0.02784503631961259,0.2814769975786925,0.7378934624697336,0.9691283292978208,0.9782082324455206,cnn|mcd,cnn|mcd,global,1,1,2.0
time_block,1,2,1.0,0.012106537530266344,0.03529411764705882,0.01932367149758454,0.0048543689320388345,1.9,13,13,1.0,0.5086763518966909,0.4580306698950767,0.4241323648103309,0.5770782889426957,0.5754640839386602,0.016343825665859565,0.03631961259079903,0.3075060532687651,0.7427360774818402,0.9715496368038741,0.9776029055690073,cnn|mcd,cnn|mcd,global,1,1,2.0
time_block,2,0,1.0,0.014084507042253521,0.034482758620689655,0.02912621359223301,0.0,1.9,13,13,1.0,0.5239632237871674,0.46517996870109546,0.43309859154929575,0.594679186228482,0.6028951486697965,0.018192488262910797,0.057511737089201875,0.34330985915492956,0.7652582159624414,0.977112676056338,0.9823943661971831,cnn|mcd,cnn|mcd,global,1,1,2.0
time_block,2,1,1.0,0.009389671361502348,0.022988505747126436,0.019417475728155338,0.0,1.9,13,13,1.0,0.522887323943662,0.47143974960876367,0.4362284820031299,0.594679186228482,0.5892018779342723,0.01232394366197183,0.04225352112676056,0.3386150234741784,0.784037558685446,0.9776995305164319,0.9823943661971831,cnn|mcd,cnn|mcd,global,1,1,2.0
time_block,2,2,1.0,0.009389671361502348,0.022988505747126436,0.019417475728155338,0.0,1.9,13,13,1.0,0.5219092331768388,0.47143974960876367,0.42214397496087636,0.5985915492957746,0.5954616588419406,0.011737089201877934,0.04870892018779343,0.3444835680751174,0.7658450704225352,0.9782863849765259,0.9823943661971831,cnn|mcd,cnn|mcd,global,1,1,2.0
time_block,3,0,1.0,0.018433179723502304,0.054945054945054944,0.03070175438596491,0.0048543689320388345,1.9,13,13,1.0,0.5356182795698925,0.47427035330261136,0.4485407066052227,0.6148233486943164,0.6048387096774194,0.03052995391705069,0.07373271889400922,0.38306451612903225,0.7759216589861752,0.9735023041474654,0.9769585253456221,cnn|mcd,cnn|mcd,global,1,1,2.0
time_block,3,1,1.0,0.016129032258064516,0.054945054945054944,0.02631578947368421,0.0048543689320388345,1.9,13,13,1.0,0.518721198156682,0.45161290322580644,0.43740399385560674,0.5960061443932412,0.5898617511520737,0.019585253456221197,0.05587557603686636,0.3392857142857143,0.7505760368663594,0.9700460829493087,0.9769585253456221,cnn|mcd,cnn|mcd,global,1,1,2.0
time_block,3,2,1.0,0.016129032258064516,0.054945054945054944,0.02631578947368421,0.0048543689320388345,1.9,13,13,1.0,0.5252496159754224,0.4719662058371736,0.4339477726574501,0.6021505376344086,0.5929339477726574,0.021889400921658985,0.058179723502304145,0.3519585253456221,0.7707373271889401,0.9717741935483871,0.9769585253456221,cnn|mcd,cnn|mcd,global,1,1,2.0
time_block,4,0,1.0,0.0262582056892779,0.07692307692307693,0.0273972602739726,0.026041666666666668,1.9,13,13,1.0,0.5030087527352297,0.4059080962800875,0.3796498905908096,0.6221735959153902,0.6043034281546317,0.026805251641137857,0.04923413566739606,0.3637855579868709,0.6269146608315098,0.9660831509846827,0.9852297592997812,cnn|mcd,cnn|mcd,global,1,1,2.0
time_block,4,1,1.0,0.0262582056892779,0.07692307692307693,0.0273972602739726,0.026041666666666668,1.9,13,13,1.0,0.49717359591539023,0.3891320204230489,0.3730853391684901,0.6294675419401896,0.5970094821298323,0.02735229759299781,0.04649890590809628,0.3665207877461707,0.6028446389496718,0.9545951859956237,0.9852297592997812,cnn|mcd,cnn|mcd,global,1,1,2.0
time_block,4,2,1.0,0.028446389496717725,0.07692307692307693,0.0410958904109589,0.026041666666666668,1.9,13,13,1.0,0.4980853391684901,0.3975200583515682,0.37199124726477023,0.6156090444930707,0.6072210065645515,0.02735229759299781,0.048687089715536105,0.3550328227571116,0.6099562363238512,0.962253829321663,0.9852297592997812,cnn|mcd,cnn|mcd,global,1,1,2.0
group_kfold_seg,0,0,1.0,0.05506607929515418,0.10344827586206896,0.11961722488038277,0.0,1.9,3,3,1.0,0.5748898678414097,0.5741556534508077,0.4853157121879589,0.6545521292217328,0.5855359765051396,0.06277533039647577,0.09030837004405286,0.47026431718061673,0.8639867841409692,0.9785242290748899,0.9834801762114538,lstm|mcd,lstm|mcd,global,1,1,2.0
group_kfold_seg,0,1,1.0,0.046255506607929514,0.09195402298850575,0.10047846889952153,0.0,1.9,3,3,1.0,0.5340491923641704,0.5521292217327459,0.46145374449339205,0.5613069016152716,0.5613069016152716,0.05231277533039647,0.06662995594713657,0.30286343612334804,0.8237885462555066,0.9757709251101322,0.9829295154185022,lstm|mcd,lstm|mcd,global,1,1,2.0
group_kfold_seg,0,2,1.0,0.05286343612334802,0.10344827586206896,0.11483253588516747,0.0,1.9,3,3,1.0,0.5390051395007343,0.5726872246696035,0.4831130690161527,0.5770925110132159,0.5231277533039648,0.05837004405286344,0.07544052863436124,0.2918502202643172,0.849669603524229,0.9763215859030837,0.9823788546255506,lstm|mcd,lstm|mcd,global,1,1,2.0
group_kfold_seg,1,0,1.0,0.02207505518763797,0.06741573033707865,0.047619047619047616,0.0,1.9,2,2,1.0,0.5402869757174393,0.5342163355408388,0.4562178072111847,0.6199411331861663,0.5507726269315674,0.03532008830022075,0.06677704194260485,0.3901766004415011,0.8062913907284768,0.9657836644591612,0.9773730684326711,lstm|mcd,lstm|mcd,global,1,1,2.0
group_kfold_seg,1,1,1.0,0.02869757174392936,0.0898876404494382,0.06190476190476191,0.0,1.9,2,2,1.0,0.5269499632082414,0.5301692420897719,0.4470198675496689,0.5688005886681383,0.5618101545253863,0.039735099337748346,0.0684326710816777,0.3189845474613687,0.7869757174392936,0.9690949227373068,0.9784768211920529,lstm|mcd,lstm|mcd,global,1,1,2.0
group_kfold_seg,1,2,1.0,0.033112582781456956,0.07865168539325842,0.07142857142857142,0.0,1.9,2,2,1.0,0.5098417954378219,0.5268579838116262,0.4385577630610743,0.5621780721118469,0.5117733627667402,0.04194260485651214,0.061258278145695365,0.24724061810154527,0.7759381898454746,0.9547461368653422,0.977924944812362,lstm|mcd,lstm|mcd,global,1,1,2.0
group_kfold_seg,2,0,1.0,0.01179245283018868,0.046511627906976744,0.035211267605633804,0.0,1.9,2,2,1.0,0.4925314465408805,0.46776729559748426,0.3915094339622642,0.5876572327044025,0.523191823899371,0.01179245283018868,0.020047169811320754,0.2783018867924528,0.7270047169811321,0.9410377358490566,0.9770047169811321,lstm|mcd,lstm|mcd,global,1,1,2.0
group_kfold_seg,2,1,1.0,0.01179245283018868,0.046511627906976744,0.035211267605633804,0.0,1.9,2,2,1.0,0.48565251572327045,0.4724842767295597,0.3922955974842767,0.5404874213836478,0.5373427672955975,0.01179245283018868,0.020047169811320754,0.23231132075471697,0.7246462264150944,0.9463443396226415,0.9787735849056604,lstm|mcd,lstm|mcd,global,1,1,2.0
group_kfold_seg,2,2,1.0,0.01179245283018868,0.046511627906976744,0.035211267605633804,0.0,1.9,2,2,1.0,0.46717767295597484,0.46855345911949686,0.3863993710691824,0.5397012578616353,0.4740566037735849,0.01179245283018868,0.01650943396226415,0.14622641509433962,0.7116745283018868,0.941627358490566,0.9752358490566038,lstm|mcd,lstm|mcd,global,1,1,2.0
group_kfold_seg,3,0,1.0,0.021052631578947368,0.04081632653061224,0.050761421319796954,0.0,1.9,3,3,1.0,0.5196491228070176,0.5175438596491229,0.4326315789473684,0.608421052631579,0.52,0.024210526315789474,0.0431578947368421,0.35,0.7784210526315789,0.9489473684210527,0.9731578947368421,lstm|mcd,lstm|mcd,global,1,1,2.0
group_kfold_seg,3,1,1.0,0.010526315789473684,0.030612244897959183,0.025380710659898477,0.0,1.9,3,3,1.0,0.5009649122807017,0.507719298245614,0.42175438596491227,0.5519298245614035,0.5224561403508772,0.015789473684210527,0.03368421052631579,0.26526315789473687,0.7668421052631579,0.9505263157894737,0.9736842105263158,lstm|mcd,lstm|mcd,global,1,1,2.0
group_kfold_seg,3,2,1.0,0.01263157894736842,0.030612244897959183,0.030456852791878174,0.0,1.9,3,3,1.0,0.4674561403508772,0.47543859649122805,0.39403508771929824,0.5638596491228071,0.43649122807017543,0.01368421052631579,0.025789473684210525,0.16210526315789472,0.6973684210526315,0.9347368421052632,0.9710526315789474,lstm|mcd,lstm|mcd,global,1,1,2.0
group_kfold_seg,4,0,1.0,0.015625,0.05434782608695652,0.03056768558951965,0.0,1.9,3,3,1.0,0.494140625,0.47805059523809523,0.39546130952380953,0.5952380952380952,0.5078125,0.017857142857142856,0.029017857142857144,0.29129464285714285,0.734375,0.921875,0.9704241071428571,lstm|mcd,lstm|mcd,global,1,1,2.0
group_kfold_seg,4,1,1.0,0.015625,0.05434782608695652,0.03056768558951965,0.0,1.9,3,3,1.0,0.5038132440476191,0.5093005952380952,0.4133184523809524,0.5665922619047619,0.5260416666666666,0.017857142857142856,0.033482142857142856,0.2857142857142857,0.7633928571428571,0.9497767857142857,0.97265625,lstm|mcd,lstm|mcd,global,1,1,2.0
group_kfold_seg,4,2,1.0,0.015625,0.05434782608695652,0.03056768558951965,0.0,1.9,3,3,1.0,0.4701450892857143,0.4732142857142857,0.38244047619047616,0.5472470238095238,0.47767857142857145,0.017857142857142856,0.025111607142857144,0.17912946428571427,0.7120535714285714,0.9174107142857143,0.9693080357142857,lstm|mcd,lstm|mcd,global,1,1,2.0
time_block,1,0,1.0,0.009685230024213076,0.023529411764705882,0.014492753623188406,0.0048543689320388345,1.9,13,13,1.0,0.45994753833736884,0.496771589991929,0.37933817594834546,0.5225988700564972,0.4410815173527038,0.009079903147699757,0.01513317191283293,0.13256658595641646,0.6840193704600485,0.9491525423728814,0.9697336561743342,lstm|mcd,lstm|mcd,global,1,1,2.0
time_block,1,1,1.0,0.009685230024213076,0.023529411764705882,0.014492753623188406,0.0048543689320388345,1.9,13,13,1.0,0.4487489911218725,0.4721549636803874,0.3591606133979015,0.5201775625504439,0.4435028248587571,0.009079903147699757,0.012711864406779662,0.11743341404358354,0.639225181598063,0.9430992736077481,0.9709443099273608,lstm|mcd,lstm|mcd,global,1,1,2.0
time_block,1,2,1.0,0.009685230024213076,0.023529411764705882,0.014492753623188406,0.0048543689320388345,1.9,13,13,1.0,0.454499596448749,0.4737691686844229,0.3668280871670702,0.5347054075867635,0.4426957223567393,0.00847457627118644,0.013317191283292978,0.14043583535108958,0.6458837772397095,0.9473365617433414,0.9715496368038741,lstm|mcd,lstm|mcd,global,1,1,2.0
time_block,2,0,1.0,0.002347417840375587,0.011494252873563218,0.0048543689320388345,0.0,1.9,13,13,1.0,0.46645148669796554,0.49413145539906106,0.3865414710485133,0.5156494522691706,0.4694835680751174,0.00528169014084507,0.015258215962441314,0.13086854460093897,0.710093896713615,0.9589201877934272,0.9782863849765259,lstm|mcd,lstm|mcd,global,1,1,2.0
time_block,2,1,1.0,0.004694835680751174,0.022988505747126436,0.009708737864077669,0.0,1.9,13,13,1.0,0.48376369327073554,0.5312989045383412,0.4025821596244131,0.519170579029734,0.48200312989045385,0.009976525821596244,0.01936619718309859,0.16490610328638497,0.7564553990610329,0.9700704225352113,0.9818075117370892,lstm|mcd,lstm|mcd,global,1,1,2.0
time_block,2,2,1.0,0.002347417840375587,0.011494252873563218,0.0048543689320388345,0.0,1.9,13,13,1.0,0.46429968701095464,0.4831768388106416,0.36932707355242567,0.5406885758998435,0.46400625978090765,0.0035211267605633804,0.013497652582159625,0.15492957746478872,0.6795774647887324,0.9565727699530516,0.9776995305164319,lstm|mcd,lstm|mcd,global,1,1,2.0
time_block,3,0,1.0,0.03225806451612903,0.07692307692307693,0.05701754385964912,0.0048543689320388345,1.9,13,13,1.0,0.5412826420890937,0.5568356374807988,0.45698924731182794,0.598310291858679,0.5529953917050692,0.04205069124423963,0.07315668202764977,0.3761520737327189,0.8225806451612904,0.9625576036866359,0.9711981566820277,lstm|mcd,lstm|mcd,global,1,1,2.0
time_block,3,1,1.0,0.029953917050691243,0.07692307692307693,0.05263157894736842,0.0048543689320388345,1.9,13,13,1.0,0.5252496159754224,0.5629800307219662,0.44278033794162824,0.544162826420891,0.5510752688172043,0.03917050691244239,0.06970046082949309,0.30414746543778803,0.8052995391705069,0.9619815668202765,0.9711981566820277,lstm|mcd,lstm|mcd,global,1,1,2.0
time_block,3,2,1.0,0.02534562211981567,0.06593406593406594,0.043859649122807015,0.0048543689320388345,1.9,13,13,1.0,0.5238095238095238,0.5568356374807988,0.4416282642089094,0.6006144393241167,0.49615975422427033,0.036290322580645164,0.0587557603686636,0.3052995391705069,0.8087557603686636,0.9631336405529954,0.9706221198156681,lstm|mcd,lstm|mcd,global,1,1,2.0
time_block,4,0,1.0,0.0262582056892779,0.07692307692307693,0.0273972602739726,0.026041666666666668,1.9,13,13,1.0,0.4851385849744712,0.4037199124726477,0.34974471188913203,0.6265499635302699,0.5605397520058352,0.025711159737417943,0.03665207877461707,0.3424507658643326,0.5940919037199125,0.9316192560175055,0.9803063457330415,lstm|mcd,lstm|mcd,global,1,1,2.0
time_block,4,1,1.0,0.028446389496717725,0.07692307692307693,0.0410958904109589,0.026041666666666668,1.9,13,13,1.0,0.4947118891320204,0.4212253829321663,0.3741794310722101,0.6072210065645515,0.5762217359591539,0.028446389496717725,0.04431072210065645,0.3320568927789934,0.62527352297593,0.9540481400437637,0.9841356673960613,lstm|mcd,lstm|mcd,global,1,1,2.0
time_block,4,2,1.0,0.03282275711159737,0.07692307692307693,0.0684931506849315,0.026041666666666668,1.9,13,13,1.0,0.48048869438366154,0.4139314369073669,0.3687089715536105,0.613056163384391,0.526258205689278,0.031181619256017507,0.038840262582056896,0.27297592997811815,0.612691466083151,0.9458424507658644,0.9814004376367614,lstm|mcd,lstm|mcd,global,1,1,2.0
group_kfold_seg,0,0,1.0,0.04185022026431718,0.08045977011494253,0.09090909090909091,0.0,1.9,3,3,1.0,0.5463472834067548,0.5646108663729809,0.45594713656387664,0.6112334801762115,0.55359765051395,0.051211453744493395,0.07323788546255507,0.3777533039647577,0.8133259911894273,0.9779735682819384,0.9845814977973568,gat|mcd,gat|mcd,global,1,1,2.0
group_kfold_seg,0,1,1.0,0.04185022026431718,0.08045977011494253,0.09090909090909091,0.0,1.9,3,3,1.0,0.5499265785609398,0.5752569750367107,0.4621879588839941,0.6082966226138032,0.5539647577092511,0.05066079295154185,0.08204845814977973,0.3755506607929515,0.8281938325991189,0.9785242290748899,0.9845814977973568,gat|mcd,gat|mcd,global,1,1,2.0
group_kfold_seg,0,2,1.0,0.039647577092511016,0.08045977011494253,0.0861244019138756,0.0,1.9,3,3,1.0,0.5356093979441997,0.5605726872246696,0.44713656387665196,0.5862701908957415,0.5484581497797357,0.049008810572687224,0.07158590308370044,0.3276431718061674,0.8045154185022027,0.9763215859030837,0.9845814977973568,gat|mcd,gat|mcd,global,1,1,2.0
group_kfold_seg,1,0,1.0,0.02869757174392936,0.0898876404494382,0.06190476190476191,0.0,1.9,2,2,1.0,0.5226269315673289,0.5294334069168506,0.4392935982339956,0.5816777041942605,0.5401030169242089,0.04470198675496689,0.06677704194260485,0.3007726269315673,0.7742825607064018,0.9685430463576159,0.9806843267108167,gat|mcd,gat|mcd,global,1,1,2.0
group_kfold_seg,1,1,1.0,0.03090507726269316,0.07865168539325842,0.06666666666666667,0.0,1.9,2,2,1.0,0.5248344370860927,0.5375275938189845,0.4315673289183223,0.594186902133922,0.536055923473142,0.04415011037527594,0.0673289183222958,0.3200883002207506,0.7665562913907285,0.9701986754966887,0.9806843267108167,gat|mcd,gat|mcd,global,1,1,2.0
group_kfold_seg,1,2,1.0,0.033112582781456956,0.07865168539325842,0.07142857142857142,0.0,1.9,2,2,1.0,0.5253863134657837,0.5320088300220751,0.44150110375275936,0.58719646799117,0.5408388520971302,0.045805739514348784,0.07008830022075055,0.31236203090507725,0.7753863134657837,0.9679911699779249,0.9806843267108167,gat|mcd,gat|mcd,global,1,1,2.0
group_kfold_seg,2,0,1.0,0.01179245283018868,0.046511627906976744,0.035211267605633804,0.0,1.9,2,2,1.0,0.4898781446540881,0.4716981132075472,0.38404088050314467,0.5782232704402516,0.5255503144654088,0.01179245283018868,0.017099056603773585,0.26297169811320753,0.7163915094339622,0.9481132075471698,0.9829009433962265,gat|mcd,gat|mcd,global,1,1,2.0
group_kfold_seg,2,1,1.0,0.01179245283018868,0.046511627906976744,0.035211267605633804,0.0,1.9,2,2,1.0,0.48594732704402516,0.47287735849056606,0.37028301886792453,0.5770440251572327,0.5235849056603774,0.01179245283018868,0.018867924528301886,0.2617924528301887,0.6987028301886793,0.941627358490566,0.9829009433962265,gat|mcd,gat|mcd,global,1,1,2.0
group_kfold_seg,2,2,1.0,0.01179245283018868,0.046511627906976744,0.035211267605633804,0.0,1.9,2,2,1.0,0.4805424528301887,0.46894654088050314,0.37028301886792453,0.5632861635220126,0.5196540880503144,0.01179245283018868,0.01650943396226415,0.2340801886792453,0.6963443396226415,0.941627358490566,0.9829009433962265,gat|mcd,gat|mcd,global,1,1,2.0
group_kfold_seg,3,0,1.0,0.01263157894736842,0.04081632653061224,0.030456852791878174,0.0,1.9,3,3,1.0,0.49201754385964913,0.4964912280701754,0.3898245614035088,0.5684210526315789,0.5133333333333333,0.018947368421052633,0.03368421052631579,0.2563157894736842,0.7215789473684211,0.9436842105263158,0.9778947368421053,gat|mcd,gat|mcd,global,1,1,2.0
group_kfold_seg,3,1,1.0,0.010526315789473684,0.04081632653061224,0.025380710659898477,0.0,1.9,3,3,1.0,0.49333333333333335,0.507719298245614,0.38456140350877194,0.5673684210526316,0.5136842105263157,0.01631578947368421,0.03736842105263158,0.26631578947368423,0.7173684210526315,0.9447368421052632,0.9778947368421053,gat|mcd,gat|mcd,global,1,1,2.0
group_kfold_seg,3,2,1.0,0.008421052631578947,0.030612244897959183,0.02030456852791878,0.0,1.9,3,3,1.0,0.4903508771929825,0.5056140350877193,0.38526315789473686,0.5592982456140351,0.5112280701754386,0.014736842105263158,0.03631578947368421,0.24947368421052632,0.72,0.9436842105263158,0.9778947368421053,gat|mcd,gat|mcd,global,1,1,2.0
group_kfold_seg,4,0,1.0,0.015625,0.05434782608695652,0.03056768558951965,0.0,1.9,3,3,1.0,0.49637276785714285,0.4992559523809524,0.3958333333333333,0.5848214285714286,0.5055803571428571,0.017857142857142856,0.03236607142857143,0.2767857142857143,0.7338169642857143,0.9436383928571429,0.9737723214285714,gat|mcd,gat|mcd,global,1,1,2.0
group_kfold_seg,4,1,1.0,0.015625,0.05434782608695652,0.03056768558951965,0.0,1.9,3,3,1.0,0.49367559523809523,0.5055803571428571,0.38876488095238093,0.5736607142857143,0.5066964285714286,0.017857142857142856,0.037388392857142856,0.26004464285714285,0.7282366071428571,0.9441964285714286,0.9743303571428571,gat|mcd,gat|mcd,global,1,1,2.0
group_kfold_seg,4,2,1.0,0.015625,0.05434782608695652,0.03056768558951965,0.0,1.9,3,3,1.0,0.4869791666666667,0.4851190476190476,0.39248511904761907,0.5706845238095238,0.49962797619047616,0.017857142857142856,0.030691964285714284,0.23660714285714285,0.7243303571428571,0.9386160714285714,0.9737723214285714,gat|mcd,gat|mcd,global,1,1,2.0
time_block,1,0,1.0,0.012106537530266344,0.03529411764705882,0.01932367149758454,0.0048543689320388345,1.9,13,13,1.0,0.5217917675544794,0.5891848264729621,0.4410815173527038,0.5254237288135594,0.5314769975786925,0.018159806295399514,0.07263922518159806,0.25786924939467315,0.8299031476997578,0.9703389830508474,0.9818401937046005,gat|mcd,gat|mcd,global,1,1,2.0
time_block,1,1,1.0,0.009685230024213076,0.023529411764705882,0.014492753623188406,0.0048543689320388345,1.9,13,13,1.0,0.5282485875706214,0.5936238902340597,0.4523809523809524,0.5347054075867635,0.5322841000807103,0.016343825665859565,0.07021791767554479,0.2784503631961259,0.8498789346246973,0.9727602905569007,0.9818401937046005,gat|mcd,gat|mcd,global,1,1,2.0
time_block,1,2,1.0,0.009685230024213076,0.023529411764705882,0.014492753623188406,0.0048543689320388345,1.9,13,13,1.0,0.5068603712671509,0.5613397901533494,0.4322033898305085,0.5149313962873285,0.5189669087974172,0.012711864406779662,0.05750605326876514,0.21610169491525424,0.8020581113801453,0.9703389830508474,0.9824455205811138,gat|mcd,gat|mcd,global,1,1,2.0
time_block,2,0,1.0,0.023474178403755867,0.04597701149425287,0.04854368932038835,0.0,1.9,13,13,1.0,0.5482198748043818,0.5884194053208138,0.44835680751173707,0.5856807511737089,0.5704225352112676,0.03169014084507042,0.07922535211267606,0.37089201877934275,0.846830985915493,0.9759389671361502,0.9847417840375586,gat|mcd,gat|mcd,global,1,1,2.0
time_block,2,1,1.0,0.018779342723004695,0.034482758620689655,0.038834951456310676,0.0,1.9,13,13,1.0,0.5523278560250391,0.5845070422535211,0.4569640062597809,0.5958528951486698,0.5719874804381847,0.031103286384976527,0.07394366197183098,0.38438967136150237,0.8615023474178404,0.9776995305164319,0.9853286384976526,gat|mcd,gat|mcd,global,1,1,2.0
time_block,2,2,1.0,0.023474178403755867,0.04597701149425287,0.04854368932038835,0.0,1.9,13,13,1.0,0.5501760563380281,0.5848982785602503,0.45735524256651017,0.5841158059467919,0.5743348982785602,0.03697183098591549,0.07687793427230047,0.36561032863849763,0.8585680751173709,0.977112676056338,0.9859154929577465,gat|mcd,gat|mcd,global,1,1,2.0
time_block,3,0,1.0,0.029953917050691243,0.07692307692307693,0.05263157894736842,0.0048543689320388345,1.9,13,13,1.0,0.540610599078341,0.5625960061443932,0.4416282642089094,0.5929339477726574,0.565284178187404,0.043202764976958526,0.0869815668202765,0.3709677419354839,0.7949308755760369,0.9700460829493087,0.9775345622119815,gat|mcd,gat|mcd,global,1,1,2.0
time_block,3,1,1.0,0.02534562211981567,0.07692307692307693,0.043859649122807015,0.0048543689320388345,1.9,13,13,1.0,0.5305299539170507,0.5533794162826421,0.4304915514592934,0.5821812596006144,0.5560675883256528,0.039746543778801845,0.0771889400921659,0.347926267281106,0.7788018433179723,0.9625576036866359,0.9769585253456221,gat|mcd,gat|mcd,global,1,1,2.0
time_block,3,2,1.0,0.029953917050691243,0.07692307692307693,0.05263157894736842,0.0048543689320388345,1.9,13,13,1.0,0.5444508448540707,0.5687403993855606,0.4489247311827957,0.5960061443932412,0.5641321044546851,0.04032258064516129,0.0858294930875576,0.3761520737327189,0.8145161290322581,0.9717741935483871,0.978110599078341,gat|mcd,gat|mcd,global,1,1,2.0
time_block,4,0,1.0,0.028446389496717725,0.07692307692307693,0.0410958904109589,0.026041666666666668,1.9,13,13,1.0,0.47556528081692195,0.39460247994164843,0.3398978847556528,0.6167031363967906,0.5510576221735959,0.02735229759299781,0.03446389496717724,0.2964989059080963,0.5847921225382933,0.9245076586433261,0.9857768052516411,gat|mcd,gat|mcd,global,1,1,2.0
time_block,4,1,1.0,0.028446389496717725,0.07692307692307693,0.0410958904109589,0.026041666666666668,1.9,13,13,1.0,0.4769328956965718,0.4033552151714077,0.3398978847556528,0.6094091903719913,0.5550692924872356,0.02735229759299781,0.03665207877461707,0.2921225382932166,0.5924507658643327,0.9272428884026258,0.9857768052516411,gat|mcd,gat|mcd,global,1,1,2.0
time_block,4,2,1.0,0.028446389496717725,0.07692307692307693,0.0410958904109589,0.026041666666666668,1.9,13,13,1.0,0.4716447848285923,0.3978847556528082,0.3450036469730124,0.5970094821298323,0.5466812545587163,0.02899343544857768,0.03555798687089715,0.2592997811816193,0.5886214442013129,0.9316192560175055,0.9857768052516411,gat|mcd,gat|mcd,global,1,1,2.0
group_kfold_seg,0,0,1.0,0.039647577092511016,0.06896551724137931,0.07655502392344497,0.00816326530612245,1.9,3,3,1.0,0.5750734214390602,0.5308370044052864,0.48751835535976507,0.6523494860499266,0.6295888399412628,0.045704845814977975,0.09361233480176212,0.4774229074889868,0.8678414096916299,0.9823788546255506,0.9834801762114538,cnn [상태별],cnn,state,1,1,2.0
group_kfold_seg,0,1,1.0,0.04185022026431718,0.08045977011494253,0.07655502392344497,0.012244897959183673,1.9,3,3,1.0,0.5747980910425844,0.5282672540381792,0.48861967694566816,0.6453744493392071,0.6369309838472834,0.048458149779735685,0.10077092511013216,0.48623348017621143,0.8463656387665198,0.9834801762114538,0.9834801762114538,cnn [상태별],cnn,state,1,1,2.0
group_kfold_seg,0,2,1.0,0.039647577092511016,0.06896551724137931,0.07655502392344497,0.00816326530612245,1.9,3,3,1.0,0.5777349486049926,0.53928046989721,0.48091042584434657,0.6497797356828194,0.6409691629955947,0.043502202643171804,0.10517621145374449,0.4840308370044053,0.8667400881057269,0.9834801762114538,0.9834801762114538,cnn [상태별],cnn,state,1,1,2.0
group_kfold_seg,1,0,1.0,0.026490066225165563,0.033707865168539325,0.05714285714285714,0.0,1.9,2,2,1.0,0.5660412067696836,0.515084621044886,0.4735099337748344,0.6552612214863871,0.6203090507726269,0.037527593818984545,0.10099337748344371,0.4707505518763797,0.8245033112582781,0.9812362030905077,0.9812362030905077,cnn [상태별],cnn,state,1,1,2.0
group_kfold_seg,1,1,1.0,0.026490066225165563,0.033707865168539325,0.05714285714285714,0.0,1.9,2,2,1.0,0.5673289183222958,0.5224429727740986,0.4808682855040471,0.6501103752759382,0.6158940397350994,0.0380794701986755,0.10485651214128035,0.46688741721854304,0.8322295805739515,0.9806843267108167,0.9812362030905077,cnn [상태별],cnn,state,1,1,2.0
group_kfold_seg,1,2,1.0,0.024282560706401765,0.0449438202247191,0.05238095238095238,0.0,1.9,2,2,1.0,0.5666850625459897,0.515084621044886,0.4742457689477557,0.6508462104488595,0.6265636497424577,0.03421633554083885,0.10375275938189846,0.46909492273730685,0.8316777041942605,0.9801324503311258,0.9812362030905077,cnn [상태별],cnn,state,1,1,2.0
group_kfold_seg,2,0,1.0,0.0,0.0,0.0,0.0,1.9,2,2,1.0,0.5370479559748428,0.47877358490566035,0.43553459119496857,0.6218553459119497,0.6120283018867925,0.0023584905660377358,0.04658018867924528,0.41214622641509435,0.8007075471698113,0.9775943396226415,0.9829009433962265,cnn [상태별],cnn,state,1,1,2.0
group_kfold_seg,2,1,1.0,0.0,0.0,0.0,0.0,1.9,2,2,1.0,0.52437106918239,0.4658018867924528,0.4190251572327044,0.6108490566037735,0.601808176100629,0.0,0.04540094339622641,0.3755896226415094,0.7688679245283019,0.9740566037735849,0.9823113207547169,cnn [상태별],cnn,state,1,1,2.0
group_kfold_seg,2,2,1.0,0.0,0.0,0.0,0.0,1.9,2,2,1.0,0.5350825471698113,0.48309748427672955,0.4335691823899371,0.6065251572327044,0.6171383647798742,0.0,0.0589622641509434,0.392688679245283,0.8001179245283019,0.9758254716981132,0.9829009433962265,cnn [상태별],cnn,state,1,1,2.0
group_kfold_seg,3,0,1.0,0.00631578947368421,0.01020408163265306,0.015228426395939087,0.0,1.9,3,3,1.0,0.535,0.4863157894736842,0.4378947368421053,0.6242105263157894,0.5915789473684211,0.015263157894736841,0.07052631578947369,0.38052631578947366,0.7942105263157895,0.9715789473684211,0.9778947368421053,cnn [상태별],cnn,state,1,1,2.0
group_kfold_seg,3,1,1.0,0.0,0.0,0.0,0.0,1.9,3,3,1.0,0.5070175438596491,0.4515789473684211,0.4147368421052632,0.5926315789473684,0.5691228070175438,0.007894736842105263,0.03894736842105263,0.32210526315789473,0.728421052631579,0.966842105263158,0.9778947368421053,cnn [상태별],cnn,state,1,1,2.0
group_kfold_seg,3,2,1.0,0.004210526315789474,0.01020408163265306,0.01015228426395939,0.0,1.9,3,3,1.0,0.5281578947368422,0.4880701754385965,0.43157894736842106,0.6080701754385965,0.5849122807017544,0.015789473684210527,0.060526315789473685,0.3568421052631579,0.7852631578947369,0.9721052631578947,0.978421052631579,cnn [상태별],cnn,state,1,1,2.0
group_kfold_seg,4,0,1.0,0.008928571428571428,0.010869565217391304,0.017467248908296942,0.0,1.9,3,3,1.0,0.5314360119047619,0.4739583333333333,0.42931547619047616,0.6335565476190477,0.5889136904761905,0.016741071428571428,0.07087053571428571,0.40904017857142855,0.74609375,0.9715401785714286,0.9743303571428571,cnn [상태별],cnn,state,1,1,2.0
group_kfold_seg,4,1,1.0,0.004464285714285714,0.010869565217391304,0.008733624454148471,0.0,1.9,3,3,1.0,0.5197172619047619,0.46577380952380953,0.4181547619047619,0.6197916666666666,0.5751488095238095,0.010602678571428572,0.04743303571428571,0.375,0.7438616071428571,0.9676339285714286,0.9737723214285714,cnn [상태별],cnn,state,1,1,2.0
group_kfold_seg,4,2,1.0,0.006696428571428571,0.010869565217391304,0.013100436681222707,0.0,1.9,3,3,1.0,0.5262276785714286,0.46577380952380953,0.43005952380952384,0.6168154761904762,0.5922619047619048,0.018973214285714284,0.06529017857142858,0.38839285714285715,0.73828125,0.9720982142857143,0.9743303571428571,cnn [상태별],cnn,state,1,1,2.0
time_block,1,0,1.0,0.014527845036319613,0.03529411764705882,0.028985507246376812,0.0,1.9,13,13,1.0,0.5218926553672316,0.47901533494753834,0.4499596448748991,0.5815173527037933,0.5770782889426957,0.021791767554479417,0.056295399515738496,0.3268765133171913,0.7766343825665859,0.9697336561743342,0.9800242130750605,cnn [상태별],cnn,state,1,1,2.0
time_block,1,1,1.0,0.014527845036319613,0.047058823529411764,0.028985507246376812,0.0,1.9,13,13,1.0,0.5153349475383374,0.46771589991928975,0.4378531073446328,0.5839386602098466,0.5718321226795803,0.01937046004842615,0.0387409200968523,0.3196125907990315,0.7687651331719129,0.9642857142857143,0.9812348668280871,cnn [상태별],cnn,state,1,1,2.0
time_block,1,2,1.0,0.01694915254237288,0.047058823529411764,0.033816425120772944,0.0,1.9,13,13,1.0,0.5123083131557707,0.466908797417272,0.42897497982243743,0.5803066989507667,0.5730427764326069,0.02360774818401937,0.04782082324455206,0.3202179176755448,0.7409200968523002,0.9630750605326877,0.9782082324455206,cnn [상태별],cnn,state,1,1,2.0
time_block,2,0,1.0,0.023474178403755867,0.04597701149425287,0.04854368932038835,0.0,1.9,13,13,1.0,0.5143779342723005,0.4507042253521127,0.431924882629108,0.5833333333333334,0.5915492957746479,0.025821596244131457,0.0698356807511737,0.3075117370892019,0.732981220657277,0.9683098591549296,0.9818075117370892,cnn [상태별],cnn,state,1,1,2.0
time_block,2,1,1.0,0.011737089201877934,0.022988505747126436,0.024271844660194174,0.0,1.9,13,13,1.0,0.5126173708920188,0.4557902973395931,0.4295774647887324,0.5848982785602503,0.5802034428794992,0.011737089201877934,0.04225352112676056,0.3104460093896714,0.7546948356807511,0.9747652582159625,0.9818075117370892,cnn [상태별],cnn,state,1,1,2.0
time_block,2,2,1.0,0.007042253521126761,0.011494252873563218,0.014563106796116505,0.0,1.9,13,13,1.0,0.5100743348982786,0.45539906103286387,0.4166666666666667,0.5868544600938967,0.581377151799687,0.009389671361502348,0.045774647887323945,0.3145539906103286,0.7341549295774648,0.9747652582159625,0.9818075117370892,cnn [상태별],cnn,state,1,1,2.0
time_block,3,0,1.0,0.01152073732718894,0.02197802197802198,0.021929824561403508,0.0,1.9,13,13,1.0,0.5387864823348695,0.48118279569892475,0.44930875576036866,0.6213517665130568,0.6033026113671275,0.021889400921658985,0.07258064516129033,0.39631336405529954,0.7903225806451613,0.9746543778801844,0.9769585253456221,cnn [상태별],cnn,state,1,1,2.0
time_block,3,1,1.0,0.009216589861751152,0.02197802197802198,0.017543859649122806,0.0,1.9,13,13,1.0,0.5296658986175116,0.4646697388632873,0.44431643625192013,0.6175115207373272,0.5921658986175116,0.012096774193548387,0.0576036866359447,0.3870967741935484,0.7701612903225806,0.9740783410138248,0.9769585253456221,cnn [상태별],cnn,state,1,1,2.0
time_block,3,2,1.0,0.01152073732718894,0.03296703296703297,0.021929824561403508,0.0,1.9,13,13,1.0,0.5382104454685099,0.49001536098310294,0.4504608294930876,0.6159754224270353,0.5963901689708141,0.01555299539170507,0.06221198156682028,0.39285714285714285,0.8064516129032258,0.9752304147465438,0.9769585253456221,cnn [상태별],cnn,state,1,1,2.0
time_block,4,0,1.0,0.006564551422319475,0.01098901098901099,0.0410958904109589,0.0,1.9,13,13,1.0,0.5287199124726477,0.4387308533916849,0.4150255288110868,0.650255288110868,0.6108679795769512,0.0087527352297593,0.057439824945295405,0.4272428884026258,0.7215536105032823,0.975382932166302,0.9819474835886215,cnn [상태별],cnn,state,1,1,2.0
time_block,4,1,1.0,0.006564551422319475,0.01098901098901099,0.0410958904109589,0.0,1.9,13,13,1.0,0.5101203501094091,0.41867250182348653,0.3887673231218089,0.6385849744711889,0.5944566010211525,0.008205689277899343,0.04157549234135667,0.3971553610503282,0.6613785557986871,0.9715536105032823,0.9808533916849015,cnn [상태별],cnn,state,1,1,2.0
time_block,4,2,1.0,0.006564551422319475,0.01098901098901099,0.0410958904109589,0.0,1.9,13,13,1.0,0.5283552151714077,0.44091903719912473,0.40554339897884756,0.6477024070021882,0.6192560175054704,0.007658643326039387,0.06236323851203501,0.4299781181619256,0.712253829321663,0.9764770240700219,0.9814004376367614,cnn [상태별],cnn,state,1,1,2.0
group_kfold_seg,0,0,1.0,0.0022026431718061676,0.011494252873563218,0.004784688995215311,0.0,1.9,3,3,1.0,0.35664464023494863,0.34287812041116006,0.23494860499265785,0.4412628487518355,0.40748898678414097,0.003854625550660793,0.007709251101321586,0.0605726872246696,0.3694933920704846,0.7538546255506607,0.9443832599118943,mcd [상태별],mcd,state,1,1,2.0
group_kfold_seg,0,1,1.0,0.0022026431718061676,0.011494252873563218,0.004784688995215311,0.0,1.9,3,3,1.0,0.35664464023494863,0.34287812041116006,0.23494860499265785,0.4412628487518355,0.40748898678414097,0.003854625550660793,0.007709251101321586,0.0605726872246696,0.3694933920704846,0.7538546255506607,0.9443832599118943,mcd [상태별],mcd,state,1,1,2.0
group_kfold_seg,0,2,1.0,0.0022026431718061676,0.011494252873563218,0.004784688995215311,0.0,1.9,3,3,1.0,0.35664464023494863,0.34287812041116006,0.23494860499265785,0.4412628487518355,0.40748898678414097,0.003854625550660793,0.007709251101321586,0.0605726872246696,0.3694933920704846,0.7538546255506607,0.9443832599118943,mcd [상태별],mcd,state,1,1,2.0
group_kfold_seg,1,0,0.9983945414408991,0.026490066225165563,0.0898876404494382,0.05714285714285714,0.0,1.9,2,2,1.0,0.40894039735099336,0.3922001471670346,0.29323031640912434,0.49080206033848417,0.45952906548933037,0.025938189845474614,0.04083885209713024,0.1479028697571744,0.4608167770419426,0.8079470198675497,0.9701986754966887,mcd [상태별],mcd,state,1,1,2.0
group_kfold_seg,1,1,0.9983945414408991,0.026490066225165563,0.0898876404494382,0.05714285714285714,0.0,1.9,2,2,1.0,0.40894039735099336,0.3922001471670346,0.29323031640912434,0.49080206033848417,0.45952906548933037,0.025938189845474614,0.04083885209713024,0.1479028697571744,0.4608167770419426,0.8079470198675497,0.9701986754966887,mcd [상태별],mcd,state,1,1,2.0
group_kfold_seg,1,2,0.9983945414408991,0.026490066225165563,0.0898876404494382,0.05714285714285714,0.0,1.9,2,2,1.0,0.40894039735099336,0.3922001471670346,0.29323031640912434,0.49080206033848417,0.45952906548933037,0.025938189845474614,0.04083885209713024,0.1479028697571744,0.4608167770419426,0.8079470198675497,0.9701986754966887,mcd [상태별],mcd,state,1,1,2.0
group_kfold_seg,2,0,1.0,0.0047169811320754715,0.023255813953488372,0.014084507042253521,0.0,1.9,2,2,1.0,0.394064465408805,0.3805031446540881,0.2727987421383648,0.4528301886792453,0.470125786163522,0.004127358490566038,0.010023584905660377,0.10672169811320754,0.43514150943396224,0.8325471698113207,0.9758254716981132,mcd [상태별],mcd,state,1,1,2.0
group_kfold_seg,2,1,1.0,0.0047169811320754715,0.023255813953488372,0.014084507042253521,0.0,1.9,2,2,1.0,0.394064465408805,0.3805031446540881,0.2727987421383648,0.4528301886792453,0.470125786163522,0.004127358490566038,0.010023584905660377,0.10672169811320754,0.43514150943396224,0.8325471698113207,0.9758254716981132,mcd [상태별],mcd,state,1,1,2.0
group_kfold_seg,2,2,1.0,0.0047169811320754715,0.023255813953488372,0.014084507042253521,0.0,1.9,2,2,1.0,0.394064465408805,0.3805031446540881,0.2727987421383648,0.4528301886792453,0.470125786163522,0.004127358490566038,0.010023584905660377,0.10672169811320754,0.43514150943396224,0.8325471698113207,0.9758254716981132,mcd [상태별],mcd,state,1,1,2.0
group_kfold_seg,3,0,1.0,0.010526315789473684,0.04081632653061224,0.02030456852791878,0.0035971223021582736,1.9,3,3,1.0,0.35035087719298247,0.32666666666666666,0.21578947368421053,0.4568421052631579,0.40210526315789474,0.011052631578947368,0.014736842105263158,0.07789473684210527,0.3526315789473684,0.7126315789473684,0.9331578947368421,mcd [상태별],mcd,state,1,1,2.0
group_kfold_seg,3,1,1.0,0.010526315789473684,0.04081632653061224,0.02030456852791878,0.0035971223021582736,1.9,3,3,1.0,0.35035087719298247,0.32666666666666666,0.21578947368421053,0.4568421052631579,0.40210526315789474,0.011052631578947368,0.014736842105263158,0.07789473684210527,0.3526315789473684,0.7126315789473684,0.9331578947368421,mcd [상태별],mcd,state,1,1,2.0
group_kfold_seg,3,2,1.0,0.010526315789473684,0.04081632653061224,0.02030456852791878,0.0035971223021582736,1.9,3,3,1.0,0.35035087719298247,0.32666666666666666,0.21578947368421053,0.4568421052631579,0.40210526315789474,0.011052631578947368,0.014736842105263158,0.07789473684210527,0.3526315789473684,0.7126315789473684,0.9331578947368421,mcd [상태별],mcd,state,1,1,2.0
group_kfold_seg,4,0,1.0,0.008928571428571428,0.03260869565217391,0.013100436681222707,0.0045662100456621,1.9,3,3,1.0,0.3572358630952381,0.3240327380952381,0.22581845238095238,0.46279761904761907,0.41629464285714285,0.010044642857142858,0.015066964285714286,0.09542410714285714,0.37276785714285715,0.7126116071428571,0.9375,mcd [상태별],mcd,state,1,1,2.0
group_kfold_seg,4,1,1.0,0.008928571428571428,0.03260869565217391,0.013100436681222707,0.0045662100456621,1.9,3,3,1.0,0.3572358630952381,0.3240327380952381,0.22581845238095238,0.46279761904761907,0.41629464285714285,0.010044642857142858,0.015066964285714286,0.09542410714285714,0.37276785714285715,0.7126116071428571,0.9375,mcd [상태별],mcd,state,1,1,2.0
group_kfold_seg,4,2,1.0,0.008928571428571428,0.03260869565217391,0.013100436681222707,0.0045662100456621,1.9,3,3,1.0,0.3572358630952381,0.3240327380952381,0.22581845238095238,0.46279761904761907,0.41629464285714285,0.010044642857142858,0.015066964285714286,0.09542410714285714,0.37276785714285715,0.7126116071428571,0.9375,mcd [상태별],mcd,state,1,1,2.0
time_block,1,0,0.9999231330950459,0.021791767554479417,0.08235294117647059,0.03864734299516908,0.0048543689320388345,1.9,13,13,1.0,0.3724778046811945,0.36077481840193704,0.268361581920904,0.403954802259887,0.45682001614205003,0.018765133171912834,0.02784503631961259,0.09806295399515738,0.44188861985472155,0.6973365617433414,0.9509685230024213,mcd [상태별],mcd,state,1,1,2.0
time_block,1,1,0.9999231330950459,0.021791767554479417,0.08235294117647059,0.03864734299516908,0.0048543689320388345,1.9,13,13,1.0,0.3724778046811945,0.36077481840193704,0.268361581920904,0.403954802259887,0.45682001614205003,0.018765133171912834,0.02784503631961259,0.09806295399515738,0.44188861985472155,0.6973365617433414,0.9509685230024213,mcd [상태별],mcd,state,1,1,2.0
time_block,1,2,0.9999231330950459,0.021791767554479417,0.08235294117647059,0.03864734299516908,0.0048543689320388345,1.9,13,13,1.0,0.3724778046811945,0.36077481840193704,0.268361581920904,0.403954802259887,0.45682001614205003,0.018765133171912834,0.02784503631961259,0.09806295399515738,0.44188861985472155,0.6973365617433414,0.9509685230024213,mcd [상태별],mcd,state,1,1,2.0
time_block,2,0,1.0,0.007042253521126761,0.034482758620689655,0.014563106796116505,0.0,1.9,13,13,1.0,0.3445813771517997,0.3442879499217527,0.20344287949921752,0.3732394366197183,0.45735524256651017,0.007629107981220657,0.01056338028169014,0.06807511737089202,0.3884976525821596,0.6367370892018779,0.9559859154929577,mcd [상태별],mcd,state,1,1,2.0
time_block,2,1,1.0,0.007042253521126761,0.034482758620689655,0.014563106796116505,0.0,1.9,13,13,1.0,0.3445813771517997,0.3442879499217527,0.20344287949921752,0.3732394366197183,0.45735524256651017,0.007629107981220657,0.01056338028169014,0.06807511737089202,0.3884976525821596,0.6367370892018779,0.9559859154929577,mcd [상태별],mcd,state,1,1,2.0
time_block,2,2,1.0,0.007042253521126761,0.034482758620689655,0.014563106796116505,0.0,1.9,13,13,1.0,0.3445813771517997,0.3442879499217527,0.20344287949921752,0.3732394366197183,0.45735524256651017,0.007629107981220657,0.01056338028169014,0.06807511737089202,0.3884976525821596,0.6367370892018779,0.9559859154929577,mcd [상태별],mcd,state,1,1,2.0
time_block,3,0,0.9999634262307073,0.004608294930875576,0.02197802197802198,0.008771929824561403,0.0,1.9,13,13,1.0,0.3421658986175115,0.33755760368663595,0.21390168970814133,0.3598310291858679,0.4573732718894009,0.007488479262672811,0.014976958525345621,0.06912442396313365,0.4055299539170507,0.6278801843317973,0.9279953917050692,mcd [상태별],mcd,state,1,1,2.0
time_block,3,1,0.9999634262307073,0.004608294930875576,0.02197802197802198,0.008771929824561403,0.0,1.9,13,13,1.0,0.3421658986175115,0.33755760368663595,0.21390168970814133,0.3598310291858679,0.4573732718894009,0.007488479262672811,0.014976958525345621,0.06912442396313365,0.4055299539170507,0.6278801843317973,0.9279953917050692,mcd [상태별],mcd,state,1,1,2.0
time_block,3,2,0.9999634262307073,0.004608294930875576,0.02197802197802198,0.008771929824561403,0.0,1.9,13,13,1.0,0.3421658986175115,0.33755760368663595,0.21390168970814133,0.3598310291858679,0.4573732718894009,0.007488479262672811,0.014976958525345621,0.06912442396313365,0.4055299539170507,0.6278801843317973,0.9279953917050692,mcd [상태별],mcd,state,1,1,2.0
time_block,4,0,0.9999305338473828,0.019693654266958426,0.054945054945054944,0.0,0.0234375,1.9,13,13,1.0,0.29850474106491615,0.17104303428154632,0.14077315827862874,0.4026258205689278,0.47957695113056165,0.016411378555798686,0.022428884026258207,0.07713347921225383,0.33916849015317285,0.5076586433260394,0.8282275711159738,mcd [상태별],mcd,state,1,1,2.0
time_block,4,1,0.9999305338473828,0.019693654266958426,0.054945054945054944,0.0,0.0234375,1.9,13,13,1.0,0.29850474106491615,0.17104303428154632,0.14077315827862874,0.4026258205689278,0.47957695113056165,0.016411378555798686,0.022428884026258207,0.07713347921225383,0.33916849015317285,0.5076586433260394,0.8282275711159738,mcd [상태별],mcd,state,1,1,2.0
time_block,4,2,0.9999305338473828,0.019693654266958426,0.054945054945054944,0.0,0.0234375,1.9,13,13,1.0,0.29850474106491615,0.17104303428154632,0.14077315827862874,0.4026258205689278,0.47957695113056165,0.016411378555798686,0.022428884026258207,0.07713347921225383,0.33916849015317285,0.5076586433260394,0.8282275711159738,mcd [상태별],mcd,state,1,1,2.0
group_kfold_seg,0,0,1.0,0.0022026431718061676,0.011494252873563218,0.004784688995215311,0.0,1.9,3,3,1.0,0.3529735682819383,0.3344346549192364,0.23494860499265785,0.4390602055800294,0.4034508076358297,0.003854625550660793,0.005506607929515419,0.053964757709251104,0.35737885462555063,0.7527533039647577,0.9443832599118943,cnn&mcd [상태별],cnn&mcd,state,1,1,2.0
group_kfold_seg,0,1,1.0,0.0022026431718061676,0.011494252873563218,0.004784688995215311,0.0,1.9,3,3,1.0,0.3526064610866373,0.33370044052863435,0.23494860499265785,0.43832599118942733,0.4034508076358297,0.003854625550660793,0.005506607929515419,0.05286343612334802,0.3551762114537445,0.7538546255506607,0.9443832599118943,cnn&mcd [상태별],cnn&mcd,state,1,1,2.0
group_kfold_seg,0,2,1.0,0.0022026431718061676,0.011494252873563218,0.004784688995215311,0.0,1.9,3,3,1.0,0.3537077826725404,0.3366372980910426,0.23494860499265785,0.43869309838472836,0.4045521292217327,0.003854625550660793,0.005506607929515419,0.05341409691629956,0.36123348017621143,0.7538546255506607,0.9443832599118943,cnn&mcd [상태별],cnn&mcd,state,1,1,2.0
group_kfold_seg,1,0,0.9993979530403371,0.011037527593818985,0.02247191011235955,0.023809523809523808,0.0,1.9,2,2,1.0,0.39376379690949226,0.3686534216335541,0.28440029433406916,0.48344370860927155,0.4385577630610743,0.011037527593818985,0.018211920529801324,0.11810154525386314,0.44370860927152317,0.8079470198675497,0.9635761589403974,cnn&mcd [상태별],cnn&mcd,state,1,1,2.0
group_kfold_seg,1,1,0.9993979530403371,0.011037527593818985,0.02247191011235955,0.023809523809523808,0.0,1.9,2,2,1.0,0.39551140544518026,0.37270051508462104,0.2862398822663723,0.4841795437821928,0.43892568064753495,0.013245033112582781,0.02207505518763797,0.11920529801324503,0.4470198675496689,0.8079470198675497,0.9635761589403974,cnn&mcd [상태별],cnn&mcd,state,1,1,2.0
group_kfold_seg,1,2,0.9993979530403371,0.013245033112582781,0.033707865168539325,0.02857142857142857,0.0,1.9,2,2,1.0,0.39661515820456217,0.37380426784400295,0.2862398822663723,0.48491537895511405,0.44150110375275936,0.014900662251655629,0.02097130242825607,0.12141280353200883,0.4503311258278146,0.8079470198675497,0.9641280353200883,cnn&mcd [상태별],cnn&mcd,state,1,1,2.0
group_kfold_seg,2,0,1.0,0.0,0.0,0.0,0.0,1.9,2,2,1.0,0.3866941823899371,0.3671383647798742,0.2720125786163522,0.45007861635220126,0.45754716981132076,0.001768867924528302,0.00294811320754717,0.0866745283018868,0.4215801886792453,0.8319575471698113,0.9752358490566038,cnn&mcd [상태별],cnn&mcd,state,1,1,2.0
group_kfold_seg,2,1,1.0,0.0,0.0,0.0,0.0,1.9,2,2,1.0,0.3845322327044025,0.36477987421383645,0.27044025157232704,0.4481132075471698,0.4547955974842767,0.0,0.001768867924528302,0.08077830188679246,0.4186320754716981,0.8313679245283019,0.9746462264150944,cnn&mcd [상태별],cnn&mcd,state,1,1,2.0
group_kfold_seg,2,2,1.0,0.0,0.0,0.0,0.0,1.9,2,2,1.0,0.3851218553459119,0.36242138364779874,0.27044025157232704,0.44772012578616355,0.45990566037735847,0.0,0.001768867924528302,0.08608490566037735,0.41627358490566035,0.8313679245283019,0.9752358490566038,cnn&mcd [상태별],cnn&mcd,state,1,1,2.0
group_kfold_seg,3,0,1.0,0.0,0.0,0.0,0.0,1.9,3,3,1.0,0.3399122807017544,0.31087719298245614,0.21052631578947367,0.44701754385964915,0.3912280701754386,0.0005263157894736842,0.0010526315789473684,0.05578947368421053,0.3389473684210526,0.7126315789473684,0.9305263157894736,cnn&mcd [상태별],cnn&mcd,state,1,1,2.0
group_kfold_seg,3,1,1.0,0.0,0.0,0.0,0.0,1.9,3,3,1.0,0.33771929824561403,0.3080701754385965,0.20982456140350877,0.4435087719298246,0.3894736842105263,0.0005263157894736842,0.0005263157894736842,0.04736842105263158,0.3352631578947368,0.7121052631578947,0.9305263157894736,cnn&mcd [상태별],cnn&mcd,state,1,1,2.0
group_kfold_seg,3,2,1.0,0.0,0.0,0.0,0.0,1.9,3,3,1.0,0.33956140350877195,0.3119298245614035,0.21017543859649124,0.44526315789473686,0.39087719298245616,0.0005263157894736842,0.0015789473684210526,0.05105263157894737,0.3405263157894737,0.7126315789473684,0.9310526315789474,cnn&mcd [상태별],cnn&mcd,state,1,1,2.0
group_kfold_seg,4,0,1.0,0.0,0.0,0.0,0.0,1.9,3,3,1.0,0.3470982142857143,0.3117559523809524,0.22023809523809523,0.45126488095238093,0.40513392857142855,0.0005580357142857143,0.0011160714285714285,0.07310267857142858,0.3588169642857143,0.7126116071428571,0.9363839285714286,cnn&mcd [상태별],cnn&mcd,state,1,1,2.0
group_kfold_seg,4,1,1.0,0.0,0.0,0.0,0.0,1.9,3,3,1.0,0.3462611607142857,0.31287202380952384,0.22023809523809523,0.45200892857142855,0.39992559523809523,0.0011160714285714285,0.002232142857142857,0.06529017857142858,0.36049107142857145,0.7126116071428571,0.9358258928571429,cnn&mcd [상태별],cnn&mcd,state,1,1,2.0
group_kfold_seg,4,2,1.0,0.0,0.0,0.0,0.0,1.9,3,3,1.0,0.3470052083333333,0.31138392857142855,0.22023809523809523,0.45089285714285715,0.4055059523809524,0.0005580357142857143,0.002232142857142857,0.07142857142857142,0.3588169642857143,0.7126116071428571,0.9363839285714286,cnn&mcd [상태별],cnn&mcd,state,1,1,2.0
time_block,1,0,1.0,0.002421307506053269,0.011764705882352941,0.004830917874396135,0.0,1.9,13,13,1.0,0.35784907183212267,0.34261501210653755,0.2542372881355932,0.39184826472962064,0.4426957223567393,0.00423728813559322,0.011501210653753027,0.06295399515738499,0.4261501210653753,0.6937046004842615,0.948547215496368,cnn&mcd [상태별],cnn&mcd,state,1,1,2.0
time_block,1,1,1.0,0.002421307506053269,0.011764705882352941,0.004830917874396135,0.0,1.9,13,13,1.0,0.3562348668280872,0.3353510895883777,0.25262308313155774,0.39386602098466506,0.4430992736077482,0.0036319612590799033,0.005447941888619854,0.06295399515738499,0.423728813559322,0.6930992736077481,0.948547215496368,cnn&mcd [상태별],cnn&mcd,state,1,1,2.0
time_block,1,2,1.0,0.002421307506053269,0.011764705882352941,0.004830917874396135,0.0,1.9,13,13,1.0,0.35603309120258275,0.3389830508474576,0.25262308313155774,0.39144471347861176,0.4410815173527038,0.00423728813559322,0.006658595641646489,0.061138014527845036,0.42493946731234866,0.6918886198547215,0.9473365617433414,cnn&mcd [상태별],cnn&mcd,state,1,1,2.0
time_block,2,0,1.0,0.002347417840375587,0.011494252873563218,0.0048543689320388345,0.0,1.9,13,13,1.0,0.33480046948356806,0.3286384976525822,0.1983568075117371,0.3669796557120501,0.44522691705790296,0.0017605633802816902,0.004107981220657277,0.03697183098591549,0.3738262910798122,0.6367370892018779,0.9553990610328639,cnn&mcd [상태별],cnn&mcd,state,1,1,2.0
time_block,2,1,1.0,0.0,0.0,0.0,0.0,1.9,13,13,1.0,0.33323552425665104,0.32511737089201875,0.19796557120500782,0.365414710485133,0.4444444444444444,0.0,0.0017605633802816902,0.03403755868544601,0.3714788732394366,0.6367370892018779,0.9553990610328639,cnn&mcd [상태별],cnn&mcd,state,1,1,2.0
time_block,2,2,1.0,0.0,0.0,0.0,0.0,1.9,13,13,1.0,0.3342136150234742,0.3270735524256651,0.1983568075117371,0.36658841940532083,0.4448356807511737,0.0,0.0029342723004694834,0.03755868544600939,0.37265258215962443,0.6367370892018779,0.9553990610328639,cnn&mcd [상태별],cnn&mcd,state,1,1,2.0
time_block,3,0,1.0,0.0,0.0,0.0,0.0,1.9,13,13,1.0,0.33035714285714285,0.30913978494623656,0.21006144393241166,0.3567588325652842,0.445468509984639,0.002304147465437788,0.00576036866359447,0.04435483870967742,0.3738479262672811,0.6278801843317973,0.9279953917050692,cnn&mcd [상태별],cnn&mcd,state,1,1,2.0
time_block,3,1,1.0,0.0,0.0,0.0,0.0,1.9,13,13,1.0,0.3263248847926267,0.29301075268817206,0.21044546850998463,0.3563748079877112,0.445468509984639,0.000576036866359447,0.004032258064516129,0.044930875576036866,0.35253456221198154,0.6278801843317973,0.9279953917050692,cnn&mcd [상태별],cnn&mcd,state,1,1,2.0
time_block,3,2,1.0,0.002304147465437788,0.01098901098901099,0.0043859649122807015,0.0,1.9,13,13,1.0,0.3307411674347158,0.3087557603686636,0.21159754224270352,0.3567588325652842,0.44585253456221197,0.002880184331797235,0.005184331797235023,0.04838709677419355,0.3721198156682028,0.6278801843317973,0.9279953917050692,cnn&mcd [상태별],cnn&mcd,state,1,1,2.0
time_block,4,0,1.0,0.0,0.0,0.0,0.0,1.9,13,13,1.0,0.28774617067833697,0.16301969365426697,0.13676148796498905,0.3942377826404085,0.45696571845368344,0.0,0.0016411378555798686,0.05908096280087528,0.33424507658643327,0.5065645514223195,0.824945295404814,cnn&mcd [상태별],cnn&mcd,state,1,1,2.0
time_block,4,1,1.0,0.0,0.0,0.0,0.0,1.9,13,13,1.0,0.2860138584974471,0.16156090444930707,0.1363967906637491,0.39350838803792854,0.4525893508388038,0.0,0.0005470459518599562,0.053610503282275714,0.3320568927789934,0.5060175054704595,0.8238512035010941,cnn&mcd [상태별],cnn&mcd,state,1,1,2.0
time_block,4,2,1.0,0.0,0.0,0.0,0.0,1.9,13,13,1.0,0.28820204230488694,0.162654996353027,0.13676148796498905,0.39350838803792854,0.4598832968636032,0.0,0.002188183807439825,0.06181619256017506,0.3336980306345733,0.5065645514223195,0.824945295404814,cnn&mcd [상태별],cnn&mcd,state,1,1,2.0
group_kfold_seg,0,0,1.0,0.039647577092511016,0.06896551724137931,0.07655502392344497,0.00816326530612245,1.9,3,3,1.0,0.5787444933920705,0.53928046989721,0.48751835535976507,0.6545521292217328,0.6336270190895742,0.045704845814977975,0.09581497797356828,0.4840308370044053,0.8799559471365639,0.9834801762114538,0.9834801762114538,cnn|mcd [상태별],cnn|mcd,state,1,1,2.0
group_kfold_seg,0,1,1.0,0.04185022026431718,0.08045977011494253,0.07655502392344497,0.012244897959183673,1.9,3,3,1.0,0.5788362701908958,0.5374449339207048,0.48861967694566816,0.6483113069016153,0.6409691629955947,0.048458149779735685,0.10297356828193832,0.493942731277533,0.86068281938326,0.9834801762114538,0.9834801762114538,cnn|mcd [상태별],cnn|mcd,state,1,1,2.0
group_kfold_seg,0,2,1.0,0.039647577092511016,0.06896551724137931,0.07655502392344497,0.00816326530612245,1.9,3,3,1.0,0.5806718061674009,0.5455212922173275,0.48091042584434657,0.6523494860499266,0.643906020558003,0.043502202643171804,0.10737885462555066,0.4911894273127753,0.875,0.9834801762114538,0.9834801762114538,cnn|mcd [상태별],cnn|mcd,state,1,1,2.0
group_kfold_seg,1,0,1.0,0.04194260485651214,0.10112359550561797,0.09047619047619047,0.0,1.9,2,2,1.0,0.5812178072111847,0.5386313465783664,0.48233995584988965,0.6626195732155997,0.6412803532008831,0.052428256070640174,0.12362030905077263,0.5005518763796909,0.8416114790286976,0.9812362030905077,0.9878587196467992,cnn|mcd [상태별],cnn|mcd,state,1,1,2.0
group_kfold_seg,1,1,1.0,0.04194260485651214,0.10112359550561797,0.09047619047619047,0.0,1.9,2,2,1.0,0.5807579102281089,0.5419426048565121,0.4878587196467991,0.6567328918322296,0.6364974245768947,0.05077262693156733,0.12362030905077263,0.4955849889624724,0.8460264900662252,0.9806843267108167,0.9878587196467992,cnn|mcd [상태별],cnn|mcd,state,1,1,2.0
group_kfold_seg,1,2,1.0,0.037527593818984545,0.10112359550561797,0.08095238095238096,0.0,1.9,2,2,1.0,0.5790103016924208,0.5334805003679176,0.48123620309050774,0.6567328918322296,0.6445916114790287,0.04525386313465784,0.12362030905077263,0.4955849889624724,0.8421633554083885,0.9801324503311258,0.9873068432671082,cnn|mcd [상태별],cnn|mcd,state,1,1,2.0
group_kfold_seg,2,0,1.0,0.0047169811320754715,0.023255813953488372,0.014084507042253521,0.0,1.9,2,2,1.0,0.5444182389937107,0.4921383647798742,0.4363207547169811,0.6246069182389937,0.6246069182389937,0.0047169811320754715,0.05365566037735849,0.4321933962264151,0.8142688679245284,0.9781839622641509,0.9834905660377359,cnn|mcd [상태별],cnn|mcd,state,1,1,2.0
group_kfold_seg,2,1,1.0,0.0047169811320754715,0.023255813953488372,0.014084507042253521,0.0,1.9,2,2,1.0,0.5339033018867925,0.4815251572327044,0.42138364779874216,0.6155660377358491,0.6171383647798742,0.004127358490566038,0.05365566037735849,0.40153301886792453,0.785377358490566,0.9752358490566038,0.9834905660377359,cnn|mcd [상태별],cnn|mcd,state,1,1,2.0
group_kfold_seg,2,2,1.0,0.0047169811320754715,0.023255813953488372,0.014084507042253521,0.0,1.9,2,2,1.0,0.5440251572327044,0.5011792452830188,0.43592767295597484,0.6116352201257862,0.6273584905660378,0.004127358490566038,0.06721698113207547,0.41332547169811323,0.8189858490566038,0.9770047169811321,0.9834905660377359,cnn|mcd [상태별],cnn|mcd,state,1,1,2.0
group_kfold_seg,3,0,1.0,0.016842105263157894,0.05102040816326531,0.03553299492385787,0.0035971223021582736,1.9,3,3,1.0,0.5454385964912281,0.5021052631578947,0.4431578947368421,0.6340350877192983,0.6024561403508772,0.025789473684210525,0.08421052631578947,0.4026315789473684,0.8078947368421052,0.9715789473684211,0.9805263157894737,cnn|mcd [상태별],cnn|mcd,state,1,1,2.0
group_kfold_seg,3,1,1.0,0.010526315789473684,0.04081632653061224,0.02030456852791878,0.0035971223021582736,1.9,3,3,1.0,0.5196491228070176,0.47017543859649125,0.4207017543859649,0.6059649122807017,0.5817543859649122,0.018421052631578946,0.053157894736842105,0.3526315789473684,0.7457894736842106,0.9673684210526315,0.9805263157894737,cnn|mcd [상태별],cnn|mcd,state,1,1,2.0
group_kfold_seg,3,2,1.0,0.014736842105263158,0.05102040816326531,0.030456852791878174,0.0035971223021582736,1.9,3,3,1.0,0.5389473684210526,0.5028070175438597,0.43719298245614036,0.6196491228070176,0.596140350877193,0.02631578947368421,0.07368421052631578,0.3836842105263158,0.7973684210526316,0.9721052631578947,0.9805263157894737,cnn|mcd [상태별],cnn|mcd,state,1,1,2.0
group_kfold_seg,4,0,1.0,0.017857142857142856,0.043478260869565216,0.03056768558951965,0.0045662100456621,1.9,3,3,1.0,0.5415736607142857,0.48623511904761907,0.4348958333333333,0.6450892857142857,0.6000744047619048,0.026227678571428572,0.08482142857142858,0.43136160714285715,0.7600446428571429,0.9715401785714286,0.9754464285714286,cnn|mcd [상태별],cnn|mcd,state,1,1,2.0
group_kfold_seg,4,1,1.0,0.013392857142857142,0.043478260869565216,0.021834061135371178,0.0045662100456621,1.9,3,3,1.0,0.5306919642857143,0.47693452380952384,0.42373511904761907,0.6305803571428571,0.5915178571428571,0.01953125,0.060267857142857144,0.40513392857142855,0.7561383928571429,0.9676339285714286,0.9754464285714286,cnn|mcd [상태별],cnn|mcd,state,1,1,2.0
group_kfold_seg,4,2,1.0,0.015625,0.043478260869565216,0.026200873362445413,0.0045662100456621,1.9,3,3,1.0,0.5364583333333334,0.47842261904761907,0.43563988095238093,0.6287202380952381,0.6030505952380952,0.028459821428571428,0.078125,0.41238839285714285,0.7522321428571429,0.9720982142857143,0.9754464285714286,cnn|mcd [상태별],cnn|mcd,state,1,1,2.0
time_block,1,0,1.0,0.03389830508474576,0.10588235294117647,0.06280193236714976,0.0048543689320388345,1.9,13,13,1.0,0.5365213882163035,0.4971751412429379,0.46408393866020986,0.5936238902340597,0.5912025827280064,0.03631961259079903,0.07263922518159806,0.3619854721549637,0.7923728813559322,0.9733656174334141,0.9824455205811138,cnn|mcd [상태별],cnn|mcd,state,1,1,2.0
time_block,1,1,1.0,0.03389830508474576,0.11764705882352941,0.06280193236714976,0.0048543689320388345,1.9,13,13,1.0,0.5315778853914447,0.49313962873284906,0.45359160613397903,0.5940274414850686,0.5855528652138822,0.03450363196125908,0.061138014527845036,0.35472154963680386,0.7869249394673123,0.9685230024213075,0.9836561743341404,cnn|mcd [상태별],cnn|mcd,state,1,1,2.0
time_block,1,2,1.0,0.03631961259079903,0.11764705882352941,0.06763285024154589,0.0048543689320388345,1.9,13,13,1.0,0.5287530266343826,0.4887005649717514,0.4447134786117837,0.5928167877320419,0.5887812752219532,0.038135593220338986,0.06900726392251816,0.35714285714285715,0.7578692493946732,0.9685230024213075,0.9818401937046005,cnn|mcd [상태별],cnn|mcd,state,1,1,2.0
time_block,2,0,1.0,0.028169014084507043,0.06896551724137931,0.05825242718446602,0.0,1.9,13,13,1.0,0.5241588419405321,0.46635367762128327,0.4370109546165884,0.5895931142410016,0.6036776212832551,0.03169014084507042,0.07629107981220658,0.3386150234741784,0.7476525821596244,0.9683098591549296,0.9823943661971831,cnn|mcd [상태별],cnn|mcd,state,1,1,2.0
time_block,2,1,1.0,0.018779342723004695,0.05747126436781609,0.038834951456310676,0.0,1.9,13,13,1.0,0.5239632237871674,0.4749608763693271,0.4350547730829421,0.5927230046948356,0.593114241001565,0.01936619718309859,0.051056338028169015,0.3444835680751174,0.7717136150234741,0.9747652582159625,0.9823943661971831,cnn|mcd [상태별],cnn|mcd,state,1,1,2.0
time_block,2,2,1.0,0.014084507042253521,0.04597701149425287,0.02912621359223301,0.0,1.9,13,13,1.0,0.520442097026604,0.4726134585289515,0.4217527386541471,0.5935054773082942,0.5938967136150235,0.017018779342723004,0.0534037558685446,0.34507042253521125,0.75,0.9747652582159625,0.9823943661971831,cnn|mcd [상태별],cnn|mcd,state,1,1,2.0
time_block,3,0,1.0,0.016129032258064516,0.04395604395604396,0.03070175438596491,0.0,1.9,13,13,1.0,0.5505952380952381,0.5096006144393241,0.45314900153609833,0.6244239631336406,0.6152073732718893,0.02707373271889401,0.08179723502304148,0.4210829493087558,0.8220046082949308,0.9746543778801844,0.9769585253456221,cnn|mcd [상태별],cnn|mcd,state,1,1,2.0
time_block,3,1,1.0,0.013824884792626729,0.04395604395604396,0.02631578947368421,0.0,1.9,13,13,1.0,0.5455069124423964,0.5092165898617511,0.4477726574500768,0.6209677419354839,0.6040706605222734,0.019009216589861752,0.06854838709677419,0.4112903225806452,0.8231566820276498,0.9740783410138248,0.9769585253456221,cnn|mcd [상태별],cnn|mcd,state,1,1,2.0
time_block,3,2,1.0,0.013824884792626729,0.04395604395604396,0.02631578947368421,0.0,1.9,13,13,1.0,0.5496351766513057,0.5188172043010753,0.45276497695852536,0.6190476190476191,0.607910906298003,0.020161290322580645,0.07200460829493087,0.41359447004608296,0.8398617511520737,0.9752304147465438,0.9769585253456221,cnn|mcd [상태별],cnn|mcd,state,1,1,2.0
time_block,4,0,1.0,0.0262582056892779,0.06593406593406594,0.0410958904109589,0.0234375,1.9,13,13,1.0,0.5394784828592268,0.44675419401896427,0.4190371991247265,0.6586433260393874,0.6334792122538293,0.02516411378555799,0.07822757111597374,0.44529540481400437,0.7264770240700219,0.9764770240700219,0.9852297592997812,cnn|mcd [상태별],cnn|mcd,state,1,1,2.0
time_block,4,1,1.0,0.0262582056892779,0.06593406593406594,0.0410958904109589,0.0234375,1.9,13,13,1.0,0.5226112326768781,0.42815463165572576,0.39314369073668853,0.6477024070021882,0.6214442013129103,0.02461706783369803,0.06345733041575492,0.4206783369803063,0.6684901531728665,0.9731947483588621,0.9852297592997812,cnn|mcd [상태별],cnn|mcd,state,1,1,2.0
time_block,4,2,1.0,0.0262582056892779,0.06593406593406594,0.0410958904109589,0.0234375,1.9,13,13,1.0,0.5386579139314369,0.44930707512764406,0.40955506929248725,0.6568198395331875,0.6389496717724289,0.024070021881838075,0.0826039387308534,0.44529540481400437,0.7177242888402626,0.9775711159737418,0.9846827133479212,cnn|mcd [상태별],cnn|mcd,state,1,1,2.0
group_kfold_seg,0,0,1.0,0.028634361233480177,0.05747126436781609,0.06220095693779904,0.0,2.4,3,3,0.85,0.4506240822320117,0.4093245227606461,0.38509544787077826,0.5139500734214391,0.49412628487518356,0.03248898678414097,0.05837004405286344,0.3419603524229075,0.6817180616740088,0.7935022026431718,0.795704845814978,cnn|mcd [2/3],cnn|mcd,global,2,3,2.0
group_kfold_seg,0,1,1.0,0.028634361233480177,0.05747126436781609,0.06220095693779904,0.0,2.4,3,3,0.85,0.44117107195301025,0.40161527165932454,0.37408223201174745,0.49926578560939794,0.4897209985315712,0.031938325991189426,0.05341409691629956,0.31552863436123346,0.6569383259911894,0.7935022026431718,0.795704845814978,cnn|mcd [2/3],cnn|mcd,global,2,3,2.0
group_kfold_seg,0,2,1.0,0.028634361233480177,0.05747126436781609,0.06220095693779904,0.0,2.4,3,3,0.85,0.44117107195301025,0.40969162995594716,0.36930983847283405,0.4977973568281938,0.4878854625550661,0.031938325991189426,0.051211453744493395,0.31332599118942733,0.6613436123348018,0.7935022026431718,0.795704845814978,cnn|mcd [2/3],cnn|mcd,global,2,3,2.0
group_kfold_seg,1,0,1.0,0.02207505518763797,0.0449438202247191,0.047619047619047616,0.0,2.4,2,2,0.8181818181818182,0.4399374540103017,0.4013980868285504,0.3671817512877116,0.5091979396615158,0.481972038263429,0.024282560706401765,0.05573951434878587,0.3576158940397351,0.6324503311258278,0.7842163355408388,0.7853200883002207,cnn|mcd [2/3],cnn|mcd,global,2,3,2.0
group_kfold_seg,1,1,1.0,0.024282560706401765,0.0449438202247191,0.05238095238095238,0.0,2.4,2,2,0.8181818181818182,0.43938557763061076,0.40507726269315675,0.37159676232523914,0.5,0.4808682855040471,0.025386313465783666,0.05353200883002208,0.3487858719646799,0.641832229580574,0.7814569536423841,0.7853200883002207,cnn|mcd [2/3],cnn|mcd,global,2,3,2.0
group_kfold_seg,1,2,1.0,0.02207505518763797,0.0449438202247191,0.047619047619047616,0.0,2.4,2,2,0.8181818181818182,0.44288079470198677,0.40654893303899925,0.36791758646063283,0.506990434142752,0.4900662251655629,0.024834437086092714,0.05684326710816777,0.36147902869757176,0.6456953642384106,0.7831125827814569,0.7853200883002207,cnn|mcd [2/3],cnn|mcd,global,2,3,2.0
group_kfold_seg,2,0,1.0,0.0,0.0,0.0,0.0,2.4,2,2,0.7142857142857143,0.40143474842767296,0.3486635220125786,0.3231132075471698,0.46894654088050314,0.4650157232704403,0.0005896226415094339,0.013561320754716982,0.2505896226415094,0.5837264150943396,0.7747641509433962,0.785377358490566,cnn|mcd [2/3],cnn|mcd,global,2,3,2.0
group_kfold_seg,2,1,1.0,0.0,0.0,0.0,0.0,2.4,2,2,0.7142857142857143,0.3898388364779874,0.3408018867924528,0.3069968553459119,0.4563679245283019,0.455188679245283,0.0005896226415094339,0.01179245283018868,0.21639150943396226,0.5595518867924528,0.7653301886792453,0.785377358490566,cnn|mcd [2/3],cnn|mcd,global,2,3,2.0
group_kfold_seg,2,2,1.0,0.0,0.0,0.0,0.0,2.4,2,2,0.7142857142857143,0.3909198113207547,0.34827044025157233,0.31014150943396224,0.4461477987421384,0.4591194968553459,0.0005896226415094339,0.011202830188679245,0.20872641509433962,0.5683962264150944,0.7712264150943396,0.785377358490566,cnn|mcd [2/3],cnn|mcd,global,2,3,2.0
group_kfold_seg,3,0,1.0,0.008421052631578947,0.02040816326530612,0.02030456852791878,0.0,2.4,3,3,0.8125,0.3967543859649123,0.3508771929824561,0.3231578947368421,0.4656140350877193,0.4473684210526316,0.01263157894736842,0.029473684210526315,0.23,0.5652631578947368,0.7647368421052632,0.7784210526315789,cnn|mcd [2/3],cnn|mcd,global,2,3,2.0
group_kfold_seg,3,1,1.0,0.00631578947368421,0.02040816326530612,0.015228426395939087,0.0,2.4,3,3,0.8125,0.38921052631578945,0.34456140350877196,0.3157894736842105,0.4571929824561404,0.4392982456140351,0.007894736842105263,0.020526315789473684,0.20894736842105263,0.5584210526315789,0.7610526315789473,0.7784210526315789,cnn|mcd [2/3],cnn|mcd,global,2,3,2.0
group_kfold_seg,3,2,1.0,0.014736842105263158,0.030612244897959183,0.03553299492385787,0.0,2.4,3,3,0.8125,0.41543859649122805,0.38526315789473686,0.3407017543859649,0.4775438596491228,0.45824561403508773,0.016842105263157894,0.038421052631578946,0.26105263157894737,0.6273684210526316,0.7705263157894737,0.7784210526315789,cnn|mcd [2/3],cnn|mcd,global,2,3,2.0
group_kfold_seg,4,0,1.0,0.006696428571428571,0.010869565217391304,0.013100436681222707,0.0,2.4,3,2,0.6666666666666666,0.39462425595238093,0.34375,0.31919642857142855,0.47433035714285715,0.4412202380952381,0.007254464285714286,0.023995535714285716,0.24609375,0.5546875,0.7611607142857143,0.7745535714285714,cnn|mcd [2/3],cnn|mcd,global,2,3,2.0
group_kfold_seg,4,1,1.0,0.006696428571428571,0.010869565217391304,0.013100436681222707,0.0,2.4,3,2,0.6666666666666666,0.4030877976190476,0.3586309523809524,0.3244047619047619,0.48139880952380953,0.4479166666666667,0.009486607142857142,0.03180803571428571,0.265625,0.57421875,0.7628348214285714,0.7745535714285714,cnn|mcd [2/3],cnn|mcd,global,2,3,2.0
group_kfold_seg,4,2,1.0,0.006696428571428571,0.010869565217391304,0.013100436681222707,0.0,2.4,3,2,0.6666666666666666,0.3904389880952381,0.3396577380952381,0.3151041666666667,0.46391369047619047,0.44308035714285715,0.007254464285714286,0.022321428571428572,0.23325892857142858,0.5435267857142857,0.76171875,0.7745535714285714,cnn|mcd [2/3],cnn|mcd,global,2,3,2.0
time_block,1,0,1.0,0.004842615012106538,0.011764705882352941,0.00966183574879227,0.0,2.4,13,12,0.7936507936507936,0.4000201775625504,0.3615819209039548,0.3454398708635997,0.4443099273607748,0.4487489911218725,0.006053268765133172,0.016343825665859565,0.22518159806295399,0.6023002421307506,0.7736077481840193,0.7766343825665859,cnn|mcd [2/3],cnn|mcd,global,2,3,2.0
time_block,1,1,1.0,0.004842615012106538,0.011764705882352941,0.00966183574879227,0.0,2.4,13,12,0.7936507936507936,0.3916464891041162,0.34826472962066185,0.3305084745762712,0.4467312348668281,0.4410815173527038,0.004842615012106538,0.013922518159806295,0.20641646489104115,0.5780871670702179,0.7699757869249395,0.7766343825665859,cnn|mcd [2/3],cnn|mcd,global,2,3,2.0
time_block,1,2,1.0,0.004842615012106538,0.011764705882352941,0.00966183574879227,0.0,2.4,13,12,0.7936507936507936,0.3990112994350282,0.3579499596448749,0.3333333333333333,0.45359160613397903,0.45117029862792574,0.007263922518159807,0.020581113801452784,0.23365617433414043,0.5835351089588378,0.7723970944309927,0.7766343825665859,cnn|mcd [2/3],cnn|mcd,global,2,3,2.0
time_block,2,0,1.0,0.009389671361502348,0.022988505747126436,0.019417475728155338,0.0,2.4,13,12,0.7936507936507936,0.4135367762128325,0.3673708920187793,0.34076682316118934,0.46870109546165883,0.47730829420970267,0.011737089201877934,0.040492957746478875,0.2634976525821596,0.6062206572769953,0.7775821596244131,0.7816901408450704,cnn|mcd [2/3],cnn|mcd,global,2,3,2.0
time_block,2,1,1.0,0.004694835680751174,0.011494252873563218,0.009708737864077669,0.0,2.4,13,12,0.7936507936507936,0.4114827856025039,0.3689358372456964,0.34076682316118934,0.4706572769953052,0.46557120500782473,0.005868544600938967,0.029342723004694836,0.25704225352112675,0.6167840375586855,0.778169014084507,0.7816901408450704,cnn|mcd [2/3],cnn|mcd,global,2,3,2.0
time_block,2,2,1.0,0.004694835680751174,0.011494252873563218,0.009708737864077669,0.0,2.4,13,12,0.7936507936507936,0.41118935837245696,0.36971830985915494,0.3302034428794992,0.47339593114241,0.47143974960876367,0.005868544600938967,0.03169014084507042,0.267018779342723,0.602112676056338,0.778755868544601,0.7816901408450704,cnn|mcd [2/3],cnn|mcd,global,2,3,2.0
time_block,3,0,1.0,0.009216589861751152,0.02197802197802198,0.017543859649122806,0.0,2.4,13,12,0.7936507936507936,0.4174347158218126,0.3655913978494624,0.3460061443932412,0.4827188940092166,0.4754224270353303,0.01555299539170507,0.04838709677419355,0.2966589861751152,0.6019585253456221,0.7695852534562212,0.7724654377880185,cnn|mcd [2/3],cnn|mcd,global,2,3,2.0
time_block,3,1,1.0,0.0069124423963133645,0.02197802197802198,0.013157894736842105,0.0,2.4,13,12,0.7936507936507936,0.40428187403993854,0.3486943164362519,0.3379416282642089,0.46543778801843316,0.4650537634408602,0.009792626728110598,0.03571428571428571,0.2569124423963134,0.5829493087557603,0.7678571428571429,0.7724654377880185,cnn|mcd [2/3],cnn|mcd,global,2,3,2.0
time_block,3,2,1.0,0.0069124423963133645,0.02197802197802198,0.013157894736842105,0.0,2.4,13,12,0.7936507936507936,0.40821812596006146,0.36597542242703535,0.3298771121351767,0.46927803379416283,0.46774193548387094,0.010368663594470046,0.03571428571428571,0.2672811059907834,0.5950460829493087,0.7684331797235023,0.7724654377880185,cnn|mcd [2/3],cnn|mcd,global,2,3,2.0
time_block,4,0,1.0,0.0175054704595186,0.03296703296703297,0.0273972602739726,0.015625,2.4,13,12,0.7936507936507936,0.3978847556528082,0.31838074398249455,0.30051057622173594,0.49562363238512036,0.47702407002188185,0.0175054704595186,0.031181619256017507,0.2882932166301969,0.487964989059081,0.7735229759299781,0.7888402625820569,cnn|mcd [2/3],cnn|mcd,global,2,3,2.0
time_block,4,1,1.0,0.0175054704595186,0.03296703296703297,0.0273972602739726,0.015625,2.4,13,12,0.7936507936507936,0.39414660831509846,0.3052516411378556,0.29832239241429614,0.5018234865061999,0.4711889132020423,0.018599562363238512,0.030634573304157548,0.28938730853391686,0.4721006564551422,0.7653172866520788,0.7888402625820569,cnn|mcd [2/3],cnn|mcd,global,2,3,2.0
time_block,4,2,1.0,0.019693654266958426,0.03296703296703297,0.0410958904109589,0.015625,2.4,13,12,0.7936507936507936,0.39478482859226843,0.31400437636761486,0.29576951130561635,0.49051787016776077,0.4788475565280817,0.018599562363238512,0.032275711159737416,0.2800875273522976,0.4775711159737418,0.7713347921225383,0.7888402625820569,cnn|mcd [2/3],cnn|mcd,global,2,3,2.0
group_kfold_seg,0,0,1.0,0.01762114537444934,0.04597701149425287,0.03827751196172249,0.0,2.9,3,3,0.7,0.34241923641703376,0.31277533039647576,0.2947870778267254,0.39280469897209985,0.36930983847283405,0.019823788546255508,0.03854625550660793,0.2461453744493392,0.5225770925110133,0.6134361233480177,0.6139867841409692,cnn|mcd [3/5],cnn|mcd,global,3,5,2.0
group_kfold_seg,0,1,1.0,0.015418502202643172,0.034482758620689655,0.03349282296650718,0.0,2.9,3,3,0.7,0.3340675477239354,0.30506607929515417,0.28597650513950074,0.3799559471365639,0.36527165932452277,0.019273127753303965,0.03579295154185022,0.22301762114537446,0.4988986784140969,0.6134361233480177,0.6139867841409692,cnn|mcd [3/5],cnn|mcd,global,3,5,2.0
group_kfold_seg,0,2,1.0,0.015418502202643172,0.034482758620689655,0.03349282296650718,0.0,2.9,3,3,0.7,0.3344346549192364,0.3120411160058737,0.27973568281938327,0.3803230543318649,0.3656387665198238,0.018722466960352423,0.034691629955947136,0.22466960352422907,0.501101321585903,0.6134361233480177,0.6139867841409692,cnn|mcd [3/5],cnn|mcd,global,3,5,2.0
group_kfold_seg,1,0,1.0,0.017660044150110375,0.033707865168539325,0.0380952380952381,0.0,2.9,2,2,0.6363636363636364,0.33370125091979397,0.3016924208977189,0.28182487122884475,0.3903605592347314,0.3609271523178808,0.018211920529801324,0.0347682119205298,0.2488962472406181,0.48233995584988965,0.6087196467991169,0.609271523178808,cnn|mcd [3/5],cnn|mcd,global,3,5,2.0
group_kfold_seg,1,1,1.0,0.017660044150110375,0.033707865168539325,0.0380952380952381,0.0,2.9,2,2,0.6363636363636364,0.33517292126563647,0.3083149374540103,0.2836644591611479,0.38741721854304634,0.3612950699043414,0.017660044150110375,0.0358719646799117,0.25165562913907286,0.4911699779249448,0.6054083885209713,0.609271523178808,cnn|mcd [3/5],cnn|mcd,global,3,5,2.0
group_kfold_seg,1,2,1.0,0.017660044150110375,0.033707865168539325,0.0380952380952381,0.0,2.9,2,2,0.6363636363636364,0.33793230316409123,0.3083149374540103,0.28329654157468726,0.3925680647534952,0.3675496688741722,0.017660044150110375,0.0369757174392936,0.2632450331125828,0.49448123620309054,0.6059602649006622,0.609271523178808,cnn|mcd [3/5],cnn|mcd,global,3,5,2.0
group_kfold_seg,2,0,1.0,0.0,0.0,0.0,0.0,2.9,2,1,0.42857142857142855,0.3065055031446541,0.264937106918239,0.24528301886792453,0.3584905660377358,0.357311320754717,0.0,0.005306603773584905,0.1804245283018868,0.44162735849056606,0.6008254716981132,0.6108490566037735,cnn|mcd [3/5],cnn|mcd,global,3,5,2.0
group_kfold_seg,2,1,1.0,0.0,0.0,0.0,0.0,2.9,2,1,0.42857142857142855,0.2971698113207547,0.25904088050314467,0.23624213836477986,0.3466981132075472,0.3466981132075472,0.0,0.0047169811320754715,0.1479952830188679,0.42629716981132076,0.5931603773584906,0.6108490566037735,cnn|mcd [3/5],cnn|mcd,global,3,5,2.0
group_kfold_seg,2,2,1.0,0.0,0.0,0.0,0.0,2.9,2,1,0.42857142857142855,0.2971698113207547,0.2613993710691824,0.23388364779874213,0.3419811320754717,0.35141509433962265,0.0,0.004127358490566038,0.14858490566037735,0.4215801886792453,0.597877358490566,0.6108490566037735,cnn|mcd [3/5],cnn|mcd,global,3,5,2.0
group_kfold_seg,3,0,1.0,0.00631578947368421,0.01020408163265306,0.015228426395939087,0.0,2.9,3,2,0.625,0.3013157894736842,0.2656140350877193,0.24280701754385964,0.35157894736842105,0.3452631578947368,0.007894736842105263,0.016842105263157894,0.1636842105263158,0.42789473684210527,0.59,0.6015789473684211,cnn|mcd [3/5],cnn|mcd,global,3,5,2.0
group_kfold_seg,3,1,1.0,0.0,0.0,0.0,0.0,2.9,3,2,0.625,0.295,0.26,0.23964912280701756,0.3470175438596491,0.3333333333333333,0.002631578947368421,0.010526315789473684,0.14789473684210527,0.42210526315789476,0.5852631578947368,0.6015789473684211,cnn|mcd [3/5],cnn|mcd,global,3,5,2.0
group_kfold_seg,3,2,1.0,0.008421052631578947,0.01020408163265306,0.02030456852791878,0.0,2.9,3,2,0.625,0.316140350877193,0.29017543859649125,0.25719298245614036,0.36596491228070177,0.3512280701754386,0.01,0.02526315789473684,0.19052631578947368,0.47578947368421054,0.5936842105263158,0.6015789473684211,cnn|mcd [3/5],cnn|mcd,global,3,5,2.0
group_kfold_seg,4,0,1.0,0.004464285714285714,0.010869565217391304,0.008733624454148471,0.0,2.9,3,2,0.4444444444444444,0.30087425595238093,0.26078869047619047,0.24516369047619047,0.36421130952380953,0.3333333333333333,0.004464285714285714,0.016741071428571428,0.17410714285714285,0.4213169642857143,0.5876116071428571,0.6010044642857143,cnn|mcd [3/5],cnn|mcd,global,3,5,2.0
group_kfold_seg,4,1,1.0,0.004464285714285714,0.010869565217391304,0.008733624454148471,0.0,2.9,3,2,0.4444444444444444,0.30552455357142855,0.26860119047619047,0.24813988095238096,0.36755952380952384,0.33779761904761907,0.004464285714285714,0.018415178571428572,0.18415178571428573,0.43470982142857145,0.5904017857142857,0.6010044642857143,cnn|mcd [3/5],cnn|mcd,global,3,5,2.0
group_kfold_seg,4,2,1.0,0.004464285714285714,0.010869565217391304,0.008733624454148471,0.0,2.9,3,2,0.4444444444444444,0.29836309523809523,0.25930059523809523,0.24441964285714285,0.3560267857142857,0.33370535714285715,0.004464285714285714,0.012834821428571428,0.16573660714285715,0.4174107142857143,0.5887276785714286,0.6010044642857143,cnn|mcd [3/5],cnn|mcd,global,3,5,2.0
time_block,1,0,1.0,0.002421307506053269,0.011764705882352941,0.004830917874396135,0.0,2.9,13,10,0.6031746031746031,0.3012510088781275,0.27280064568200163,0.2623083131557708,0.3361581920903955,0.3337368845843422,0.002421307506053269,0.009685230024213076,0.1549636803874092,0.4552058111380145,0.5914043583535109,0.5938256658595642,cnn|mcd [3/5],cnn|mcd,global,3,5,2.0
time_block,1,1,1.0,0.002421307506053269,0.011764705882352941,0.004830917874396135,0.0,2.9,13,10,0.6031746031746031,0.2947941888619855,0.2598870056497175,0.25221953188054885,0.33777239709443097,0.32929782082324455,0.002421307506053269,0.007263922518159807,0.14043583535108958,0.4346246973365617,0.589588377723971,0.5944309927360775,cnn|mcd [3/5],cnn|mcd,global,3,5,2.0
time_block,1,2,1.0,0.002421307506053269,0.011764705882352941,0.004830917874396135,0.0,2.9,13,10,0.6031746031746031,0.30094834543987087,0.2679580306698951,0.255044390637611,0.34382566585956414,0.33696529459241326,0.002421307506053269,0.012711864406779662,0.1652542372881356,0.4400726392251816,0.5914043583535109,0.5938256658595642,cnn|mcd [3/5],cnn|mcd,global,3,5,2.0
time_block,2,0,1.0,0.002347417840375587,0.011494252873563218,0.0048543689320388345,0.0,2.9,13,10,0.6031746031746031,0.31582550860719877,0.2805164319248826,0.2605633802816901,0.3595461658841941,0.3626760563380282,0.00528169014084507,0.024061032863849766,0.1965962441314554,0.460093896713615,0.602112676056338,0.6068075117370892,cnn|mcd [3/5],cnn|mcd,global,3,5,2.0
time_block,2,1,1.0,0.002347417840375587,0.011494252873563218,0.0048543689320388345,0.0,2.9,13,10,0.6031746031746031,0.31514084507042256,0.2820813771517997,0.263302034428795,0.36189358372456965,0.3532863849765258,0.0029342723004694834,0.018192488262910797,0.18661971830985916,0.4724178403755869,0.6038732394366197,0.6068075117370892,cnn|mcd [3/5],cnn|mcd,global,3,5,2.0
time_block,2,2,1.0,0.002347417840375587,0.011494252873563218,0.0048543689320388345,0.0,2.9,13,10,0.6031746031746031,0.31484741784037557,0.2828638497652582,0.2535211267605634,0.3622848200312989,0.36071987480438183,0.002347417840375587,0.01995305164319249,0.1936619718309859,0.4630281690140845,0.6032863849765259,0.6068075117370892,cnn|mcd [3/5],cnn|mcd,global,3,5,2.0
time_block,3,0,1.0,0.004608294930875576,0.01098901098901099,0.008771929824561403,0.0,2.9,13,10,0.6031746031746031,0.3131720430107527,0.27342549923195086,0.26036866359447003,0.36482334869431643,0.35407066052227343,0.008064516129032258,0.02707373271889401,0.21313364055299538,0.44930875576036866,0.5898617511520737,0.591589861751152,cnn|mcd [3/5],cnn|mcd,global,3,5,2.0
time_block,3,1,1.0,0.0,0.0,0.0,0.0,2.9,13,10,0.6031746031746031,0.30289938556067586,0.2622887864823349,0.2530721966205837,0.3513824884792627,0.34485407066052226,0.004032258064516129,0.01555299539170507,0.18548387096774194,0.4326036866359447,0.5881336405529954,0.591589861751152,cnn|mcd [3/5],cnn|mcd,global,3,5,2.0
time_block,3,2,1.0,0.0,0.0,0.0,0.0,2.9,13,10,0.6031746031746031,0.30654761904761907,0.27572964669738864,0.24923195084485408,0.35407066052227343,0.34715821812596004,0.00576036866359447,0.016705069124423964,0.19009216589861752,0.4470046082949309,0.5881336405529954,0.591589861751152,cnn|mcd [3/5],cnn|mcd,global,3,5,2.0
time_block,4,0,1.0,0.006564551422319475,0.01098901098901099,0.0,0.0078125,2.9,13,10,0.6031746031746031,0.299963530269876,0.23522975929978118,0.22647702407002188,0.37782640408460977,0.36032093362509116,0.009846827133479213,0.019146608315098467,0.20842450765864332,0.3583150984682713,0.5957330415754923,0.6083150984682714,cnn|mcd [3/5],cnn|mcd,global,3,5,2.0
time_block,4,1,1.0,0.006564551422319475,0.01098901098901099,0.0,0.0078125,2.9,13,10,0.6031746031746031,0.29914296134208607,0.22902990517870167,0.22684172137126185,0.3862144420131291,0.3544857768052516,0.01312910284463895,0.019693654266958426,0.21061269146608316,0.3528446389496718,0.5902625820568927,0.6083150984682714,cnn|mcd [3/5],cnn|mcd,global,3,5,2.0
time_block,4,2,1.0,0.01312910284463895,0.02197802197802198,0.0410958904109589,0.0078125,2.9,13,10,0.6031746031746031,0.299507658643326,0.2348650619985412,0.22392414296134208,0.3767323121808899,0.362509117432531,0.01312910284463895,0.019693654266958426,0.20678336980306344,0.35393873085339167,0.5951859956236324,0.6083150984682714,cnn|mcd [3/5],cnn|mcd,global,3,5,2.0
group_kfold_seg,0,0,1.0,0.0,0.0,0.0,0.0,2.4,3,3,0.85,0.20603891336270191,0.17474302496328928,0.10866372980910426,0.2834067547723935,0.25734214390602056,0.0,0.0,0.008259911894273128,0.11784140969162996,0.4289647577092511,0.6811674008810573,cnn&mcd [2/3],cnn&mcd,global,2,3,2.0
group_kfold_seg,0,1,1.0,0.0,0.0,0.0,0.0,2.4,3,3,0.85,0.20548825256975037,0.17254038179148312,0.10866372980910426,0.28377386196769455,0.25697503671071953,0.0,0.0,0.007709251101321586,0.11563876651982379,0.42841409691629956,0.6811674008810573,cnn&mcd [2/3],cnn&mcd,global,2,3,2.0
group_kfold_seg,0,2,1.0,0.0,0.0,0.0,0.0,2.4,3,3,0.85,0.2052129221732746,0.17254038179148312,0.10866372980910426,0.28230543318649043,0.25734214390602056,0.0,0.0,0.006607929515418502,0.1145374449339207,0.4289647577092511,0.6811674008810573,cnn&mcd [2/3],cnn&mcd,global,2,3,2.0
group_kfold_seg,1,0,1.0,0.0,0.0,0.0,0.0,2.4,2,2,0.8181818181818182,0.2378587196467991,0.1961000735835173,0.13796909492273732,0.3204562178072112,0.2969094922737307,0.0,0.0,0.008830022075055188,0.21909492273730685,0.4922737306843267,0.706953642384106,cnn&mcd [2/3],cnn&mcd,global,2,3,2.0
group_kfold_seg,1,1,1.0,0.0,0.0,0.0,0.0,2.4,2,2,0.8181818181818182,0.23914643119941134,0.20088300220750552,0.13870493009565857,0.3200883002207506,0.2969094922737307,0.0,0.0,0.011037527593818985,0.22461368653421634,0.4922737306843267,0.706953642384106,cnn&mcd [2/3],cnn&mcd,global,2,3,2.0
group_kfold_seg,1,2,1.0,0.0,0.0,0.0,0.0,2.4,2,2,0.8181818181818182,0.23914643119941134,0.1997792494481236,0.13870493009565857,0.3211920529801324,0.2969094922737307,0.0,0.0,0.012141280353200883,0.22350993377483444,0.4922737306843267,0.706953642384106,cnn&mcd [2/3],cnn&mcd,global,2,3,2.0
group_kfold_seg,2,0,1.0,0.0,0.0,0.0,0.0,2.4,2,2,0.7142857142857143,0.23771619496855345,0.1906446540880503,0.1332547169811321,0.294811320754717,0.3321540880503145,0.0,0.0,0.01474056603773585,0.22228773584905662,0.45990566037735847,0.7293632075471698,cnn&mcd [2/3],cnn&mcd,global,2,3,2.0
group_kfold_seg,2,1,1.0,0.0,0.0,0.0,0.0,2.4,2,2,0.7142857142857143,0.23693003144654087,0.18985849056603774,0.1332547169811321,0.2928459119496855,0.33176100628930816,0.0,0.0,0.01179245283018868,0.2205188679245283,0.45990566037735847,0.7293632075471698,cnn&mcd [2/3],cnn&mcd,global,2,3,2.0
group_kfold_seg,2,2,1.0,0.0,0.0,0.0,0.0,2.4,2,2,0.7142857142857143,0.2368317610062893,0.18907232704402516,0.1332547169811321,0.2940251572327044,0.3309748427672956,0.0,0.0,0.012382075471698114,0.21992924528301888,0.45990566037735847,0.7287735849056604,cnn&mcd [2/3],cnn&mcd,global,2,3,2.0
group_kfold_seg,3,0,1.0,0.0,0.0,0.0,0.0,2.4,3,3,0.8125,0.19824561403508772,0.14456140350877192,0.09052631578947369,0.29964912280701755,0.2582456140350877,0.0,0.0,0.009473684210526316,0.13157894736842105,0.41789473684210526,0.6305263157894737,cnn&mcd [2/3],cnn&mcd,global,2,3,2.0
group_kfold_seg,3,1,1.0,0.0,0.0,0.0,0.0,2.4,3,3,0.8125,0.19824561403508772,0.14350877192982456,0.09052631578947369,0.3003508771929825,0.25859649122807016,0.0,0.0,0.010526315789473684,0.13052631578947368,0.41789473684210526,0.6305263157894737,cnn&mcd [2/3],cnn&mcd,global,2,3,2.0
group_kfold_seg,3,2,1.0,0.0,0.0,0.0,0.0,2.4,3,3,0.8125,0.2,0.15017543859649124,0.09052631578947369,0.3,0.2592982456140351,0.0,0.0,0.010526315789473684,0.14105263157894737,0.41789473684210526,0.6305263157894737,cnn&mcd [2/3],cnn&mcd,global,2,3,2.0
group_kfold_seg,4,0,1.0,0.0,0.0,0.0,0.0,2.4,3,2,0.6666666666666666,0.21884300595238096,0.16964285714285715,0.1134672619047619,0.3177083333333333,0.27455357142857145,0.0,0.0,0.010602678571428572,0.17801339285714285,0.45982142857142855,0.6646205357142857,cnn&mcd [2/3],cnn&mcd,global,2,3,2.0
group_kfold_seg,4,1,1.0,0.0,0.0,0.0,0.0,2.4,3,2,0.6666666666666666,0.22023809523809523,0.17336309523809523,0.1134672619047619,0.31919642857142855,0.27492559523809523,0.0,0.0,0.014508928571428572,0.18247767857142858,0.45982142857142855,0.6646205357142857,cnn&mcd [2/3],cnn&mcd,global,2,3,2.0
group_kfold_seg,4,2,1.0,0.0,0.0,0.0,0.0,2.4,3,2,0.6666666666666666,0.21763392857142858,0.16555059523809523,0.1134672619047619,0.3169642857142857,0.27455357142857145,0.0,0.0,0.009486607142857142,0.171875,0.45982142857142855,0.6646205357142857,cnn&mcd [2/3],cnn&mcd,global,2,3,2.0
time_block,1,0,1.0,0.0,0.0,0.0,0.0,2.4,13,12,0.7936507936507936,0.24878934624697335,0.2195318805488297,0.16707021791767554,0.2740112994350282,0.33454398708635996,0.0,0.0,0.009685230024213076,0.2257869249394673,0.5012106537530266,0.7560532687651331,cnn&mcd [2/3],cnn&mcd,global,2,3,2.0
time_block,1,1,1.0,0.0,0.0,0.0,0.0,2.4,13,12,0.7936507936507936,0.24868845843422113,0.21832122679580307,0.16626311541565778,0.27562550443906375,0.33454398708635996,0.0,0.0,0.012106537530266344,0.2245762711864407,0.4993946731234867,0.7560532687651331,cnn&mcd [2/3],cnn&mcd,global,2,3,2.0
time_block,1,2,1.0,0.0,0.0,0.0,0.0,2.4,13,12,0.7936507936507936,0.24989911218724778,0.22195318805488298,0.16626311541565778,0.27522195318805487,0.3361581920903955,0.0,0.0,0.013317191283292978,0.23002421307506055,0.5,0.7560532687651331,cnn&mcd [2/3],cnn&mcd,global,2,3,2.0
time_block,2,0,1.0,0.0,0.0,0.0,0.0,2.4,13,12,0.7936507936507936,0.24667449139280126,0.22496087636932707,0.14553990610328638,0.26917057902973396,0.3470266040688576,0.0,0.0,0.008215962441314555,0.23415492957746478,0.4788732394366197,0.7588028169014085,cnn&mcd [2/3],cnn&mcd,global,2,3,2.0
time_block,2,1,1.0,0.0,0.0,0.0,0.0,2.4,13,12,0.7936507936507936,0.24804381846635368,0.22965571205007826,0.14553990610328638,0.2699530516431925,0.3470266040688576,0.0,0.0,0.009389671361502348,0.24119718309859156,0.4788732394366197,0.7588028169014085,cnn&mcd [2/3],cnn&mcd,global,2,3,2.0
time_block,2,2,1.0,0.0,0.0,0.0,0.0,2.4,13,12,0.7936507936507936,0.24794600938967137,0.229264475743349,0.14553990610328638,0.26917057902973396,0.34780907668231614,0.0,0.0,0.009389671361502348,0.24061032863849766,0.4788732394366197,0.7588028169014085,cnn&mcd [2/3],cnn&mcd,global,2,3,2.0
time_block,3,0,1.0,0.0,0.0,0.0,0.0,2.4,13,12,0.7936507936507936,0.24126344086021506,0.22465437788018433,0.14708141321044546,0.2565284178187404,0.33678955453149,0.0,0.000576036866359447,0.014400921658986175,0.22811059907834103,0.4619815668202765,0.7425115207373272,cnn&mcd [2/3],cnn&mcd,global,2,3,2.0
time_block,3,1,1.0,0.0,0.0,0.0,0.0,2.4,13,12,0.7936507936507936,0.23953533026113671,0.21927803379416283,0.14708141321044546,0.25499231950844853,0.33678955453149,0.0,0.000576036866359447,0.010944700460829493,0.22119815668202766,0.4619815668202765,0.7425115207373272,cnn&mcd [2/3],cnn&mcd,global,2,3,2.0
time_block,3,2,1.0,0.0,0.0,0.0,0.0,2.4,13,12,0.7936507936507936,0.24011136712749617,0.2215821812596006,0.14708141321044546,0.2553763440860215,0.33640552995391704,0.0,0.000576036866359447,0.01152073732718894,0.22407834101382487,0.4619815668202765,0.7425115207373272,cnn&mcd [2/3],cnn&mcd,global,2,3,2.0
time_block,4,0,1.0,0.0,0.0,0.0,0.0,2.4,13,12,0.7936507936507936,0.22547410649161195,0.12727935813274982,0.11013858497447118,0.30889861415025527,0.35557986870897157,0.0,0.0010940919037199124,0.026805251641137857,0.2592997811816193,0.4037199124726477,0.661925601750547,cnn&mcd [2/3],cnn&mcd,global,2,3,2.0
time_block,4,1,1.0,0.0,0.0,0.0,0.0,2.4,13,12,0.7936507936507936,0.22547410649161195,0.1261852662290299,0.10940919037199125,0.3096280087527352,0.35667396061269147,0.0,0.0010940919037199124,0.02954048140043764,0.2576586433260394,0.4026258205689278,0.661925601750547,cnn&mcd [2/3],cnn&mcd,global,2,3,2.0
time_block,4,2,1.0,0.0,0.0,0.0,0.0,2.4,13,12,0.7936507936507936,0.22565645514223195,0.12727935813274982,0.11013858497447118,0.3078045222465354,0.3574033552151714,0.0,0.0010940919037199124,0.028446389496717725,0.2592997811816193,0.4037199124726477,0.6613785557986871,cnn&mcd [2/3],cnn&mcd,global,2,3,2.0
group_kfold_seg,0,0,1.0,0.0,0.0,0.0,0.0,2.9,3,3,0.7,0.1557452276064611,0.1328928046989721,0.08443465491923642,0.21255506607929514,0.19309838472834068,0.0,0.0,0.0027533039647577094,0.07819383259911894,0.32709251101321585,0.526431718061674,cnn&mcd [3/5],cnn&mcd,global,3,5,2.0
group_kfold_seg,0,1,1.0,0.0,0.0,0.0,0.0,2.9,3,3,0.7,0.1551027900146843,0.13032305433186492,0.08443465491923642,0.21292217327459617,0.19273127753303965,0.0,0.0,0.003303964757709251,0.07433920704845814,0.32654185022026433,0.526431718061674,cnn&mcd [3/5],cnn&mcd,global,3,5,2.0
group_kfold_seg,0,2,1.0,0.0,0.0,0.0,0.0,2.9,3,3,0.7,0.15519456681350954,0.13069016152716592,0.08443465491923642,0.21255506607929514,0.19309838472834068,0.0,0.0,0.0027533039647577094,0.07488986784140969,0.32709251101321585,0.526431718061674,cnn&mcd [3/5],cnn&mcd,global,3,5,2.0
group_kfold_seg,1,0,1.0,0.0,0.0,0.0,0.0,2.9,2,2,0.6363636363636364,0.18018763796909493,0.1479028697571744,0.10338484179543782,0.24613686534216336,0.22332597498160411,0.0,0.0,0.002207505518763797,0.16280353200883002,0.36920529801324503,0.5469094922737306,cnn&mcd [3/5],cnn&mcd,global,3,5,2.0
group_kfold_seg,1,1,1.0,0.0,0.0,0.0,0.0,2.9,2,2,0.6363636363636364,0.1811074319352465,0.15121412803532008,0.10375275938189846,0.24613686534216336,0.22332597498160411,0.0,0.0,0.004415011037527594,0.1661147902869757,0.36920529801324503,0.5469094922737306,cnn&mcd [3/5],cnn&mcd,global,3,5,2.0
group_kfold_seg,1,2,1.0,0.0,0.0,0.0,0.0,2.9,2,2,0.6363636363636364,0.18083149374540103,0.15011037527593818,0.10375275938189846,0.24613686534216336,0.22332597498160411,0.0,0.0,0.0027593818984547464,0.1661147902869757,0.36920529801324503,0.5469094922737306,cnn&mcd [3/5],cnn&mcd,global,3,5,2.0
group_kfold_seg,2,0,1.0,0.0,0.0,0.0,0.0,2.9,2,1,0.42857142857142855,0.17727987421383648,0.14111635220125787,0.09984276729559749,0.22169811320754718,0.24646226415094338,0.0,0.0,0.0076650943396226415,0.15566037735849056,0.34375,0.5566037735849056,cnn&mcd [3/5],cnn&mcd,global,3,5,2.0
group_kfold_seg,2,1,1.0,0.0,0.0,0.0,0.0,2.9,2,1,0.42857142857142855,0.17600235849056603,0.1391509433962264,0.09984276729559749,0.21933962264150944,0.2456761006289308,0.0,0.0,0.004127358490566038,0.15212264150943397,0.34375,0.5560141509433962,cnn&mcd [3/5],cnn&mcd,global,3,5,2.0
group_kfold_seg,2,2,1.0,0.0,0.0,0.0,0.0,2.9,2,1,0.42857142857142855,0.17629716981132076,0.1391509433962264,0.09984276729559749,0.2205188679245283,0.2456761006289308,0.0,0.0,0.00589622641509434,0.15271226415094338,0.34375,0.5554245283018868,cnn&mcd [3/5],cnn&mcd,global,3,5,2.0
group_kfold_seg,3,0,1.0,0.0,0.0,0.0,0.0,2.9,3,2,0.625,0.14675438596491228,0.10526315789473684,0.06491228070175438,0.22350877192982457,0.19333333333333333,0.0,0.0,0.005263157894736842,0.08473684210526315,0.3126315789473684,0.47789473684210526,cnn&mcd [3/5],cnn&mcd,global,3,5,2.0
group_kfold_seg,3,1,1.0,0.0,0.0,0.0,0.0,2.9,3,2,0.625,0.14657894736842106,0.10456140350877192,0.06491228070175438,0.2231578947368421,0.1936842105263158,0.0,0.0,0.004736842105263158,0.08421052631578947,0.3126315789473684,0.47789473684210526,cnn&mcd [3/5],cnn&mcd,global,3,5,2.0
group_kfold_seg,3,2,1.0,0.0,0.0,0.0,0.0,2.9,3,2,0.625,0.1481578947368421,0.10982456140350877,0.06491228070175438,0.2231578947368421,0.19473684210526315,0.0,0.0,0.005789473684210527,0.09263157894736843,0.3126315789473684,0.47789473684210526,cnn&mcd [3/5],cnn&mcd,global,3,5,2.0
group_kfold_seg,4,0,1.0,0.0,0.0,0.0,0.0,2.9,3,2,0.4444444444444444,0.16462053571428573,0.12760416666666666,0.08519345238095238,0.23549107142857142,0.21019345238095238,0.0,0.0,0.0033482142857142855,0.1171875,0.3510044642857143,0.5161830357142857,cnn&mcd [3/5],cnn&mcd,global,3,5,2.0
group_kfold_seg,4,1,1.0,0.0,0.0,0.0,0.0,2.9,3,2,0.4444444444444444,0.16582961309523808,0.12983630952380953,0.08519345238095238,0.23735119047619047,0.2109375,0.0,0.0,0.007254464285714286,0.12053571428571429,0.3510044642857143,0.5161830357142857,cnn&mcd [3/5],cnn&mcd,global,3,5,2.0
group_kfold_seg,4,2,1.0,0.0,0.0,0.0,0.0,2.9,3,2,0.4444444444444444,0.16331845238095238,0.12202380952380952,0.08519345238095238,0.23586309523809523,0.21019345238095238,0.0,0.0,0.00390625,0.10881696428571429,0.3510044642857143,0.5161830357142857,cnn&mcd [3/5],cnn&mcd,global,3,5,2.0
time_block,1,0,1.0,0.0,0.0,0.0,0.0,2.9,13,10,0.6031746031746031,0.18401937046004843,0.16464891041162227,0.1275221953188055,0.1977401129943503,0.24616626311541565,0.0,0.0,0.002421307506053269,0.15435835351089588,0.3710653753026634,0.576271186440678,cnn&mcd [3/5],cnn&mcd,global,3,5,2.0
time_block,1,1,1.0,0.0,0.0,0.0,0.0,2.9,13,10,0.6031746031746031,0.18401937046004843,0.16343825665859565,0.1275221953188055,0.1993543179983858,0.2457627118644068,0.0,0.0,0.004842615012106538,0.15254237288135594,0.3704600484261501,0.576271186440678,cnn&mcd [3/5],cnn&mcd,global,3,5,2.0
time_block,1,2,1.0,0.0,0.0,0.0,0.0,2.9,13,10,0.6031746031746031,0.1844229217110573,0.16545601291364004,0.1275221953188055,0.1977401129943503,0.2469733656174334,0.0,0.0,0.0036319612590799033,0.15556900726392253,0.3710653753026634,0.576271186440678,cnn&mcd [3/5],cnn&mcd,global,3,5,2.0
time_block,2,0,1.0,0.0,0.0,0.0,0.0,2.9,13,10,0.6031746031746031,0.18593505477308295,0.1717527386541471,0.11071987480438185,0.19874804381846636,0.2625195618153365,0.0,0.0,0.005868544600938967,0.16490610328638497,0.357981220657277,0.5868544600938967,cnn&mcd [3/5],cnn&mcd,global,3,5,2.0
time_block,2,1,1.0,0.0,0.0,0.0,0.0,2.9,13,10,0.6031746031746031,0.18652190923317685,0.17370892018779344,0.11071987480438185,0.1991392801251956,0.2625195618153365,0.0,0.0,0.006455399061032864,0.16784037558685447,0.357981220657277,0.5868544600938967,cnn&mcd [3/5],cnn&mcd,global,3,5,2.0
time_block,2,2,1.0,0.0,0.0,0.0,0.0,2.9,13,10,0.6031746031746031,0.18671752738654146,0.17488262910798122,0.11071987480438185,0.19874804381846636,0.2625195618153365,0.0,0.0,0.005868544600938967,0.16960093896713616,0.357981220657277,0.5868544600938967,cnn&mcd [3/5],cnn&mcd,global,3,5,2.0
time_block,3,0,1.0,0.0,0.0,0.0,0.0,2.9,13,10,0.6031746031746031,0.18049155145929338,0.1662826420890937,0.108678955453149,0.18740399385560677,0.25960061443932414,0.0,0.0,0.006336405529953917,0.16532258064516128,0.3421658986175115,0.5691244239631337,cnn&mcd [3/5],cnn&mcd,global,3,5,2.0
time_block,3,1,1.0,0.0,0.0,0.0,0.0,2.9,13,10,0.6031746031746031,0.17962749615975424,0.16359447004608296,0.108678955453149,0.18663594470046083,0.25960061443932414,0.0,0.0,0.005184331797235023,0.16129032258064516,0.3421658986175115,0.5691244239631337,cnn&mcd [3/5],cnn&mcd,global,3,5,2.0
time_block,3,2,1.0,0.0,0.0,0.0,0.0,2.9,13,10,0.6031746031746031,0.17953149001536098,0.16359447004608296,0.108678955453149,0.18663594470046083,0.25921658986175117,0.0,0.0,0.005184331797235023,0.16071428571428573,0.3421658986175115,0.5691244239631337,cnn&mcd [3/5],cnn&mcd,global,3,5,2.0
time_block,4,0,1.0,0.0,0.0,0.0,0.0,2.9,13,10,0.6031746031746031,0.16694018964259663,0.09409190371991247,0.0787746170678337,0.22830051057622175,0.26659372720641866,0.0,0.0,0.01477024070021882,0.18599562363238512,0.30306345733041573,0.49781181619256015,cnn&mcd [3/5],cnn&mcd,global,3,5,2.0
time_block,4,1,1.0,0.0,0.0,0.0,0.0,2.9,13,10,0.6031746031746031,0.16684901531728666,0.09299781181619256,0.0787746170678337,0.22793581327498177,0.26768781911013856,0.0,0.0,0.01586433260393873,0.18435448577680524,0.30306345733041573,0.49781181619256015,cnn&mcd [3/5],cnn&mcd,global,3,5,2.0
time_block,4,2,1.0,0.0,0.0,0.0,0.0,2.9,13,10,0.6031746031746031,0.16703136396790663,0.09409190371991247,0.0787746170678337,0.2275711159737418,0.26768781911013856,0.0,0.0,0.015317286652078774,0.18599562363238512,0.30306345733041573,0.49781181619256015,cnn&mcd [3/5],cnn&mcd,global,3,5,2.0
